# This file uses centimeters as units for non-parametric coordinates.

mtllib carA.mtl
g default
v -1.340561 0.600082 -0.558659
v -1.340561 0.518883 -0.864143
v -1.223671 0.576832 -0.558659
v -1.254745 0.501812 -0.864143
v -1.124573 0.510616 -0.558659
v -1.181992 0.453201 -0.864143
v -1.058357 0.411518 -0.558659
v -1.133377 0.380447 -0.864143
v -1.035110 0.294626 -0.558659
v -1.116310 0.294626 -0.864143
v -1.058357 0.177734 -0.558659
v -1.133377 0.208807 -0.864143
v -1.124573 0.078638 -0.558659
v -1.181992 0.136054 -0.864143
v -1.223671 0.012424 -0.558659
v -1.254745 0.087440 -0.864143
v -1.340561 -0.010828 -0.558659
v -1.340561 0.070371 -0.864143
v -1.457458 0.012424 -0.558659
v -1.426376 0.087440 -0.864143
v -1.556549 0.078638 -0.558659
v -1.499130 0.136054 -0.864143
v -1.622772 0.177734 -0.558659
v -1.547745 0.208807 -0.864143
v -1.646011 0.294626 -0.558659
v -1.564819 0.294626 -0.864143
v -1.622772 0.411518 -0.558659
v -1.547745 0.380447 -0.864143
v -1.556549 0.510616 -0.558659
v -1.499130 0.453201 -0.864143
v -1.457458 0.576832 -0.558659
v -1.426376 0.501812 -0.864143
v -1.340561 0.449955 -0.785263
v -1.281120 0.438133 -0.785263
v -1.230728 0.404461 -0.785263
v -1.197060 0.354069 -0.785263
v -1.185234 0.294626 -0.785263
v -1.197060 0.235186 -0.785263
v -1.230728 0.184793 -0.785263
v -1.281120 0.151123 -0.785263
v -1.340561 0.139298 -0.785263
v -1.400002 0.151123 -0.785263
v -1.450394 0.184793 -0.785263
v -1.484070 0.235186 -0.785263
v -1.495895 0.294626 -0.785263
v -1.484070 0.354069 -0.785263
v -1.450394 0.404461 -0.785263
v -1.400002 0.438133 -0.785263
v -1.340561 0.393353 -0.826103
v -1.302780 0.385838 -0.826103
v -1.270752 0.364437 -0.826103
v -1.249352 0.332409 -0.826103
v -1.241837 0.294626 -0.826103
v -1.249352 0.256847 -0.826103
v -1.270752 0.224817 -0.826103
v -1.302780 0.203417 -0.826103
v -1.340561 0.195902 -0.826103
v -1.378342 0.203417 -0.826103
v -1.410370 0.224817 -0.826103
v -1.431778 0.256847 -0.826103
v -1.439285 0.294626 -0.826103
v -1.431778 0.332409 -0.826103
v -1.410370 0.364437 -0.826103
v -1.378342 0.385838 -0.826103
v -1.340561 0.358994 -0.820236
v -1.315933 0.354095 -0.820236
v -1.295052 0.340141 -0.820236
v -1.281097 0.319260 -0.820236
v -1.276199 0.294626 -0.820236
v -1.281097 0.269995 -0.820236
v -1.295052 0.249113 -0.820236
v -1.315933 0.235159 -0.820236
v -1.340561 0.230259 -0.820236
v -1.365196 0.235159 -0.820236
v -1.386078 0.249113 -0.820236
v -1.400032 0.269995 -0.820236
v -1.404930 0.294626 -0.820236
v -1.400032 0.319260 -0.820236
v -1.386078 0.340141 -0.820236
v -1.365196 0.354095 -0.820236
v -1.340561 0.330196 -0.833565
v -1.326950 0.327488 -0.833565
v -1.315414 0.319778 -0.833565
v -1.307701 0.308239 -0.833565
v -1.304993 0.294626 -0.833565
v -1.307701 0.281015 -0.833565
v -1.315414 0.269476 -0.833565
v -1.326950 0.261765 -0.833565
v -1.340561 0.259058 -0.833565
v -1.354179 0.261765 -0.833565
v -1.365715 0.269476 -0.833565
v -1.373428 0.281015 -0.833565
v -1.376137 0.294626 -0.833565
v -1.373428 0.308239 -0.833565
v -1.365715 0.319778 -0.833565
v -1.354179 0.327488 -0.833565
v -1.232025 0.556664 -0.864143
v -1.223671 0.576832 -0.842735
v -1.340561 0.600082 -0.842735
v -1.340561 0.578255 -0.864143
v -1.140007 0.495182 -0.864143
v -1.124573 0.510616 -0.842735
v -1.078529 0.403168 -0.864143
v -1.058357 0.411518 -0.842735
v -1.056938 0.294626 -0.864143
v -1.035110 0.294626 -0.842735
v -1.078529 0.186089 -0.864143
v -1.058357 0.177734 -0.842735
v -1.140007 0.094073 -0.864143
v -1.124573 0.078638 -0.842735
v -1.232025 0.032590 -0.864143
v -1.223671 0.012424 -0.842735
v -1.340561 0.011001 -0.864143
v -1.340561 -0.010828 -0.842735
v -1.449097 0.032590 -0.864143
v -1.457458 0.012424 -0.842735
v -1.541122 0.094073 -0.864143
v -1.556549 0.078638 -0.842735
v -1.602600 0.186089 -0.864143
v -1.622772 0.177734 -0.842735
v -1.624191 0.294626 -0.864143
v -1.646011 0.294626 -0.842735
v -1.602600 0.403168 -0.864143
v -1.622772 0.411518 -0.842735
v -1.541122 0.495182 -0.864143
v -1.556549 0.510616 -0.842735
v -1.449097 0.556664 -0.864143
v -1.457458 0.576832 -0.842735
v -1.557800 0.294626 -0.840958
v -1.541260 0.377758 -0.840958
v -1.139870 0.211496 -0.840958
v -1.186958 0.141021 -0.840958
v -1.494171 0.448235 -0.840958
v -1.257431 0.093931 -0.840958
v -1.423691 0.495323 -0.840958
v -1.340561 0.077394 -0.840958
v -1.340561 0.511860 -0.840958
v -1.257431 0.495323 -0.840958
v -1.423691 0.093931 -0.840958
v -1.186958 0.448235 -0.840958
v -1.494171 0.141021 -0.840958
v -1.139870 0.377758 -0.840958
v -1.541260 0.211496 -0.840958
v -1.123329 0.294626 -0.840958
v -1.340561 0.576077 -0.518322
v -1.232857 0.554653 -0.518322
v -1.141548 0.493641 -0.518322
v -1.080536 0.402332 -0.518322
v -1.059113 0.294626 -0.518322
v -1.080536 0.186920 -0.518322
v -1.141548 0.095612 -0.518322
v -1.232857 0.034601 -0.518322
v -1.340561 0.013177 -0.518322
v -1.448273 0.034601 -0.518322
v -1.539581 0.095612 -0.518322
v -1.600586 0.186920 -0.518322
v -1.622009 0.294626 -0.518322
v -1.600586 0.402332 -0.518322
v -1.539581 0.493641 -0.518322
v -1.448273 0.554653 -0.518322
v -1.340561 0.294626 -0.518322
v -0.555912 0.793747 0.746780
v -0.575268 0.211027 0.355789
v 0.432262 0.548557 0.846695
v 1.445572 0.883171 0.671379
v -1.821503 0.773552 0.786301
v -1.821503 0.556805 0.811729
v 1.546906 0.561729 0.846695
v -0.575264 0.553272 0.846695
v -0.074222 1.232918 0.497192
v 0.789391 1.210861 0.497185
v 0.432262 0.818932 0.760010
v -1.345703 0.773735 0.786270
v 0.405857 1.217461 0.527504
v 1.445572 0.883171 0.355789
v -1.878067 0.800507 0.355789
v 1.879196 0.290064 0.355789
v -1.850128 0.556805 0.355789
v 1.879196 0.550564 0.355789
v -1.345703 0.810089 0.355789
v 0.790443 1.247513 0.201315
v -0.611221 0.829384 0.356007
v 1.113358 0.210705 0.356331
v -1.797806 0.211027 0.355789
v 1.813873 0.861427 0.355789
v -0.128192 1.271049 0.201317
v 0.407536 1.275948 0.201317
v 0.432262 0.211027 0.355789
v -0.575264 0.745338 0.828804
v -1.345703 0.745338 0.828804
v 1.463287 0.745338 0.828804
v 0.432262 0.745338 0.828804
v -1.821503 0.711746 0.786461
v -1.878067 0.711739 0.355843
v 1.869843 0.746613 0.355789
v -0.521267 0.795578 0.774826
v -0.043755 1.229393 0.527504
v -0.630413 0.810089 0.355789
v -0.108457 1.289795 0.201317
v -0.113209 1.255272 0.201317
v -0.595791 0.814041 0.356007
v -0.540482 0.778404 0.746780
v -0.059238 1.217140 0.497192
v 0.773369 1.269760 0.201315
v 1.496902 0.862595 0.357750
v 0.964958 0.876472 0.701599
v 0.710640 1.213020 0.527504
v 0.769333 1.231316 0.201315
v 1.424942 0.866371 0.355789
v 1.424942 0.866371 0.671379
v 0.768280 1.194656 0.497185
v 0.432262 0.797089 0.771454
v -0.575268 0.773735 0.786270
v 0.406483 1.239296 0.516060
v -0.054385 1.251549 0.516060
v 1.488373 0.862595 0.715004
v 0.772316 1.233101 0.516060
v 0.405632 1.209633 0.512558
v 0.432262 0.811104 0.745064
v -0.521267 0.787743 0.759880
v -0.043980 1.221565 0.512558
v 0.964958 0.868637 0.686653
v 0.710411 1.205193 0.512558
v -1.344009 0.210381 0.356873
v -1.344009 0.626282 0.882011
v -1.210220 0.599670 0.882011
v -1.096802 0.523888 0.882011
v -1.021019 0.366508 0.882011
v -1.666992 0.366508 0.882011
v -1.591217 0.523888 0.882011
v -1.477798 0.599670 0.882011
v 1.113029 0.626282 0.882011
v 1.246811 0.599670 0.882011
v 1.360229 0.523888 0.882011
v 1.436020 0.366508 0.882011
v 0.790039 0.366508 0.882011
v 0.865822 0.523888 0.882011
v 0.979240 0.599670 0.882011
v 0.966888 0.855820 0.718529
v 1.114548 0.686165 0.846313
v -1.821503 0.677681 0.811768
v -0.575264 0.686485 0.846313
v 0.432262 0.686485 0.846313
v -1.344444 0.686485 0.846313
v 1.520554 0.686478 0.846313
v -0.575264 0.366508 0.846695
v 0.432262 0.366508 0.846695
v -1.748734 0.366508 0.846695
v 1.599808 0.366508 0.846695
v 1.594635 0.230892 0.355789
v 1.527939 0.653046 0.846558
v -0.575264 0.647331 0.846642
v 0.432262 0.644913 0.846695
v -1.821503 0.643013 0.811752
v 1.074394 0.745338 0.828804
v -1.797806 0.366508 0.355789
v 1.879196 0.686478 0.355789
v 1.879196 0.599670 0.355789
v 1.879196 0.366508 0.355789
v 1.879196 0.567421 0.821877
v 1.837128 0.567421 0.846611
v 1.772125 0.861427 0.713043
v 1.813873 0.861427 0.684189
v 1.879196 0.290064 0.821877
v 1.827805 0.746475 0.828804
v 1.869843 0.746613 0.804657
v 1.837128 0.686478 0.846313
v 1.879196 0.686478 0.821877
v 1.837128 0.366508 0.846695
v 1.879196 0.366508 0.821877
v 1.837128 0.652649 0.846458
v 1.879196 0.652649 0.821877
v 1.373184 0.539936 0.882011
v 1.488129 0.214785 0.355789
v 1.454559 0.380985 0.882011
v 1.273270 0.615849 0.882011
v 0.737846 0.210472 0.356716
v 0.825760 0.523788 0.882011
v 0.760689 0.366508 0.882011
v 0.967072 0.627262 0.882011
v 1.113144 0.657898 0.882011
v -1.721161 0.210476 0.356712
v -1.614685 0.542950 0.882011
v -1.698471 0.366508 0.882011
v -1.486435 0.621189 0.882011
v -0.977501 0.210499 0.356674
v -1.080200 0.535667 0.882011
v -0.999268 0.366508 0.882011
v -1.199753 0.610836 0.882011
v -1.344147 0.646118 0.882011
v -1.850128 0.523205 0.355789
v -1.821503 0.523205 0.846695
v -1.821503 0.647896 0.846481
v -1.878067 0.745338 0.355789
v -1.821503 0.745338 0.828804
v -1.821503 0.686485 0.846313
v -1.798721 0.647827 0.355789
v -1.798721 0.556736 0.355789
v -1.799210 0.711670 0.355843
v -1.798721 0.686409 0.355789
v -1.753235 0.677612 0.811768
v -1.753082 0.642944 0.811752
v -1.752884 0.556736 0.811729
v -1.752625 0.711678 0.786461
v -1.790604 0.634735 0.612141
v -1.601425 0.634735 0.580830
v -1.790604 0.610516 0.616955
v -1.601425 0.598534 0.588032
v -1.790604 0.589985 0.630672
v -1.601425 0.567848 0.608536
v -1.790604 0.576267 0.651207
v -1.601425 0.547340 0.639221
v -1.790604 0.571449 0.675423
v -1.601425 0.540142 0.675423
v -1.790604 0.576267 0.699638
v -1.601425 0.547340 0.711624
v -1.790604 0.589985 0.720169
v -1.601425 0.567848 0.742310
v -1.790604 0.610516 0.733887
v -1.601425 0.598534 0.762810
v -1.790604 0.634735 0.738701
v -1.601425 0.634735 0.770012
v -1.790604 0.658951 0.733887
v -1.601425 0.670929 0.762810
v -1.790604 0.679482 0.720169
v -1.601425 0.701622 0.742310
v -1.790604 0.693199 0.699638
v -1.601425 0.722122 0.711624
v -1.790604 0.698013 0.675423
v -1.601425 0.729324 0.675423
v -1.790604 0.693199 0.651207
v -1.601425 0.722122 0.639221
v -1.790604 0.679482 0.630672
v -1.601425 0.701622 0.608536
v -1.790604 0.658951 0.616955
v -1.601425 0.670929 0.588032
v -1.790604 0.634735 0.580830
v -1.790604 0.598534 0.588032
v -1.790604 0.567848 0.608536
v -1.790604 0.547340 0.639225
v -1.790604 0.540142 0.675423
v -1.790604 0.547340 0.711624
v -1.790604 0.567848 0.742310
v -1.790604 0.598534 0.762810
v -1.790604 0.634735 0.770012
v -1.790604 0.670929 0.762810
v -1.790604 0.701622 0.742310
v -1.790604 0.722122 0.711624
v -1.790604 0.729324 0.675423
v -1.790604 0.722122 0.639221
v -1.790604 0.701622 0.608536
v -1.790604 0.670929 0.588032
v -1.778961 0.634735 0.617111
v -1.778961 0.612419 0.621548
v -1.778961 0.593502 0.634190
v -1.778961 0.580860 0.653107
v -1.778961 0.576420 0.675423
v -1.778961 0.580860 0.697739
v -1.778961 0.593502 0.716652
v -1.778961 0.612419 0.729294
v -1.778961 0.634735 0.733734
v -1.778961 0.657051 0.729294
v -1.778961 0.675964 0.716652
v -1.778961 0.688606 0.697739
v -1.778961 0.693047 0.675423
v -1.778961 0.688606 0.653107
v -1.778961 0.675964 0.634190
v -1.778961 0.657051 0.621548
v -1.856750 0.236748 0.253698
v -1.856750 0.297401 0.253698
v -1.856750 0.236748 0.193045
v -1.856750 0.297401 0.193045
v -1.796097 0.236748 0.253698
v -1.796097 0.297401 0.253698
v -1.796097 0.236748 0.193045
v -1.796097 0.297401 0.193045
v -1.926788 0.297401 0.032737
v -1.926788 0.236748 0.032737
v -1.866135 0.236748 0.032737
v -1.866135 0.297401 0.032737
v -1.976288 0.516880 0.253698
v -1.976288 0.516880 0.193045
v -1.915634 0.516880 0.193045
v -1.915634 0.516880 0.253698
v -1.976288 0.561745 0.253698
v -1.976288 0.561745 0.193045
v -1.915634 0.561745 0.193045
v -1.915634 0.561745 0.253698
v -1.976288 0.547546 0.027773
v -1.915634 0.547546 0.027773
v -1.976288 0.592411 0.027773
v -1.915634 0.592411 0.027773
v -1.979507 0.425640 0.253698
v -1.979507 0.425640 0.193045
v -1.918854 0.425640 0.253698
v -1.918854 0.425640 0.193045
v -1.818268 0.374657 0.900780
v -1.818268 0.502121 0.900780
v -1.818268 0.374657 0.758377
v -1.818268 0.502121 0.758377
v -1.690811 0.374657 0.900780
v -1.690811 0.502121 0.900780
v -1.690811 0.374657 0.758377
v -1.690811 0.502121 0.758377
v -1.847214 0.502121 0.435089
v -1.847214 0.374657 0.435089
v -1.719742 0.374657 0.435089
v -1.719742 0.502121 0.435089
v -1.864105 0.502121 0.353291
v -1.864105 0.374657 0.353291
v -1.736649 0.374657 0.353291
v -1.736649 0.502121 0.353291
v -1.776779 0.502121 0.218315
v -1.904236 0.502121 0.218315
v -1.904236 0.374657 0.218315
v -1.776779 0.374657 0.218315
v -1.840988 0.438389 0.927757
v -1.840988 0.438389 0.758377
v -1.661285 0.438389 0.758377
v -1.661285 0.438389 0.927757
v -1.869934 0.438389 0.435089
v -1.719742 0.438389 0.435089
v -1.886841 0.438389 0.353291
v -1.736649 0.438389 0.353291
v -1.926956 0.438389 0.218315
v -1.776779 0.438389 0.218315
v 1.742828 0.537014 0.772804
v 1.742828 0.697945 0.772804
v 1.742828 0.537014 0.611874
v 1.742828 0.697945 0.611874
v 1.905594 0.552860 0.767746
v 1.905594 0.682098 0.767746
v 1.905594 0.552860 0.613468
v 1.905594 0.682098 0.613468
v 1.742828 0.697945 0.442417
v 1.742828 0.537014 0.442417
v 1.905594 0.552860 0.440281
v 1.905594 0.682098 0.440281
v 1.742828 0.697945 0.323202
v 1.742828 0.537014 0.323202
v 1.905563 0.552860 0.328674
v 1.905563 0.682098 0.328674
v 1.903763 0.537014 0.772804
v 1.903763 0.537014 0.611874
v 1.903763 0.697945 0.611874
v 1.903763 0.697945 0.772804
v 1.903763 0.537014 0.442417
v 1.903763 0.697945 0.442417
v 1.903763 0.697945 0.323202
v 1.903763 0.537014 0.323202
v 1.742828 0.617481 0.796341
v 1.742828 0.617481 0.611874
v 1.919861 0.617481 0.611874
v 1.903763 0.617481 0.796341
v 1.742828 0.617481 0.442417
v 1.919861 0.617481 0.442417
v 1.742828 0.617481 0.283724
v 1.903763 0.617481 0.283724
v 1.919861 0.617481 0.743370
v 1.919662 0.617481 0.352844
v 1.463287 0.211027 0.831680
v 1.451431 0.278599 0.882011
v 1.459808 0.230818 0.880173
v 1.595184 0.230892 0.795570
v 1.584915 0.298691 0.846695
v 1.592209 0.250750 0.844032
v 1.849457 0.304356 0.846619
v 1.476654 0.282394 0.882011
v 1.488220 0.214785 0.831680
v 1.484848 0.234587 0.880165
v -0.575264 0.285002 0.846695
v -0.575268 0.211027 0.790131
v -0.575264 0.232693 0.846695
v 0.432262 0.211027 0.790131
v 0.432262 0.285002 0.846695
v 0.432262 0.232693 0.846695
v -0.994400 0.210381 0.826477
v -1.006996 0.284267 0.882011
v -0.998093 0.232021 0.882011
v 0.776024 0.284309 0.882011
v 0.763428 0.210381 0.826477
v 0.767113 0.232035 0.878784
v 0.748672 0.284409 0.882011
v 0.737846 0.210472 0.826447
v 0.741013 0.232128 0.880150
v -0.977501 0.210499 0.826439
v -0.987816 0.284401 0.882011
v -0.980522 0.232143 0.882011
v -1.753220 0.211027 0.788315
v -1.748734 0.257545 0.846695
v -1.750046 0.224651 0.821190
v -1.685699 0.256760 0.882011
v -1.693604 0.210381 0.824760
v -1.691299 0.223965 0.857613
v -1.714417 0.256861 0.882011
v -1.721161 0.210476 0.824730
v -1.719177 0.224062 0.857582
v 1.781631 0.375328 0.895630
v 1.781631 0.495598 0.895630
v 1.781631 0.375328 0.775360
v 1.781631 0.495598 0.775360
v 1.901901 0.375328 0.895630
v 1.901901 0.495598 0.895630
v 1.901901 0.375328 0.775360
v 1.901901 0.495598 0.775360
v 1.755707 0.435463 0.930496
v 1.755707 0.435463 0.775360
v 1.947662 0.435463 0.775360
v 1.947662 0.435463 0.930496
v 0.357712 0.631748 0.884087
v 0.357712 0.656487 0.884087
v 0.357712 0.631748 0.859352
v 0.357712 0.656487 0.859352
v 0.382446 0.631748 0.863205
v 0.382446 0.656487 0.863205
v 0.382446 0.631748 0.838470
v 0.382446 0.656487 0.838470
v 0.274147 0.631748 0.859352
v 0.274147 0.631748 0.884087
v 0.274147 0.656487 0.884087
v 0.274147 0.656487 0.859352
v 0.251755 0.631748 0.838470
v 0.251755 0.631748 0.863205
v 0.251755 0.656487 0.863205
v 0.251755 0.656487 0.838470
v -1.784119 0.294464 0.731094
v -1.701645 0.294464 0.703178
v -1.784119 0.289169 0.732147
v -1.701645 0.278488 0.706360
v -1.784119 0.284683 0.735146
v -1.701645 0.264944 0.715408
v -1.784119 0.281683 0.739632
v -1.701645 0.255894 0.728951
v -1.784119 0.280630 0.744926
v -1.701645 0.252716 0.744926
v -1.784119 0.281683 0.750221
v -1.701645 0.255894 0.760902
v -1.784119 0.284683 0.754707
v -1.701645 0.264944 0.774445
v -1.784119 0.289169 0.757706
v -1.701645 0.278488 0.783501
v -1.784119 0.294464 0.758759
v -1.701645 0.294464 0.786674
v -1.784119 0.299757 0.757706
v -1.701645 0.310440 0.783501
v -1.784119 0.304245 0.754707
v -1.701645 0.323982 0.774445
v -1.784119 0.307243 0.750221
v -1.701645 0.333035 0.760902
v -1.784119 0.308296 0.744926
v -1.701645 0.336212 0.744926
v -1.784119 0.307243 0.739632
v -1.701645 0.333035 0.728951
v -1.784119 0.304245 0.735146
v -1.701645 0.323982 0.715408
v -1.784119 0.299757 0.732147
v -1.701645 0.310440 0.706360
v -1.785126 0.294464 0.703178
v -1.785126 0.278488 0.706360
v -1.785126 0.264944 0.715408
v -1.785126 0.255894 0.728951
v -1.785126 0.252716 0.744926
v -1.785126 0.255894 0.760902
v -1.785126 0.264944 0.774445
v -1.785126 0.278488 0.783501
v -1.785126 0.294464 0.786674
v -1.785126 0.310440 0.783501
v -1.785126 0.323982 0.774445
v -1.785126 0.333035 0.760902
v -1.785126 0.336212 0.744926
v -1.785126 0.333035 0.728951
v -1.785126 0.323982 0.715408
v -1.785126 0.310440 0.706360
v -1.795364 0.294464 0.717728
v -1.795364 0.284054 0.719795
v -1.795364 0.275229 0.725693
v -1.795364 0.269331 0.734520
v -1.795364 0.267260 0.744926
v -1.795364 0.269331 0.755341
v -1.795364 0.275229 0.764160
v -1.795364 0.284054 0.770058
v -1.795364 0.294464 0.772133
v -1.795364 0.304874 0.770058
v -1.795364 0.313698 0.764160
v -1.795364 0.319595 0.755341
v -1.795364 0.321667 0.744926
v -1.795364 0.319595 0.734520
v -1.795364 0.313698 0.725693
v -1.795364 0.304874 0.719795
v -1.792542 0.294464 0.735336
v -1.792542 0.290792 0.736061
v -1.792542 0.287680 0.738144
v -1.792542 0.285599 0.741257
v -1.792542 0.284868 0.744926
v -1.792542 0.285599 0.748596
v -1.792542 0.287680 0.751709
v -1.792542 0.290792 0.753792
v -1.792542 0.294464 0.754524
v -1.792542 0.298136 0.753792
v -1.792542 0.301249 0.751709
v -1.792542 0.303328 0.748596
v -1.792542 0.304058 0.744926
v -1.792542 0.303328 0.741257
v -1.792542 0.301249 0.738144
v -1.792542 0.298136 0.736061
v -1.784119 0.294464 0.626789
v -1.701645 0.294464 0.598873
v -1.784119 0.289169 0.627842
v -1.701645 0.278488 0.602051
v -1.784119 0.284683 0.630840
v -1.701645 0.264944 0.611099
v -1.784119 0.281683 0.635326
v -1.701645 0.255894 0.624645
v -1.784119 0.280630 0.640621
v -1.701645 0.252716 0.640621
v -1.784119 0.281683 0.645912
v -1.701645 0.255894 0.656593
v -1.784119 0.284683 0.650398
v -1.701645 0.264944 0.670143
v -1.784119 0.289169 0.653397
v -1.701645 0.278488 0.679192
v -1.784119 0.294464 0.654449
v -1.701645 0.294464 0.682365
v -1.784119 0.299757 0.653397
v -1.701645 0.310440 0.679192
v -1.784119 0.304245 0.650398
v -1.701645 0.323982 0.670143
v -1.784119 0.307243 0.645912
v -1.701645 0.333035 0.656593
v -1.784119 0.308296 0.640621
v -1.701645 0.336212 0.640621
v -1.784119 0.307243 0.635326
v -1.701645 0.333035 0.624645
v -1.784119 0.304245 0.630840
v -1.701645 0.323982 0.611099
v -1.784119 0.299757 0.627842
v -1.701645 0.310440 0.602051
v -1.785126 0.294464 0.598873
v -1.785126 0.278488 0.602051
v -1.785126 0.264944 0.611099
v -1.785126 0.255894 0.624645
v -1.785126 0.252716 0.640621
v -1.785126 0.255894 0.656593
v -1.785126 0.264944 0.670143
v -1.785126 0.278488 0.679192
v -1.785126 0.294464 0.682365
v -1.785126 0.310440 0.679192
v -1.785126 0.323982 0.670143
v -1.785126 0.333035 0.656593
v -1.785126 0.336212 0.640621
v -1.785126 0.333035 0.624645
v -1.785126 0.323982 0.611099
v -1.785126 0.310440 0.602051
v -1.795364 0.294464 0.613419
v -1.795364 0.284054 0.615486
v -1.795364 0.275229 0.621384
v -1.795364 0.269331 0.630211
v -1.795364 0.267260 0.640621
v -1.795364 0.269331 0.651031
v -1.795364 0.275229 0.659859
v -1.795364 0.284054 0.665756
v -1.795364 0.294464 0.667824
v -1.795364 0.304874 0.665756
v -1.795364 0.313698 0.659859
v -1.795364 0.319595 0.651031
v -1.795364 0.321667 0.640621
v -1.795364 0.319595 0.630211
v -1.795364 0.313698 0.621384
v -1.795364 0.304874 0.615486
v -1.792542 0.294464 0.631027
v -1.792542 0.290792 0.631756
v -1.792542 0.287680 0.633835
v -1.792542 0.285599 0.636948
v -1.792542 0.284868 0.640621
v -1.792542 0.285599 0.644291
v -1.792542 0.287680 0.647408
v -1.792542 0.290792 0.649483
v -1.792542 0.294464 0.650215
v -1.792542 0.298136 0.649483
v -1.792542 0.301249 0.647408
v -1.792542 0.303328 0.644291
v -1.792542 0.304058 0.640621
v -1.792542 0.303328 0.636948
v -1.792542 0.301249 0.633835
v -1.792542 0.298136 0.631756
v -0.491760 0.755684 0.919876
v -0.491760 0.837189 0.919876
v -0.487038 0.772881 0.859436
v -0.491760 0.826103 0.859436
v -0.467266 0.769684 0.919937
v -0.467266 0.823143 0.919945
v -0.474476 0.772881 0.859436
v -0.467266 0.814583 0.873260
v -0.491760 0.765671 0.984047
v -0.491760 0.826103 0.984047
v -0.467266 0.814461 0.970222
v -0.467266 0.777504 0.970222
v -0.504936 0.795883 0.919876
v -0.493927 0.788673 0.859436
v -0.474476 0.788673 0.859436
v -0.467266 0.795883 0.919876
v -0.504936 0.795883 0.984047
v -0.467266 0.795883 0.970222
v -0.504936 0.795883 0.859436
v -0.491760 0.765671 0.859436
v -0.467266 0.777397 0.873260
v -0.467266 0.795883 0.873260
v -0.493927 0.764320 0.806839
v -0.487038 0.748520 0.806839
v -0.474476 0.748520 0.806839
v -0.474476 0.764320 0.806839
v -0.467266 0.795883 0.859436
v -0.467266 0.765671 0.859436
v -0.467266 0.755684 0.919876
v -0.467266 0.826103 0.859436
v -0.467266 0.837189 0.919876
v -0.467266 0.795883 0.984047
v -0.467266 0.765671 0.984047
v -0.467266 0.826103 0.984047
v 1.879196 0.673744 0.172424
v 1.879196 0.612408 0.173283
v 1.879196 0.686478 0.184984
v 1.879196 0.599670 0.186199
v 1.868042 0.673744 0.172424
v 1.868042 0.612408 0.173283
v 1.308716 0.643097 0.846695
v 1.517273 0.287401 0.846695
v 1.408859 0.561897 0.846695
v 1.524673 0.219166 0.796150
v 0.714233 0.366508 0.846695
v 0.941582 0.653831 0.846695
v 0.699829 0.210676 0.790764
v 1.524155 0.239397 0.844612
v 0.790855 0.538967 0.846695
v 1.495392 0.386944 0.846695
v 0.701950 0.232330 0.845505
v 0.706406 0.284611 0.846695
v -1.734940 0.224363 0.821716
v -0.932907 0.284489 0.846695
v -1.503845 0.653877 0.846695
v -0.939789 0.366508 0.846695
v -0.927803 0.232504 0.846695
v -1.189163 0.654854 0.846695
v -1.733185 0.257235 0.846695
v -0.932655 0.210754 0.790932
v -1.739700 0.210794 0.788780
v -1.656815 0.549812 0.846695
v -1.016792 0.556091 0.846695
v -1.734634 0.366508 0.846695
v 1.238922 0.280813 0.431320
v -1.821503 0.745338 0.786354
v 1.906479 0.617481 0.297356
v 1.906128 0.617481 0.787758
v -0.555912 0.793747 -0.746780
v -0.575268 0.211027 -0.355789
v 0.432262 0.548557 -0.846695
v 1.445572 0.883171 -0.671387
v -1.821503 0.773552 -0.786293
v -1.821503 0.556805 -0.811729
v 1.546906 0.561729 -0.846695
v -0.575268 0.553272 -0.846695
v -0.074222 1.232918 -0.497192
v 0.789391 1.210861 -0.497185
v 0.432262 0.818932 -0.760010
v -1.345703 0.773735 -0.786270
v 0.405857 1.217461 -0.527504
v 1.445572 0.883171 -0.355789
v -1.878067 0.800507 -0.355789
v 1.879196 0.290064 -0.355789
v -1.850128 0.556805 -0.355789
v 1.879196 0.550564 -0.355789
v -1.345703 0.810089 -0.355789
v 0.790443 1.247513 -0.201317
v -0.611221 0.829384 -0.356007
v 1.113358 0.210705 -0.356331
v -1.797806 0.211027 -0.355789
v 1.813873 0.861427 -0.355789
v -0.128192 1.271049 -0.201317
v 0.407536 1.275948 -0.201317
v 0.432262 0.211027 -0.355789
v -0.575268 0.745338 -0.828804
v -1.345703 0.745338 -0.828804
v 1.463287 0.745338 -0.828804
v 0.432262 0.745338 -0.828804
v -1.821503 0.711746 -0.786461
v -1.878067 0.711739 -0.355843
v 1.869843 0.746613 -0.355789
v -0.521267 0.795578 -0.774826
v -0.043756 1.229393 -0.527504
v -0.630413 0.810089 -0.355789
v -0.108457 1.289795 -0.201317
v -0.113209 1.255272 -0.201317
v -0.595795 0.814041 -0.356007
v -0.540482 0.778404 -0.746780
v -0.059239 1.217140 -0.497192
v 0.773369 1.269760 -0.201317
v 1.496902 0.862595 -0.357754
v 0.964958 0.876472 -0.701599
v 0.710640 1.213020 -0.527504
v 0.769333 1.231316 -0.201317
v 1.424942 0.866371 -0.355789
v 1.424942 0.866371 -0.671387
v 0.768280 1.194656 -0.497185
v 0.432262 0.797089 -0.771454
v -0.575268 0.773735 -0.786270
v 0.406483 1.239296 -0.516060
v -0.054385 1.251549 -0.516060
v 1.488373 0.862595 -0.715004
v 0.772316 1.233101 -0.516060
v 0.405632 1.209633 -0.512562
v 0.432262 0.811104 -0.745064
v -0.521267 0.787743 -0.759880
v -0.043981 1.221565 -0.512562
v 0.964958 0.868637 -0.686653
v 0.710411 1.205193 -0.512562
v -1.344009 0.210381 -0.356869
v -1.344009 0.626282 -0.882011
v -1.210220 0.599670 -0.882011
v -1.096802 0.523888 -0.882011
v -1.021019 0.366508 -0.882011
v -1.666992 0.366508 -0.882011
v -1.591217 0.523888 -0.882011
v -1.477798 0.599670 -0.882011
v 1.113029 0.626282 -0.882011
v 1.246811 0.599670 -0.882011
v 1.360229 0.523888 -0.882011
v 1.436020 0.366508 -0.882011
v 0.790039 0.366508 -0.882011
v 0.865822 0.523888 -0.882011
v 0.979240 0.599670 -0.882011
v 0.966888 0.855820 -0.718529
v 1.114548 0.686165 -0.846313
v -1.821503 0.677681 -0.811768
v -0.575268 0.686485 -0.846313
v 0.432262 0.686485 -0.846313
v -1.344444 0.686485 -0.846313
v 1.520554 0.686478 -0.846313
v -0.575268 0.366508 -0.846695
v 0.432262 0.366508 -0.846695
v -1.748734 0.366508 -0.846695
v 1.599808 0.366508 -0.846695
v 1.594635 0.230892 -0.355789
v 1.527939 0.653046 -0.846558
v -0.575268 0.647331 -0.846642
v 0.432262 0.644913 -0.846695
v -1.821503 0.643013 -0.811752
v 1.074394 0.745338 -0.828804
v -1.797806 0.366508 -0.355789
v 1.879196 0.686478 -0.355789
v 1.879196 0.599670 -0.355789
v 1.879196 0.366508 -0.355789
v 1.879196 0.567421 -0.821877
v 1.837128 0.567421 -0.846619
v 1.772125 0.861427 -0.713043
v 1.813873 0.861427 -0.684189
v 1.879196 0.290064 -0.821877
v 1.827805 0.746475 -0.828804
v 1.869843 0.746613 -0.804657
v 1.837128 0.686478 -0.846313
v 1.879196 0.686478 -0.821877
v 1.837128 0.366508 -0.846695
v 1.879196 0.366508 -0.821877
v 1.837128 0.652649 -0.846458
v 1.879196 0.652649 -0.821877
v 1.373184 0.539936 -0.882011
v 1.488129 0.214785 -0.355789
v 1.454559 0.380985 -0.882011
v 1.273270 0.615849 -0.882011
v 0.737846 0.210472 -0.356720
v 0.825760 0.523788 -0.882011
v 0.760689 0.366508 -0.882011
v 0.967072 0.627262 -0.882011
v 1.113144 0.657898 -0.882011
v -1.721161 0.210476 -0.356712
v -1.614685 0.542950 -0.882011
v -1.698471 0.366508 -0.882011
v -1.486435 0.621189 -0.882011
v -0.977501 0.210499 -0.356674
v -1.080200 0.535664 -0.882011
v -0.999268 0.366508 -0.882011
v -1.199753 0.610836 -0.882011
v -1.344147 0.646118 -0.882011
v -1.887497 0.523205 0.000000
v 1.879196 0.547756 -0.000000
v -1.345703 0.810089 0.000000
v -0.575268 0.211027 0.000000
v -0.660583 0.829369 0.000000
v 1.463287 0.211027 -0.000000
v 1.445572 0.883171 -0.000000
v -1.887497 0.800507 0.000000
v -1.835129 0.211027 0.000000
v 1.813873 0.861427 -0.000000
v 1.879196 0.290064 -0.000000
v -0.154037 1.271812 -0.000000
v 0.790443 1.247513 -0.000000
v 0.407536 1.275948 -0.000000
v 0.432262 0.211027 -0.000000
v -1.887497 0.711739 0.000000
v 1.869843 0.746613 -0.000000
v -0.679790 0.810089 0.000000
v -0.134284 1.290527 -0.000000
v -0.139053 1.256035 -0.000000
v -0.645157 0.814026 0.000000
v 0.773369 1.269760 -0.000000
v 1.496902 0.862595 -0.000000
v 0.769333 1.231316 -0.000000
v 1.431000 0.869583 -0.000000
v 0.763428 0.210381 -0.000000
v -0.994400 0.210381 0.000000
v -1.693604 0.210381 0.000000
v 1.594025 0.230892 -0.000000
v -1.835129 0.366508 0.000000
v 1.879196 0.686478 -0.000000
v 1.879196 0.599670 -0.000000
v 1.879196 0.366508 -0.000000
v 1.488007 0.214785 -0.000000
v 0.737846 0.210472 -0.000000
v -1.721161 0.210476 0.000000
v -0.977501 0.210499 0.000000
v -1.850128 0.523205 -0.355789
v -1.887497 0.556805 0.000000
v -1.821503 0.523205 -0.846695
v -1.821503 0.647896 -0.846481
v -1.878067 0.745338 -0.355789
v -1.887497 0.745338 0.000000
v -1.821503 0.745338 -0.828804
v -1.821503 0.686485 -0.846313
v -1.836044 0.647827 0.000000
v -1.836044 0.556736 0.000000
v -1.798721 0.647827 -0.355789
v -1.798721 0.556736 -0.355789
v -1.799210 0.711670 -0.355843
v -1.798721 0.686409 -0.355789
v -1.836044 0.711670 0.000000
v -1.836044 0.686409 0.000000
v -1.753235 0.677612 -0.811768
v -1.753082 0.642944 -0.811752
v -1.752884 0.556736 -0.811729
v -1.752625 0.711678 -0.786461
v -1.790604 0.634735 -0.612137
v -1.601425 0.634735 -0.580830
v -1.790604 0.610516 -0.616955
v -1.601425 0.598534 -0.588028
v -1.790604 0.589985 -0.630672
v -1.601425 0.567848 -0.608536
v -1.790604 0.576267 -0.651207
v -1.601425 0.547340 -0.639221
v -1.790604 0.571449 -0.675423
v -1.601425 0.540142 -0.675423
v -1.790604 0.576267 -0.699638
v -1.601425 0.547340 -0.711617
v -1.790604 0.589985 -0.720169
v -1.601425 0.567848 -0.742310
v -1.790604 0.610516 -0.733887
v -1.601425 0.598534 -0.762810
v -1.790604 0.634735 -0.738701
v -1.601425 0.634735 -0.770012
v -1.790604 0.658951 -0.733887
v -1.601425 0.670929 -0.762810
v -1.790604 0.679482 -0.720169
v -1.601425 0.701622 -0.742310
v -1.790604 0.693199 -0.699638
v -1.601425 0.722122 -0.711617
v -1.790604 0.698013 -0.675423
v -1.601425 0.729324 -0.675423
v -1.790604 0.693199 -0.651207
v -1.601425 0.722122 -0.639221
v -1.790604 0.679482 -0.630672
v -1.601425 0.701622 -0.608536
v -1.790604 0.658951 -0.616955
v -1.601425 0.670929 -0.588028
v -1.790604 0.634735 -0.580830
v -1.790604 0.598534 -0.588028
v -1.790604 0.567848 -0.608536
v -1.790604 0.547340 -0.639221
v -1.790604 0.540142 -0.675423
v -1.790604 0.547340 -0.711617
v -1.790604 0.567848 -0.742310
v -1.790604 0.598534 -0.762810
v -1.790604 0.634735 -0.770012
v -1.790604 0.670929 -0.762810
v -1.790604 0.701622 -0.742310
v -1.790604 0.722122 -0.711617
v -1.790604 0.729324 -0.675423
v -1.790604 0.722122 -0.639221
v -1.790604 0.701622 -0.608536
v -1.790604 0.670929 -0.588028
v -1.778961 0.634735 -0.617107
v -1.778961 0.612419 -0.621548
v -1.778961 0.593502 -0.634190
v -1.778961 0.580860 -0.653107
v -1.778961 0.576420 -0.675423
v -1.778961 0.580860 -0.697739
v -1.778961 0.593502 -0.716652
v -1.778961 0.612419 -0.729294
v -1.778961 0.634735 -0.733734
v -1.778961 0.657051 -0.729294
v -1.778961 0.675964 -0.716652
v -1.778961 0.688606 -0.697739
v -1.778961 0.693047 -0.675423
v -1.778961 0.688606 -0.653107
v -1.778961 0.675964 -0.634190
v -1.778961 0.657051 -0.621548
v -1.856750 0.236748 -0.253696
v -1.856750 0.297401 -0.253696
v -1.856750 0.236748 -0.193043
v -1.856750 0.297401 -0.193043
v -1.796097 0.236748 -0.253696
v -1.796097 0.297401 -0.253696
v -1.796097 0.236748 -0.193043
v -1.796097 0.297401 -0.193043
v -1.926788 0.297401 -0.032736
v -1.926788 0.236748 -0.032736
v -1.866135 0.236748 -0.032736
v -1.866135 0.297401 -0.032736
v -1.926788 0.297401 0.000000
v -1.926788 0.236748 0.000000
v -1.866135 0.236748 0.000000
v -1.866135 0.297401 0.000000
v -1.976288 0.516880 -0.253696
v -1.976288 0.516880 -0.193043
v -1.915634 0.516880 -0.193043
v -1.915634 0.516880 -0.253696
v -1.976288 0.561745 -0.253696
v -1.976288 0.561745 -0.193043
v -1.915634 0.561745 -0.193043
v -1.915634 0.561745 -0.253696
v -1.976288 0.547546 -0.027772
v -1.915634 0.547546 -0.027772
v -1.976288 0.592411 -0.027772
v -1.915634 0.592411 -0.027772
v -1.976288 0.547546 0.000000
v -1.915634 0.547546 0.000000
v -1.976288 0.592411 0.000000
v -1.915634 0.592411 0.000000
v -1.979507 0.425640 -0.253696
v -1.979507 0.425640 -0.193043
v -1.918854 0.425640 -0.253696
v -1.918854 0.425640 -0.193043
v -1.818268 0.374657 -0.900780
v -1.818268 0.502121 -0.900780
v -1.818268 0.374657 -0.758377
v -1.818268 0.502121 -0.758377
v -1.690811 0.374657 -0.900780
v -1.690811 0.502121 -0.900780
v -1.690811 0.374657 -0.758377
v -1.690811 0.502121 -0.758377
v -1.847214 0.502121 -0.435089
v -1.847214 0.374657 -0.435089
v -1.719742 0.374657 -0.435089
v -1.719742 0.502121 -0.435089
v -1.864105 0.502121 -0.353291
v -1.864105 0.374657 -0.353291
v -1.736649 0.374657 -0.353291
v -1.736649 0.502121 -0.353291
v -1.776779 0.502121 -0.218315
v -1.904236 0.502121 -0.218315
v -1.904236 0.374657 -0.218315
v -1.776779 0.374657 -0.218315
v -1.904236 0.502121 0.000000
v -1.904236 0.374657 0.000000
v -1.776779 0.374657 0.000000
v -1.776779 0.502121 0.000000
v -1.841003 0.438389 -0.927757
v -1.840988 0.438389 -0.758377
v -1.661285 0.438389 -0.758377
v -1.661285 0.438389 -0.927757
v -1.869934 0.438389 -0.435089
v -1.719742 0.438389 -0.435089
v -1.886841 0.438389 -0.353291
v -1.736649 0.438389 -0.353291
v -1.926956 0.438389 -0.218315
v -1.776779 0.438389 -0.218315
v -1.926956 0.438389 0.000000
v -1.776779 0.438389 0.000000
v 1.742828 0.537014 -0.772804
v 1.742828 0.697945 -0.772804
v 1.742828 0.537014 -0.611874
v 1.742828 0.697945 -0.611874
v 1.905594 0.552860 -0.767746
v 1.905594 0.682098 -0.767746
v 1.905594 0.552860 -0.613468
v 1.905594 0.682098 -0.613468
v 1.742828 0.697945 -0.442417
v 1.742828 0.537014 -0.442417
v 1.905594 0.552860 -0.440285
v 1.905594 0.682098 -0.440285
v 1.742828 0.697945 -0.323204
v 1.742828 0.537014 -0.323204
v 1.905563 0.552860 -0.328674
v 1.905563 0.682098 -0.328674
v 1.903763 0.537014 -0.772804
v 1.903763 0.537014 -0.611874
v 1.903763 0.697945 -0.611874
v 1.903763 0.697945 -0.772804
v 1.903763 0.537014 -0.442417
v 1.903763 0.697945 -0.442417
v 1.903763 0.697945 -0.323204
v 1.903763 0.537014 -0.323204
v 1.742828 0.617481 -0.796341
v 1.742828 0.617481 -0.611874
v 1.919861 0.617481 -0.611874
v 1.903763 0.617481 -0.796341
v 1.742828 0.617481 -0.442417
v 1.919861 0.617481 -0.442417
v 1.742828 0.617481 -0.283726
v 1.903763 0.617481 -0.283726
v 1.919861 0.617481 -0.743370
v 1.919662 0.617481 -0.352844
v 1.463287 0.211027 -0.831688
v 1.451431 0.278599 -0.882011
v 1.459808 0.230818 -0.880173
v 1.595184 0.230892 -0.795570
v 1.584915 0.298691 -0.846695
v 1.592209 0.250750 -0.844032
v 1.849457 0.304356 -0.846619
v 1.476654 0.282394 -0.882011
v 1.488220 0.214785 -0.831688
v 1.484848 0.234587 -0.880165
v -0.575268 0.285002 -0.846695
v -0.575268 0.211027 -0.790131
v -0.575268 0.232693 -0.846695
v 0.432262 0.211027 -0.790131
v 0.432262 0.285002 -0.846695
v 0.432262 0.232693 -0.846695
v -0.994400 0.210381 -0.826477
v -1.006996 0.284267 -0.882011
v -0.998093 0.232021 -0.882011
v 0.776024 0.284309 -0.882011
v 0.763428 0.210381 -0.826477
v 0.767113 0.232035 -0.878784
v 0.748672 0.284409 -0.882011
v 0.737846 0.210472 -0.826447
v 0.741013 0.232128 -0.880150
v -0.977501 0.210499 -0.826439
v -0.987816 0.284401 -0.882011
v -0.980522 0.232143 -0.882011
v -1.753220 0.211027 -0.788315
v -1.748734 0.257545 -0.846695
v -1.750046 0.224651 -0.821190
v -1.685699 0.256760 -0.882011
v -1.693604 0.210381 -0.824760
v -1.691299 0.223965 -0.857613
v -1.714417 0.256859 -0.882011
v -1.721161 0.210476 -0.824730
v -1.719193 0.224062 -0.857582
v 1.781631 0.375328 -0.895630
v 1.781631 0.495598 -0.895630
v 1.781631 0.375328 -0.775368
v 1.781631 0.495598 -0.775368
v 1.901901 0.375328 -0.895630
v 1.901901 0.495598 -0.895630
v 1.901901 0.375328 -0.775368
v 1.901901 0.495598 -0.775368
v 1.781631 0.495598 -0.000000
v 1.781631 0.375328 -0.000000
v 1.933746 0.375328 -0.000000
v 1.933746 0.495598 -0.000000
v 1.755707 0.435463 -0.930496
v 1.755707 0.435463 -0.775368
v 1.947662 0.435463 -0.775368
v 1.947662 0.435463 -0.930496
v 1.781631 0.435463 -0.000000
v 1.979507 0.435463 -0.000000
v 0.357712 0.631748 -0.884087
v 0.357712 0.656487 -0.884087
v 0.357712 0.631748 -0.859352
v 0.357712 0.656487 -0.859352
v 0.382446 0.631748 -0.863205
v 0.382446 0.656487 -0.863205
v 0.382446 0.631748 -0.838470
v 0.382446 0.656487 -0.838470
v 0.274147 0.631748 -0.859352
v 0.274147 0.631748 -0.884087
v 0.274147 0.656487 -0.884087
v 0.274147 0.656487 -0.859352
v 0.251755 0.631748 -0.838470
v 0.251755 0.631748 -0.863205
v 0.251755 0.656487 -0.863205
v 0.251755 0.656487 -0.838470
v -1.784119 0.294464 -0.731094
v -1.701645 0.294464 -0.703178
v -1.784119 0.289169 -0.732147
v -1.701645 0.278488 -0.706360
v -1.784119 0.284683 -0.735146
v -1.701645 0.264944 -0.715408
v -1.784119 0.281683 -0.739632
v -1.701645 0.255894 -0.728951
v -1.784119 0.280630 -0.744926
v -1.701645 0.252716 -0.744926
v -1.784119 0.281683 -0.750221
v -1.701645 0.255894 -0.760902
v -1.784119 0.284683 -0.754707
v -1.701645 0.264944 -0.774445
v -1.784119 0.289169 -0.757706
v -1.701645 0.278488 -0.783493
v -1.784119 0.294464 -0.758759
v -1.701645 0.294464 -0.786674
v -1.784119 0.299757 -0.757706
v -1.701645 0.310440 -0.783493
v -1.784119 0.304245 -0.754707
v -1.701645 0.323982 -0.774445
v -1.784119 0.307243 -0.750221
v -1.701645 0.333035 -0.760902
v -1.784119 0.308296 -0.744926
v -1.701645 0.336212 -0.744926
v -1.784119 0.307243 -0.739632
v -1.701645 0.333035 -0.728951
v -1.784119 0.304245 -0.735146
v -1.701645 0.323982 -0.715408
v -1.784119 0.299757 -0.732147
v -1.701645 0.310440 -0.706360
v -1.785126 0.294464 -0.703178
v -1.785126 0.278488 -0.706360
v -1.785126 0.264944 -0.715408
v -1.785126 0.255894 -0.728951
v -1.785126 0.252716 -0.744926
v -1.785126 0.255894 -0.760902
v -1.785126 0.264944 -0.774445
v -1.785126 0.278488 -0.783493
v -1.785126 0.294464 -0.786674
v -1.785126 0.310440 -0.783493
v -1.785126 0.323982 -0.774445
v -1.785126 0.333035 -0.760902
v -1.785126 0.336212 -0.744926
v -1.785126 0.333035 -0.728951
v -1.785126 0.323982 -0.715408
v -1.785126 0.310440 -0.706360
v -1.795364 0.294464 -0.717728
v -1.795364 0.284054 -0.719795
v -1.795364 0.275229 -0.725693
v -1.795364 0.269331 -0.734520
v -1.795364 0.267260 -0.744926
v -1.795364 0.269331 -0.755341
v -1.795364 0.275229 -0.764160
v -1.795364 0.284054 -0.770058
v -1.795364 0.294464 -0.772133
v -1.795364 0.304874 -0.770058
v -1.795364 0.313698 -0.764160
v -1.795364 0.319595 -0.755341
v -1.795364 0.321667 -0.744926
v -1.795364 0.319595 -0.734520
v -1.795364 0.313698 -0.725693
v -1.795364 0.304874 -0.719795
v -1.792542 0.294464 -0.735336
v -1.792542 0.290792 -0.736061
v -1.792542 0.287680 -0.738144
v -1.792542 0.285599 -0.741257
v -1.792542 0.284868 -0.744926
v -1.792542 0.285599 -0.748596
v -1.792542 0.287680 -0.751709
v -1.792542 0.290792 -0.753792
v -1.792542 0.294464 -0.754524
v -1.792542 0.298136 -0.753792
v -1.792542 0.301249 -0.751709
v -1.792542 0.303328 -0.748596
v -1.792542 0.304058 -0.744926
v -1.792542 0.303328 -0.741257
v -1.792542 0.301249 -0.738144
v -1.792542 0.298136 -0.736061
v -1.784119 0.294464 -0.626785
v -1.701645 0.294464 -0.598873
v -1.784119 0.289169 -0.627838
v -1.701645 0.278488 -0.602051
v -1.784119 0.284683 -0.630836
v -1.701645 0.264944 -0.611099
v -1.784119 0.281683 -0.635326
v -1.701645 0.255894 -0.624645
v -1.784119 0.280630 -0.640621
v -1.701645 0.252716 -0.640621
v -1.784119 0.281683 -0.645912
v -1.701645 0.255894 -0.656593
v -1.784119 0.284683 -0.650398
v -1.701645 0.264944 -0.670135
v -1.784119 0.289169 -0.653397
v -1.701645 0.278488 -0.679192
v -1.784119 0.294464 -0.654449
v -1.701645 0.294464 -0.682365
v -1.784119 0.299757 -0.653397
v -1.701645 0.310440 -0.679192
v -1.784119 0.304245 -0.650398
v -1.701645 0.323982 -0.670135
v -1.784119 0.307243 -0.645912
v -1.701645 0.333035 -0.656593
v -1.784119 0.308296 -0.640621
v -1.701645 0.336212 -0.640621
v -1.784119 0.307243 -0.635326
v -1.701645 0.333035 -0.624645
v -1.784119 0.304245 -0.630836
v -1.701645 0.323982 -0.611099
v -1.784119 0.299757 -0.627838
v -1.701645 0.310440 -0.602051
v -1.785126 0.294464 -0.598873
v -1.785126 0.278488 -0.602051
v -1.785126 0.264944 -0.611099
v -1.785126 0.255894 -0.624645
v -1.785126 0.252716 -0.640621
v -1.785126 0.255894 -0.656593
v -1.785126 0.264944 -0.670135
v -1.785126 0.278488 -0.679192
v -1.785126 0.294464 -0.682365
v -1.785126 0.310440 -0.679192
v -1.785126 0.323982 -0.670135
v -1.785126 0.333035 -0.656593
v -1.785126 0.336212 -0.640621
v -1.785126 0.333035 -0.624645
v -1.785126 0.323982 -0.611099
v -1.785126 0.310440 -0.602051
v -1.795364 0.294464 -0.613415
v -1.795364 0.284054 -0.615486
v -1.795364 0.275229 -0.621384
v -1.795364 0.269331 -0.630211
v -1.795364 0.267260 -0.640621
v -1.795364 0.269331 -0.651031
v -1.795364 0.275229 -0.659851
v -1.795364 0.284054 -0.665749
v -1.795364 0.294464 -0.667824
v -1.795364 0.304874 -0.665749
v -1.795364 0.313698 -0.659851
v -1.795364 0.319595 -0.651031
v -1.795364 0.321667 -0.640621
v -1.795364 0.319595 -0.630211
v -1.795364 0.313698 -0.621384
v -1.795364 0.304874 -0.615486
v -1.792542 0.294464 -0.631023
v -1.792542 0.290792 -0.631756
v -1.792542 0.287680 -0.633835
v -1.792542 0.285599 -0.636948
v -1.792542 0.284868 -0.640621
v -1.792542 0.285599 -0.644291
v -1.792542 0.287680 -0.647408
v -1.792542 0.290792 -0.649483
v -1.792542 0.294464 -0.650215
v -1.792542 0.298136 -0.649483
v -1.792542 0.301249 -0.647408
v -1.792542 0.303328 -0.644291
v -1.792542 0.304058 -0.640621
v -1.792542 0.303328 -0.636948
v -1.792542 0.301249 -0.633835
v -1.792542 0.298136 -0.631756
v -0.491760 0.755684 -0.919876
v -0.491760 0.837189 -0.919876
v -0.487038 0.772881 -0.859436
v -0.491760 0.826103 -0.859436
v -0.467266 0.769684 -0.919937
v -0.467266 0.823143 -0.919945
v -0.474476 0.772881 -0.859436
v -0.467266 0.814583 -0.873260
v -0.491760 0.765671 -0.984047
v -0.491760 0.826103 -0.984047
v -0.467266 0.814461 -0.970222
v -0.467266 0.777504 -0.970222
v -0.504936 0.795883 -0.919876
v -0.493927 0.788673 -0.859436
v -0.474476 0.788673 -0.859436
v -0.467266 0.795883 -0.919876
v -0.504940 0.795883 -0.984047
v -0.467266 0.795883 -0.970222
v -0.504936 0.795883 -0.859436
v -0.491760 0.765671 -0.859436
v -0.467266 0.777397 -0.873260
v -0.467266 0.795883 -0.873260
v -0.493927 0.764320 -0.806839
v -0.487038 0.748520 -0.806839
v -0.474476 0.748520 -0.806839
v -0.474476 0.764320 -0.806839
v -0.467266 0.795883 -0.859436
v -0.467266 0.765671 -0.859436
v -0.467266 0.755684 -0.919876
v -0.467266 0.826103 -0.859436
v -0.467266 0.837189 -0.919876
v -0.467266 0.795883 -0.984047
v -0.467266 0.765671 -0.984047
v -0.467266 0.826103 -0.984047
v 1.879196 0.673744 -0.172424
v 1.879196 0.612408 -0.173285
v 1.879196 0.686478 -0.184984
v 1.879196 0.599670 -0.186199
v 1.879196 0.673744 -0.000000
v 1.879196 0.612408 -0.000000
v 1.868042 0.673744 -0.000000
v 1.868042 0.612408 -0.000000
v 1.868042 0.673744 -0.172424
v 1.868042 0.612408 -0.173285
v 1.308716 0.643097 -0.846695
v 1.517273 0.287401 -0.846695
v 1.408859 0.561897 -0.846695
v 1.524673 0.219166 -0.796150
v 0.714233 0.366508 -0.846695
v 0.941582 0.653831 -0.846695
v 0.699829 0.210676 -0.790764
v 1.524155 0.239397 -0.844612
v 0.790855 0.538967 -0.846695
v 1.495392 0.386944 -0.846695
v 0.701950 0.232330 -0.845505
v 0.706398 0.284611 -0.846695
v -1.734940 0.224363 -0.821716
v -0.932907 0.284489 -0.846695
v -1.503845 0.653877 -0.846695
v -0.939789 0.366508 -0.846695
v -0.927803 0.232504 -0.846695
v -1.189163 0.654854 -0.846695
v -1.733185 0.257235 -0.846695
v -0.932655 0.210754 -0.790932
v -1.739700 0.210794 -0.788780
v -1.656815 0.549812 -0.846695
v -1.016792 0.556091 -0.846695
v -1.734634 0.366508 -0.846695
v 1.238922 0.280813 -0.431320
v -1.821503 0.745338 -0.786354
v 1.906479 0.617481 -0.297356
v 1.906128 0.617481 -0.787758
v 1.113358 0.210705 -0.000000
v -1.344009 0.210381 0.000000
v 1.113029 0.626282 0.355846
v 1.246811 0.599670 0.355846
v 1.360229 0.523888 0.356869
v 1.436020 0.366508 0.356869
v 0.763428 0.210381 0.356873
v 0.790039 0.366508 0.356869
v 0.865822 0.523888 0.356869
v 0.979240 0.599670 0.356869
v 1.463287 0.211027 0.355789
v -1.344009 0.626282 0.356873
v -1.210220 0.599670 0.356873
v -1.096802 0.523888 0.356873
v -1.021019 0.366508 0.356873
v -0.994400 0.210381 0.356873
v -1.693604 0.210381 0.356873
v -1.666992 0.366508 0.356873
v -1.591217 0.523888 0.356873
v -1.477798 0.599670 0.356873
v -1.344009 0.626282 -0.356869
v -1.210220 0.599670 -0.356869
v -1.096802 0.523888 -0.356869
v -1.021019 0.366508 -0.356869
v -0.994400 0.210381 -0.356869
v -1.693604 0.210381 -0.356869
v -1.666992 0.366508 -0.356869
v -1.591217 0.523888 -0.356869
v -1.477798 0.599670 -0.356869
v 1.113029 0.626282 -0.355846
v 1.246811 0.599670 -0.355846
v 1.360229 0.523888 -0.356873
v 1.436020 0.366508 -0.356873
v 0.763428 0.210381 -0.356873
v 0.790039 0.366508 -0.356873
v 0.865822 0.523888 -0.356873
v 0.979240 0.599670 -0.356873
v 1.463287 0.211027 -0.355789
v 1.117310 0.576077 -0.518322
v 1.334549 0.294626 -0.840958
v 0.916618 0.211496 -0.840958
v 1.318008 0.377758 -0.840958
v 0.963707 0.141021 -0.840958
v 1.270920 0.448235 -0.840958
v 1.034180 0.093931 -0.840958
v 1.200439 0.495323 -0.840958
v 1.117310 0.511860 -0.840958
v 1.117310 0.077394 -0.840958
v 1.034180 0.495323 -0.840958
v 1.200439 0.093931 -0.840958
v 0.963707 0.448235 -0.840958
v 1.270920 0.141021 -0.840958
v 1.318008 0.211496 -0.840958
v 0.916618 0.377758 -0.840958
v 0.900078 0.294626 -0.840958
v 1.000420 0.576832 -0.842735
v 1.008774 0.556664 -0.864143
v 0.901321 0.510616 -0.842735
v 0.916756 0.495182 -0.864143
v 0.835106 0.411518 -0.842735
v 0.855278 0.403168 -0.864143
v 0.811859 0.294626 -0.842735
v 0.833687 0.294626 -0.864143
v 0.835106 0.177734 -0.842735
v 0.855278 0.186089 -0.864143
v 0.901321 0.078638 -0.842735
v 0.916756 0.094073 -0.864143
v 1.000420 0.012424 -0.842735
v 1.008774 0.032590 -0.864143
v 1.117310 -0.010828 -0.842735
v 1.117310 0.011001 -0.864143
v 1.234207 0.012424 -0.842735
v 1.225845 0.032590 -0.864143
v 1.333298 0.078638 -0.842735
v 1.317871 0.094073 -0.864143
v 1.399521 0.177734 -0.842735
v 1.379349 0.186089 -0.864143
v 1.422760 0.294626 -0.842735
v 1.400940 0.294626 -0.864143
v 1.399521 0.411518 -0.842735
v 1.379349 0.403168 -0.864143
v 1.333298 0.510616 -0.842735
v 1.317871 0.495182 -0.864143
v 1.117310 0.578255 -0.864143
v 1.117310 0.600082 -0.842735
v 1.234207 0.576832 -0.842735
v 1.225845 0.556664 -0.864143
v 1.103699 0.327488 -0.833572
v 1.092163 0.319778 -0.833572
v 1.084450 0.308239 -0.833572
v 1.081741 0.294626 -0.833572
v 1.084450 0.281015 -0.833572
v 1.092163 0.269476 -0.833572
v 1.103699 0.261765 -0.833572
v 1.117310 0.259058 -0.833572
v 1.130928 0.261765 -0.833572
v 1.142464 0.269476 -0.833572
v 1.150177 0.281015 -0.833572
v 1.152885 0.294626 -0.833572
v 1.150177 0.308239 -0.833572
v 1.142464 0.319778 -0.833572
v 1.130928 0.327488 -0.833572
v 1.117310 0.330196 -0.833572
v 1.092682 0.354095 -0.820236
v 1.071800 0.340141 -0.820236
v 1.057846 0.319260 -0.820236
v 1.052948 0.294626 -0.820236
v 1.057846 0.269995 -0.820236
v 1.071800 0.249113 -0.820236
v 1.092682 0.235159 -0.820236
v 1.117310 0.230259 -0.820236
v 1.141945 0.235159 -0.820236
v 1.162827 0.249113 -0.820236
v 1.176781 0.269995 -0.820236
v 1.181686 0.294626 -0.820236
v 1.176781 0.319260 -0.820236
v 1.162827 0.340141 -0.820236
v 1.141945 0.354095 -0.820236
v 1.117310 0.358994 -0.820236
v 1.079529 0.385838 -0.826103
v 1.047501 0.364437 -0.826103
v 1.026100 0.332409 -0.826103
v 1.018585 0.294626 -0.826103
v 1.026100 0.256847 -0.826103
v 1.047501 0.224817 -0.826103
v 1.079529 0.203417 -0.826103
v 1.117310 0.195902 -0.826103
v 1.155090 0.203417 -0.826103
v 1.187119 0.224817 -0.826103
v 1.208527 0.256847 -0.826103
v 1.216034 0.294626 -0.826103
v 1.208527 0.332409 -0.826103
v 1.187119 0.364437 -0.826103
v 1.155090 0.385838 -0.826103
v 1.117310 0.393353 -0.826103
v 1.057869 0.438133 -0.785263
v 1.007477 0.404461 -0.785263
v 0.973808 0.354069 -0.785263
v 0.961983 0.294626 -0.785263
v 0.973808 0.235186 -0.785263
v 1.007477 0.184793 -0.785263
v 1.057869 0.151123 -0.785263
v 1.117310 0.139298 -0.785263
v 1.176758 0.151123 -0.785263
v 1.227142 0.184793 -0.785263
v 1.260818 0.235186 -0.785263
v 1.272644 0.294626 -0.785263
v 1.260818 0.354069 -0.785263
v 1.227142 0.404461 -0.785263
v 1.176758 0.438133 -0.785263
v 1.117310 0.449955 -0.785263
v 1.031494 0.501812 -0.864143
v 1.000420 0.576832 -0.558659
v 0.958740 0.453201 -0.864143
v 0.901321 0.510616 -0.558659
v 0.910126 0.380447 -0.864143
v 0.835106 0.411518 -0.558659
v 0.893059 0.294626 -0.864143
v 0.811859 0.294626 -0.558659
v 0.910126 0.208807 -0.864143
v 0.835106 0.177734 -0.558659
v 0.958740 0.136054 -0.864143
v 0.901321 0.078638 -0.558659
v 1.031494 0.087440 -0.864143
v 1.000420 0.012424 -0.558659
v 1.117310 0.070371 -0.864143
v 1.117310 -0.010828 -0.558659
v 1.203125 0.087440 -0.864143
v 1.234207 0.012424 -0.558659
v 1.275879 0.136054 -0.864143
v 1.333298 0.078638 -0.558659
v 1.324493 0.208807 -0.864143
v 1.399521 0.177734 -0.558659
v 1.341568 0.294626 -0.864143
v 1.422760 0.294626 -0.558659
v 1.324493 0.380447 -0.864143
v 1.399521 0.411518 -0.558659
v 1.275879 0.453201 -0.864143
v 1.333298 0.510616 -0.558659
v 1.203125 0.501812 -0.864143
v 1.234207 0.576832 -0.558659
v 1.117310 0.518883 -0.864143
v 1.225021 0.554653 -0.518322
v 1.117310 0.600082 -0.558659
v 1.316330 0.493641 -0.518322
v 1.377335 0.402332 -0.518322
v 1.398758 0.294626 -0.518322
v 1.377335 0.186920 -0.518322
v 1.316330 0.095612 -0.518322
v 1.225021 0.034601 -0.518322
v 1.117310 0.013177 -0.518322
v 1.009605 0.034601 -0.518322
v 0.918297 0.095612 -0.518322
v 0.857285 0.186920 -0.518322
v 0.835861 0.294626 -0.518322
v 0.857285 0.402332 -0.518322
v 0.918297 0.493641 -0.518322
v 1.009605 0.554653 -0.518322
v 1.117310 0.294626 -0.518322
v -1.340561 0.600082 0.558659
v -1.340561 0.518883 0.864143
v -1.223671 0.576832 0.558659
v -1.254745 0.501812 0.864143
v -1.124573 0.510616 0.558659
v -1.181992 0.453201 0.864143
v -1.058357 0.411518 0.558659
v -1.133377 0.380447 0.864143
v -1.035110 0.294628 0.558659
v -1.116310 0.294628 0.864143
v -1.058357 0.177734 0.558659
v -1.133377 0.208807 0.864143
v -1.124573 0.078638 0.558659
v -1.181992 0.136054 0.864143
v -1.223671 0.012424 0.558659
v -1.254745 0.087441 0.864143
v -1.340561 -0.010828 0.558659
v -1.340561 0.070371 0.864143
v -1.457458 0.012424 0.558659
v -1.426376 0.087441 0.864143
v -1.556549 0.078638 0.558659
v -1.499130 0.136054 0.864143
v -1.622772 0.177734 0.558659
v -1.547745 0.208807 0.864143
v -1.646011 0.294628 0.558659
v -1.564819 0.294626 0.864143
v -1.622772 0.411518 0.558659
v -1.547745 0.380447 0.864143
v -1.556549 0.510616 0.558659
v -1.499130 0.453201 0.864143
v -1.457458 0.576832 0.558659
v -1.426376 0.501812 0.864143
v -1.340561 0.449955 0.785263
v -1.281120 0.438133 0.785263
v -1.230728 0.404461 0.785263
v -1.197060 0.354069 0.785263
v -1.185234 0.294628 0.785263
v -1.197060 0.235186 0.785263
v -1.230728 0.184793 0.785263
v -1.281120 0.151123 0.785263
v -1.340561 0.139298 0.785263
v -1.400002 0.151123 0.785263
v -1.450394 0.184793 0.785263
v -1.484070 0.235186 0.785263
v -1.495895 0.294626 0.785263
v -1.484070 0.354069 0.785263
v -1.450394 0.404461 0.785263
v -1.400002 0.438133 0.785263
v -1.340561 0.393353 0.826103
v -1.302780 0.385838 0.826103
v -1.270752 0.364437 0.826103
v -1.249352 0.332409 0.826103
v -1.241837 0.294628 0.826103
v -1.249352 0.256847 0.826103
v -1.270752 0.224817 0.826103
v -1.302780 0.203417 0.826103
v -1.340561 0.195902 0.826103
v -1.378342 0.203417 0.826103
v -1.410370 0.224817 0.826103
v -1.431778 0.256847 0.826103
v -1.439285 0.294626 0.826103
v -1.431778 0.332409 0.826103
v -1.410370 0.364437 0.826103
v -1.378342 0.385838 0.826103
v -1.340561 0.358994 0.820236
v -1.315933 0.354095 0.820236
v -1.295052 0.340141 0.820236
v -1.281097 0.319260 0.820236
v -1.276199 0.294628 0.820236
v -1.281097 0.269995 0.820236
v -1.295052 0.249113 0.820236
v -1.315933 0.235159 0.820236
v -1.340561 0.230259 0.820236
v -1.365196 0.235159 0.820236
v -1.386078 0.249113 0.820236
v -1.400032 0.269995 0.820236
v -1.404930 0.294626 0.820236
v -1.400032 0.319260 0.820236
v -1.386078 0.340141 0.820236
v -1.365196 0.354095 0.820236
v -1.340561 0.330196 0.833572
v -1.326950 0.327488 0.833572
v -1.315414 0.319778 0.833572
v -1.307701 0.308239 0.833572
v -1.304993 0.294628 0.833572
v -1.307701 0.281015 0.833572
v -1.315414 0.269476 0.833572
v -1.326950 0.261765 0.833572
v -1.340561 0.259058 0.833572
v -1.354172 0.261765 0.833572
v -1.365715 0.269476 0.833572
v -1.373428 0.281015 0.833572
v -1.376137 0.294626 0.833572
v -1.373428 0.308239 0.833572
v -1.365715 0.319778 0.833572
v -1.354172 0.327488 0.833572
v -1.232025 0.556664 0.864143
v -1.223671 0.576832 0.842735
v -1.340561 0.600082 0.842735
v -1.340561 0.578255 0.864143
v -1.140007 0.495182 0.864143
v -1.124573 0.510616 0.842735
v -1.078529 0.403168 0.864143
v -1.058357 0.411518 0.842735
v -1.056938 0.294628 0.864143
v -1.035110 0.294628 0.842735
v -1.078529 0.186089 0.864143
v -1.058357 0.177734 0.842735
v -1.140007 0.094073 0.864143
v -1.124573 0.078638 0.842735
v -1.232025 0.032591 0.864143
v -1.223671 0.012424 0.842735
v -1.340561 0.011001 0.864143
v -1.340561 -0.010828 0.842735
v -1.449097 0.032591 0.864143
v -1.457458 0.012424 0.842735
v -1.541122 0.094073 0.864143
v -1.556549 0.078638 0.842735
v -1.602600 0.186089 0.864143
v -1.622772 0.177734 0.842735
v -1.624191 0.294626 0.864143
v -1.646011 0.294628 0.842735
v -1.602600 0.403168 0.864143
v -1.622772 0.411518 0.842735
v -1.541122 0.495182 0.864143
v -1.556549 0.510616 0.842735
v -1.449097 0.556664 0.864143
v -1.457458 0.576832 0.842735
v -1.557800 0.294626 0.840958
v -1.541260 0.377758 0.840958
v -1.139870 0.211496 0.840958
v -1.186958 0.141021 0.840958
v -1.494171 0.448235 0.840958
v -1.257431 0.093931 0.840958
v -1.423691 0.495323 0.840958
v -1.340561 0.077395 0.840958
v -1.340561 0.511860 0.840958
v -1.257431 0.495323 0.840958
v -1.423691 0.093931 0.840958
v -1.186958 0.448235 0.840958
v -1.494171 0.141021 0.840958
v -1.139870 0.377758 0.840958
v -1.541260 0.211496 0.840958
v -1.123329 0.294628 0.840958
v -1.340561 0.576077 0.518322
v -1.232857 0.554653 0.518322
v -1.141548 0.493641 0.518322
v -1.080536 0.402332 0.518322
v -1.059113 0.294628 0.518322
v -1.080536 0.186920 0.518322
v -1.141548 0.095612 0.518322
v -1.232857 0.034601 0.518322
v -1.340561 0.013177 0.518322
v -1.448273 0.034601 0.518322
v -1.539581 0.095612 0.518322
v -1.600586 0.186920 0.518322
v -1.622009 0.294628 0.518322
v -1.600586 0.402332 0.518322
v -1.539581 0.493641 0.518322
v -1.448273 0.554653 0.518322
v -1.340561 0.294628 0.518322
v 1.117310 0.576077 0.518322
v 1.334549 0.294628 0.840958
v 0.916618 0.211496 0.840958
v 1.318008 0.377758 0.840958
v 0.963707 0.141021 0.840958
v 1.270920 0.448235 0.840958
v 1.034180 0.093931 0.840958
v 1.200439 0.495323 0.840958
v 1.117310 0.511860 0.840958
v 1.117310 0.077395 0.840958
v 1.034180 0.495323 0.840958
v 1.200439 0.093931 0.840958
v 0.963707 0.448235 0.840958
v 1.270920 0.141021 0.840958
v 1.318008 0.211496 0.840958
v 0.916618 0.377758 0.840958
v 0.900078 0.294626 0.840958
v 1.000420 0.576832 0.842735
v 1.008774 0.556664 0.864143
v 0.901321 0.510616 0.842735
v 0.916756 0.495182 0.864143
v 0.835114 0.411518 0.842735
v 0.855278 0.403168 0.864143
v 0.811859 0.294628 0.842735
v 0.833687 0.294626 0.864143
v 0.835114 0.177734 0.842735
v 0.855278 0.186089 0.864143
v 0.901321 0.078638 0.842735
v 0.916756 0.094073 0.864143
v 1.000420 0.012424 0.842735
v 1.008774 0.032591 0.864143
v 1.117310 -0.010828 0.842735
v 1.117310 0.011001 0.864143
v 1.234207 0.012424 0.842735
v 1.225845 0.032591 0.864143
v 1.333298 0.078638 0.842735
v 1.317871 0.094073 0.864143
v 1.399521 0.177734 0.842735
v 1.379349 0.186089 0.864143
v 1.422775 0.294628 0.842735
v 1.400940 0.294628 0.864143
v 1.399521 0.411518 0.842735
v 1.379349 0.403168 0.864143
v 1.333298 0.510616 0.842735
v 1.317871 0.495182 0.864143
v 1.117310 0.578255 0.864143
v 1.117310 0.600082 0.842735
v 1.234207 0.576832 0.842735
v 1.225845 0.556664 0.864143
v 1.103699 0.327488 0.833572
v 1.092163 0.319778 0.833572
v 1.084450 0.308239 0.833572
v 1.081741 0.294626 0.833572
v 1.084450 0.281015 0.833572
v 1.092163 0.269476 0.833572
v 1.103699 0.261765 0.833572
v 1.117310 0.259058 0.833572
v 1.130928 0.261765 0.833572
v 1.142464 0.269476 0.833572
v 1.150177 0.281015 0.833572
v 1.152885 0.294628 0.833572
v 1.150177 0.308239 0.833572
v 1.142464 0.319778 0.833572
v 1.130928 0.327488 0.833572
v 1.117310 0.330196 0.833572
v 1.092682 0.354095 0.820236
v 1.071800 0.340141 0.820236
v 1.057846 0.319260 0.820236
v 1.052948 0.294626 0.820236
v 1.057846 0.269995 0.820236
v 1.071800 0.249113 0.820236
v 1.092682 0.235159 0.820236
v 1.117310 0.230259 0.820236
v 1.141945 0.235159 0.820236
v 1.162827 0.249113 0.820236
v 1.176781 0.269995 0.820236
v 1.181686 0.294628 0.820236
v 1.176781 0.319260 0.820236
v 1.162827 0.340141 0.820236
v 1.141945 0.354095 0.820236
v 1.117310 0.358994 0.820236
v 1.079536 0.385838 0.826103
v 1.047501 0.364437 0.826103
v 1.026100 0.332409 0.826103
v 1.018585 0.294626 0.826103
v 1.026100 0.256847 0.826103
v 1.047501 0.224817 0.826103
v 1.079536 0.203417 0.826103
v 1.117310 0.195902 0.826103
v 1.155090 0.203417 0.826103
v 1.187119 0.224817 0.826103
v 1.208527 0.256847 0.826103
v 1.216034 0.294628 0.826103
v 1.208527 0.332409 0.826103
v 1.187119 0.364437 0.826103
v 1.155090 0.385838 0.826103
v 1.117310 0.393353 0.826103
v 1.057869 0.438133 0.785263
v 1.007477 0.404461 0.785263
v 0.973808 0.354069 0.785263
v 0.961983 0.294626 0.785263
v 0.973808 0.235186 0.785263
v 1.007477 0.184793 0.785263
v 1.057869 0.151123 0.785263
v 1.117310 0.139298 0.785263
v 1.176758 0.151123 0.785263
v 1.227142 0.184793 0.785263
v 1.260818 0.235186 0.785263
v 1.272644 0.294628 0.785263
v 1.260818 0.354069 0.785263
v 1.227142 0.404461 0.785263
v 1.176758 0.438133 0.785263
v 1.117310 0.449955 0.785263
v 1.031494 0.501812 0.864143
v 1.000420 0.576832 0.558659
v 0.958740 0.453201 0.864143
v 0.901321 0.510616 0.558659
v 0.910126 0.380447 0.864143
v 0.835114 0.411518 0.558659
v 0.893059 0.294626 0.864143
v 0.811859 0.294628 0.558659
v 0.910126 0.208807 0.864143
v 0.835106 0.177734 0.558659
v 0.958740 0.136054 0.864143
v 0.901321 0.078638 0.558659
v 1.031494 0.087441 0.864143
v 1.000420 0.012424 0.558659
v 1.117310 0.070371 0.864143
v 1.117310 -0.010828 0.558659
v 1.203125 0.087441 0.864143
v 1.234207 0.012424 0.558659
v 1.275879 0.136054 0.864143
v 1.333298 0.078638 0.558659
v 1.324493 0.208807 0.864143
v 1.399521 0.177734 0.558659
v 1.341568 0.294628 0.864143
v 1.422775 0.294628 0.558659
v 1.324493 0.380447 0.864143
v 1.399521 0.411518 0.558659
v 1.275879 0.453201 0.864143
v 1.333298 0.510616 0.558659
v 1.203125 0.501812 0.864143
v 1.234207 0.576832 0.558659
v 1.117310 0.518883 0.864143
v 1.225021 0.554653 0.518322
v 1.117310 0.600082 0.558659
v 1.316330 0.493641 0.518322
v 1.377335 0.402332 0.518322
v 1.398758 0.294628 0.518322
v 1.377335 0.186920 0.518322
v 1.316330 0.095612 0.518322
v 1.225021 0.034601 0.518322
v 1.117310 0.013177 0.518322
v 1.009605 0.034601 0.518322
v 0.918297 0.095612 0.518322
v 0.857285 0.186920 0.518322
v 0.835861 0.294628 0.518322
v 0.857285 0.402332 0.518322
v 0.918297 0.493641 0.518322
v 1.009605 0.554653 0.518322
v 1.117310 0.294628 0.518322
vt 0.077352 0.117439
vt 0.077992 0.121000
vt 0.027738 0.152766
vt 0.072035 0.122810
vt 0.071041 0.150951
vt 0.075680 0.147785
vt 0.078779 0.144570
vt 0.026575 0.150028
vt 0.936570 0.286650
vt 0.077880 0.122666
vt 0.936953 0.294239
vt 0.074141 0.139758
vt 0.937652 0.291754
vt 0.078795 0.118185
vt 0.028685 0.150828
vt 0.028479 0.149750
vt 0.027827 0.149770
vt 0.027502 0.151466
vt 0.026841 0.150648
vt 0.072108 0.116531
vt 0.043694 0.149202
vt 0.081360 0.128943
vt 0.935700 0.287710
vt 0.930595 0.286649
vt 0.934773 0.285392
vt 0.934177 0.284168
vt 0.933988 0.285054
vt 0.027053 0.150117
vt 0.937641 0.293002
vt 0.937363 0.295235
vt 0.937713 0.290696
vt 0.936939 0.292987
vt 0.026888 0.148336
vt 0.026558 0.149354
vt 0.071123 0.121358
vt 0.075897 0.149366
vt 0.029124 0.151806
vt 0.936992 0.290696
vt 0.085891 0.127375
vt 0.048536 0.149213
vt 0.048488 0.147873
vt 0.047937 0.147630
vt 0.044027 0.150789
vt 0.043958 0.147630
vt 0.075591 0.152650
vt 0.067335 0.148328
vt 0.936116 0.289021
vt 0.085919 0.132205
vt 0.085893 0.133656
vt 0.081935 0.132205
vt 0.073623 0.115889
vt 0.081909 0.133656
vt 0.071596 0.150961
vt 0.028523 0.152429
vt 0.074140 0.147785
vt 0.071630 0.146045
vt 0.076340 0.116720
vt 0.081934 0.128806
vt 0.067380 0.153167
vt 0.075588 0.149253
vt 0.027149 0.149630
vt 0.027502 0.149630
vt 0.933138 0.285054
vt 0.931427 0.286828
vt 0.935374 0.286015
vt 0.026824 0.149770
vt 0.026575 0.151068
vt 0.075900 0.152521
vt 0.938020 0.294226
vt 0.937332 0.294211
vt 0.937652 0.294250
vt 0.885932 0.321613
vt 0.885608 0.321685
vt 0.885590 0.322716
vt 0.885608 0.326151
vt 0.078246 0.119756
vt 0.070816 0.119655
vt 0.072719 0.140369
vt 0.885590 0.325134
vt 0.885583 0.323928
vt 0.075139 0.116457
vt 0.027745 0.150835
vt 0.937332 0.291793
vt 0.885912 0.325174
vt 0.077102 0.140369
vt 0.937363 0.290768
vt 0.027057 0.149140
vt 0.027827 0.151326
vt 0.048552 0.150784
vt 0.048484 0.153659
vt 0.931890 0.284639
vt 0.073862 0.122712
vt 0.931752 0.286014
vt 0.936570 0.287882
vt 0.932353 0.289147
vt 0.025502 0.151805
vt 0.028076 0.151068
vt 0.027607 0.150977
vt 0.937685 0.295307
vt 0.938040 0.290766
vt 0.062778 0.154362
vt 0.026824 0.151326
vt 0.076668 0.115927
vt 0.043691 0.152358
vt 0.076788 0.115627
vt 0.937320 0.295235
vt 0.081361 0.132075
vt 0.081335 0.127625
vt 0.075680 0.139758
vt 0.077948 0.116837
vt 0.067395 0.151467
vt 0.063355 0.148328
vt 0.062819 0.153034
vt 0.026915 0.150835
vt 0.071041 0.142973
vt 0.027819 0.150446
vt 0.076269 0.122743
vt 0.075053 0.123839
vt 0.071608 0.152650
vt 0.044007 0.152483
vt 0.071632 0.147785
vt 0.935374 0.288524
vt 0.063399 0.149768
vt 0.047986 0.152483
vt 0.048006 0.150789
vt 0.075620 0.154064
vt 0.047932 0.153910
vt 0.028211 0.150731
vt 0.078167 0.116607
vt 0.071049 0.149377
vt 0.043953 0.153910
vt 0.931050 0.289020
vt 0.931752 0.288524
vt 0.931427 0.287710
vt 0.936116 0.285511
vt 0.935275 0.284639
vt 0.028097 0.149354
vt 0.025502 0.149296
vt 0.029450 0.150110
vt 0.027607 0.150117
vt 0.937320 0.290769
vt 0.078758 0.121340
vt 0.079079 0.119766
vt 0.026176 0.149750
vt 0.074910 0.143772
vt 0.072718 0.147174
vt 0.027819 0.150648
vt 0.027057 0.151956
vt 0.935275 0.289892
vt 0.071955 0.119677
vt 0.071407 0.121248
vt 0.072180 0.120927
vt 0.072253 0.122596
vt 0.072849 0.121993
vt 0.073534 0.123506
vt 0.075063 0.122976
vt 0.076579 0.123544
vt 0.081369 0.130506
vt 0.048533 0.152345
vt 0.934773 0.289147
vt 0.931050 0.285510
vt 0.932988 0.290363
vt 0.933138 0.289484
vt 0.934177 0.290363
vt 0.028097 0.151741
vt 0.026103 0.148673
vt 0.028076 0.150028
vt 0.937283 0.294201
vt 0.885906 0.323929
vt 0.937685 0.290696
vt 0.936992 0.295307
vt 0.081337 0.133412
vt 0.062819 0.149902
vt 0.071041 0.144570
vt 0.028523 0.148673
vt 0.025970 0.150268
vt 0.027427 0.151055
vt 0.027745 0.150260
vt 0.937692 0.294268
vt 0.078190 0.141498
vt 0.028479 0.151345
vt 0.025177 0.150110
vt 0.026841 0.150446
vt 0.071162 0.117960
vt 0.043710 0.150784
vt 0.078094 0.122886
vt 0.071630 0.141498
vt 0.932353 0.285391
vt 0.932988 0.284168
vt 0.063415 0.151467
vt 0.935700 0.286829
vt 0.930595 0.287881
vt 0.027053 0.150977
vt 0.073509 0.115586
vt 0.937685 0.293027
vt 0.938020 0.291810
vt 0.937692 0.291773
vt 0.936953 0.291743
vt 0.027738 0.148336
vt 0.026176 0.151345
vt 0.079040 0.121457
vt 0.079079 0.118059
vt 0.937713 0.295305
vt 0.075149 0.115594
vt 0.025970 0.150828
vt 0.027427 0.150040
vt 0.026915 0.150260
vt 0.071051 0.152508
vt 0.071078 0.153810
vt 0.937320 0.293002
vt 0.077298 0.122049
vt 0.027149 0.151466
vt 0.075153 0.115269
vt 0.885932 0.326224
vt 0.062834 0.151468
vt 0.071074 0.148025
vt 0.937283 0.291783
vt 0.938013 0.293025
vt 0.885912 0.322678
vt 0.931890 0.289892
vt 0.933988 0.289484
vt 0.029450 0.150991
vt 0.026440 0.150731
vt 0.026440 0.150365
vt 0.071605 0.149253
vt 0.075580 0.150961
vt 0.067380 0.149768
vt 0.063399 0.153167
vt 0.044010 0.149084
vt 0.075615 0.147785
vt 0.026888 0.152766
vt 0.026558 0.151741
vt 0.026103 0.152428
vt 0.071637 0.154064
vt 0.071122 0.119666
vt 0.027233 0.150040
vt 0.027233 0.151054
vt 0.075889 0.150952
vt 0.062778 0.148575
vt 0.078779 0.142973
vt 0.073932 0.116690
vt 0.072321 0.116766
vt 0.072903 0.117384
vt 0.071443 0.118093
vt 0.072209 0.118433
vt 0.081944 0.130502
vt 0.085927 0.130502
vt 0.085918 0.128806
vt 0.063355 0.154609
vt 0.081908 0.127375
vt 0.029124 0.149296
vt 0.937270 0.292989
vt 0.938040 0.295231
vt 0.077102 0.147174
vt 0.078021 0.118505
vt 0.067335 0.154609
vt 0.028685 0.150268
vt 0.028211 0.150366
vt 0.027598 0.149140
vt 0.027598 0.151956
vt 0.025177 0.150991
vt 0.073413 0.123789
vt 0.076693 0.123831
vt 0.078190 0.146045
vt 0.047989 0.149084
vn 0.382683 0.923880 -0.000001
vn 0.707107 0.707107 -0.000001
vn 0.382683 0.923880 -0.000001
vn 0.707107 0.707107 -0.000001
vn 0.000000 0.000000 -1.000000
vn 0.000000 0.000000 -1.000000
vn -0.000000 -0.000000 -1.000000
vn -0.000000 -0.000000 -1.000000
vn -0.000000 -0.000000 -1.000000
vn -0.000000 -0.000000 -1.000000
vn -0.000001 -0.000000 -1.000000
vn -0.000001 -0.000000 -1.000000
vn -0.000001 -0.000000 -1.000000
vn -0.000001 -0.000000 -1.000000
vn -0.000001 -0.000000 -1.000000
vn -0.000001 -0.000000 -1.000000
vn -0.000001 -0.000000 -1.000000
vn -0.000001 -0.000000 -1.000000
vn -0.000001 0.000000 -1.000000
vn -0.000001 0.000000 -1.000000
vn -0.000001 0.000000 -1.000000
vn -0.000001 0.000000 -1.000000
vn -0.000000 0.000000 -1.000000
vn -0.000000 0.000000 -1.000000
vn -0.000000 0.000000 -1.000000
vn -0.000000 0.000000 -1.000000
vn 0.000000 0.000000 -1.000000
vn 0.000000 0.000000 -1.000000
vn 0.000000 0.000000 -1.000000
vn 0.000000 0.000000 -1.000000
vn 0.000000 0.000000 -1.000000
vn 0.000000 0.000000 -1.000000
vn 0.000000 0.000000 -1.000000
vn 0.000000 0.000000 -1.000000
vn 0.000000 0.000000 -1.000000
vn 0.000000 0.000000 -1.000000
vn 0.000000 0.000000 -1.000000
vn 0.000000 0.000000 -1.000000
vn -0.000000 0.000000 -1.000000
vn -0.000000 0.000000 -1.000000
vn -0.000000 0.000000 -1.000000
vn -0.000000 0.000000 -1.000000
vn 0.000000 0.000000 -1.000000
vn 0.000000 0.000000 -1.000000
vn 0.000000 0.000000 -1.000000
vn 0.000000 0.000000 -1.000000
vn -0.000000 0.000000 -1.000000
vn -0.000000 0.000000 -1.000000
vn -0.000000 0.000000 -1.000000
vn -0.000000 0.000000 -1.000000
vn -0.000001 0.000000 -1.000000
vn -0.000001 0.000000 -1.000000
vn -0.000001 0.000000 -1.000000
vn -0.000001 0.000000 -1.000000
vn -0.000001 0.000000 -1.000000
vn -0.000001 0.000000 -1.000000
vn 0.617914 -0.255950 -0.743419
vn 0.617914 -0.255950 -0.743419
vn 0.668826 -0.000001 -0.743419
vn 0.668826 -0.000001 -0.743419
vn -0.000001 0.000000 -1.000000
vn -0.000001 0.000000 -1.000000
vn -0.000000 -0.000000 -1.000000
vn -0.000000 -0.000000 -1.000000
vn -0.000000 -0.000000 -1.000000
vn -0.000000 -0.000000 -1.000000
vn -0.000000 -0.000000 -1.000000
vn 0.000000 -0.000000 -1.000000
vn -0.328856 -0.793928 0.511402
vn -0.328856 -0.793928 0.511402
vn -0.607646 -0.607647 0.511402
vn -0.607646 -0.607647 0.511402
vn 0.000000 1.000000 -0.000001
vn 0.382683 0.923880 -0.000001
vn 0.000000 1.000000 -0.000001
vn 0.382683 0.923880 -0.000001
vn -0.382683 0.923880 -0.000000
vn 0.000000 1.000000 -0.000001
vn -0.382684 0.923880 -0.000000
vn 0.000000 1.000000 -0.000001
vn 0.923880 0.382684 -0.000000
vn 1.000000 0.000000 -0.000000
vn 0.923880 0.382683 -0.000000
vn 1.000000 0.000000 -0.000000
vn 1.000000 0.000000 -0.000000
vn 0.923880 -0.382683 -0.000000
vn 1.000000 0.000000 -0.000000
vn 0.923880 -0.382683 -0.000000
vn 0.923880 -0.382683 -0.000000
vn 0.707107 -0.707107 0.000000
vn 0.923880 -0.382683 -0.000000
vn 0.707107 -0.707107 0.000000
vn 0.707107 -0.707107 0.000000
vn 0.382683 -0.923880 0.000000
vn 0.707107 -0.707107 0.000000
vn 0.382684 -0.923880 0.000000
vn 0.382683 -0.923880 0.000000
vn 0.000000 -1.000000 0.000000
vn 0.382684 -0.923880 0.000000
vn 0.000000 -1.000000 0.000000
vn 0.000000 -1.000000 0.000000
vn -0.382683 -0.923880 0.000000
vn 0.000000 -1.000000 0.000000
vn -0.382683 -0.923880 0.000000
vn -0.382683 -0.923880 0.000000
vn -0.707106 -0.707107 0.000000
vn -0.382683 -0.923880 0.000000
vn -0.707106 -0.707107 0.000000
vn -0.707106 -0.707107 0.000000
vn -0.923880 -0.382683 0.000000
vn -0.707106 -0.707107 0.000000
vn -0.923880 -0.382683 0.000000
vn -0.923880 -0.382683 0.000000
vn -1.000000 0.000001 0.000000
vn -0.923880 -0.382683 0.000000
vn -1.000000 0.000001 0.000000
vn -1.000000 0.000001 0.000000
vn -0.923879 0.382684 -0.000000
vn -1.000000 0.000001 0.000000
vn -0.923879 0.382684 -0.000000
vn -0.923879 0.382684 -0.000000
vn -0.707107 0.707106 -0.000000
vn -0.923879 0.382684 -0.000000
vn -0.707107 0.707106 -0.000000
vn -0.707107 0.707106 -0.000000
vn -0.382683 0.923880 -0.000000
vn -0.707107 0.707106 -0.000000
vn -0.382684 0.923880 -0.000000
vn 0.707107 0.707107 -0.000001
vn 0.923880 0.382684 -0.000000
vn 0.707107 0.707107 -0.000001
vn 0.923880 0.382683 -0.000000
vn 0.540526 0.223894 -0.810989
vn 0.540526 0.223894 -0.810989
vn 0.413701 0.413702 -0.810988
vn 0.413701 0.413702 -0.810988
vn -0.472931 0.472931 -0.743419
vn -0.472931 0.472931 -0.743419
vn -0.617915 0.255948 -0.743419
vn -0.617915 0.255949 -0.743419
vn 0.472931 -0.472931 -0.743419
vn 0.472931 -0.472931 -0.743419
vn 0.617914 -0.255950 -0.743419
vn 0.617914 -0.255950 -0.743419
vn -0.255949 0.617914 -0.743419
vn -0.255949 0.617914 -0.743419
vn -0.472931 0.472931 -0.743419
vn -0.472931 0.472931 -0.743419
vn 0.255948 -0.617915 -0.743419
vn 0.255949 -0.617915 -0.743419
vn 0.472931 -0.472931 -0.743419
vn 0.472931 -0.472931 -0.743419
vn 0.000000 0.668826 -0.743419
vn 0.000000 0.668826 -0.743419
vn -0.255949 0.617914 -0.743419
vn -0.255949 0.617914 -0.743419
vn -0.255949 -0.617915 -0.743419
vn -0.255949 -0.617915 -0.743419
vn 0.000000 -0.668826 -0.743419
vn 0.000000 -0.668826 -0.743419
vn 0.000000 -0.668826 -0.743419
vn 0.000000 -0.668826 -0.743419
vn 0.255948 -0.617915 -0.743419
vn 0.255949 -0.617915 -0.743419
vn 0.255949 0.617915 -0.743418
vn 0.255949 0.617915 -0.743418
vn 0.000000 0.668826 -0.743419
vn 0.000000 0.668826 -0.743419
vn -0.472932 -0.472931 -0.743419
vn -0.472932 -0.472931 -0.743419
vn -0.255949 -0.617915 -0.743419
vn -0.255949 -0.617915 -0.743419
vn 0.472932 0.472933 -0.743418
vn 0.472932 0.472933 -0.743418
vn 0.255949 0.617915 -0.743418
vn 0.255949 0.617915 -0.743418
vn -0.617915 -0.255949 -0.743419
vn -0.617915 -0.255949 -0.743419
vn -0.472932 -0.472931 -0.743419
vn -0.472932 -0.472931 -0.743419
vn 0.617915 0.255949 -0.743419
vn 0.617915 0.255949 -0.743419
vn 0.472932 0.472933 -0.743418
vn 0.472932 0.472933 -0.743418
vn -0.668827 -0.000000 -0.743418
vn -0.668827 -0.000000 -0.743419
vn -0.617915 -0.255949 -0.743419
vn -0.617915 -0.255949 -0.743419
vn 0.668826 -0.000001 -0.743419
vn 0.668826 -0.000001 -0.743419
vn 0.617915 0.255949 -0.743419
vn 0.617915 0.255949 -0.743419
vn -0.617915 0.255948 -0.743419
vn -0.617915 0.255949 -0.743419
vn -0.668827 -0.000000 -0.743418
vn -0.668827 -0.000000 -0.743419
vn -0.000000 0.168166 -0.985759
vn -0.000000 0.168166 -0.985759
vn -0.064355 0.155365 -0.985759
vn -0.064355 0.155365 -0.985759
vn -0.540526 -0.223894 -0.810989
vn -0.540526 -0.223894 -0.810989
vn -0.413701 -0.413702 -0.810989
vn -0.413701 -0.413702 -0.810989
vn 0.585062 0.000000 -0.810989
vn 0.585062 0.000000 -0.810989
vn 0.540526 0.223894 -0.810989
vn 0.540526 0.223894 -0.810989
vn -0.585061 0.000000 -0.810989
vn -0.585061 0.000001 -0.810989
vn -0.540526 -0.223894 -0.810989
vn -0.540526 -0.223894 -0.810989
vn 0.540527 -0.223894 -0.810989
vn 0.540527 -0.223894 -0.810989
vn 0.585062 0.000000 -0.810989
vn 0.585062 0.000000 -0.810989
vn -0.540526 0.223895 -0.810988
vn -0.540526 0.223895 -0.810988
vn -0.585061 0.000000 -0.810989
vn -0.585061 0.000001 -0.810989
vn 0.413701 -0.413702 -0.810989
vn 0.413701 -0.413702 -0.810989
vn 0.540527 -0.223894 -0.810989
vn 0.540527 -0.223894 -0.810989
vn -0.413701 0.413702 -0.810988
vn -0.413701 0.413702 -0.810988
vn -0.540526 0.223895 -0.810988
vn -0.540526 0.223895 -0.810988
vn 0.223893 -0.540526 -0.810989
vn 0.223894 -0.540526 -0.810989
vn 0.413701 -0.413702 -0.810989
vn 0.413701 -0.413702 -0.810989
vn -0.223893 0.540527 -0.810988
vn -0.223893 0.540527 -0.810988
vn -0.413701 0.413702 -0.810988
vn -0.413701 0.413702 -0.810988
vn 0.000000 -0.585061 -0.810989
vn 0.000000 -0.585061 -0.810989
vn 0.223893 -0.540526 -0.810989
vn 0.223894 -0.540526 -0.810989
vn 0.223893 0.540526 -0.810989
vn 0.223894 0.540526 -0.810989
vn -0.000000 0.585061 -0.810989
vn -0.000000 0.585061 -0.810989
vn -0.000000 0.585061 -0.810989
vn -0.000000 0.585061 -0.810989
vn -0.223893 0.540527 -0.810988
vn -0.223893 0.540527 -0.810988
vn -0.223893 -0.540527 -0.810989
vn -0.223893 -0.540527 -0.810989
vn 0.000000 -0.585061 -0.810989
vn 0.000000 -0.585061 -0.810989
vn 0.413701 0.413702 -0.810988
vn 0.413701 0.413702 -0.810988
vn 0.223893 0.540526 -0.810989
vn 0.223894 0.540526 -0.810989
vn -0.413701 -0.413702 -0.810989
vn -0.413701 -0.413702 -0.810989
vn -0.223893 -0.540527 -0.810989
vn -0.223893 -0.540527 -0.810989
vn -0.388081 0.160750 -0.907498
vn -0.222087 0.091992 -0.970677
vn -0.420056 -0.000000 -0.907498
vn -0.240387 0.000000 -0.970677
vn -0.064353 -0.155366 -0.985759
vn -0.064353 -0.155366 -0.985759
vn 0.000001 -0.168166 -0.985759
vn 0.000001 -0.168166 -0.985759
vn 0.000001 -0.168166 -0.985759
vn 0.000001 -0.168166 -0.985759
vn 0.064355 -0.155366 -0.985759
vn 0.064355 -0.155366 -0.985759
vn 0.064355 0.155366 -0.985759
vn 0.064355 0.155366 -0.985759
vn -0.000000 0.168166 -0.985759
vn -0.000000 0.168166 -0.985759
vn -0.118911 -0.118912 -0.985759
vn -0.118911 -0.118912 -0.985759
vn -0.064353 -0.155366 -0.985759
vn -0.064353 -0.155366 -0.985759
vn 0.118913 0.118912 -0.985758
vn 0.118913 0.118912 -0.985758
vn 0.064355 0.155366 -0.985759
vn 0.064355 0.155366 -0.985759
vn -0.155366 -0.064354 -0.985758
vn -0.155366 -0.064354 -0.985758
vn -0.118911 -0.118912 -0.985759
vn -0.118911 -0.118912 -0.985759
vn 0.155367 0.064355 -0.985758
vn 0.155367 0.064355 -0.985758
vn 0.118913 0.118912 -0.985758
vn 0.118913 0.118912 -0.985758
vn -0.168167 -0.000000 -0.985759
vn -0.168167 -0.000000 -0.985759
vn -0.155366 -0.064354 -0.985758
vn -0.155366 -0.064354 -0.985758
vn 0.168166 0.000000 -0.985759
vn 0.168166 -0.000000 -0.985759
vn 0.155367 0.064355 -0.985758
vn 0.155367 0.064355 -0.985758
vn -0.155365 0.064354 -0.985759
vn -0.155365 0.064354 -0.985759
vn -0.168167 -0.000000 -0.985759
vn -0.168167 -0.000000 -0.985759
vn 0.155365 -0.064354 -0.985759
vn 0.155365 -0.064355 -0.985759
vn 0.168166 0.000000 -0.985759
vn 0.168166 -0.000000 -0.985759
vn -0.118911 0.118912 -0.985759
vn -0.118911 0.118912 -0.985759
vn -0.155365 0.064354 -0.985759
vn -0.155365 0.064354 -0.985759
vn 0.118911 -0.118912 -0.985759
vn 0.118911 -0.118912 -0.985759
vn 0.155365 -0.064354 -0.985759
vn 0.155365 -0.064355 -0.985759
vn -0.064355 0.155365 -0.985759
vn -0.064355 0.155365 -0.985759
vn -0.118911 0.118912 -0.985759
vn -0.118911 0.118912 -0.985759
vn 0.064355 -0.155366 -0.985759
vn 0.064355 -0.155366 -0.985759
vn 0.118911 -0.118912 -0.985759
vn 0.118911 -0.118912 -0.985759
vn 0.091992 0.222087 -0.970677
vn 0.169979 0.169978 -0.970677
vn -0.000000 0.240385 -0.970678
vn 0.222088 0.091992 -0.970677
vn 0.240387 0.000000 -0.970677
vn 0.222086 -0.091992 -0.970678
vn 0.169978 -0.169978 -0.970677
vn 0.091993 -0.222088 -0.970677
vn 0.000000 -0.240385 -0.970677
vn -0.091994 -0.222088 -0.970677
vn -0.169979 -0.169979 -0.970677
vn -0.222088 -0.091993 -0.970677
vn -0.240387 0.000000 -0.970677
vn -0.222087 0.091992 -0.970677
vn -0.169980 0.169979 -0.970677
vn -0.091992 0.222087 -0.970677
vn 0.297025 -0.297024 -0.907498
vn 0.169978 -0.169978 -0.970677
vn 0.388080 -0.160750 -0.907499
vn 0.222086 -0.091992 -0.970678
vn -0.297026 0.297026 -0.907497
vn -0.169980 0.169979 -0.970677
vn -0.388081 0.160750 -0.907498
vn -0.222087 0.091992 -0.970677
vn 0.160750 -0.388081 -0.907498
vn 0.091993 -0.222088 -0.970677
vn 0.297025 -0.297024 -0.907498
vn 0.169978 -0.169978 -0.970677
vn -0.160749 0.388081 -0.907498
vn -0.091992 0.222087 -0.970677
vn -0.297026 0.297026 -0.907497
vn -0.169980 0.169979 -0.970677
vn 0.000000 -0.420055 -0.907498
vn 0.000000 -0.240385 -0.970677
vn 0.160750 -0.388081 -0.907498
vn 0.091993 -0.222088 -0.970677
vn 0.160748 0.388081 -0.907498
vn 0.091992 0.222087 -0.970677
vn -0.000000 0.420055 -0.907499
vn -0.000000 0.240385 -0.970678
vn -0.000000 0.420055 -0.907499
vn -0.000000 0.240385 -0.970678
vn -0.160749 0.388081 -0.907498
vn -0.091992 0.222087 -0.970677
vn -0.160751 -0.388081 -0.907498
vn -0.091994 -0.222088 -0.970677
vn 0.000000 -0.420055 -0.907498
vn 0.000000 -0.240385 -0.970677
vn 0.297026 0.297024 -0.907498
vn 0.169979 0.169978 -0.970677
vn 0.160748 0.388081 -0.907498
vn 0.091992 0.222087 -0.970677
vn -0.297026 -0.297025 -0.907497
vn -0.169979 -0.169979 -0.970677
vn -0.160751 -0.388081 -0.907498
vn -0.091994 -0.222088 -0.970677
vn 0.388082 0.160749 -0.907498
vn 0.222088 0.091992 -0.970677
vn 0.297026 0.297024 -0.907498
vn 0.169979 0.169978 -0.970677
vn -0.388081 -0.160750 -0.907498
vn -0.222088 -0.091993 -0.970677
vn -0.297026 -0.297025 -0.907497
vn -0.169979 -0.169979 -0.970677
vn 0.420055 0.000000 -0.907498
vn 0.240387 0.000000 -0.970677
vn 0.388082 0.160749 -0.907498
vn 0.222088 0.091992 -0.970677
vn -0.420056 -0.000000 -0.907498
vn -0.240387 0.000000 -0.970677
vn -0.388081 -0.160750 -0.907498
vn -0.222088 -0.091993 -0.970677
vn 0.388080 -0.160750 -0.907499
vn 0.222086 -0.091992 -0.970678
vn 0.420055 0.000000 -0.907498
vn 0.240387 0.000000 -0.970677
vn 0.267961 0.646913 -0.713933
vn 0.267960 0.646913 -0.713933
vn -0.000000 0.700213 -0.713934
vn 0.000001 0.700213 -0.713934
vn 0.495126 0.495126 -0.713933
vn 0.495126 0.495127 -0.713933
vn 0.267961 0.646913 -0.713933
vn 0.267960 0.646913 -0.713933
vn 0.646912 0.267961 -0.713934
vn 0.646912 0.267961 -0.713934
vn 0.495126 0.495126 -0.713933
vn 0.495126 0.495127 -0.713933
vn 0.700213 -0.000000 -0.713934
vn 0.700213 0.000000 -0.713934
vn 0.646912 0.267961 -0.713934
vn 0.646912 0.267961 -0.713934
vn 0.646912 -0.267960 -0.713934
vn 0.646912 -0.267960 -0.713934
vn 0.700213 -0.000000 -0.713934
vn 0.700213 0.000000 -0.713934
vn 0.495126 -0.495126 -0.713934
vn 0.495126 -0.495126 -0.713934
vn 0.646912 -0.267960 -0.713934
vn 0.646912 -0.267960 -0.713934
vn 0.267960 -0.646913 -0.713934
vn 0.267960 -0.646913 -0.713934
vn 0.495126 -0.495126 -0.713934
vn 0.495126 -0.495126 -0.713934
vn 0.000000 -0.700213 -0.713934
vn 0.000000 -0.700213 -0.713934
vn 0.267960 -0.646913 -0.713934
vn 0.267960 -0.646913 -0.713934
vn -0.267960 -0.646912 -0.713934
vn -0.267960 -0.646912 -0.713934
vn 0.000000 -0.700213 -0.713934
vn 0.000000 -0.700213 -0.713934
vn -0.495125 -0.495125 -0.713935
vn -0.495124 -0.495125 -0.713935
vn -0.267960 -0.646912 -0.713934
vn -0.267960 -0.646912 -0.713934
vn -0.646912 -0.267959 -0.713935
vn -0.646912 -0.267960 -0.713935
vn -0.495125 -0.495125 -0.713935
vn -0.495124 -0.495125 -0.713935
vn -0.700214 0.000001 -0.713933
vn -0.700214 0.000001 -0.713933
vn -0.646912 -0.267959 -0.713935
vn -0.646912 -0.267960 -0.713935
vn -0.646913 0.267961 -0.713933
vn -0.646913 0.267961 -0.713933
vn -0.700214 0.000001 -0.713933
vn -0.700214 0.000001 -0.713933
vn -0.495125 0.495125 -0.713934
vn -0.495125 0.495126 -0.713934
vn -0.646913 0.267961 -0.713933
vn -0.646913 0.267961 -0.713933
vn -0.267960 0.646912 -0.713935
vn -0.267960 0.646912 -0.713935
vn -0.495125 0.495125 -0.713934
vn -0.495125 0.495126 -0.713934
vn -0.000000 0.700213 -0.713934
vn 0.000001 0.700213 -0.713934
vn -0.267960 0.646912 -0.713935
vn -0.267960 0.646912 -0.713935
vn -0.000000 -0.000000 -1.000000
vn 0.000000 -0.000000 -1.000000
vn 0.000000 0.000000 -1.000000
vn 0.000000 0.000000 -1.000000
vn -0.884184 0.366241 -0.289976
vn -0.884184 0.366241 -0.289976
vn -0.957034 0.000000 -0.289977
vn -0.957034 -0.000000 -0.289977
vn 0.957036 0.000000 -0.289971
vn 0.957036 0.000000 -0.289971
vn 0.884185 0.366242 -0.289972
vn 0.884185 0.366242 -0.289972
vn -0.957034 0.000000 -0.289977
vn -0.957034 -0.000000 -0.289977
vn -0.884184 -0.366241 -0.289975
vn -0.884184 -0.366241 -0.289975
vn 0.884185 0.366242 -0.289972
vn 0.884185 0.366242 -0.289972
vn 0.676725 0.676726 -0.289975
vn 0.676725 0.676726 -0.289975
vn -0.884184 -0.366241 -0.289975
vn -0.884184 -0.366241 -0.289975
vn -0.676726 -0.676725 -0.289973
vn -0.676727 -0.676725 -0.289973
vn 0.676725 0.676726 -0.289975
vn 0.676725 0.676726 -0.289975
vn 0.366241 0.884184 -0.289975
vn 0.366240 0.884185 -0.289975
vn -0.676726 -0.676725 -0.289973
vn -0.676727 -0.676725 -0.289973
vn -0.366241 -0.884185 -0.289974
vn -0.366241 -0.884185 -0.289974
vn 0.366241 0.884184 -0.289975
vn 0.366240 0.884185 -0.289975
vn 0.000000 0.957034 -0.289974
vn 0.000000 0.957034 -0.289974
vn 0.000000 -0.957034 -0.289975
vn 0.000000 -0.957034 -0.289975
vn 0.366242 -0.884184 -0.289974
vn 0.366241 -0.884185 -0.289974
vn -0.366241 -0.884185 -0.289974
vn -0.366241 -0.884185 -0.289974
vn 0.000000 -0.957034 -0.289975
vn 0.000000 -0.957034 -0.289975
vn 0.000000 0.957034 -0.289974
vn 0.000000 0.957034 -0.289974
vn -0.366241 0.884185 -0.289974
vn -0.366241 0.884185 -0.289974
vn 0.366242 -0.884184 -0.289974
vn 0.366241 -0.884185 -0.289974
vn 0.676725 -0.676726 -0.289974
vn 0.676725 -0.676726 -0.289974
vn -0.366241 0.884185 -0.289974
vn -0.366241 0.884185 -0.289974
vn -0.676726 0.676725 -0.289975
vn -0.676726 0.676725 -0.289975
vn 0.676725 -0.676726 -0.289974
vn 0.676725 -0.676726 -0.289974
vn 0.884185 -0.366241 -0.289973
vn 0.884185 -0.366242 -0.289973
vn -0.676726 0.676725 -0.289975
vn -0.676726 0.676725 -0.289975
vn -0.884184 0.366241 -0.289976
vn -0.884184 0.366241 -0.289976
vn 0.884185 -0.366241 -0.289973
vn 0.884185 -0.366242 -0.289973
vn 0.957036 0.000000 -0.289971
vn 0.957036 0.000000 -0.289971
vn 0.328856 0.793928 0.511403
vn 0.328856 0.793928 0.511403
vn 0.607646 0.607646 0.511403
vn 0.607646 0.607646 0.511403
vn -0.000000 -0.859342 0.511402
vn -0.000000 -0.859342 0.511402
vn -0.328856 -0.793928 0.511402
vn -0.328856 -0.793928 0.511402
vn -0.328856 0.793928 0.511402
vn -0.328856 0.793928 0.511402
vn 0.000000 0.859341 0.511402
vn 0.000000 0.859341 0.511402
vn 0.000000 0.859341 0.511402
vn 0.000000 0.859341 0.511402
vn 0.328856 0.793928 0.511403
vn 0.328856 0.793928 0.511403
vn 0.328857 -0.793928 0.511402
vn 0.328857 -0.793928 0.511402
vn -0.000000 -0.859342 0.511402
vn -0.000000 -0.859342 0.511402
vn -0.607646 0.607646 0.511402
vn -0.607646 0.607646 0.511402
vn -0.328856 0.793928 0.511402
vn -0.328856 0.793928 0.511402
vn 0.607647 -0.607646 0.511402
vn 0.607647 -0.607646 0.511402
vn 0.328857 -0.793928 0.511402
vn 0.328857 -0.793928 0.511402
vn -0.793928 0.328857 0.511402
vn -0.793928 0.328857 0.511402
vn -0.607646 0.607646 0.511402
vn -0.607646 0.607646 0.511402
vn 0.793928 -0.328856 0.511402
vn 0.793928 -0.328856 0.511402
vn 0.607647 -0.607646 0.511402
vn 0.607647 -0.607646 0.511402
vn -0.859342 0.000001 0.511402
vn -0.859342 0.000001 0.511402
vn -0.793928 0.328857 0.511402
vn -0.793928 0.328857 0.511402
vn 0.859342 0.000000 0.511402
vn 0.859342 0.000000 0.511402
vn 0.793928 -0.328856 0.511402
vn 0.793928 -0.328856 0.511402
vn -0.793928 -0.328856 0.511403
vn -0.793927 -0.328856 0.511403
vn -0.859342 0.000001 0.511402
vn -0.859342 0.000001 0.511402
vn 0.793928 0.328856 0.511402
vn 0.793928 0.328856 0.511403
vn 0.859342 0.000000 0.511402
vn 0.859342 0.000000 0.511402
vn -0.607646 -0.607647 0.511402
vn -0.607646 -0.607647 0.511402
vn -0.793928 -0.328856 0.511403
vn -0.793927 -0.328856 0.511403
vn 0.607646 0.607646 0.511403
vn 0.607646 0.607646 0.511403
vn 0.793928 0.328856 0.511402
vn 0.793928 0.328856 0.511403
vn 0.000000 -0.000000 1.000000
vn 0.000000 0.000000 1.000000
vn 0.000000 0.000000 1.000000
vn 0.000000 -0.000000 1.000000
vn 0.000000 0.000000 1.000000
vn 0.000001 0.000000 1.000000
vn 0.000000 0.000000 1.000000
vn 0.000000 0.000000 1.000000
vn -0.000000 0.000000 1.000000
vn 0.000001 0.000000 1.000000
vn 0.000000 0.000000 1.000000
vn 0.000000 0.000001 1.000000
vn -0.000000 0.000000 1.000000
vn 0.000000 0.000000 1.000000
vn -0.000000 0.000000 1.000000
vn 0.000000 0.000001 1.000000
vn 0.000000 0.000000 1.000000
vn 0.000000 0.000000 1.000000
vn 0.000000 0.000000 1.000000
vn 0.000000 0.000000 1.000000
vn 0.000000 -0.000000 1.000000
vn -0.000000 0.000000 1.000000
vn 0.000000 0.000000 1.000000
vn 0.000000 0.000000 1.000000
vn 0.000000 0.000000 1.000000
vn 0.000000 0.000000 1.000000
vn 0.000000 0.000000 1.000000
vn 0.000000 -0.000000 1.000000
vn 0.000000 0.000000 1.000000
vn 0.000001 0.000000 1.000000
vn 0.000000 0.000000 1.000000
vn 0.000000 0.000000 1.000000
vn -0.000000 -0.000000 1.000000
vn 0.000001 0.000000 1.000000
vn 0.000000 0.000000 1.000000
vn 0.000000 0.000000 1.000000
vn -0.000000 -0.000000 1.000000
vn 0.000000 0.000000 1.000000
vn 0.000000 -0.000000 1.000000
vn 0.000000 0.000000 1.000000
vn 0.000000 0.000000 1.000000
vn 0.000000 0.000000 1.000000
vn 0.000000 -0.000000 1.000000
vn 0.000000 0.000000 1.000000
vn 0.000000 -0.000000 1.000000
vn 0.000000 0.000000 1.000000
vn 0.000000 0.000000 1.000000
vn 0.000000 -0.000000 1.000000
vn 0.536480 0.062002 0.841633
vn 0.499199 0.121331 0.857950
vn 0.535096 0.061609 0.842541
vn 0.490274 0.142113 0.859904
vn 0.004293 0.639731 0.768587
vn -0.001016 0.851951 0.523620
vn -0.002295 0.537761 0.843094
vn -0.002222 0.806630 0.591053
vn -0.994767 -0.002309 0.102143
vn -0.979860 -0.175367 0.095498
vn -1.000000 0.000000 0.000000
vn -0.986750 -0.162250 0.000000
vn -0.002529 0.944892 0.327371
vn -0.006876 0.999192 0.039609
vn -0.005256 0.949151 0.314777
vn -0.013960 0.999282 0.035232
vn 1.000000 0.000000 -0.000000
vn 1.000000 -0.000000 -0.000000
vn 1.000000 0.000000 -0.000000
vn 1.000000 -0.000000 -0.000000
vn -0.128491 -0.963565 0.234589
vn -0.061671 -0.980038 0.189005
vn -0.002698 -0.999996 0.000039
vn -0.000912 -1.000000 0.000039
vn -0.000685 -0.983089 0.183126
vn 0.000151 -0.000194 1.000000
vn 0.000087 -0.000096 1.000000
vn 0.000304 -0.006938 0.999976
vn 0.003389 -0.024591 0.999692
vn -0.008916 0.999960 -0.000000
vn -0.006876 0.999192 0.039609
vn 0.000000 1.000000 -0.000000
vn 0.000000 0.998956 0.045674
vn -0.000013 0.254732 0.967012
vn -0.000168 0.148259 0.988949
vn -0.000365 0.007365 0.999973
vn -0.000432 0.004877 0.999988
vn 0.210167 0.976912 -0.038375
vn 0.003650 0.999993 0.000256
vn 0.197017 0.980399 0.001365
vn 0.003664 0.999993 0.000128
vn 0.003650 0.999993 0.000256
vn 0.574181 0.050600 0.817163
vn 0.541497 0.025414 0.840319
vn 0.574181 0.050600 0.817163
vn 0.539604 0.023982 0.841577
vn 0.026757 0.998263 0.052494
vn 0.026530 0.992907 0.115899
vn 0.021816 0.998076 0.058043
vn 0.021671 0.993035 0.115811
vn 0.016920 0.999857 0.000000
vn 0.021892 0.999760 0.000000
vn 0.016892 0.998178 0.057932
vn 0.021816 0.998076 0.058043
vn -0.086187 0.882478 -0.462391
vn -0.145016 0.876410 -0.459212
vn -0.087996 0.882338 -0.462317
vn -0.145016 0.876410 -0.459212
vn -0.631376 0.775477 0.000000
vn -0.642371 0.766393 -0.001067
vn -0.631376 0.775477 0.000000
vn -0.642305 0.766449 -0.001060
vn 0.997577 0.069566 -0.000000
vn 0.997033 0.076977 -0.000000
vn 0.970037 0.242955 -0.000000
vn 0.954193 0.299193 -0.000000
vn 0.197017 0.980399 0.001365
vn 0.003664 0.999993 0.000128
vn 0.191324 0.981527 -0.000000
vn 0.003678 0.999993 0.000000
vn 0.004634 -0.999989 0.000000
vn 0.003475 -0.999994 0.000000
vn 0.004137 -0.999991 0.000056
vn 0.004132 -0.999992 0.000000
vn -1.000000 -0.000000 0.000000
vn -0.996672 0.000062 0.081523
vn -0.997867 0.000099 0.065286
vn -0.996918 0.000105 0.078450
vn -0.996997 0.000047 0.077435
vn -1.000000 0.000011 0.000000
vn -1.000000 0.000000 0.000000
vn 0.898881 0.438192 -0.000000
vn 0.898881 0.438193 -0.000000
vn 0.954193 0.299193 -0.000000
vn 0.970037 0.242955 -0.000000
vn -0.018212 -0.885590 0.464111
vn -0.012894 -0.885697 0.464085
vn -0.018187 -0.885590 0.464111
vn -0.012894 -0.885697 0.464085
vn 0.000657 -1.000000 0.000000
vn -0.000907 -1.000000 0.000000
vn 0.000662 -1.000000 0.000056
vn -0.000912 -1.000000 0.000039
vn 0.016892 0.998178 0.057932
vn 0.021816 0.998076 0.058043
vn 0.016807 0.993140 0.115719
vn 0.021671 0.993035 0.115811
vn 0.000543 -0.002868 0.999996
vn 0.000000 -0.000000 1.000000
vn 0.000000 0.000000 1.000000
vn 0.000000 -0.000000 1.000000
vn -0.001577 0.510734 0.859737
vn 0.003078 0.613347 0.789808
vn -0.002295 0.537761 0.843094
vn 0.004293 0.639731 0.768587
vn 0.157287 -0.198954 -0.967305
vn 0.157287 -0.198954 -0.967305
vn 0.157287 -0.198954 -0.967305
vn 0.157287 -0.198954 -0.967305
vn -0.006876 0.999192 0.039609
vn -0.002529 0.944892 0.327371
vn 0.000000 0.998956 0.045674
vn -0.001016 0.851951 0.523620
vn 0.026863 0.999639 0.000000
vn 0.026757 0.998263 0.052494
vn 0.021892 0.999760 0.000000
vn 0.021816 0.998076 0.058043
vn 0.149880 -0.988704 -0.000000
vn 0.176667 -0.984271 -0.000000
vn 0.149456 -0.988768 -0.000383
vn 0.176537 -0.984294 -0.000447
vn 0.954193 0.299193 -0.000000
vn 0.898881 0.438192 -0.000000
vn 0.954193 0.299193 -0.000000
vn 0.898881 0.438192 -0.000000
vn -0.006876 0.999192 0.039609
vn -0.008916 0.999960 -0.000000
vn -0.013960 0.999282 0.035232
vn -0.017832 0.999841 -0.000000
vn -0.004543 -0.986154 0.165770
vn -0.019640 -0.983777 0.178318
vn -0.005742 -0.999983 0.000205
vn -0.007843 -0.999969 0.000401
vn -0.019774 -0.983301 0.180912
vn -0.255982 -0.250153 -0.933754
vn -0.255982 -0.250153 -0.933754
vn -0.255982 -0.250153 -0.933754
vn -0.255982 -0.250153 -0.933754
vn -0.002306 -0.999997 -0.000000
vn -0.003641 -0.980007 0.198931
vn -0.005742 -0.999983 0.000205
vn -0.004543 -0.986154 0.165770
vn 1.000000 -0.000000 -0.000000
vn 1.000000 0.000002 -0.000000
vn 1.000000 0.000001 -0.000000
vn 1.000000 0.000003 -0.000000
vn 1.000000 0.000001 -0.000000
vn -0.002222 0.806630 0.591053
vn -0.001016 0.851951 0.523620
vn -0.000070 0.832094 0.554635
vn -0.002529 0.944892 0.327371
vn 0.001261 0.999999 -0.000120
vn 0.001159 0.999999 -0.000095
vn 0.001249 0.999999 -0.000117
vn 0.001159 0.999999 -0.000095
vn 0.226161 0.523747 0.821304
vn 0.170763 0.738296 0.652502
vn -0.000294 0.507868 0.861435
vn -0.001044 0.671062 0.741400
vn 0.000188 0.000735 1.000000
vn 0.000087 -0.000096 1.000000
vn 0.000219 0.000955 1.000000
vn 0.000151 -0.000194 1.000000
vn -0.000007 0.000075 1.000000
vn -0.000030 0.004895 0.999988
vn 0.000008 0.000161 1.000000
vn 0.000027 0.004921 0.999988
vn 0.703418 0.707430 -0.068896
vn 0.704659 0.708677 -0.035120
vn 0.703660 0.707673 -0.063730
vn 0.704659 0.708677 -0.035120
vn 0.608849 -0.793286 -0.000000
vn 0.608182 -0.792424 -0.046677
vn 0.608849 -0.793286 -0.000000
vn 0.608113 -0.792334 -0.049048
vn -0.699444 0.704866 0.118078
vn -0.648931 0.755916 0.086487
vn -0.698754 0.705944 0.115698
vn -0.647547 0.756610 0.090687
vn -0.665035 0.736098 0.126049
vn -0.709030 0.705178 -0.000000
vn -0.668716 0.733176 0.123579
vn -0.709030 0.705178 -0.000000
vn -0.688234 0.725489 -0.000000
vn -0.704857 0.693671 0.148317
vn -0.688234 0.725489 -0.000000
vn -0.706405 0.691002 0.153323
vn -0.665035 0.736098 0.126049
vn -0.668716 0.733176 0.123579
vn -0.648931 0.755916 0.086487
vn -0.647547 0.756610 0.090687
vn -0.704857 0.693671 0.148317
vn -0.699444 0.704866 0.118078
vn -0.706405 0.691002 0.153323
vn -0.698754 0.705944 0.115698
vn -0.637257 0.757865 0.139803
vn -0.640800 0.756524 0.130563
vn -0.658365 0.752699 -0.000000
vn -0.658365 0.752699 -0.000000
vn -0.620719 0.762914 0.180748
vn -0.620719 0.762914 0.180748
vn -0.637257 0.757865 0.139803
vn -0.640800 0.756524 0.130563
vn -0.723427 -0.686925 0.069192
vn -0.723649 -0.687135 0.064642
vn -0.724480 -0.687922 0.043492
vn -0.724480 -0.687922 0.043492
vn 0.705093 0.709114 0.000000
vn 0.703418 0.707430 -0.068896
vn 0.705093 0.709114 0.000000
vn 0.703660 0.707673 -0.063730
vn -0.725164 -0.688576 -0.000000
vn -0.725164 -0.688576 -0.000000
vn -0.723427 -0.686925 0.069192
vn -0.723649 -0.687135 0.064642
vn 0.800393 0.598285 0.037765
vn 0.793285 0.608850 -0.000000
vn 0.800020 0.598916 0.035602
vn 0.793285 0.608850 -0.000000
vn 0.385128 0.922860 0.002469
vn 0.450789 0.884822 -0.117813
vn 0.197017 0.980399 0.001365
vn 0.210167 0.976912 -0.038375
vn 0.800393 0.598285 0.037765
vn 0.800020 0.598916 0.035602
vn 0.663809 0.743278 -0.083039
vn 0.680414 0.729727 -0.067346
vn 0.372169 0.928165 -0.000000
vn 0.385128 0.922860 0.002469
vn 0.191324 0.981527 -0.000000
vn 0.197017 0.980399 0.001365
vn 0.663809 0.743278 -0.083039
vn 0.680414 0.729727 -0.067346
vn 0.450789 0.884822 -0.117813
vn 0.210167 0.976912 -0.038375
vn 0.471061 0.881627 0.028905
vn 0.455798 0.888441 0.054044
vn 0.467447 0.883331 0.034924
vn 0.455798 0.888441 0.054044
vn 0.482102 0.876115 -0.000000
vn 0.471061 0.881627 0.028905
vn 0.482102 0.876115 -0.000000
vn 0.467447 0.883331 0.034924
vn 0.608182 -0.792424 -0.046677
vn 0.606051 -0.789651 -0.095673
vn 0.608113 -0.792334 -0.049048
vn 0.606051 -0.789651 -0.095673
vn -0.653238 0.757153 0.000000
vn -0.653238 0.757153 0.000000
vn -0.642371 0.766393 -0.001067
vn -0.642305 0.766449 -0.001060
vn 0.014908 0.512202 0.858736
vn 0.002398 0.476868 0.878971
vn 0.004293 0.639731 0.768587
vn -0.001016 0.851951 0.523620
vn 0.009903 0.467231 0.884080
vn 0.009882 0.467261 0.884064
vn 0.007386 0.477719 0.878482
vn 0.007319 0.477908 0.878379
vn 0.007386 0.477719 0.878482
vn 0.007319 0.477908 0.878379
vn 0.002398 0.476868 0.878971
vn -0.001016 0.851951 0.523620
vn 0.004293 0.639731 0.768587
vn 0.003078 0.613347 0.789808
vn 0.014908 0.512202 0.858736
vn 0.004743 0.501166 0.865338
vn 0.009903 0.467231 0.884080
vn 0.002564 0.470021 0.882652
vn 0.009882 0.467261 0.884064
vn -0.005437 0.468842 0.883265
vn 0.016699 0.495033 0.868714
vn 0.005112 0.497341 0.867540
vn 0.017035 0.494965 0.868746
vn 0.005112 0.497341 0.867540
vn 0.029447 0.492412 0.869864
vn 0.029447 0.492412 0.869864
vn 0.017035 0.494965 0.868746
vn 0.016699 0.495033 0.868714
vn -0.018187 -0.885590 0.464111
vn -0.023505 -0.885458 0.464125
vn -0.018212 -0.885590 0.464111
vn -0.023505 -0.885458 0.464125
vn 0.722513 -0.614634 0.316546
vn 0.722513 -0.614634 0.316546
vn 0.722513 -0.614634 0.316546
vn 0.722513 -0.614634 0.316546
vn -0.028897 0.885404 -0.463923
vn -0.086187 0.882478 -0.462391
vn -0.028897 0.885404 -0.463923
vn -0.087996 0.882338 -0.462317
vn -0.830175 -0.491251 0.263594
vn -0.830175 -0.491251 0.263594
vn -0.830175 -0.491251 0.263594
vn -0.830175 -0.491251 0.263594
vn -0.000000 -1.000000 0.000000
vn -0.382683 -0.923880 0.000000
vn -0.000000 -1.000000 0.000000
vn -0.382683 -0.923880 0.000000
vn -0.382683 -0.923880 0.000000
vn -0.555569 -0.831470 0.000000
vn -0.382683 -0.923880 0.000000
vn -0.555569 -0.831470 0.000000
vn -0.900980 -0.433861 0.000000
vn -0.952699 -0.303917 0.000000
vn -0.900980 -0.433861 0.000000
vn -0.952699 -0.303917 0.000000
vn 0.985783 -0.168026 -0.000000
vn 0.952699 -0.303916 -0.000000
vn 0.985783 -0.168026 -0.000000
vn 0.952699 -0.303916 -0.000000
vn 0.985783 -0.168026 -0.000000
vn 0.985783 -0.168026 -0.000000
vn -0.000000 -0.000000 1.000000
vn 0.000001 -0.000000 1.000000
vn 0.000003 0.000000 1.000000
vn 0.000003 0.000000 1.000000
vn 0.952699 -0.303916 -0.000000
vn 0.900980 -0.433861 -0.000000
vn 0.952699 -0.303917 -0.000000
vn 0.900980 -0.433861 -0.000000
vn 0.555569 -0.831470 -0.000000
vn 0.382683 -0.923880 -0.000000
vn 0.555569 -0.831470 -0.000000
vn 0.382683 -0.923880 -0.000000
vn 0.382683 -0.923880 -0.000000
vn -0.000000 -1.000000 0.000000
vn 0.382683 -0.923880 -0.000000
vn -0.000000 -1.000000 0.000000
vn -0.000477 -1.000000 0.000000
vn -0.382244 -0.924062 0.000000
vn -0.000000 -1.000000 0.000000
vn -0.382684 -0.923879 0.000000
vn -0.382244 -0.924062 0.000000
vn -0.555571 -0.831469 0.000000
vn -0.382684 -0.923879 0.000000
vn -0.555571 -0.831469 0.000000
vn -0.900979 -0.433862 0.000000
vn -0.952066 -0.305893 0.000000
vn -0.900979 -0.433862 0.000000
vn -0.951974 -0.306180 0.000000
vn 0.100229 -0.994964 -0.000013
vn 0.149456 -0.988768 -0.000383
vn 0.146216 -0.969707 0.195674
vn 0.259285 -0.936912 0.234449
vn -0.000002 0.000000 1.000000
vn -0.000002 0.000000 1.000000
vn 0.011347 -0.023505 0.999659
vn 0.013824 -0.028636 0.999494
vn 0.952699 -0.303916 -0.000000
vn 0.900980 -0.433862 0.000000
vn 0.952699 -0.303916 -0.000000
vn 0.900980 -0.433862 0.000000
vn 0.555570 -0.831470 0.000000
vn 0.382245 -0.924061 0.000000
vn 0.555570 -0.831470 0.000000
vn 0.382683 -0.923880 0.000000
vn -0.000477 -1.000000 0.000000
vn -0.000000 -1.000000 0.000000
vn 0.382245 -0.924061 0.000000
vn 0.382683 -0.923880 0.000000
vn -0.002075 -0.999998 -0.000000
vn -0.001325 -0.999999 0.000000
vn 0.000923 -1.000000 0.000000
vn 0.000923 -1.000000 0.000000
vn -0.496254 0.497861 0.711244
vn -0.557157 0.409241 0.722563
vn -0.706548 0.183657 0.683418
vn -0.724328 0.158051 0.671095
vn 0.098392 -0.970887 0.218397
vn 0.004137 -0.999991 0.000056
vn 0.055490 -0.981444 0.183545
vn 0.000662 -1.000000 0.000056
vn 0.000597 -0.983195 0.182555
vn -0.000049 0.253938 0.967221
vn -0.001577 0.510734 0.859737
vn -0.000006 0.148673 0.988887
vn -0.002295 0.537761 0.843094
vn -0.514887 0.438431 0.736661
vn -0.536306 0.400982 0.742691
vn -0.614565 0.180098 0.768033
vn -0.616708 0.155268 0.771728
vn -0.004619 -0.999989 0.000000
vn -0.001730 -0.999999 0.000000
vn -0.005742 -0.999983 0.000205
vn -0.002306 -0.999997 -0.000000
vn -0.000000 -1.000000 0.000000
vn -0.000000 -1.000000 0.000000
vn 0.004634 -0.999989 0.000000
vn 0.003475 -0.999994 0.000000
vn -0.002698 -0.999996 0.000039
vn -0.000912 -1.000000 0.000039
vn -0.002693 -0.999996 0.000000
vn -0.000907 -1.000000 0.000000
vn 0.000000 -0.000000 1.000000
vn 0.000001 -0.000001 1.000000
vn 0.000000 -0.000000 1.000000
vn 0.000002 -0.000000 1.000000
vn 0.000020 0.148752 0.988875
vn -0.000006 0.148673 0.988887
vn 0.000000 0.285052 0.958512
vn -0.002295 0.537761 0.843094
vn 1.000000 0.000001 -0.000000
vn 0.997033 0.076977 -0.000000
vn 1.000000 0.000000 0.000000
vn 0.997577 0.069566 -0.000000
vn 0.000020 0.148752 0.988875
vn 0.000000 0.285052 0.958512
vn -0.000013 0.254732 0.967012
vn 0.000000 0.285052 0.958512
vn 0.499199 0.121331 0.857950
vn 0.412708 0.322795 0.851748
vn 0.490274 0.142113 0.859904
vn 0.376181 0.398653 0.836399
vn 0.004137 -0.999991 0.000056
vn 0.098392 -0.970887 0.218397
vn 0.004634 -0.999989 0.000000
vn 0.007062 -0.982032 0.188583
vn 0.000000 -0.000000 1.000000
vn -0.000007 0.000075 1.000000
vn 0.000000 -0.000000 1.000000
vn 0.000008 0.000161 1.000000
vn -0.978184 -0.188017 0.088350
vn -0.979860 -0.175367 0.095498
vn -0.994982 -0.004617 0.099953
vn -0.994982 -0.004617 0.099953
vn -0.994982 -0.004617 0.099953
vn -0.994767 -0.002309 0.102143
vn -0.000013 0.254732 0.967012
vn 0.000000 0.285052 0.958512
vn -0.000168 0.148259 0.988949
vn 0.000000 0.285052 0.958512
vn -0.000070 0.832094 0.554635
vn -0.002529 0.944892 0.327371
vn -0.000141 0.832456 0.554091
vn -0.005256 0.949151 0.314777
vn 0.617071 0.211630 0.757916
vn 0.505735 0.400223 0.764234
vn 0.612310 0.226299 0.757539
vn 0.493610 0.414255 0.764684
vn 0.000219 0.000955 1.000000
vn 0.000225 0.003814 0.999993
vn 0.000188 0.000735 1.000000
vn 0.000222 0.004233 0.999991
vn 1.000000 0.000000 -0.000000
vn 1.000000 -0.000000 -0.000000
vn 1.000000 0.000000 0.000000
vn 1.000000 0.000000 0.000000
vn -0.984973 -0.172710 0.000000
vn -0.984973 -0.172710 0.000000
vn -0.952066 -0.305893 0.000000
vn -0.951974 -0.306180 0.000000
vn -0.984973 -0.172710 0.000000
vn -0.984973 -0.172710 0.000000
vn 0.259285 -0.936912 0.234449
vn 0.149456 -0.988768 -0.000383
vn 0.210491 -0.958328 0.193135
vn 0.176537 -0.984294 -0.000447
vn 0.170713 -0.962416 0.211218
vn 0.176667 -0.984271 -0.000000
vn 0.203380 -0.979100 -0.000000
vn 0.176537 -0.984294 -0.000447
vn 0.203580 -0.979058 -0.000148
vn 0.000001 -0.000000 1.000000
vn 0.000001 0.000000 1.000000
vn 0.000001 -0.000000 1.000000
vn 0.000001 0.000000 1.000000
vn -0.000002 0.000000 1.000000
vn -0.000001 0.000000 1.000000
vn -0.000000 0.000000 1.000000
vn -0.000000 0.000000 1.000000
vn 0.000027 0.004921 0.999988
vn -0.000030 0.004895 0.999988
vn 0.000020 0.148752 0.988875
vn -0.000006 0.148673 0.988887
vn 0.000001 -0.000001 1.000000
vn 0.000002 0.000001 1.000000
vn 0.000002 -0.000000 1.000000
vn 0.000001 0.000001 1.000000
vn -0.000002 0.000000 1.000000
vn -0.000002 0.000000 1.000000
vn -0.000001 0.000001 1.000000
vn -0.000001 0.000001 1.000000
vn 0.000001 -0.000000 1.000000
vn 0.000000 -0.000000 1.000000
vn 0.000001 -0.000000 1.000000
vn 0.000000 -0.000000 1.000000
vn -0.000000 0.000000 1.000000
vn 0.000000 -0.000000 1.000000
vn -0.000000 0.000000 1.000000
vn 0.000000 -0.000000 1.000000
vn -0.000133 0.146567 0.989201
vn -0.000294 0.507868 0.861435
vn -0.000049 0.253938 0.967221
vn -0.001577 0.510734 0.859737
vn -0.000294 0.507868 0.861435
vn -0.001044 0.671062 0.741400
vn -0.001577 0.510734 0.859737
vn 0.003078 0.613347 0.789808
vn 0.001352 0.999999 0.000000
vn 0.001261 0.999999 -0.000120
vn 0.001352 0.999999 0.000000
vn 0.001249 0.999999 -0.000117
vn 0.000001 0.000421 -1.000000
vn 0.000001 0.000421 -1.000000
vn 0.000001 0.000317 -1.000000
vn 0.000001 0.000317 -1.000000
vn -0.978184 -0.188017 0.088350
vn -0.981827 -0.182343 0.052599
vn -0.979860 -0.175367 0.095498
vn -0.982302 -0.166466 0.085855
vn -0.979860 -0.175367 0.095498
vn -0.982302 -0.166466 0.085855
vn -0.986750 -0.162250 0.000000
vn -0.987300 -0.158868 0.000000
vn 0.997033 0.076977 -0.000000
vn 0.997033 0.076977 -0.000000
vn 0.954193 0.299193 -0.000000
vn 0.954193 0.299193 -0.000000
vn 0.997033 0.076977 -0.000000
vn 0.261725 0.153742 0.952819
vn 0.226161 0.523747 0.821304
vn -0.000133 0.146567 0.989201
vn -0.000294 0.507868 0.861435
vn 1.000000 0.000001 -0.000000
vn 1.000000 0.000003 -0.000000
vn 0.997033 0.076977 -0.000000
vn 0.997033 0.076977 -0.000000
vn 0.000225 0.003814 0.999993
vn 0.261725 0.153742 0.952819
vn 0.000222 0.004233 0.999991
vn -0.000133 0.146567 0.989201
vn 1.000000 -0.000000 -0.000000
vn 1.000000 -0.000000 -0.000000
vn 1.000000 -0.000000 -0.000000
vn 1.000000 0.000001 -0.000000
vn 1.000000 0.000001 -0.000000
vn 1.000000 0.000001 -0.000000
vn 1.000000 0.000000 0.000000
vn 1.000000 0.000000 0.000000
vn 0.541497 0.025414 0.840319
vn 0.506707 0.000477 0.862118
vn 0.539604 0.023982 0.841577
vn 0.506708 0.000477 0.862118
vn 0.353642 0.748552 0.560899
vn 0.170763 0.738296 0.652502
vn 0.353642 0.748552 0.560899
vn 0.226161 0.523747 0.821304
vn 0.474969 0.311700 0.822951
vn 0.226161 0.523747 0.821304
vn 0.495320 0.159228 0.853994
vn 0.261725 0.153742 0.952819
vn 0.495320 0.159228 0.853994
vn 0.261725 0.153742 0.952819
vn 0.504649 0.001350 0.863323
vn 0.504650 0.001349 0.863323
vn 0.506707 0.000477 0.862118
vn 0.504649 0.001350 0.863323
vn 0.506708 0.000477 0.862118
vn 0.504650 0.001349 0.863323
vn 1.000000 -0.000000 -0.000000
vn 1.000000 0.000001 -0.000000
vn 1.000000 0.000000 0.000000
vn 1.000000 0.000000 0.000000
vn 0.000131 0.006988 0.999976
vn 0.000241 0.000704 1.000000
vn 0.000222 0.004233 0.999991
vn 0.000188 0.000735 1.000000
vn 0.176537 -0.984294 -0.000447
vn 0.203580 -0.979058 -0.000148
vn 0.170713 -0.962416 0.211218
vn 0.190303 -0.962942 0.191121
vn 0.000000 0.000000 1.000000
vn 0.000000 0.000000 1.000000
vn 0.000001 0.000000 1.000000
vn 0.000001 0.000000 1.000000
vn 0.075613 -0.997137 0.000000
vn 0.149880 -0.988704 -0.000000
vn 0.100229 -0.994964 -0.000013
vn 0.149456 -0.988768 -0.000383
vn 0.000001 -0.000000 1.000000
vn 0.006046 -0.023608 0.999703
vn 0.000087 -0.000096 1.000000
vn 0.003389 -0.024591 0.999692
vn -0.000007 0.000075 1.000000
vn 0.000000 0.000000 1.000000
vn -0.000030 0.004895 0.999988
vn -0.000063 0.008727 0.999962
vn -0.002698 -0.999996 0.000039
vn -0.002075 -0.999998 -0.000000
vn -0.128491 -0.963565 0.234589
vn 0.001570 -0.980506 0.196485
vn -0.002075 -0.999998 -0.000000
vn -0.002698 -0.999996 0.000039
vn -0.001325 -0.999999 0.000000
vn -0.002693 -0.999996 0.000000
vn -0.000001 0.000000 1.000000
vn -0.000002 0.000000 1.000000
vn -0.000002 0.000000 1.000000
vn -0.000002 0.000000 1.000000
vn -0.614565 0.180098 0.768033
vn -0.616708 0.155268 0.771728
vn -0.634999 0.065092 0.769766
vn -0.636845 0.063752 0.768351
vn -0.000275 0.000671 1.000000
vn -0.000385 0.000938 1.000000
vn -0.000432 0.004877 0.999988
vn -0.000365 0.007365 0.999973
vn 0.011643 0.753845 0.656949
vn 0.015378 0.753521 0.657244
vn -0.271857 0.687216 0.673667
vn -0.316120 0.657268 0.684154
vn 0.011643 0.753845 0.656949
vn 0.268090 0.651478 0.709721
vn 0.015378 0.753521 0.657244
vn 0.320825 0.600336 0.732577
vn -0.005778 -0.999983 0.000000
vn -0.004619 -0.999989 0.000000
vn -0.007843 -0.999969 0.000401
vn -0.005742 -0.999983 0.000205
vn -0.000002 0.000000 1.000000
vn -0.000002 0.000000 1.000000
vn -0.000000 -0.000000 1.000000
vn 0.000001 -0.000000 1.000000
vn 0.985783 -0.168027 -0.000000
vn 0.952699 -0.303916 -0.000000
vn 0.985783 -0.168027 -0.000000
vn 0.952699 -0.303917 -0.000000
vn 0.985783 -0.168027 -0.000000
vn 0.985783 -0.168027 -0.000000
vn 0.000091 0.008819 0.999961
vn 0.000040 0.000239 1.000000
vn 0.000027 0.004921 0.999988
vn 0.000008 0.000161 1.000000
vn 0.000000 0.000000 1.000000
vn 0.000001 0.000001 1.000000
vn 0.000000 0.000001 1.000000
vn 0.000002 0.000001 1.000000
vn -0.952699 -0.303917 0.000000
vn -0.985782 -0.168027 0.000000
vn -0.952699 -0.303917 0.000000
vn -0.985782 -0.168027 0.000000
vn -0.985782 -0.168027 0.000000
vn -0.985782 -0.168027 0.000000
vn 0.004137 -0.999991 0.000056
vn 0.004132 -0.999992 0.000000
vn 0.000662 -1.000000 0.000056
vn 0.000657 -1.000000 0.000000
vn 0.000000 0.000000 1.000000
vn 0.000000 0.000000 1.000000
vn 0.000000 0.000000 1.000000
vn 0.000000 0.000001 1.000000
vn -0.000001 0.000001 1.000000
vn -0.000001 0.000001 1.000000
vn 0.000000 -0.000000 1.000000
vn 0.000000 -0.000000 1.000000
vn 0.231761 0.572022 0.786815
vn 0.219475 0.579899 0.784568
vn 0.008050 0.657196 0.753677
vn 0.005230 0.657700 0.753262
vn -0.000605 -0.596297 -0.802763
vn -0.000605 -0.596297 -0.802763
vn -0.000605 -0.596297 -0.802763
vn -0.000605 -0.596297 -0.802763
vn -0.001009 -1.000000 0.000101
vn -0.001002 -1.000000 0.000105
vn -0.000942 -1.000000 0.000137
vn -0.000942 -1.000000 0.000137
vn -0.001069 -0.999999 -0.000000
vn -0.001069 -0.999999 -0.000000
vn -0.001009 -1.000000 0.000101
vn -0.001002 -1.000000 0.000105
vn -0.996474 0.015697 0.082415
vn -1.000000 -0.000000 0.000000
vn -0.982302 -0.166466 0.085855
vn -0.987300 -0.158868 0.000000
vn -0.996474 0.015697 0.082415
vn -0.982302 -0.166466 0.085855
vn -0.999412 0.015828 0.030424
vn -0.981827 -0.182343 0.052599
vn -1.000000 -0.000000 0.000000
vn -0.999412 0.015828 0.030424
vn -1.000000 -0.000000 0.000000
vn -0.981827 -0.182343 0.052599
vn -1.000000 0.000022 0.000000
vn -0.996912 0.000161 0.078521
vn -1.000000 0.000011 0.000000
vn -0.996918 0.000105 0.078450
vn -0.996912 0.000161 0.078521
vn -0.998738 0.000115 0.050227
vn -0.996918 0.000105 0.078450
vn -0.997867 0.000099 0.065286
vn -1.000000 0.000001 0.000000
vn -1.000000 0.000002 0.000000
vn -0.998738 0.000115 0.050227
vn -1.000000 -0.000000 0.000000
vn -1.000000 -0.000000 0.000000
vn -1.000000 -0.000000 0.000000
vn -1.000000 0.000001 0.000000
vn -1.000000 0.000002 0.000000
vn -0.994776 -0.000540 0.102077
vn -0.994787 -0.000794 0.101976
vn -1.000000 0.000000 0.000000
vn -1.000000 0.000000 0.000001
vn -0.995005 -0.001080 0.099819
vn -0.995024 -0.001581 0.099621
vn -0.994776 -0.000540 0.102077
vn -0.994787 -0.000794 0.101976
vn -0.999988 -0.004819 0.000000
vn -0.994663 0.008781 0.102802
vn -0.999954 -0.009638 0.000000
vn -0.994441 0.018319 0.103691
vn -0.994765 0.015599 0.100994
vn -0.993540 0.046212 0.103646
vn -0.994663 0.008781 0.102802
vn -0.994441 0.018319 0.103691
vn -1.000000 0.000000 0.000001
vn -0.994787 -0.000794 0.101976
vn -0.999988 -0.004819 0.000000
vn -0.994663 0.008781 0.102802
vn -0.995024 -0.001581 0.099621
vn -0.994765 0.015599 0.100994
vn -0.994787 -0.000794 0.101976
vn -0.994663 0.008781 0.102802
vn 0.000001 0.000317 -1.000000
vn 0.000001 0.000317 -1.000000
vn 0.000001 0.000214 -1.000000
vn 0.000001 0.000214 -1.000000
vn 0.000000 0.000000 -1.000000
vn 0.000000 0.000000 -1.000000
vn -0.000000 -0.382683 -0.923880
vn -0.000000 -0.382683 -0.923880
vn -0.000000 -0.382683 -0.923880
vn -0.000000 -0.382683 -0.923880
vn -0.000000 -0.707106 -0.707107
vn -0.000000 -0.707106 -0.707107
vn -0.000000 -0.707106 -0.707107
vn -0.000000 -0.707106 -0.707107
vn -0.000000 -0.923880 -0.382683
vn -0.000000 -0.923880 -0.382683
vn -0.000000 -0.923880 -0.382683
vn -0.000000 -0.923880 -0.382683
vn 0.000000 -1.000000 0.000001
vn -0.000000 -1.000000 0.000000
vn 0.000000 -1.000000 0.000001
vn -0.000000 -1.000000 0.000000
vn 0.000000 -0.923880 0.382683
vn 0.000000 -0.923880 0.382682
vn 0.000000 -0.923880 0.382683
vn 0.000000 -0.923880 0.382682
vn 0.000000 -0.707107 0.707107
vn 0.000000 -0.707107 0.707107
vn 0.000000 -0.707107 0.707107
vn 0.000000 -0.707107 0.707107
vn 0.000000 -0.382683 0.923880
vn 0.000000 -0.382683 0.923880
vn 0.000000 -0.382683 0.923880
vn 0.000000 -0.382683 0.923880
vn 0.000000 -0.000000 1.000000
vn 0.000000 -0.000000 1.000000
vn 0.000000 -0.000000 1.000000
vn 0.000000 -0.000000 1.000000
vn 0.000000 0.382685 0.923879
vn 0.000000 0.382685 0.923879
vn 0.000000 0.382685 0.923879
vn 0.000000 0.382685 0.923879
vn 0.000000 0.707108 0.707106
vn 0.000000 0.707108 0.707106
vn 0.000000 0.707108 0.707106
vn 0.000000 0.707108 0.707106
vn 0.000000 0.923879 0.382684
vn 0.000000 0.923880 0.382684
vn 0.000000 0.923879 0.382684
vn 0.000000 0.923880 0.382684
vn -0.000000 1.000000 -0.000001
vn -0.000000 1.000000 -0.000001
vn -0.000000 1.000000 -0.000001
vn -0.000000 1.000000 -0.000001
vn -0.000000 0.923879 -0.382684
vn -0.000000 0.923879 -0.382684
vn -0.000000 0.923879 -0.382684
vn -0.000000 0.923879 -0.382684
vn -0.000000 0.707106 -0.707107
vn -0.000000 0.707106 -0.707107
vn 1.000000 0.000000 0.000000
vn 1.000000 0.000000 0.000000
vn 1.000000 0.000000 0.000000
vn 1.000000 0.000000 0.000000
vn 1.000000 0.000000 0.000000
vn 1.000000 0.000000 0.000000
vn 1.000000 0.000000 0.000000
vn 1.000000 0.000000 0.000000
vn 1.000000 0.000000 0.000000
vn 1.000000 0.000000 0.000000
vn 1.000000 0.000000 0.000000
vn 1.000000 0.000000 0.000000
vn 1.000000 0.000000 0.000000
vn 1.000000 0.000000 0.000000
vn 1.000000 0.000000 0.000000
vn 1.000000 0.000000 0.000000
vn -0.000000 0.707106 -0.707107
vn -0.000000 0.707106 -0.707107
vn -0.000000 0.382682 -0.923880
vn -0.000000 0.382682 -0.923880
vn -0.000000 0.382682 -0.923880
vn -0.000000 0.382682 -0.923880
vn 0.000000 0.000000 -1.000000
vn 0.000000 0.000000 -1.000000
vn -0.392423 -0.351990 -0.849769
vn -0.392424 -0.650388 -0.650383
vn -0.392423 -0.351991 -0.849769
vn -0.392424 -0.650388 -0.650383
vn -1.000000 -0.000003 0.000000
vn -1.000000 0.000000 0.000000
vn -1.000000 -0.000003 0.000000
vn -1.000000 0.000000 0.000000
vn -1.000000 -0.000000 0.000000
vn -1.000000 -0.000003 0.000000
vn -1.000000 0.000000 0.000000
vn -1.000000 -0.000003 0.000000
vn -1.000000 0.000002 0.000000
vn -1.000000 -0.000000 0.000000
vn -1.000000 0.000002 0.000000
vn -1.000000 0.000000 0.000000
vn -1.000000 0.000000 0.000000
vn -1.000000 0.000002 0.000000
vn -1.000000 0.000000 0.000000
vn -1.000000 0.000002 0.000000
vn -1.000000 0.000002 0.000000
vn -1.000000 0.000000 0.000000
vn -1.000000 0.000002 0.000000
vn -1.000000 0.000000 0.000000
vn -1.000000 -0.000000 0.000000
vn -1.000000 0.000002 0.000000
vn -1.000000 0.000000 0.000000
vn -1.000000 0.000002 0.000000
vn -1.000000 -0.000003 0.000000
vn -1.000000 -0.000000 0.000000
vn -1.000000 -0.000003 0.000000
vn -1.000000 0.000000 0.000000
vn -1.000000 -0.000000 0.000000
vn -1.000000 -0.000003 0.000000
vn -1.000000 -0.000000 0.000000
vn -1.000000 -0.000003 0.000000
vn -1.000000 0.000003 0.000000
vn -1.000000 -0.000000 0.000000
vn -1.000000 0.000003 0.000000
vn -1.000000 -0.000000 0.000000
vn -1.000000 0.000002 0.000000
vn -1.000000 0.000003 0.000000
vn -1.000000 0.000002 0.000000
vn -1.000000 0.000003 0.000000
vn -1.000000 0.000000 0.000000
vn -1.000000 0.000002 0.000000
vn -1.000000 0.000000 0.000000
vn -1.000000 0.000002 0.000000
vn -1.000000 0.000000 0.000000
vn -1.000000 0.000000 0.000000
vn -1.000000 0.000000 0.000000
vn -1.000000 0.000000 0.000000
vn -1.000000 -0.000002 0.000000
vn -1.000000 0.000000 0.000000
vn -1.000000 -0.000002 0.000000
vn -1.000000 0.000000 0.000000
vn -1.000000 0.000000 0.000000
vn -1.000000 -0.000002 0.000000
vn -1.000000 -0.000000 0.000000
vn -1.000000 -0.000002 0.000000
vn -1.000000 0.000003 0.000000
vn -1.000000 0.000000 0.000000
vn -1.000000 0.000003 0.000000
vn -1.000000 -0.000000 0.000000
vn -1.000000 0.000000 0.000000
vn -1.000000 0.000003 0.000000
vn -1.000000 0.000000 0.000000
vn -1.000000 0.000003 0.000000
vn -1.000000 -0.000001 0.000000
vn -1.000000 -0.000001 0.000000
vn -1.000000 -0.000001 0.000000
vn -1.000000 -0.000001 0.000000
vn -1.000000 -0.000001 0.000000
vn -1.000000 -0.000001 0.000000
vn -1.000000 -0.000001 0.000000
vn -1.000000 -0.000001 0.000000
vn -1.000000 -0.000001 0.000000
vn -1.000000 -0.000001 0.000000
vn -1.000000 -0.000001 0.000000
vn -1.000000 -0.000001 0.000000
vn -1.000000 -0.000001 0.000000
vn -1.000000 -0.000001 0.000000
vn -1.000000 -0.000001 0.000000
vn -1.000000 -0.000001 0.000000
vn -0.392439 0.650378 0.650384
vn -0.392438 0.849763 0.351988
vn -0.392439 0.650379 0.650384
vn -0.392438 0.849763 0.351987
vn -0.392424 -0.650388 -0.650383
vn -0.392428 -0.849770 -0.351982
vn -0.392424 -0.650388 -0.650383
vn -0.392428 -0.849769 -0.351985
vn -0.392438 0.849763 0.351988
vn -0.392430 0.919782 0.000001
vn -0.392438 0.849763 0.351987
vn -0.392430 0.919782 -0.000002
vn -0.392428 -0.849770 -0.351982
vn -0.392432 -0.919781 0.000002
vn -0.392428 -0.849769 -0.351985
vn -0.392432 -0.919781 -0.000001
vn -0.392430 0.919782 0.000001
vn -0.392427 0.849769 -0.351985
vn -0.392430 0.919782 -0.000002
vn -0.392427 0.849768 -0.351988
vn -0.392432 -0.919781 0.000002
vn -0.392438 -0.849763 0.351988
vn -0.392432 -0.919781 -0.000001
vn -0.392438 -0.849763 0.351987
vn -0.392427 0.849769 -0.351985
vn -0.392427 0.650386 -0.650384
vn -0.392427 0.849768 -0.351988
vn -0.392427 0.650385 -0.650385
vn -0.392438 -0.849763 0.351988
vn -0.392437 -0.650376 0.650387
vn -0.392438 -0.849763 0.351987
vn -0.392437 -0.650378 0.650386
vn -0.392427 0.650386 -0.650384
vn -0.392423 0.351987 -0.849770
vn -0.392427 0.650385 -0.650385
vn -0.392423 0.351987 -0.849770
vn -0.392437 -0.650376 0.650387
vn -0.392435 -0.351983 0.849766
vn -0.392437 -0.650378 0.650386
vn -0.392435 -0.351984 0.849766
vn -0.392423 0.351987 -0.849770
vn -0.392423 0.000000 -0.919785
vn -0.392423 0.351987 -0.849770
vn -0.392423 0.000000 -0.919785
vn -0.392433 -0.000002 0.919781
vn -0.392434 0.351983 0.849767
vn -0.392433 -0.000002 0.919781
vn -0.392434 0.351984 0.849767
vn -0.392435 -0.351983 0.849766
vn -0.392433 -0.000002 0.919781
vn -0.392435 -0.351984 0.849766
vn -0.392433 -0.000002 0.919781
vn -0.392423 0.000000 -0.919785
vn -0.392423 -0.351990 -0.849769
vn -0.392423 0.000000 -0.919785
vn -0.392423 -0.351991 -0.849769
vn -0.392434 0.351983 0.849767
vn -0.392439 0.650378 0.650384
vn -0.392434 0.351984 0.849767
vn -0.392439 0.650379 0.650384
vn -1.000000 0.000000 0.000000
vn -1.000000 0.000000 0.000000
vn -0.978865 0.000000 0.204506
vn -0.978865 0.000000 0.204506
vn 0.978865 -0.000000 -0.204506
vn 0.978865 -0.000000 -0.204506
vn 0.978865 -0.000001 -0.204506
vn 0.978865 -0.000001 -0.204506
vn 0.978865 -0.000000 -0.204506
vn 0.978865 -0.000000 -0.204506
vn 1.000000 0.000000 0.000000
vn 1.000000 0.000000 0.000000
vn 0.000001 0.000000 1.000000
vn 0.000000 0.000000 1.000000
vn 0.000001 0.000000 1.000000
vn 0.000000 0.000000 1.000000
vn 0.000000 -1.000000 0.000000
vn 0.000000 -1.000000 0.000000
vn 0.000000 -1.000000 0.000000
vn 0.000000 -1.000000 0.000000
vn -0.999379 0.035248 0.000000
vn -0.999379 0.035248 0.000000
vn -0.999925 0.012227 0.000000
vn -0.999845 0.017627 0.000000
vn 0.978865 -0.000001 -0.204506
vn 0.978865 -0.000001 -0.204506
vn 1.000000 -0.000000 0.000000
vn 1.000000 -0.000000 0.000000
vn 0.000000 -1.000000 0.000000
vn 0.000000 -1.000000 0.000000
vn 0.000000 -1.000000 0.000000
vn 0.000000 -1.000000 0.000000
vn 0.000000 1.000000 0.000000
vn 0.000000 1.000000 0.000000
vn 0.000000 1.000000 0.000000
vn 0.000000 1.000000 0.000000
vn -0.978865 0.000000 0.204506
vn -0.978865 0.000000 0.204506
vn -0.978865 0.000002 0.204506
vn -0.978865 0.000002 0.204506
vn 0.000000 -1.000000 0.000000
vn 0.000000 -1.000000 0.000000
vn 0.000000 -1.000000 0.000000
vn 0.000000 -1.000000 0.000000
vn 0.000000 1.000000 0.000000
vn 0.000000 1.000000 0.000000
vn 0.000000 1.000000 0.000000
vn 0.000000 1.000000 0.000000
vn -0.978865 0.000002 0.204506
vn -0.978865 0.000002 0.204506
vn -1.000000 0.000002 0.000000
vn -1.000000 0.000002 0.000000
vn -0.999925 0.012227 0.000000
vn -0.999845 0.017627 0.000000
vn -1.000000 0.000000 0.000000
vn -1.000000 0.000000 0.000000
vn 0.000000 0.000000 1.000000
vn 0.000000 0.000000 1.000000
vn 0.000000 0.000000 1.000000
vn 0.000000 0.000000 1.000000
vn 0.000000 -0.000000 -1.000000
vn 0.000000 -0.000000 -1.000000
vn 0.000000 -0.000000 -1.000000
vn 0.000000 -0.000000 -1.000000
vn 0.999379 -0.035248 0.000000
vn 0.999379 -0.035248 0.000000
vn 0.999845 -0.017627 0.000000
vn 0.999925 -0.012227 0.000000
vn 0.000000 0.995796 0.091601
vn 0.000000 0.995796 0.091601
vn 0.000000 1.000000 0.000000
vn 0.000000 1.000000 0.000000
vn 0.000000 0.000000 1.000000
vn 0.000000 0.000000 1.000000
vn 0.000000 0.000000 1.000000
vn 0.000000 0.000000 1.000000
vn 0.000000 0.995796 0.091601
vn 0.000000 0.995796 0.091601
vn 0.000000 0.995796 0.091601
vn 0.000000 0.995796 0.091601
vn 0.999845 -0.017627 0.000000
vn 0.999925 -0.012227 0.000000
vn 1.000000 0.000000 0.000000
vn 1.000000 -0.000000 0.000000
vn -1.000000 -0.000001 0.000000
vn -1.000000 -0.000001 0.000000
vn -1.000000 -0.000003 0.000000
vn -1.000000 -0.000003 0.000000
vn -0.000000 -0.983218 -0.182432
vn -0.000000 -0.983218 -0.182432
vn -0.000000 -0.995796 -0.091601
vn -0.000000 -0.995796 -0.091601
vn 0.999925 -0.012227 0.000000
vn 1.000000 -0.000000 0.000000
vn 1.000000 -0.000000 0.000000
vn 1.000000 -0.000000 0.000000
vn -0.999925 0.012227 0.000000
vn -1.000000 0.000000 0.000000
vn -1.000000 -0.000001 0.000000
vn -1.000000 -0.000001 0.000000
vn -0.000000 -0.995796 -0.091601
vn -0.000000 -0.995796 -0.091601
vn 0.000000 -1.000000 0.000000
vn 0.000000 -1.000000 0.000000
vn 1.000000 -0.000000 0.000000
vn 1.000000 -0.000000 0.000000
vn 1.000000 0.000000 0.000000
vn 1.000000 0.000000 0.000000
vn 0.000000 0.995796 0.091601
vn 0.000000 0.995796 0.091601
vn 0.000000 1.000000 0.000000
vn 0.000000 1.000000 0.000000
vn 0.722377 0.691500 0.000000
vn 0.722377 0.691500 0.000000
vn 0.722377 0.691500 0.000000
vn 0.722377 0.691500 0.000000
vn 0.000000 -0.000000 -1.000000
vn 0.000000 -0.000000 -1.000000
vn 0.000000 -0.000000 -1.000000
vn 0.000000 -0.000000 -1.000000
vn 0.000000 0.000000 1.000000
vn 0.000000 0.000000 1.000000
vn 0.000000 0.000000 1.000000
vn 0.000000 0.000000 1.000000
vn -0.722377 -0.691499 0.000000
vn -0.722377 -0.691499 0.000000
vn -0.722377 -0.691499 0.000000
vn -0.722377 -0.691499 0.000000
vn -0.941903 0.335886 0.000001
vn -0.941903 0.335886 0.000001
vn -0.941054 0.335583 0.042440
vn -0.941086 0.335594 0.041639
vn 0.000000 1.000000 -0.000000
vn 0.000000 1.000000 -0.000000
vn 0.000000 1.000000 -0.000000
vn 0.000000 1.000000 -0.000000
vn 0.943960 0.323283 -0.066544
vn 0.907358 0.420358 -0.000001
vn 0.997693 0.000000 -0.067892
vn 0.907358 0.420358 -0.000001
vn 0.000000 0.389848 0.920879
vn 0.000000 0.389848 0.920879
vn 0.000000 0.389848 0.920879
vn 0.000000 0.389848 0.920879
vn 0.000000 -1.000000 0.000000
vn 0.000000 -1.000000 0.000000
vn 0.000000 -1.000000 0.000000
vn 0.000000 -1.000000 0.000000
vn 0.000000 1.000000 -0.000000
vn 0.000000 1.000000 -0.000000
vn 0.000000 1.000000 0.000000
vn 0.000000 1.000000 0.000000
vn 0.000000 -1.000000 0.000000
vn 0.000000 -1.000000 0.000000
vn 0.000000 -1.000000 0.000000
vn 0.000000 -1.000000 0.000000
vn -0.941086 0.335594 0.041639
vn -0.933147 0.332763 0.136037
vn -0.941054 0.335583 0.042440
vn -0.932709 0.332607 0.139381
vn 0.997693 0.000000 -0.067892
vn 0.943960 -0.323282 -0.066544
vn 0.985668 0.000000 -0.168698
vn 0.979394 -0.112647 -0.167625
vn 0.000000 -1.000000 0.000000
vn 0.000000 -1.000000 0.000000
vn 0.000000 -1.000000 0.000000
vn 0.000000 -1.000000 0.000000
vn 0.000000 1.000000 0.000000
vn 0.000000 1.000000 0.000000
vn 0.000000 1.000000 0.000000
vn 0.000000 1.000000 0.000000
vn 0.000000 1.000000 -0.000000
vn 0.000000 1.000000 0.000000
vn 0.000000 1.000000 -0.000000
vn 0.000000 1.000000 0.000000
vn -0.933147 0.332763 0.136037
vn -0.916993 0.327003 0.228456
vn -0.932709 0.332607 0.139381
vn -0.916078 0.326677 0.232559
vn 0.985668 0.000000 -0.168698
vn 0.979394 -0.112647 -0.167625
vn 0.969807 0.000000 -0.243875
vn 0.969807 0.000000 -0.243875
vn -0.916993 0.327003 0.228456
vn -0.932612 0.332572 0.140110
vn -0.916078 0.326677 0.232559
vn -0.933686 0.332955 0.131798
vn 0.969807 0.000000 -0.243875
vn 0.969807 0.000000 -0.243875
vn 0.989581 0.000001 -0.143974
vn 0.989581 -0.000000 -0.143974
vn 0.000000 -1.000000 0.000000
vn 0.000000 -1.000000 0.000000
vn 0.000000 -1.000000 0.000000
vn 0.000000 -1.000000 0.000000
vn 0.000000 1.000000 0.000000
vn 0.000000 1.000000 0.000000
vn 0.000000 1.000000 0.000000
vn 0.000000 1.000000 0.000000
vn -0.933686 0.332955 0.131798
vn -0.932612 0.332572 0.140110
vn -0.941903 0.335885 0.000000
vn -0.941903 0.335885 0.000000
vn 0.989581 0.000001 -0.143974
vn 0.989581 -0.000000 -0.143974
vn 1.000000 0.000001 0.000000
vn 1.000000 -0.000000 0.000000
vn 0.000000 -1.000000 0.000000
vn 0.000000 -1.000000 0.000000
vn 0.000000 -1.000000 0.000000
vn 0.000000 -1.000000 0.000000
vn 0.989581 0.000001 -0.143974
vn 0.989581 0.000001 -0.143974
vn 1.000000 0.000002 0.000000
vn 1.000000 0.000001 0.000000
vn -0.932612 -0.332572 0.140110
vn -0.933686 -0.332955 0.131798
vn -0.941903 -0.335885 0.000000
vn -0.941903 -0.335885 0.000000
vn 0.969807 0.000000 -0.243875
vn 0.969807 0.000000 -0.243875
vn 0.989581 0.000001 -0.143974
vn 0.989581 0.000001 -0.143974
vn -0.916994 -0.327002 0.228456
vn -0.916078 -0.326675 0.232559
vn -0.932612 -0.332572 0.140110
vn -0.933686 -0.332955 0.131798
vn 0.979394 0.112647 -0.167625
vn 0.985668 0.000000 -0.168698
vn 0.969807 0.000000 -0.243875
vn 0.969807 0.000000 -0.243875
vn -0.933147 -0.332762 0.136037
vn -0.932709 -0.332606 0.139381
vn -0.916994 -0.327002 0.228456
vn -0.916078 -0.326675 0.232559
vn 0.997693 0.000000 -0.067892
vn 0.985668 0.000000 -0.168698
vn 0.943960 0.323283 -0.066544
vn 0.979394 0.112647 -0.167625
vn -0.941086 -0.335594 0.041639
vn -0.941054 -0.335582 0.042440
vn -0.933147 -0.332762 0.136037
vn -0.932709 -0.332606 0.139381
vn 0.000000 -0.389847 0.920879
vn 0.000000 -0.389847 0.920879
vn 0.000000 -0.389847 0.920879
vn 0.000000 -0.389847 0.920879
vn 0.943960 -0.323282 -0.066544
vn 0.997693 0.000000 -0.067892
vn 0.907359 -0.420358 -0.000001
vn 0.907359 -0.420358 -0.000001
vn -0.941903 -0.335885 0.000001
vn -0.941054 -0.335582 0.042440
vn -0.941903 -0.335885 0.000001
vn -0.941086 -0.335594 0.041639
vn -1.000000 0.000000 0.000000
vn -1.000000 0.000001 0.000000
vn -1.000000 0.000000 0.000000
vn -1.000000 0.000000 0.000000
vn 1.000000 -0.000000 -0.000000
vn 0.986204 -0.165536 0.000000
vn 1.000000 -0.000000 -0.000553
vn 0.986306 -0.164924 -0.000316
vn 1.000000 -0.000000 -0.000000
vn 0.986203 0.165538 -0.000000
vn 0.993452 -0.000000 0.114250
vn 0.985934 0.115466 0.120834
vn 0.000001 0.280741 0.959784
vn 0.000001 0.280741 0.959784
vn 0.000001 0.280741 0.959784
vn 0.000001 0.280741 0.959784
vn 0.000000 -1.000000 0.000000
vn 0.000000 -1.000000 0.000000
vn 0.000000 -1.000000 0.000001
vn 0.000000 -1.000000 0.000001
vn -0.000000 1.000000 -0.000000
vn -0.000000 1.000000 -0.000000
vn -0.000000 1.000000 -0.000000
vn -0.000000 1.000000 -0.000000
vn 1.000000 -0.000000 -0.000553
vn 0.986306 -0.164924 -0.000316
vn 0.995934 -0.000000 -0.090088
vn 0.987973 -0.124776 -0.091326
vn 0.000000 -1.000000 0.000000
vn 0.000000 -1.000000 0.000000
vn 0.000000 -1.000000 0.000000
vn 0.000000 -1.000000 0.000000
vn -0.000000 1.000000 -0.000000
vn -0.000000 1.000000 -0.000000
vn 0.000000 1.000000 0.000000
vn 0.000000 1.000000 0.000000
vn -1.000000 0.000000 0.000000
vn -1.000000 0.000000 0.000000
vn -1.000000 0.000000 0.000000
vn -1.000000 -0.000000 0.000000
vn -0.000000 0.440463 -0.897771
vn -0.000000 0.440463 -0.897771
vn -0.000000 0.440463 -0.897771
vn -0.000000 0.440463 -0.897771
vn 0.000000 -1.000000 0.000000
vn 0.000000 -1.000000 0.000000
vn 0.000000 -1.000000 0.000000
vn 0.000000 -1.000000 0.000000
vn 0.000000 1.000000 0.000000
vn 0.000000 1.000000 0.000000
vn 0.000000 1.000000 0.000000
vn 0.000000 1.000000 0.000000
vn -1.000000 -0.000000 0.000000
vn -1.000000 -0.000001 0.000000
vn -1.000000 0.000000 0.000000
vn -1.000000 0.000000 0.000000
vn 0.986204 -0.165536 0.000000
vn 0.985935 -0.115463 0.120834
vn 0.993342 -0.115199 0.000000
vn 0.992334 -0.100976 0.071260
vn 0.986203 0.165538 -0.000000
vn 0.993342 0.115205 -0.000000
vn 0.985934 0.115466 0.120834
vn 0.992333 0.100984 0.071260
vn 0.993452 -0.000000 0.114250
vn 0.985934 0.115466 0.120834
vn 0.967995 -0.000000 0.250969
vn 0.986306 -0.164924 -0.000316
vn 0.986204 -0.165536 0.000000
vn 0.993390 -0.114787 -0.000057
vn 0.993342 -0.115199 0.000000
vn 0.986306 0.164924 -0.000316
vn 0.993390 0.114787 -0.000057
vn 0.986203 0.165538 -0.000000
vn 0.993342 0.115205 -0.000000
vn 0.995934 -0.000000 -0.090088
vn 0.987973 -0.124776 -0.091326
vn 0.982277 0.000001 -0.187435
vn 0.986306 -0.164924 -0.000316
vn 0.993390 -0.114787 -0.000057
vn 0.987973 -0.124776 -0.091326
vn 0.992620 -0.103280 -0.063558
vn 0.986306 0.164924 -0.000316
vn 0.987973 0.124777 -0.091326
vn 0.993390 0.114787 -0.000057
vn 0.992619 0.103282 -0.063558
vn 0.987973 0.124777 -0.091326
vn 0.995934 -0.000000 -0.090088
vn 0.982277 0.000001 -0.187435
vn 0.967995 -0.000000 0.250969
vn 0.975507 -0.000000 0.219967
vn 0.985935 -0.115463 0.120834
vn 0.992334 -0.100976 0.071260
vn -1.000000 0.000000 0.000000
vn -1.000000 0.000000 0.000000
vn -1.000000 0.000001 0.000000
vn -1.000000 0.000000 0.000000
vn -0.000000 -0.440464 -0.897770
vn -0.000000 -0.440464 -0.897770
vn -0.000000 -0.440464 -0.897770
vn -0.000000 -0.440464 -0.897770
vn -1.000000 0.000000 0.000000
vn -1.000000 0.000000 0.000000
vn -1.000000 0.000000 0.000000
vn -1.000000 0.000000 0.000000
vn 1.000000 -0.000000 -0.000553
vn 0.995934 -0.000000 -0.090088
vn 0.986306 0.164924 -0.000316
vn 0.987973 0.124777 -0.091326
vn 0.000001 -0.280741 0.959784
vn 0.000001 -0.280741 0.959784
vn 0.000001 -0.280741 0.959784
vn 0.000001 -0.280741 0.959784
vn 1.000000 -0.000000 -0.000000
vn 0.993452 -0.000000 0.114250
vn 0.986204 -0.165536 0.000000
vn 0.985935 -0.115463 0.120834
vn 1.000000 -0.000000 -0.000000
vn 1.000000 -0.000000 -0.000553
vn 0.986203 0.165538 -0.000000
vn 0.986306 0.164924 -0.000316
vn -1.000000 0.000000 0.000000
vn -1.000000 0.000000 0.000000
vn -1.000000 0.000000 0.000000
vn -1.000000 0.000000 0.000000
vn 0.210491 -0.958328 0.193135
vn 0.320619 -0.870876 0.372530
vn 0.259285 -0.936912 0.234449
vn 0.248019 -0.891865 0.378237
vn 0.656674 0.072534 0.750678
vn 0.647904 0.105849 0.754332
vn 0.656674 0.072534 0.750678
vn 0.647148 0.108584 0.754592
vn 0.000304 -0.006938 0.999976
vn 0.003389 -0.024591 0.999692
vn 0.006946 -0.051337 0.998657
vn 0.155330 -0.889822 0.429056
vn 0.170713 -0.962416 0.211218
vn 0.155326 -0.866840 0.473775
vn 0.190303 -0.962942 0.191121
vn 0.259285 -0.936912 0.234449
vn 0.248019 -0.891865 0.378237
vn 0.146216 -0.969707 0.195674
vn 0.137606 -0.913558 0.382723
vn 0.005739 -0.037435 0.999283
vn 0.002955 -0.019274 0.999810
vn 0.005739 -0.037435 0.999283
vn 0.002826 -0.018433 0.999826
vn 0.000000 0.000000 1.000000
vn 0.000000 0.000000 1.000000
vn 0.002955 -0.019274 0.999810
vn 0.002826 -0.018433 0.999826
vn 0.000597 -0.983195 0.182555
vn -0.000685 -0.983089 0.183126
vn 0.000507 -0.933301 0.359094
vn -0.000429 -0.932870 0.360212
vn 0.000000 0.000000 1.000000
vn 0.001088 -0.005743 0.999983
vn 0.000000 0.000000 1.000000
vn 0.000543 -0.002868 0.999996
vn 0.000000 0.000000 1.000000
vn 0.000001 0.000000 1.000000
vn 0.000000 0.000000 1.000000
vn 0.000001 0.000000 1.000000
vn 0.006930 -0.931615 0.363381
vn 0.007062 -0.982032 0.188583
vn 0.102207 -0.927336 0.360001
vn 0.098392 -0.970887 0.218397
vn -0.128491 -0.963565 0.234589
vn 0.001570 -0.980506 0.196485
vn -0.115957 -0.918527 0.377972
vn 0.006446 -0.925861 0.377809
vn 0.025350 -0.052508 0.998299
vn 0.025350 -0.052508 0.998299
vn 0.013824 -0.028636 0.999494
vn 0.011347 -0.023505 0.999659
vn -0.000685 -0.983089 0.183126
vn -0.061671 -0.980038 0.189005
vn -0.000429 -0.932870 0.360212
vn -0.203470 -0.907163 0.368314
vn 0.001088 -0.005743 0.999983
vn 0.002175 -0.011482 0.999932
vn 0.000543 -0.002868 0.999996
vn 0.001026 -0.005418 0.999985
vn 0.000000 0.000000 1.000000
vn 0.000000 0.000001 1.000000
vn 0.000000 0.000000 1.000000
vn 0.000000 0.000000 1.000000
vn 0.000507 -0.933301 0.359094
vn 0.143903 -0.923295 0.356114
vn 0.000597 -0.983195 0.182555
vn 0.055490 -0.981444 0.183545
vn 0.000662 -1.000000 0.000056
vn -0.000912 -1.000000 0.000039
vn 0.000597 -0.983195 0.182555
vn -0.000685 -0.983089 0.183126
vn -0.004543 -0.986154 0.165770
vn -0.003641 -0.980007 0.198931
vn -0.003677 -0.924013 0.382344
vn -0.003677 -0.924013 0.382344
vn -0.002560 -0.596828 0.802365
vn -0.002560 -0.596828 0.802365
vn -0.002560 -0.596828 0.802365
vn -0.002560 -0.596828 0.802365
vn -0.019774 -0.983301 0.180912
vn -0.019640 -0.983777 0.178318
vn -0.028923 -0.799647 0.599773
vn -0.028648 -0.780858 0.624051
vn -0.028923 -0.799647 0.599773
vn -0.028648 -0.780858 0.624051
vn -0.025552 -0.607994 0.793530
vn -0.025552 -0.607994 0.793530
vn -0.706548 0.183657 0.683418
vn -0.724328 0.158051 0.671095
vn -0.833057 -0.053893 0.550556
vn -0.851846 -0.112544 0.511559
vn -0.918300 0.395885 0.000001
vn -0.918300 0.395885 0.000001
vn -0.999963 -0.000000 -0.008583
vn -0.952401 0.304739 -0.008209
vn -0.000000 1.000000 0.000000
vn -0.000000 1.000000 0.000000
vn -0.000000 1.000000 0.000000
vn -0.000000 1.000000 0.000000
vn 0.795630 0.605566 0.016204
vn 0.795737 0.605643 -0.000001
vn 0.795627 0.605563 0.016463
vn 0.795737 0.605643 -0.000001
vn 0.000001 0.501570 0.865117
vn 0.000001 0.501570 0.865117
vn 0.000001 0.501570 0.865117
vn 0.000001 0.501570 0.865117
vn 0.000000 -1.000000 0.000000
vn 0.000000 -1.000000 0.000000
vn 0.000000 -1.000000 0.000000
vn 0.000000 -1.000000 0.000000
vn -0.000000 1.000000 0.000000
vn -0.000000 1.000000 0.000000
vn 0.000000 1.000000 0.000000
vn 0.000000 1.000000 0.000000
vn -0.999963 -0.000000 -0.008583
vn -0.952401 0.304739 -0.008209
vn -0.999860 -0.000000 -0.016715
vn -0.977417 0.210686 -0.016340
vn 0.795630 -0.605566 0.016204
vn 0.795308 -0.605324 0.032666
vn 0.795627 -0.605563 0.016463
vn 0.795308 -0.605324 0.032666
vn 0.000000 -1.000000 0.000000
vn 0.000000 -1.000000 0.000000
vn 0.000000 -1.000000 0.000000
vn 0.000000 -1.000000 0.000000
vn 0.795630 0.605566 0.016204
vn 0.795627 0.605563 0.016463
vn 0.795308 0.605325 0.032666
vn 0.795308 0.605325 0.032666
vn -0.999963 -0.000000 -0.008583
vn -0.999860 -0.000000 -0.016715
vn -0.952401 -0.304739 -0.008209
vn -0.977417 -0.210687 -0.016340
vn 0.000001 -0.501570 0.865117
vn 0.000001 -0.501570 0.865117
vn 0.000001 -0.501570 0.865117
vn 0.000001 -0.501570 0.865117
vn 0.795630 -0.605566 0.016204
vn 0.795627 -0.605563 0.016463
vn 0.795737 -0.605643 -0.000001
vn 0.795737 -0.605643 -0.000001
vn -0.918300 -0.395885 0.000001
vn -0.999963 -0.000000 -0.008583
vn -0.918300 -0.395885 0.000001
vn -0.952401 -0.304739 -0.008209
vn 0.000000 0.000000 -1.000000
vn 0.000000 0.000000 -1.000000
vn 0.000000 0.000000 -1.000000
vn 0.000000 0.000000 -1.000000
vn -0.645124 0.000000 -0.764078
vn -0.645124 0.000000 -0.764078
vn -0.645124 0.000000 -0.764078
vn -0.645124 0.000000 -0.764078
vn 1.000000 0.000000 0.000000
vn 1.000000 0.000000 0.000000
vn 1.000000 0.000000 0.000000
vn 1.000000 0.000000 0.000000
vn 0.645123 0.000000 0.764079
vn 0.645123 0.000000 0.764079
vn 0.645123 0.000000 0.764079
vn 0.645123 0.000000 0.764079
vn 0.000000 -1.000000 0.000000
vn 0.000000 -1.000000 0.000000
vn 0.000000 -1.000000 0.000000
vn 0.000000 -1.000000 0.000000
vn 0.000000 1.000000 0.000000
vn 0.000000 1.000000 0.000000
vn 0.000000 1.000000 0.000000
vn 0.000000 1.000000 0.000000
vn 0.000000 1.000000 0.000000
vn 0.000000 1.000000 0.000000
vn 0.000000 1.000000 0.000000
vn 0.000000 1.000000 0.000000
vn 0.000000 0.000000 1.000000
vn 0.000000 0.000000 1.000000
vn 0.000000 0.000000 1.000000
vn 0.000000 0.000000 1.000000
vn 0.000000 1.000000 0.000000
vn 0.000000 1.000000 0.000000
vn 0.000000 1.000000 0.000000
vn 0.000000 1.000000 0.000000
vn 0.000000 -1.000000 0.000000
vn 0.000000 -1.000000 0.000000
vn 0.000000 -1.000000 0.000000
vn 0.000000 -1.000000 0.000000
vn -1.000000 0.000000 0.000000
vn -1.000000 0.000000 0.000000
vn -1.000000 0.000000 0.000000
vn -1.000000 0.000000 0.000000
vn 0.000000 -1.000000 0.000000
vn 0.000000 -1.000000 0.000000
vn 0.000000 -1.000000 0.000000
vn 0.000000 -1.000000 0.000000
vn 0.682053 0.000000 -0.731303
vn 0.682053 0.000000 -0.731303
vn 0.682053 0.000000 -0.731303
vn 0.682053 0.000000 -0.731303
vn -0.682053 0.000000 0.731303
vn -0.682053 0.000000 0.731303
vn -0.682053 0.000000 0.731303
vn -0.682053 0.000000 0.731303
vn 0.000000 -0.000000 -1.000000
vn 0.000000 -0.000000 -1.000000
vn 0.000000 -0.382683 -0.923880
vn 0.000000 -0.382683 -0.923880
vn 0.000000 -0.382683 -0.923880
vn 0.000000 -0.382683 -0.923880
vn 0.000000 -0.707109 -0.707105
vn 0.000000 -0.707109 -0.707105
vn 0.000000 -0.707109 -0.707105
vn 0.000000 -0.707109 -0.707105
vn 0.000000 -0.923880 -0.382683
vn 0.000000 -0.923880 -0.382683
vn 0.000000 -0.923880 -0.382683
vn 0.000000 -0.923880 -0.382683
vn 0.000000 -1.000000 -0.000000
vn 0.000000 -1.000000 -0.000000
vn 0.000000 -1.000000 -0.000000
vn 0.000000 -1.000000 -0.000000
vn 0.000000 -0.923879 0.382685
vn 0.000000 -0.923879 0.382685
vn 0.000000 -0.923879 0.382685
vn 0.000000 -0.923879 0.382685
vn 0.000000 -0.707108 0.707106
vn 0.000000 -0.707108 0.707106
vn 0.000000 -0.707108 0.707106
vn 0.000000 -0.707108 0.707106
vn 0.000000 -0.382686 0.923878
vn 0.000000 -0.382686 0.923878
vn 0.000000 -0.382686 0.923878
vn 0.000000 -0.382686 0.923878
vn 0.000000 -0.000000 1.000000
vn 0.000000 -0.000000 1.000000
vn 0.000000 -0.000000 1.000000
vn 0.000000 -0.000000 1.000000
vn 0.000000 0.382685 0.923879
vn 0.000000 0.382685 0.923879
vn 0.000000 0.382685 0.923879
vn 0.000000 0.382685 0.923879
vn 0.000000 0.707106 0.707107
vn 0.000000 0.707106 0.707107
vn 0.000000 0.707106 0.707107
vn 0.000000 0.707106 0.707107
vn 0.000000 0.923879 0.382685
vn 0.000000 0.923879 0.382685
vn 0.000000 0.923879 0.382685
vn 0.000000 0.923879 0.382685
vn 0.000000 1.000000 -0.000000
vn 0.000000 1.000000 -0.000000
vn 0.000000 1.000000 -0.000000
vn 0.000000 1.000000 -0.000000
vn 0.000000 0.923880 -0.382683
vn 0.000000 0.923880 -0.382683
vn 0.000000 0.923880 -0.382683
vn 0.000000 0.923880 -0.382683
vn 0.000000 0.707108 -0.707106
vn 0.000000 0.707108 -0.707106
vn 1.000000 0.000002 0.000000
vn 1.000000 0.000002 0.000000
vn 1.000000 0.000002 0.000000
vn 1.000000 0.000002 0.000000
vn 1.000000 0.000002 0.000000
vn 1.000000 0.000002 0.000000
vn 1.000000 0.000002 0.000000
vn 1.000000 0.000002 0.000000
vn 1.000000 0.000002 0.000000
vn 1.000000 0.000002 0.000000
vn 1.000000 0.000002 0.000000
vn 1.000000 0.000002 0.000000
vn 1.000000 0.000002 0.000000
vn 1.000000 0.000002 0.000000
vn 1.000000 0.000002 0.000000
vn 1.000000 0.000002 0.000000
vn 0.000000 0.707108 -0.707106
vn 0.000000 0.707108 -0.707106
vn 0.000000 0.382682 -0.923880
vn 0.000000 0.382682 -0.923880
vn 0.000000 0.382682 -0.923880
vn 0.000000 0.382682 -0.923880
vn 0.000000 -0.000000 -1.000000
vn 0.000000 -0.000000 -1.000000
vn -0.449127 0.631771 0.631783
vn -0.449133 0.825455 0.341912
vn -0.449127 0.631771 0.631784
vn -0.449133 0.825455 0.341913
vn -0.817924 -0.220170 -0.531532
vn -0.817924 -0.000000 -0.575327
vn -0.817924 -0.220170 -0.531532
vn -0.817924 -0.000000 -0.575327
vn -0.817927 -0.406811 -0.406816
vn -0.817924 -0.220170 -0.531532
vn -0.817927 -0.406811 -0.406816
vn -0.817924 -0.220170 -0.531532
vn -0.817926 -0.531528 -0.220169
vn -0.817927 -0.406811 -0.406816
vn -0.817926 -0.531528 -0.220169
vn -0.817927 -0.406811 -0.406816
vn -0.817924 -0.575326 -0.000000
vn -0.817926 -0.531528 -0.220169
vn -0.817924 -0.575326 -0.000000
vn -0.817926 -0.531528 -0.220169
vn -0.817925 -0.531530 0.220168
vn -0.817924 -0.575326 -0.000000
vn -0.817925 -0.531530 0.220168
vn -0.817924 -0.575326 -0.000000
vn -0.817925 -0.406814 0.406818
vn -0.817925 -0.531530 0.220168
vn -0.817925 -0.406814 0.406818
vn -0.817925 -0.531530 0.220168
vn -0.817924 -0.220169 0.531533
vn -0.817925 -0.406814 0.406818
vn -0.817924 -0.220169 0.531533
vn -0.817925 -0.406814 0.406818
vn -0.817924 -0.000000 0.575327
vn -0.817924 -0.220169 0.531533
vn -0.817923 0.000000 0.575327
vn -0.817924 -0.220169 0.531533
vn -0.817924 0.220169 0.531532
vn -0.817924 -0.000000 0.575327
vn -0.817923 0.220169 0.531533
vn -0.817923 0.000000 0.575327
vn -0.817925 0.406814 0.406819
vn -0.817924 0.220169 0.531532
vn -0.817925 0.406814 0.406818
vn -0.817923 0.220169 0.531533
vn -0.817925 0.531530 0.220169
vn -0.817925 0.406814 0.406819
vn -0.817925 0.531530 0.220169
vn -0.817925 0.406814 0.406818
vn -0.817925 0.575325 -0.000000
vn -0.817925 0.531530 0.220169
vn -0.817925 0.575325 -0.000000
vn -0.817925 0.531530 0.220169
vn -0.817927 0.531527 -0.220169
vn -0.817925 0.575325 -0.000000
vn -0.817927 0.531527 -0.220169
vn -0.817925 0.575325 -0.000000
vn -0.817927 0.406812 -0.406817
vn -0.817927 0.531527 -0.220169
vn -0.817927 0.406812 -0.406817
vn -0.817927 0.531527 -0.220169
vn -0.817924 0.220172 -0.531530
vn -0.817927 0.406812 -0.406817
vn -0.817924 0.220172 -0.531530
vn -0.817927 0.406812 -0.406817
vn -0.817924 -0.000000 -0.575327
vn -0.817924 0.220172 -0.531530
vn -0.817924 -0.000000 -0.575327
vn -0.817924 0.220172 -0.531530
vn -0.765199 0.246368 0.594788
vn -0.765199 0.000007 0.643794
vn -0.765199 0.246368 0.594788
vn -0.765199 0.000007 0.643794
vn -0.765201 0.455228 0.455231
vn -0.765199 0.246368 0.594788
vn -0.765201 0.455227 0.455231
vn -0.765199 0.246368 0.594788
vn -0.765198 0.594789 0.246369
vn -0.765201 0.455228 0.455231
vn -0.765198 0.594789 0.246369
vn -0.765201 0.455227 0.455231
vn -0.765196 0.643797 0.000000
vn -0.765198 0.594789 0.246369
vn -0.765196 0.643797 0.000000
vn -0.765198 0.594789 0.246369
vn -0.765196 0.594792 -0.246368
vn -0.765196 0.643797 0.000000
vn -0.765196 0.594792 -0.246369
vn -0.765196 0.643797 0.000000
vn -0.765198 0.455233 -0.455230
vn -0.765196 0.594792 -0.246368
vn -0.765199 0.455233 -0.455229
vn -0.765196 0.594792 -0.246369
vn -0.765201 0.246364 -0.594787
vn -0.765198 0.455233 -0.455230
vn -0.765201 0.246364 -0.594787
vn -0.765199 0.455233 -0.455229
vn -0.765201 -0.000006 -0.643791
vn -0.765201 0.246364 -0.594787
vn -0.765201 -0.000006 -0.643791
vn -0.765201 0.246364 -0.594787
vn -0.765201 -0.246371 -0.594785
vn -0.765201 -0.000006 -0.643791
vn -0.765201 -0.246371 -0.594785
vn -0.765201 -0.000006 -0.643791
vn -0.765197 -0.455234 -0.455231
vn -0.765201 -0.246371 -0.594785
vn -0.765197 -0.455234 -0.455231
vn -0.765201 -0.246371 -0.594785
vn -0.765195 -0.594793 -0.246369
vn -0.765197 -0.455234 -0.455231
vn -0.765195 -0.594792 -0.246370
vn -0.765197 -0.455234 -0.455231
vn -0.765195 -0.643798 0.000000
vn -0.765195 -0.594793 -0.246369
vn -0.765195 -0.643798 0.000000
vn -0.765195 -0.594792 -0.246370
vn -0.765195 -0.594793 0.246370
vn -0.765195 -0.643798 0.000000
vn -0.765195 -0.594793 0.246369
vn -0.765195 -0.643798 0.000000
vn -0.765200 -0.455230 0.455230
vn -0.765195 -0.594793 0.246370
vn -0.765200 -0.455230 0.455231
vn -0.765195 -0.594793 0.246369
vn -0.765202 -0.246361 0.594787
vn -0.765200 -0.455230 0.455230
vn -0.765202 -0.246362 0.594787
vn -0.765200 -0.455230 0.455231
vn -0.765199 0.000007 0.643794
vn -0.765202 -0.246361 0.594787
vn -0.765199 0.000007 0.643794
vn -0.765202 -0.246362 0.594787
vn -1.000000 0.000004 0.000000
vn -1.000000 0.000004 0.000000
vn -1.000000 0.000004 0.000000
vn -1.000000 0.000004 0.000000
vn -1.000000 0.000004 0.000000
vn -1.000000 0.000004 0.000000
vn -1.000000 0.000004 0.000000
vn -1.000000 0.000004 0.000000
vn -1.000000 0.000004 0.000000
vn -1.000000 0.000004 0.000000
vn -1.000000 0.000004 0.000000
vn -1.000000 0.000004 0.000000
vn -1.000000 0.000004 0.000000
vn -1.000000 0.000004 0.000000
vn -1.000000 0.000004 0.000000
vn -1.000000 0.000004 0.000000
vn -0.449129 -0.825455 -0.341917
vn -0.449132 -0.893465 -0.000000
vn -0.449129 -0.825456 -0.341915
vn -0.449132 -0.893466 -0.000000
vn -0.449133 0.825455 0.341912
vn -0.449131 0.893466 -0.000000
vn -0.449133 0.825455 0.341913
vn -0.449131 0.893466 -0.000000
vn -0.449132 -0.893465 -0.000000
vn -0.449130 -0.825456 0.341913
vn -0.449132 -0.893466 -0.000000
vn -0.449130 -0.825456 0.341914
vn -0.449131 0.893466 -0.000000
vn -0.449134 0.825451 -0.341921
vn -0.449131 0.893466 -0.000000
vn -0.449134 0.825451 -0.341919
vn -0.449130 -0.825456 0.341913
vn -0.449127 -0.631773 0.631782
vn -0.449130 -0.825456 0.341914
vn -0.449127 -0.631773 0.631781
vn -0.449134 0.825451 -0.341921
vn -0.449130 0.631770 -0.631782
vn -0.449134 0.825451 -0.341919
vn -0.449130 0.631770 -0.631783
vn -0.449127 -0.631773 0.631782
vn -0.449125 -0.341908 0.825461
vn -0.449127 -0.631773 0.631781
vn -0.449125 -0.341908 0.825461
vn -0.449130 0.631770 -0.631782
vn -0.449132 0.341912 -0.825456
vn -0.449130 0.631770 -0.631783
vn -0.449132 0.341913 -0.825455
vn -0.449125 -0.341908 0.825461
vn -0.449123 0.000006 0.893470
vn -0.449125 -0.341908 0.825461
vn -0.449123 0.000007 0.893470
vn -0.449131 -0.000005 -0.893466
vn -0.449127 -0.341918 -0.825455
vn -0.449131 -0.000004 -0.893466
vn -0.449127 -0.341919 -0.825455
vn -0.449132 0.341912 -0.825456
vn -0.449131 -0.000005 -0.893466
vn -0.449132 0.341913 -0.825455
vn -0.449131 -0.000004 -0.893466
vn -0.449123 0.000006 0.893470
vn -0.449120 0.341912 0.825462
vn -0.449123 0.000007 0.893470
vn -0.449120 0.341912 0.825462
vn -0.449127 -0.341918 -0.825455
vn -0.449127 -0.631776 -0.631778
vn -0.449127 -0.341919 -0.825455
vn -0.449127 -0.631776 -0.631779
vn -0.449120 0.341912 0.825462
vn -0.449127 0.631771 0.631783
vn -0.449120 0.341912 0.825462
vn -0.449127 0.631771 0.631784
vn -0.449127 -0.631776 -0.631778
vn -0.449129 -0.825455 -0.341917
vn -0.449127 -0.631776 -0.631779
vn -0.449129 -0.825456 -0.341915
vn 0.000000 -0.000000 -1.000000
vn 0.000000 -0.000000 -1.000000
vn 0.000000 -0.382683 -0.923880
vn 0.000000 -0.382683 -0.923880
vn 0.000000 -0.382683 -0.923880
vn 0.000000 -0.382683 -0.923880
vn 0.000000 -0.707107 -0.707106
vn 0.000000 -0.707107 -0.707106
vn 0.000000 -0.707107 -0.707106
vn 0.000000 -0.707107 -0.707106
vn 0.000000 -0.923880 -0.382682
vn 0.000000 -0.923880 -0.382682
vn 0.000000 -0.923880 -0.382682
vn 0.000000 -0.923880 -0.382682
vn 0.000000 -1.000000 0.000000
vn 0.000000 -1.000000 0.000000
vn 0.000000 -1.000000 0.000000
vn 0.000000 -1.000000 0.000000
vn 0.000000 -0.923879 0.382685
vn 0.000000 -0.923879 0.382685
vn 0.000000 -0.923879 0.382685
vn 0.000000 -0.923879 0.382685
vn 0.000000 -0.707108 0.707106
vn 0.000000 -0.707108 0.707106
vn 0.000000 -0.707108 0.707106
vn 0.000000 -0.707108 0.707106
vn 0.000000 -0.382684 0.923879
vn 0.000000 -0.382684 0.923879
vn 0.000000 -0.382684 0.923879
vn 0.000000 -0.382684 0.923879
vn 0.000000 -0.000000 1.000000
vn 0.000000 -0.000000 1.000000
vn 0.000000 -0.000000 1.000000
vn 0.000000 -0.000000 1.000000
vn 0.000000 0.382684 0.923879
vn 0.000000 0.382684 0.923879
vn 0.000000 0.382684 0.923879
vn 0.000000 0.382684 0.923879
vn 0.000000 0.707106 0.707107
vn 0.000000 0.707106 0.707107
vn 0.000000 0.707106 0.707107
vn 0.000000 0.707106 0.707107
vn 0.000000 0.923879 0.382685
vn 0.000000 0.923879 0.382685
vn 0.000000 0.923879 0.382685
vn 0.000000 0.923879 0.382685
vn 0.000000 1.000000 0.000000
vn 0.000000 1.000000 0.000000
vn 0.000000 1.000000 0.000000
vn 0.000000 1.000000 0.000000
vn 0.000000 0.923880 -0.382682
vn 0.000000 0.923880 -0.382682
vn 0.000000 0.923880 -0.382682
vn 0.000000 0.923880 -0.382682
vn 0.000000 0.707106 -0.707107
vn 0.000000 0.707106 -0.707107
vn 1.000000 0.000001 0.000000
vn 1.000000 0.000001 0.000000
vn 1.000000 0.000001 0.000000
vn 1.000000 0.000001 0.000000
vn 1.000000 0.000001 0.000000
vn 1.000000 0.000001 0.000000
vn 1.000000 0.000001 0.000000
vn 1.000000 0.000001 0.000000
vn 1.000000 0.000001 0.000000
vn 1.000000 0.000001 0.000000
vn 1.000000 0.000001 0.000000
vn 1.000000 0.000001 0.000000
vn 1.000000 0.000001 0.000000
vn 1.000000 0.000001 0.000000
vn 1.000000 0.000001 0.000000
vn 1.000000 0.000001 0.000000
vn 0.000000 0.707106 -0.707107
vn 0.000000 0.707106 -0.707107
vn 0.000000 0.382683 -0.923880
vn 0.000000 0.382683 -0.923880
vn 0.000000 0.382683 -0.923880
vn 0.000000 0.382683 -0.923880
vn 0.000000 -0.000000 -1.000000
vn 0.000000 -0.000000 -1.000000
vn -0.449127 0.631771 0.631783
vn -0.449133 0.825454 0.341914
vn -0.449127 0.631771 0.631783
vn -0.449133 0.825454 0.341914
vn -0.817924 -0.220167 -0.531533
vn -0.817924 -0.000000 -0.575326
vn -0.817924 -0.220167 -0.531533
vn -0.817924 -0.000000 -0.575326
vn -0.817926 -0.406814 -0.406816
vn -0.817924 -0.220167 -0.531533
vn -0.817926 -0.406814 -0.406817
vn -0.817924 -0.220167 -0.531533
vn -0.817926 -0.531529 -0.220167
vn -0.817926 -0.406814 -0.406816
vn -0.817926 -0.531529 -0.220167
vn -0.817926 -0.406814 -0.406817
vn -0.817923 -0.575327 0.000000
vn -0.817926 -0.531529 -0.220167
vn -0.817923 -0.575327 0.000000
vn -0.817926 -0.531529 -0.220167
vn -0.817927 -0.531527 0.220170
vn -0.817923 -0.575327 0.000000
vn -0.817927 -0.531527 0.220170
vn -0.817923 -0.575327 0.000000
vn -0.817927 -0.406811 0.406817
vn -0.817927 -0.531527 0.220170
vn -0.817927 -0.406811 0.406817
vn -0.817927 -0.531527 0.220170
vn -0.817924 -0.220170 0.531531
vn -0.817927 -0.406811 0.406817
vn -0.817924 -0.220170 0.531531
vn -0.817927 -0.406811 0.406817
vn -0.817924 0.000004 0.575327
vn -0.817924 -0.220170 0.531531
vn -0.817923 0.000004 0.575327
vn -0.817924 -0.220170 0.531531
vn -0.817924 0.220172 0.531530
vn -0.817924 0.000004 0.575327
vn -0.817924 0.220172 0.531530
vn -0.817923 0.000004 0.575327
vn -0.817927 0.406811 0.406817
vn -0.817924 0.220172 0.531530
vn -0.817927 0.406811 0.406817
vn -0.817924 0.220172 0.531530
vn -0.817926 0.531528 0.220170
vn -0.817927 0.406811 0.406817
vn -0.817926 0.531528 0.220170
vn -0.817927 0.406811 0.406817
vn -0.817924 0.575326 0.000000
vn -0.817926 0.531528 0.220170
vn -0.817924 0.575326 0.000000
vn -0.817926 0.531528 0.220170
vn -0.817926 0.531528 -0.220168
vn -0.817924 0.575326 0.000000
vn -0.817926 0.531528 -0.220168
vn -0.817924 0.575326 0.000000
vn -0.817927 0.406812 -0.406816
vn -0.817926 0.531528 -0.220168
vn -0.817927 0.406811 -0.406817
vn -0.817926 0.531528 -0.220168
vn -0.817926 0.220165 -0.531531
vn -0.817927 0.406812 -0.406816
vn -0.817926 0.220165 -0.531531
vn -0.817927 0.406811 -0.406817
vn -0.817924 -0.000000 -0.575326
vn -0.817926 0.220165 -0.531531
vn -0.817924 -0.000000 -0.575326
vn -0.817926 0.220165 -0.531531
vn -0.765202 0.246366 0.594785
vn -0.765201 0.000000 0.643792
vn -0.765202 0.246367 0.594785
vn -0.765201 0.000000 0.643792
vn -0.765203 0.455226 0.455229
vn -0.765202 0.246366 0.594785
vn -0.765203 0.455226 0.455229
vn -0.765202 0.246367 0.594785
vn -0.765200 0.594787 0.246369
vn -0.765203 0.455226 0.455229
vn -0.765200 0.594787 0.246368
vn -0.765203 0.455226 0.455229
vn -0.765200 0.643793 -0.000001
vn -0.765200 0.594787 0.246369
vn -0.765200 0.643793 -0.000001
vn -0.765200 0.594787 0.246368
vn -0.765199 0.594789 -0.246369
vn -0.765200 0.643793 -0.000001
vn -0.765199 0.594788 -0.246369
vn -0.765200 0.643793 -0.000001
vn -0.765199 0.455230 -0.455232
vn -0.765199 0.594789 -0.246369
vn -0.765199 0.455231 -0.455231
vn -0.765199 0.594788 -0.246369
vn -0.765199 0.246367 -0.594789
vn -0.765199 0.455230 -0.455232
vn -0.765199 0.246368 -0.594789
vn -0.765199 0.455231 -0.455231
vn -0.765199 0.000000 -0.643794
vn -0.765199 0.246367 -0.594789
vn -0.765199 0.000000 -0.643794
vn -0.765199 0.246368 -0.594789
vn -0.765200 -0.246367 -0.594788
vn -0.765199 0.000000 -0.643794
vn -0.765200 -0.246368 -0.594788
vn -0.765199 0.000000 -0.643794
vn -0.765200 -0.455230 -0.455231
vn -0.765200 -0.246367 -0.594788
vn -0.765200 -0.455230 -0.455231
vn -0.765200 -0.246368 -0.594788
vn -0.765199 -0.594788 -0.246369
vn -0.765200 -0.455230 -0.455231
vn -0.765199 -0.594788 -0.246369
vn -0.765200 -0.455230 -0.455231
vn -0.765199 -0.643794 -0.000001
vn -0.765199 -0.594788 -0.246369
vn -0.765199 -0.643794 -0.000001
vn -0.765199 -0.594788 -0.246369
vn -0.765197 -0.594791 0.246369
vn -0.765199 -0.643794 -0.000001
vn -0.765197 -0.594791 0.246369
vn -0.765199 -0.643794 -0.000001
vn -0.765199 -0.455231 0.455231
vn -0.765197 -0.594791 0.246369
vn -0.765199 -0.455230 0.455231
vn -0.765197 -0.594791 0.246369
vn -0.765201 -0.246368 0.594786
vn -0.765199 -0.455231 0.455231
vn -0.765201 -0.246368 0.594786
vn -0.765199 -0.455230 0.455231
vn -0.765201 0.000000 0.643792
vn -0.765201 -0.246368 0.594786
vn -0.765201 0.000000 0.643792
vn -0.765201 -0.246368 0.594786
vn -1.000000 -0.000001 0.000000
vn -1.000000 -0.000001 0.000000
vn -1.000000 -0.000001 0.000000
vn -1.000000 -0.000001 0.000000
vn -1.000000 -0.000001 0.000000
vn -1.000000 -0.000001 0.000000
vn -1.000000 -0.000001 0.000000
vn -1.000000 -0.000001 0.000000
vn -1.000000 -0.000001 0.000000
vn -1.000000 -0.000001 0.000000
vn -1.000000 -0.000001 0.000000
vn -1.000000 -0.000001 0.000000
vn -1.000000 -0.000001 0.000000
vn -1.000000 -0.000001 0.000000
vn -1.000000 -0.000001 0.000000
vn -1.000000 -0.000001 0.000000
vn -0.449138 -0.825450 -0.341916
vn -0.449139 -0.893462 0.000001
vn -0.449138 -0.825452 -0.341913
vn -0.449139 -0.893462 0.000001
vn -0.449133 0.825454 0.341914
vn -0.449136 0.893464 0.000001
vn -0.449133 0.825454 0.341914
vn -0.449136 0.893464 0.000001
vn -0.449139 -0.893462 0.000001
vn -0.449132 -0.825456 0.341911
vn -0.449139 -0.893462 0.000001
vn -0.449132 -0.825456 0.341912
vn -0.449136 0.893464 0.000001
vn -0.449137 0.825450 -0.341918
vn -0.449136 0.893464 0.000001
vn -0.449137 0.825451 -0.341915
vn -0.449132 -0.825456 0.341911
vn -0.449124 -0.631776 0.631781
vn -0.449132 -0.825456 0.341912
vn -0.449124 -0.631776 0.631780
vn -0.449137 0.825450 -0.341918
vn -0.449133 0.631774 -0.631776
vn -0.449137 0.825451 -0.341915
vn -0.449133 0.631774 -0.631776
vn -0.449124 -0.631776 0.631781
vn -0.449122 -0.341912 0.825461
vn -0.449124 -0.631776 0.631780
vn -0.449122 -0.341912 0.825461
vn -0.449133 0.631774 -0.631776
vn -0.449130 0.341920 -0.825453
vn -0.449133 0.631774 -0.631776
vn -0.449130 0.341920 -0.825453
vn -0.449122 -0.341912 0.825461
vn -0.449127 -0.000005 0.893468
vn -0.449122 -0.341912 0.825461
vn -0.449127 -0.000004 0.893468
vn -0.449129 0.000006 -0.893467
vn -0.449129 -0.341912 -0.825457
vn -0.449129 0.000007 -0.893467
vn -0.449129 -0.341913 -0.825457
vn -0.449130 0.341920 -0.825453
vn -0.449129 0.000006 -0.893467
vn -0.449130 0.341920 -0.825453
vn -0.449129 0.000007 -0.893467
vn -0.449127 -0.000005 0.893468
vn -0.449128 0.341905 0.825461
vn -0.449127 -0.000004 0.893468
vn -0.449128 0.341904 0.825461
vn -0.449129 -0.341912 -0.825457
vn -0.449133 -0.631773 -0.631777
vn -0.449129 -0.341913 -0.825457
vn -0.449133 -0.631774 -0.631777
vn -0.449128 0.341905 0.825461
vn -0.449127 0.631771 0.631783
vn -0.449128 0.341904 0.825461
vn -0.449127 0.631771 0.631783
vn -0.449133 -0.631773 -0.631777
vn -0.449138 -0.825450 -0.341916
vn -0.449133 -0.631774 -0.631777
vn -0.449138 -0.825452 -0.341913
vn -0.938315 0.345782 -0.000814
vn -0.937844 0.345608 -0.031698
vn -0.938314 0.345782 -0.000922
vn -0.937844 0.345608 -0.031698
vn 0.000003 0.000000 -1.000000
vn 0.000000 0.000000 -1.000000
vn 0.000000 0.000000 -1.000000
vn 0.000000 0.000000 -1.000000
vn 1.000000 0.000000 0.000000
vn 1.000000 0.000000 0.000000
vn 1.000000 0.000000 -0.000000
vn 1.000000 0.000000 -0.000000
vn 0.000000 0.999987 -0.005175
vn 0.000000 0.999987 -0.005175
vn 0.000000 0.985404 0.170232
vn 0.000000 0.985404 0.170232
vn 0.000000 -0.986622 -0.163028
vn 0.000000 -0.986622 -0.163028
vn 0.000000 -0.999989 -0.004689
vn 0.000000 -0.999989 -0.004689
vn 0.000000 0.983590 -0.180421
vn 0.000000 0.983590 -0.180421
vn 0.000000 0.999987 -0.005175
vn 0.000000 0.999987 -0.005175
vn 0.000000 0.000000 1.000000
vn 0.000000 0.000000 1.000000
vn 0.000000 0.000000 1.000000
vn 0.000000 0.000000 1.000000
vn 1.000000 0.000000 -0.000000
vn 1.000000 0.000000 -0.000000
vn 1.000000 0.000000 -0.000000
vn 1.000000 0.000000 -0.000000
vn -0.936554 -0.350522 -0.000754
vn -0.936206 -0.350393 0.027265
vn -0.936554 -0.350522 -0.000842
vn -0.936206 -0.350393 0.027265
vn 0.000000 -0.999989 -0.004689
vn 0.000000 -0.999989 -0.004689
vn 0.000000 -0.988107 0.153769
vn 0.000000 -0.988107 0.153769
vn -0.938315 0.345782 -0.000814
vn -0.938314 0.345782 -0.000922
vn -0.937897 0.345628 0.029854
vn -0.937897 0.345628 0.029854
vn 1.000000 -0.000000 -0.000000
vn 1.000000 0.000000 -0.000000
vn 1.000000 0.000000 -0.000000
vn 1.000000 0.000000 -0.000000
vn 0.000000 0.000000 1.000000
vn 0.000000 0.000000 1.000000
vn 0.000000 0.000000 1.000000
vn 0.000000 0.000000 1.000000
vn 1.000000 0.000000 0.000000
vn 1.000000 0.000000 -0.000000
vn 1.000000 -0.000001 0.000000
vn 1.000000 -0.000000 -0.000000
vn 0.000000 -0.907459 0.420140
vn 0.000000 -0.907459 0.420140
vn 0.000000 -0.907459 0.420140
vn 0.000000 -0.907459 0.420140
vn -0.936554 -0.350522 -0.000754
vn -0.936554 -0.350522 -0.000842
vn -0.936162 -0.350375 -0.028948
vn -0.936162 -0.350375 -0.028948
vn 0.000005 0.000000 -1.000000
vn 0.000005 0.000000 -1.000000
vn 0.000005 0.000000 -1.000000
vn 0.000003 0.000000 -1.000000
vn 0.000005 0.000000 -1.000000
vn 0.000000 0.000000 -1.000000
vn 0.000005 0.000000 -1.000000
vn 0.000000 0.000000 -1.000000
vn 0.000000 0.000000 -1.000000
vn 0.000000 0.000000 -1.000000
vn 0.000000 0.000000 -1.000000
vn 0.000000 0.000000 -1.000000
vn 0.000000 0.000000 -1.000000
vn 0.000005 0.000000 -1.000000
vn 0.000000 0.000000 -1.000000
vn 0.000003 0.000000 -1.000000
vn 0.000000 0.000000 -1.000000
vn 0.000000 0.000000 -1.000000
vn 0.000000 0.000000 -1.000000
vn 0.000000 0.000000 -1.000000
vn 0.000000 0.907460 -0.420139
vn 0.000000 0.907460 -0.420139
vn 0.000000 0.907460 -0.420139
vn 0.000000 0.907460 -0.420139
vn 1.000000 0.000000 0.000000
vn 1.000000 0.000000 0.000000
vn 1.000000 0.000000 0.000000
vn 1.000000 0.000000 0.000000
vn -0.901319 -0.393072 0.181985
vn -0.901319 -0.393072 0.181985
vn -0.901319 -0.393072 0.181985
vn -0.901319 -0.393072 0.181985
vn 1.000000 0.000000 0.000000
vn 1.000000 -0.000001 0.000000
vn 1.000000 0.000000 0.000000
vn 1.000000 -0.000001 0.000000
vn 1.000000 -0.000000 -0.000000
vn 1.000000 -0.000001 -0.000000
vn 1.000000 -0.000001 0.000000
vn 1.000000 -0.000001 0.000000
vn 1.000000 0.000000 -0.000000
vn 1.000000 0.000000 0.000000
vn 1.000000 0.000000 -0.000000
vn 1.000000 0.000000 0.000000
vn 1.000000 0.000000 -0.000000
vn 1.000000 0.000000 0.000000
vn 1.000000 0.000000 -0.000000
vn 1.000000 0.000000 -0.000000
vn 1.000000 0.000000 -0.000000
vn 1.000000 0.000000 -0.000000
vn 1.000000 0.000000 -0.000000
vn 1.000000 0.000000 -0.000000
vn 1.000000 -0.000000 -0.000000
vn 1.000000 0.000000 -0.000000
vn 1.000000 -0.000001 -0.000000
vn 1.000000 0.000000 -0.000000
vn 1.000000 0.000000 0.000000
vn 1.000000 0.000000 0.000000
vn 1.000000 0.000000 0.000000
vn 1.000000 0.000000 0.000000
vn 1.000000 0.000000 -0.000000
vn 1.000000 0.000000 -0.000000
vn 1.000000 0.000000 0.000000
vn 1.000000 0.000000 -0.000000
vn 1.000000 -0.000000 0.000000
vn 0.997033 0.076977 -0.000000
vn 1.000000 -0.000001 0.000000
vn 0.997033 0.076977 -0.000000
vn 1.000000 0.000004 0.000000
vn 1.000000 0.000006 0.000000
vn 1.000000 0.000002 -0.000000
vn 1.000000 0.000003 -0.000000
vn 1.000000 -0.000001 0.000000
vn 0.997033 0.076977 -0.000000
vn 1.000000 0.000006 0.000000
vn 1.000000 0.000003 -0.000000
vn 1.000000 0.000001 0.000000
vn 1.000000 0.000000 0.000000
vn 1.000000 0.000001 0.000000
vn 1.000000 0.000000 0.000000
vn 0.000000 -0.014000 -0.999902
vn 0.000000 -0.014000 -0.999902
vn 0.000000 -0.014000 -0.999902
vn 0.000000 -0.014000 -0.999902
vn 0.000000 1.000000 0.000000
vn 0.000000 1.000000 0.000000
vn 0.000000 1.000000 0.000000
vn 0.000000 1.000000 0.000000
vn 0.000000 -1.000000 0.000000
vn -0.000000 -1.000000 -0.000000
vn 0.000000 -1.000000 0.000000
vn -0.000000 -1.000000 -0.000000
vn -0.061671 -0.980038 0.189005
vn -0.128491 -0.963565 0.234589
vn -0.203470 -0.907163 0.368314
vn -0.115957 -0.918527 0.377972
vn -0.536306 0.400982 0.742691
vn -0.514887 0.438431 0.736661
vn -0.316120 0.657268 0.684154
vn -0.271857 0.687216 0.673667
vn 0.000000 -0.000000 1.000000
vn 0.000000 -0.000000 1.000000
vn 0.001026 -0.005418 0.999985
vn 0.000543 -0.002868 0.999996
vn -0.000049 0.253938 0.967221
vn -0.000006 0.148673 0.988887
vn -0.000063 0.008727 0.999962
vn -0.000030 0.004895 0.999988
vn 0.210491 -0.958328 0.193135
vn 0.170713 -0.962416 0.211218
vn 0.320619 -0.870876 0.372530
vn 0.155330 -0.889822 0.429056
vn -0.651062 0.053309 0.757150
vn -0.651062 0.053309 0.757150
vn -0.636845 0.063752 0.768351
vn -0.634999 0.065092 0.769766
vn 0.000241 0.000704 1.000000
vn 0.000001 -0.000000 1.000000
vn 0.000188 0.000735 1.000000
vn 0.000087 -0.000096 1.000000
vn 0.505735 0.400223 0.764234
vn 0.320825 0.600336 0.732577
vn 0.493610 0.414255 0.764684
vn 0.268090 0.651478 0.709721
vn 0.647904 0.105849 0.754332
vn 0.617071 0.211630 0.757916
vn 0.647148 0.108584 0.754592
vn 0.612310 0.226299 0.757539
vn 0.012194 -0.047618 0.998791
vn 0.006946 -0.051337 0.998657
vn 0.006046 -0.023608 0.999703
vn 0.003389 -0.024591 0.999692
vn 0.000000 0.000000 1.000000
vn -0.000007 0.000075 1.000000
vn 0.000000 -0.000000 1.000000
vn 0.000000 -0.000000 1.000000
vn -0.000049 0.253938 0.967221
vn 0.000131 0.006988 0.999976
vn -0.000133 0.146567 0.989201
vn 0.000222 0.004233 0.999991
vn -0.000013 0.254732 0.967012
vn 0.000091 0.008819 0.999961
vn 0.000020 0.148752 0.988875
vn 0.000027 0.004921 0.999988
vn 0.547325 0.065095 0.834385
vn 0.536480 0.062002 0.841633
vn 0.547325 0.065095 0.834385
vn 0.535096 0.061609 0.842541
vn -0.765246 -0.531925 0.362566
vn -0.856111 -0.312789 0.411385
vn -0.851846 -0.112544 0.511559
vn -0.833057 -0.053893 0.550556
vn 0.000001 0.000000 1.000000
vn -0.000385 0.000938 1.000000
vn 0.000001 0.000000 1.000000
vn -0.000275 0.000671 1.000000
vn 0.000040 0.000239 1.000000
vn 0.000000 -0.000000 1.000000
vn 0.000008 0.000161 1.000000
vn 0.000000 -0.000000 1.000000
vn 0.055490 -0.981444 0.183545
vn 0.143903 -0.923295 0.356114
vn 0.098392 -0.970887 0.218397
vn 0.102207 -0.927336 0.360001
vn 0.000000 -0.000000 1.000000
vn 0.000000 0.000000 1.000000
vn 0.000000 -0.000000 1.000000
vn 0.000000 0.000000 1.000000
vn 0.000000 0.000000 1.000000
vn 0.000001 0.000000 1.000000
vn 0.000000 0.000000 1.000000
vn 0.000001 0.000000 1.000000
vn -0.704740 -0.627473 0.331087
vn -0.704740 -0.627473 0.331087
vn -0.765246 -0.531925 0.362566
vn -0.856111 -0.312789 0.411385
vn -0.271947 0.650162 0.709461
vn -0.258464 0.653156 0.711747
vn 0.005230 0.657700 0.753262
vn 0.008050 0.657196 0.753677
vn -0.557157 0.409241 0.722563
vn -0.496254 0.497861 0.711244
vn -0.271947 0.650162 0.709461
vn -0.258464 0.653156 0.711747
vn 0.412708 0.322795 0.851748
vn 0.219475 0.579899 0.784568
vn 0.376181 0.398653 0.836399
vn 0.231761 0.572022 0.786815
vn 0.002564 0.470021 0.882652
vn 0.004743 0.501166 0.865338
vn -0.005437 0.468842 0.883265
vn 0.003078 0.613347 0.789808
vn -0.001044 0.671062 0.741400
vn -0.997867 0.000099 0.065286
vn -0.996672 0.000062 0.081523
vn -0.996918 0.000105 0.078450
vn -0.996997 0.000047 0.077435
vn -0.997867 0.000099 0.065286
vn -0.998738 0.000115 0.050227
vn -1.000000 -0.000000 0.000000
vn 0.982277 0.000001 -0.187435
vn 0.986678 0.000002 -0.162685
vn 0.987973 0.124777 -0.091326
vn 0.992619 0.103282 -0.063558
vn 0.982277 0.000001 -0.187435
vn 0.987973 -0.124776 -0.091326
vn 0.986678 0.000002 -0.162685
vn 0.992620 -0.103280 -0.063558
vn 0.967995 -0.000000 0.250969
vn 0.985934 0.115466 0.120834
vn 0.975507 -0.000000 0.219967
vn 0.992333 0.100984 0.071260
vn 0.967995 -0.000000 0.250969
vn 0.985935 -0.115463 0.120834
vn 0.993452 -0.000000 0.114250
vn 0.490274 0.142113 -0.859904
vn 0.499200 0.121332 -0.857950
vn 0.535097 0.061609 -0.842541
vn 0.536480 0.062002 -0.841632
vn -0.002222 0.806630 -0.591053
vn -0.001016 0.851951 -0.523620
vn -0.002295 0.537761 -0.843094
vn 0.004293 0.639731 -0.768587
vn -0.994767 -0.002309 -0.102143
vn -1.000000 0.000000 0.000000
vn -0.979861 -0.175367 -0.095497
vn -0.986750 -0.162250 0.000000
vn -0.013960 0.999282 -0.035232
vn -0.006876 0.999192 -0.039609
vn -0.005256 0.949151 -0.314777
vn -0.002529 0.944892 -0.327372
vn 1.000000 0.000000 -0.000000
vn 1.000000 0.000000 -0.000000
vn 1.000000 -0.000000 -0.000000
vn 1.000000 0.000000 -0.000000
vn -0.128492 -0.963565 -0.234589
vn -0.002698 -0.999996 -0.000039
vn -0.061671 -0.980038 -0.189005
vn -0.000912 -1.000000 -0.000039
vn -0.000685 -0.983089 -0.183127
vn 0.000151 -0.000194 -1.000000
vn 0.000304 -0.006938 -0.999976
vn 0.000087 -0.000096 -1.000000
vn 0.003388 -0.024591 -0.999692
vn -0.008916 0.999960 -0.000000
vn 0.000000 1.000000 -0.000000
vn -0.006876 0.999192 -0.039609
vn -0.000000 0.998956 -0.045674
vn -0.000014 0.254731 -0.967012
vn -0.000365 0.007360 -0.999973
vn -0.000168 0.148256 -0.988949
vn -0.000433 0.004875 -0.999988
vn 0.210167 0.976912 0.038375
vn 0.197017 0.980399 -0.001365
vn 0.003650 0.999993 -0.000257
vn 0.003664 0.999993 -0.000128
vn 0.003650 0.999993 -0.000257
vn 0.574179 0.050600 -0.817165
vn 0.574179 0.050600 -0.817165
vn 0.541495 0.025415 -0.840320
vn 0.539603 0.023983 -0.841578
vn 0.021671 0.993035 -0.115811
vn 0.026530 0.992907 -0.115899
vn 0.021816 0.998076 -0.058043
vn 0.026757 0.998263 -0.052494
vn 0.016920 0.999857 0.000000
vn 0.016892 0.998178 -0.057932
vn 0.021892 0.999760 0.000000
vn 0.021816 0.998076 -0.058043
vn -0.145015 0.876408 0.459216
vn -0.145015 0.876408 0.459216
vn -0.087996 0.882336 0.462321
vn -0.086187 0.882476 0.462394
vn -0.631374 0.775478 0.000000
vn -0.631374 0.775478 0.000000
vn -0.642372 0.766393 0.001067
vn -0.642306 0.766448 0.001060
vn 0.997577 0.069567 -0.000000
vn 0.970037 0.242956 -0.000000
vn 0.997033 0.076978 -0.000000
vn 0.954193 0.299194 -0.000000
vn 0.197017 0.980399 -0.001365
vn 0.191324 0.981527 -0.000000
vn 0.003664 0.999993 -0.000128
vn 0.003678 0.999993 0.000000
vn 0.004132 -0.999992 0.000000
vn 0.003475 -0.999994 0.000000
vn 0.004137 -0.999991 -0.000056
vn 0.004634 -0.999989 0.000000
vn -1.000000 -0.000002 0.000000
vn -0.997867 0.000097 -0.065285
vn -0.996672 0.000059 -0.081523
vn -0.996918 0.000105 -0.078449
vn -1.000000 0.000011 0.000000
vn -0.996997 0.000047 -0.077434
vn -1.000000 0.000000 0.000000
vn 0.970037 0.242956 -0.000000
vn 0.898882 0.438191 -0.000000
vn 0.954193 0.299194 -0.000000
vn 0.898881 0.438192 -0.000000
vn -0.012894 -0.885698 -0.464083
vn -0.012894 -0.885698 -0.464083
vn -0.018187 -0.885591 -0.464110
vn -0.018213 -0.885590 -0.464110
vn 0.000657 -1.000000 0.000000
vn 0.000662 -1.000000 -0.000056
vn -0.000907 -1.000000 0.000000
vn -0.000912 -1.000000 -0.000039
vn 0.016892 0.998178 -0.057932
vn 0.016807 0.993140 -0.115719
vn 0.021816 0.998076 -0.058043
vn 0.021671 0.993035 -0.115811
vn 0.000543 -0.002868 -0.999996
vn -0.000000 0.000000 -1.000000
vn -0.000000 -0.000000 -1.000000
vn -0.000000 -0.000000 -1.000000
vn -0.001577 0.510735 -0.859737
vn -0.002295 0.537761 -0.843094
vn 0.003078 0.613347 -0.789808
vn 0.004293 0.639731 -0.768587
vn 0.157287 -0.198955 0.967304
vn 0.157287 -0.198955 0.967304
vn 0.157287 -0.198955 0.967304
vn 0.157287 -0.198955 0.967304
vn -0.006876 0.999192 -0.039609
vn -0.000000 0.998956 -0.045674
vn -0.002529 0.944892 -0.327372
vn -0.001016 0.851951 -0.523620
vn 0.021816 0.998076 -0.058043
vn 0.026757 0.998263 -0.052494
vn 0.021892 0.999760 0.000000
vn 0.026863 0.999639 0.000000
vn 0.149880 -0.988704 -0.000000
vn 0.149456 -0.988768 0.000383
vn 0.176667 -0.984271 -0.000000
vn 0.176536 -0.984294 0.000447
vn 0.954193 0.299193 -0.000000
vn 0.954193 0.299194 -0.000000
vn 0.898881 0.438192 -0.000000
vn 0.898881 0.438192 -0.000000
vn -0.006876 0.999192 -0.039609
vn -0.013960 0.999282 -0.035232
vn -0.008916 0.999960 -0.000000
vn -0.017832 0.999841 -0.000000
vn -0.004543 -0.986154 -0.165770
vn -0.005742 -0.999983 -0.000205
vn -0.019641 -0.983777 -0.178319
vn -0.007843 -0.999969 -0.000401
vn -0.019775 -0.983300 -0.180913
vn -0.255983 -0.250153 0.933754
vn -0.255983 -0.250153 0.933754
vn -0.255983 -0.250153 0.933754
vn -0.255983 -0.250153 0.933754
vn -0.002306 -0.999997 0.000000
vn -0.005742 -0.999983 -0.000205
vn -0.003641 -0.980007 -0.198931
vn -0.004543 -0.986154 -0.165770
vn 1.000000 -0.000000 -0.000000
vn 1.000000 -0.000001 -0.000000
vn 1.000000 0.000002 -0.000000
vn 1.000000 -0.000002 -0.000000
vn 1.000000 -0.000001 -0.000000
vn -0.002222 0.806630 -0.591053
vn -0.000070 0.832093 -0.554635
vn -0.001016 0.851951 -0.523620
vn -0.002529 0.944892 -0.327372
vn 0.001261 0.999999 0.000119
vn 0.001249 0.999999 0.000117
vn 0.001159 0.999999 0.000094
vn 0.001159 0.999999 0.000094
vn -0.001045 0.671062 -0.741400
vn 0.170762 0.738296 -0.652502
vn -0.000294 0.507869 -0.861435
vn 0.226160 0.523747 -0.821304
vn 0.000187 0.000735 -1.000000
vn 0.000218 0.000955 -1.000000
vn 0.000087 -0.000096 -1.000000
vn 0.000151 -0.000194 -1.000000
vn -0.000007 0.000075 -1.000000
vn 0.000007 0.000161 -1.000000
vn -0.000030 0.004894 -0.999988
vn 0.000027 0.004919 -0.999988
vn 0.703418 0.707429 0.068896
vn 0.703660 0.707673 0.063730
vn 0.704659 0.708677 0.035119
vn 0.704659 0.708677 0.035119
vn 0.608849 -0.793286 -0.000000
vn 0.608849 -0.793286 -0.000000
vn 0.608186 -0.792421 0.046676
vn 0.608117 -0.792331 0.049048
vn -0.699445 0.704865 -0.118078
vn -0.698754 0.705944 -0.115698
vn -0.648932 0.755915 -0.086486
vn -0.647547 0.756610 -0.090686
vn -0.665035 0.736098 -0.126048
vn -0.668717 0.733176 -0.123578
vn -0.709030 0.705178 -0.000000
vn -0.709030 0.705178 -0.000000
vn -0.688234 0.725489 -0.000000
vn -0.688234 0.725489 -0.000000
vn -0.704857 0.693671 -0.148317
vn -0.706405 0.691002 -0.153323
vn -0.647547 0.756610 -0.090686
vn -0.668717 0.733176 -0.123578
vn -0.648932 0.755915 -0.086486
vn -0.665035 0.736098 -0.126048
vn -0.704857 0.693671 -0.148317
vn -0.706405 0.691002 -0.153323
vn -0.699445 0.704865 -0.118078
vn -0.698754 0.705944 -0.115698
vn -0.637257 0.757865 -0.139803
vn -0.658365 0.752699 -0.000000
vn -0.640800 0.756524 -0.130563
vn -0.658365 0.752699 -0.000000
vn -0.620719 0.762914 -0.180748
vn -0.637257 0.757865 -0.139803
vn -0.620719 0.762914 -0.180748
vn -0.640800 0.756524 -0.130563
vn -0.724480 -0.687922 -0.043491
vn -0.723648 -0.687135 -0.064642
vn -0.724480 -0.687922 -0.043491
vn -0.723427 -0.686925 -0.069192
vn 0.705093 0.709114 0.000000
vn 0.705093 0.709114 0.000000
vn 0.703418 0.707429 0.068896
vn 0.703660 0.707673 0.063730
vn -0.723648 -0.687135 -0.064642
vn -0.725164 -0.688576 -0.000000
vn -0.723427 -0.686925 -0.069192
vn -0.725164 -0.688576 -0.000000
vn 0.800395 0.598282 -0.037765
vn 0.800022 0.598913 -0.035602
vn 0.793285 0.608850 -0.000000
vn 0.793285 0.608850 -0.000000
vn 0.385128 0.922860 -0.002469
vn 0.197017 0.980399 -0.001365
vn 0.450789 0.884822 0.117813
vn 0.210167 0.976912 0.038375
vn 0.680415 0.729726 0.067345
vn 0.800022 0.598913 -0.035602
vn 0.663811 0.743276 0.083039
vn 0.800395 0.598282 -0.037765
vn 0.372169 0.928165 -0.000000
vn 0.191324 0.981527 -0.000000
vn 0.385128 0.922860 -0.002469
vn 0.197017 0.980399 -0.001365
vn 0.210167 0.976912 0.038375
vn 0.680415 0.729726 0.067345
vn 0.450789 0.884822 0.117813
vn 0.663811 0.743276 0.083039
vn 0.455798 0.888441 -0.054044
vn 0.455798 0.888441 -0.054044
vn 0.467447 0.883331 -0.034925
vn 0.471061 0.881627 -0.028905
vn 0.467447 0.883331 -0.034925
vn 0.471061 0.881627 -0.028905
vn 0.482102 0.876115 -0.000000
vn 0.482102 0.876115 -0.000000
vn 0.608186 -0.792421 0.046676
vn 0.608117 -0.792331 0.049048
vn 0.606055 -0.789648 0.095674
vn 0.606055 -0.789648 0.095674
vn -0.642306 0.766448 0.001060
vn -0.653238 0.757153 0.000000
vn -0.642372 0.766393 0.001067
vn -0.653238 0.757153 0.000000
vn 0.014907 0.512203 -0.858735
vn 0.004293 0.639731 -0.768587
vn 0.002397 0.476867 -0.878972
vn -0.001016 0.851951 -0.523620
vn 0.007319 0.477906 -0.878380
vn 0.009882 0.467261 -0.884064
vn 0.007386 0.477717 -0.878483
vn 0.009903 0.467231 -0.884080
vn -0.001016 0.851951 -0.523620
vn 0.007319 0.477906 -0.878380
vn 0.002397 0.476867 -0.878972
vn 0.007386 0.477717 -0.878483
vn 0.004293 0.639731 -0.768587
vn 0.014907 0.512203 -0.858735
vn 0.003078 0.613347 -0.789808
vn 0.004742 0.501166 -0.865338
vn 0.009903 0.467231 -0.884080
vn 0.009882 0.467261 -0.884064
vn 0.002563 0.470020 -0.882652
vn -0.005437 0.468842 -0.883266
vn 0.005112 0.497341 -0.867540
vn 0.005112 0.497341 -0.867540
vn 0.017035 0.494965 -0.868746
vn 0.016699 0.495033 -0.868714
vn 0.029447 0.492412 -0.869864
vn 0.017035 0.494965 -0.868746
vn 0.029447 0.492412 -0.869864
vn 0.016699 0.495033 -0.868714
vn -0.018187 -0.885591 -0.464110
vn -0.018213 -0.885590 -0.464110
vn -0.023505 -0.885458 -0.464125
vn -0.023505 -0.885458 -0.464125
vn 0.722514 -0.614633 -0.316545
vn 0.722514 -0.614633 -0.316545
vn 0.722514 -0.614633 -0.316545
vn 0.722514 -0.614633 -0.316545
vn -0.028896 0.885402 0.463926
vn -0.028896 0.885402 0.463926
vn -0.086187 0.882476 0.462394
vn -0.087996 0.882336 0.462321
vn -0.830173 -0.491252 -0.263598
vn -0.830173 -0.491252 -0.263598
vn -0.830173 -0.491252 -0.263598
vn -0.830173 -0.491252 -0.263598
vn 0.000000 -1.000000 0.000000
vn 0.000000 -1.000000 0.000000
vn -0.382683 -0.923880 0.000000
vn -0.382683 -0.923880 0.000000
vn -0.382683 -0.923880 0.000000
vn -0.382683 -0.923880 0.000000
vn -0.555570 -0.831470 0.000000
vn -0.555570 -0.831470 0.000000
vn -0.900980 -0.433861 0.000000
vn -0.900980 -0.433861 0.000000
vn -0.952699 -0.303917 0.000000
vn -0.952699 -0.303917 0.000000
vn 0.985783 -0.168026 -0.000000
vn 0.985783 -0.168026 -0.000000
vn 0.952699 -0.303916 -0.000000
vn 0.952699 -0.303916 -0.000000
vn 0.985783 -0.168026 -0.000000
vn 0.985783 -0.168026 -0.000000
vn -0.000003 0.000000 -1.000000
vn -0.000002 -0.000000 -1.000000
vn -0.000002 0.000000 -1.000000
vn -0.000002 -0.000000 -1.000000
vn 0.952699 -0.303916 -0.000000
vn 0.952699 -0.303916 -0.000000
vn 0.900980 -0.433860 -0.000000
vn 0.900980 -0.433860 -0.000000
vn 0.555569 -0.831470 0.000000
vn 0.555569 -0.831470 0.000000
vn 0.382683 -0.923880 0.000000
vn 0.382683 -0.923880 0.000000
vn 0.382683 -0.923880 0.000000
vn 0.382683 -0.923880 0.000000
vn 0.000000 -1.000000 0.000000
vn 0.000000 -1.000000 0.000000
vn -0.000477 -1.000000 0.000000
vn -0.000000 -1.000000 0.000000
vn -0.382243 -0.924062 0.000000
vn -0.382683 -0.923880 0.000000
vn -0.382243 -0.924062 0.000000
vn -0.382683 -0.923880 0.000000
vn -0.555570 -0.831470 0.000000
vn -0.555570 -0.831470 0.000000
vn -0.900980 -0.433861 0.000000
vn -0.900980 -0.433861 0.000000
vn -0.952066 -0.305893 0.000000
vn -0.951974 -0.306180 0.000000
vn 0.100230 -0.994964 0.000013
vn 0.146216 -0.969707 -0.195676
vn 0.149456 -0.988768 0.000383
vn 0.259286 -0.936912 -0.234450
vn -0.000001 0.000000 -1.000000
vn 0.011344 -0.023505 -0.999659
vn -0.000002 0.000000 -1.000000
vn 0.013822 -0.028636 -0.999494
vn 0.952699 -0.303916 -0.000000
vn 0.952699 -0.303916 -0.000000
vn 0.900980 -0.433861 -0.000000
vn 0.900980 -0.433861 -0.000000
vn 0.555569 -0.831470 -0.000000
vn 0.555569 -0.831470 -0.000000
vn 0.382245 -0.924061 0.000000
vn 0.382683 -0.923880 0.000000
vn 0.382683 -0.923880 0.000000
vn -0.000000 -1.000000 0.000000
vn 0.382245 -0.924061 0.000000
vn -0.000477 -1.000000 0.000000
vn 0.000923 -1.000000 0.000000
vn -0.001325 -0.999999 0.000000
vn 0.000923 -1.000000 0.000000
vn -0.002075 -0.999998 0.000000
vn -0.496255 0.497861 -0.711242
vn -0.706551 0.183657 -0.683415
vn -0.557159 0.409242 -0.722562
vn -0.724331 0.158052 -0.671092
vn 0.098393 -0.970887 -0.218396
vn 0.055490 -0.981444 -0.183546
vn 0.004137 -0.999991 -0.000056
vn 0.000662 -1.000000 -0.000056
vn 0.000597 -0.983195 -0.182556
vn -0.000049 0.253938 -0.967220
vn -0.000007 0.148671 -0.988887
vn -0.001577 0.510735 -0.859737
vn -0.002295 0.537761 -0.843094
vn -0.514887 0.438431 -0.736661
vn -0.614565 0.180098 -0.768033
vn -0.536307 0.400982 -0.742690
vn -0.616708 0.155268 -0.771728
vn -0.004619 -0.999989 0.000000
vn -0.005742 -0.999983 -0.000205
vn -0.001730 -0.999999 0.000000
vn -0.002306 -0.999997 0.000000
vn -0.000000 -1.000000 0.000000
vn 0.004634 -0.999989 0.000000
vn -0.000000 -1.000000 0.000000
vn 0.003475 -0.999994 0.000000
vn -0.002698 -0.999996 -0.000039
vn -0.002693 -0.999996 0.000000
vn -0.000912 -1.000000 -0.000039
vn -0.000907 -1.000000 0.000000
vn -0.000002 -0.000001 -1.000000
vn -0.000002 -0.000001 -1.000000
vn -0.000003 -0.000004 -1.000000
vn -0.000003 -0.000005 -1.000000
vn 0.000020 0.148750 -0.988875
vn -0.000000 0.285052 -0.958512
vn -0.000007 0.148671 -0.988887
vn -0.002295 0.537761 -0.843094
vn 0.997577 0.069567 -0.000000
vn 0.997033 0.076978 -0.000000
vn 1.000000 0.000000 0.000000
vn 1.000000 -0.000001 -0.000000
vn 0.000020 0.148750 -0.988875
vn -0.000014 0.254731 -0.967012
vn -0.000000 0.285052 -0.958512
vn -0.000000 0.285052 -0.958512
vn 0.376180 0.398654 -0.836399
vn 0.412708 0.322796 -0.851748
vn 0.490274 0.142113 -0.859904
vn 0.499200 0.121332 -0.857950
vn 0.007063 -0.982032 -0.188583
vn 0.098393 -0.970887 -0.218396
vn 0.004634 -0.999989 0.000000
vn 0.004137 -0.999991 -0.000056
vn 0.000007 0.000161 -1.000000
vn -0.000007 0.000075 -1.000000
vn -0.000000 -0.000000 -1.000000
vn -0.000000 -0.000000 -1.000000
vn -0.994767 -0.002309 -0.102143
vn -0.979861 -0.175367 -0.095497
vn -0.994981 -0.004618 -0.099953
vn -0.978184 -0.188017 -0.088350
vn -0.994981 -0.004618 -0.099953
vn -0.994981 -0.004618 -0.099953
vn -0.000000 0.285053 -0.958512
vn -0.000000 0.285052 -0.958512
vn -0.000168 0.148256 -0.988949
vn -0.000014 0.254731 -0.967012
vn -0.000070 0.832093 -0.554635
vn -0.000141 0.832456 -0.554091
vn -0.002529 0.944892 -0.327372
vn -0.005256 0.949151 -0.314777
vn 0.493608 0.414254 -0.764686
vn 0.505733 0.400222 -0.764236
vn 0.612307 0.226299 -0.757541
vn 0.617068 0.211629 -0.757918
vn 0.000221 0.004231 -0.999991
vn 0.000224 0.003812 -0.999993
vn 0.000187 0.000735 -1.000000
vn 0.000218 0.000955 -1.000000
vn 1.000000 0.000000 -0.000000
vn 1.000000 0.000000 0.000000
vn 1.000000 0.000000 -0.000000
vn 1.000000 0.000000 0.000000
vn -0.951974 -0.306180 0.000000
vn -0.984973 -0.172711 0.000000
vn -0.952066 -0.305893 0.000000
vn -0.984973 -0.172711 0.000000
vn -0.984973 -0.172711 0.000000
vn -0.984973 -0.172711 0.000000
vn 0.259286 -0.936912 -0.234450
vn 0.210491 -0.958328 -0.193135
vn 0.149456 -0.988768 0.000383
vn 0.176536 -0.984294 0.000447
vn 0.170713 -0.962416 -0.211217
vn 0.203580 -0.979058 0.000148
vn 0.203380 -0.979100 -0.000000
vn 0.176536 -0.984294 0.000447
vn 0.176667 -0.984271 -0.000000
vn -0.000001 0.000000 -1.000000
vn -0.000001 0.000000 -1.000000
vn -0.000002 0.000000 -1.000000
vn -0.000001 0.000000 -1.000000
vn -0.000001 -0.000000 -1.000000
vn -0.000001 -0.000000 -1.000000
vn -0.000001 -0.000000 -1.000000
vn -0.000000 -0.000000 -1.000000
vn 0.000027 0.004919 -0.999988
vn 0.000020 0.148750 -0.988875
vn -0.000030 0.004894 -0.999988
vn -0.000007 0.148671 -0.988887
vn -0.000004 -0.000003 -1.000000
vn -0.000004 -0.000004 -1.000000
vn -0.000003 -0.000005 -1.000000
vn -0.000003 -0.000004 -1.000000
vn -0.000001 0.000001 -1.000000
vn -0.000002 0.000001 -1.000000
vn -0.000001 0.000001 -1.000000
vn -0.000002 0.000001 -1.000000
vn 0.000000 0.000000 -1.000000
vn 0.000000 0.000000 -1.000000
vn -0.000001 0.000000 -1.000000
vn -0.000002 0.000000 -1.000000
vn -0.000001 -0.000000 -1.000000
vn -0.000001 -0.000000 -1.000000
vn 0.000000 0.000000 -1.000000
vn 0.000000 0.000000 -1.000000
vn -0.000134 0.146565 -0.989201
vn -0.000049 0.253938 -0.967220
vn -0.000294 0.507869 -0.861435
vn -0.001577 0.510735 -0.859737
vn -0.000294 0.507869 -0.861435
vn -0.001577 0.510735 -0.859737
vn -0.001045 0.671062 -0.741400
vn 0.003078 0.613347 -0.789808
vn 0.001352 0.999999 0.000000
vn 0.001352 0.999999 0.000000
vn 0.001261 0.999999 0.000119
vn 0.001249 0.999999 0.000117
vn 0.000001 0.000319 1.000000
vn 0.000000 0.000426 1.000000
vn 0.000001 0.000319 1.000000
vn 0.000000 0.000426 1.000000
vn -0.982303 -0.166463 -0.085854
vn -0.981827 -0.182342 -0.052599
vn -0.979861 -0.175367 -0.095497
vn -0.978184 -0.188017 -0.088350
vn -0.987300 -0.158868 0.000000
vn -0.982303 -0.166463 -0.085854
vn -0.986750 -0.162250 0.000000
vn -0.979861 -0.175367 -0.095497
vn 0.997033 0.076978 -0.000000
vn 0.954193 0.299194 -0.000000
vn 0.997033 0.076973 -0.000000
vn 0.954193 0.299193 -0.000000
vn 0.997033 0.076977 -0.000000
vn -0.000294 0.507869 -0.861435
vn 0.226160 0.523747 -0.821304
vn -0.000134 0.146565 -0.989201
vn 0.261724 0.153740 -0.952819
vn 1.000000 -0.000001 -0.000000
vn 0.997033 0.076978 -0.000000
vn 1.000000 -0.000002 -0.000000
vn 0.997033 0.076973 -0.000000
vn -0.000134 0.146565 -0.989201
vn 0.261724 0.153740 -0.952819
vn 0.000221 0.004231 -0.999991
vn 0.000224 0.003812 -0.999993
vn 1.000000 -0.000001 -0.000000
vn 1.000000 -0.000000 -0.000000
vn 1.000000 0.000000 -0.000000
vn 1.000000 -0.000000 -0.000000
vn 1.000000 -0.000001 -0.000000
vn 1.000000 0.000000 0.000000
vn 1.000000 -0.000001 -0.000000
vn 1.000000 0.000000 0.000000
vn 0.541495 0.025415 -0.840320
vn 0.539603 0.023983 -0.841578
vn 0.506706 0.000477 -0.862119
vn 0.506707 0.000477 -0.862118
vn 0.226160 0.523747 -0.821304
vn 0.170762 0.738296 -0.652502
vn 0.353641 0.748553 -0.560899
vn 0.353641 0.748553 -0.560899
vn 0.261724 0.153740 -0.952819
vn 0.226160 0.523747 -0.821304
vn 0.495318 0.159226 -0.853995
vn 0.474967 0.311699 -0.822952
vn 0.504650 0.001347 -0.863323
vn 0.261724 0.153740 -0.952819
vn 0.504648 0.001348 -0.863324
vn 0.495318 0.159226 -0.853995
vn 0.506706 0.000477 -0.862119
vn 0.506707 0.000477 -0.862118
vn 0.504648 0.001348 -0.863324
vn 0.504650 0.001347 -0.863323
vn 1.000000 0.000000 0.000000
vn 1.000000 -0.000001 -0.000000
vn 1.000000 0.000000 0.000000
vn 1.000000 0.000000 -0.000000
vn 0.000187 0.000735 -1.000000
vn 0.000240 0.000704 -1.000000
vn 0.000221 0.004231 -0.999991
vn 0.000131 0.006986 -0.999976
vn 0.190303 -0.962942 -0.191121
vn 0.203580 -0.979058 0.000148
vn 0.170713 -0.962416 -0.211217
vn 0.176536 -0.984294 0.000447
vn 0.000000 0.000000 -1.000000
vn -0.000001 0.000000 -1.000000
vn 0.000000 0.000000 -1.000000
vn -0.000001 0.000000 -1.000000
vn 0.075613 -0.997137 0.000000
vn 0.100230 -0.994964 0.000013
vn 0.149880 -0.988704 -0.000000
vn 0.149456 -0.988768 0.000383
vn 0.003388 -0.024591 -0.999692
vn 0.006044 -0.023607 -0.999703
vn 0.000087 -0.000096 -1.000000
vn -0.000001 -0.000000 -1.000000
vn -0.000063 0.008725 -0.999962
vn -0.000000 0.000000 -1.000000
vn -0.000030 0.004894 -0.999988
vn -0.000007 0.000075 -1.000000
vn -0.002698 -0.999996 -0.000039
vn -0.128492 -0.963565 -0.234589
vn -0.002075 -0.999998 0.000000
vn 0.001570 -0.980506 -0.196484
vn -0.002075 -0.999998 0.000000
vn -0.001325 -0.999999 0.000000
vn -0.002698 -0.999996 -0.000039
vn -0.002693 -0.999996 0.000000
vn -0.000001 -0.000000 -1.000000
vn -0.000001 0.000000 -1.000000
vn -0.000000 -0.000000 -1.000000
vn -0.000002 0.000000 -1.000000
vn -0.614565 0.180098 -0.768033
vn -0.634998 0.065091 -0.769767
vn -0.616708 0.155268 -0.771728
vn -0.636845 0.063751 -0.768352
vn -0.000365 0.007360 -0.999973
vn -0.000386 0.000938 -1.000000
vn -0.000433 0.004875 -0.999988
vn -0.000276 0.000671 -1.000000
vn -0.316120 0.657267 -0.684155
vn 0.015378 0.753520 -0.657245
vn -0.271857 0.687215 -0.673668
vn 0.011642 0.753844 -0.656950
vn 0.011642 0.753844 -0.656950
vn 0.015378 0.753520 -0.657245
vn 0.268089 0.651477 -0.709723
vn 0.320824 0.600334 -0.732578
vn -0.005778 -0.999983 0.000000
vn -0.007843 -0.999969 -0.000401
vn -0.004619 -0.999989 0.000000
vn -0.005742 -0.999983 -0.000205
vn -0.000002 0.000001 -1.000000
vn -0.000003 0.000000 -1.000000
vn -0.000002 0.000001 -1.000000
vn -0.000002 0.000000 -1.000000
vn 0.985782 -0.168027 -0.000000
vn 0.985782 -0.168027 -0.000000
vn 0.952699 -0.303916 -0.000000
vn 0.952699 -0.303916 -0.000000
vn 0.985782 -0.168027 -0.000000
vn 0.985782 -0.168027 -0.000000
vn 0.000007 0.000161 -1.000000
vn 0.000039 0.000239 -1.000000
vn 0.000027 0.004919 -0.999988
vn 0.000091 0.008816 -0.999961
vn -0.000004 -0.000004 -1.000000
vn -0.000004 -0.000003 -1.000000
vn -0.000002 -0.000001 -1.000000
vn -0.000002 -0.000000 -1.000000
vn -0.952699 -0.303917 0.000000
vn -0.952699 -0.303917 0.000000
vn -0.985782 -0.168027 0.000000
vn -0.985782 -0.168027 0.000000
vn -0.985782 -0.168027 0.000000
vn -0.985782 -0.168027 0.000000
vn 0.000657 -1.000000 0.000000
vn 0.004132 -0.999992 0.000000
vn 0.000662 -1.000000 -0.000056
vn 0.004137 -0.999991 -0.000056
vn -0.000002 -0.000001 -1.000000
vn -0.000002 -0.000000 -1.000000
vn 0.000000 0.000000 -1.000000
vn 0.000000 0.000000 -1.000000
vn -0.000002 -0.000001 -1.000000
vn -0.000001 0.000001 -1.000000
vn -0.000002 -0.000001 -1.000000
vn -0.000001 0.000001 -1.000000
vn 0.005230 0.657700 -0.753262
vn 0.219475 0.579899 -0.784569
vn 0.008049 0.657196 -0.753677
vn 0.231761 0.572022 -0.786815
vn -0.000605 -0.596297 0.802764
vn -0.000605 -0.596297 0.802764
vn -0.000605 -0.596297 0.802764
vn -0.000605 -0.596297 0.802764
vn -0.000942 -1.000000 -0.000137
vn -0.001002 -1.000000 -0.000105
vn -0.000942 -1.000000 -0.000137
vn -0.001009 -1.000000 -0.000101
vn -0.001002 -1.000000 -0.000105
vn -0.001069 -0.999999 -0.000000
vn -0.001009 -1.000000 -0.000101
vn -0.001069 -0.999999 -0.000000
vn -0.996474 0.015701 -0.082415
vn -0.982303 -0.166463 -0.085854
vn -1.000000 -0.000000 0.000000
vn -0.987300 -0.158868 0.000000
vn -0.981827 -0.182342 -0.052599
vn -0.982303 -0.166463 -0.085854
vn -0.999412 0.015829 -0.030424
vn -0.996474 0.015701 -0.082415
vn -1.000000 0.000000 0.000000
vn -1.000000 0.000000 0.000000
vn -0.999412 0.015829 -0.030424
vn -0.981827 -0.182342 -0.052599
vn -1.000000 0.000022 0.000000
vn -1.000000 0.000011 0.000000
vn -0.996913 0.000163 -0.078520
vn -0.996918 0.000105 -0.078449
vn -0.996913 0.000163 -0.078520
vn -0.996918 0.000105 -0.078449
vn -0.998738 0.000115 -0.050226
vn -0.997867 0.000097 -0.065285
vn -1.000000 -0.000002 0.000000
vn -1.000000 0.000002 0.000000
vn -0.998738 0.000115 -0.050226
vn -1.000000 0.000002 0.000000
vn -1.000000 0.000002 0.000000
vn -1.000000 0.000000 0.000000
vn -1.000000 0.000002 0.000000
vn -1.000000 0.000000 0.000000
vn -0.994776 -0.000540 -0.102076
vn -1.000000 0.000000 0.000000
vn -0.994787 -0.000795 -0.101976
vn -1.000000 0.000000 0.000001
vn -0.995005 -0.001080 -0.099820
vn -0.994776 -0.000540 -0.102076
vn -0.995024 -0.001584 -0.099621
vn -0.994787 -0.000795 -0.101976
vn -0.999988 -0.004819 0.000000
vn -0.999954 -0.009638 0.000000
vn -0.994663 0.008785 -0.102802
vn -0.994441 0.018329 -0.103691
vn -0.994441 0.018329 -0.103691
vn -0.993540 0.046221 -0.103646
vn -0.994663 0.008785 -0.102802
vn -0.994765 0.015598 -0.100995
vn -1.000000 0.000000 0.000001
vn -0.999988 -0.004819 0.000000
vn -0.994787 -0.000795 -0.101976
vn -0.994663 0.008785 -0.102802
vn -0.994663 0.008785 -0.102802
vn -0.994765 0.015598 -0.100995
vn -0.994787 -0.000795 -0.101976
vn -0.995024 -0.001584 -0.099621
vn 0.000001 0.000212 1.000000
vn 0.000001 0.000319 1.000000
vn 0.000001 0.000212 1.000000
vn 0.000001 0.000319 1.000000
vn 0.000000 0.000000 1.000000
vn 0.000000 -0.382683 0.923880
vn 0.000000 0.000000 1.000000
vn 0.000000 -0.382683 0.923880
vn 0.000000 -0.382683 0.923880
vn 0.000000 -0.707107 0.707107
vn 0.000000 -0.382683 0.923880
vn 0.000000 -0.707107 0.707107
vn 0.000000 -0.707107 0.707107
vn 0.000000 -0.923880 0.382682
vn 0.000000 -0.707107 0.707107
vn 0.000000 -0.923880 0.382682
vn 0.000000 -0.923880 0.382682
vn -0.000000 -1.000000 0.000001
vn 0.000000 -0.923880 0.382682
vn -0.000000 -1.000000 0.000001
vn -0.000000 -1.000000 0.000001
vn -0.000000 -0.923881 -0.382681
vn -0.000000 -1.000000 0.000001
vn -0.000000 -0.923881 -0.382681
vn -0.000000 -0.923881 -0.382681
vn -0.000000 -0.707107 -0.707107
vn -0.000000 -0.923881 -0.382681
vn -0.000000 -0.707107 -0.707107
vn -0.000000 -0.707107 -0.707107
vn -0.000001 -0.382683 -0.923880
vn -0.000000 -0.707107 -0.707107
vn -0.000001 -0.382683 -0.923880
vn -0.000001 -0.382683 -0.923880
vn -0.000001 -0.000000 -1.000000
vn -0.000001 -0.382683 -0.923880
vn -0.000001 -0.000000 -1.000000
vn -0.000001 -0.000000 -1.000000
vn -0.000001 0.382683 -0.923880
vn -0.000001 -0.000000 -1.000000
vn -0.000001 0.382683 -0.923880
vn -0.000001 0.382683 -0.923880
vn -0.000000 0.707107 -0.707106
vn -0.000001 0.382683 -0.923880
vn -0.000000 0.707107 -0.707106
vn -0.000000 0.707107 -0.707106
vn -0.000000 0.923879 -0.382685
vn -0.000000 0.707107 -0.707106
vn -0.000000 0.923879 -0.382685
vn -0.000000 0.923879 -0.382685
vn -0.000000 1.000000 -0.000001
vn -0.000000 0.923879 -0.382685
vn -0.000000 1.000000 -0.000001
vn -0.000000 1.000000 -0.000001
vn 0.000000 0.923879 0.382684
vn -0.000000 1.000000 -0.000001
vn 0.000000 0.923879 0.382684
vn 0.000000 0.923879 0.382684
vn 0.000000 0.707108 0.707106
vn 0.000000 0.923879 0.382684
vn 0.000000 0.707108 0.707106
vn 1.000000 -0.000001 0.000000
vn 1.000000 -0.000001 0.000000
vn 1.000000 -0.000001 0.000000
vn 1.000000 -0.000001 0.000000
vn 1.000000 -0.000001 0.000000
vn 1.000000 -0.000001 0.000000
vn 1.000000 -0.000001 0.000000
vn 1.000000 -0.000001 0.000000
vn 1.000000 -0.000001 0.000000
vn 1.000000 -0.000001 0.000000
vn 1.000000 -0.000001 0.000000
vn 1.000000 -0.000001 0.000000
vn 1.000000 -0.000001 0.000000
vn 1.000000 -0.000001 0.000000
vn 1.000000 -0.000001 0.000000
vn 1.000000 -0.000001 0.000000
vn 0.000000 0.707108 0.707106
vn 0.000001 0.382684 0.923879
vn 0.000000 0.707108 0.707106
vn 0.000001 0.382684 0.923879
vn 0.000001 0.382684 0.923879
vn 0.000000 0.000000 1.000000
vn 0.000001 0.382684 0.923879
vn 0.000000 0.000000 1.000000
vn -0.392423 -0.351986 0.849770
vn -0.392423 -0.351987 0.849770
vn -0.392422 -0.650387 0.650385
vn -0.392422 -0.650387 0.650386
vn -1.000000 0.000000 0.000000
vn -1.000000 0.000000 0.000000
vn -1.000000 0.000000 0.000000
vn -1.000000 0.000000 0.000000
vn -1.000000 -0.000002 0.000000
vn -1.000000 -0.000002 0.000000
vn -1.000000 0.000000 0.000000
vn -1.000000 0.000000 0.000000
vn -1.000000 -0.000003 0.000000
vn -1.000000 -0.000003 0.000000
vn -1.000000 -0.000002 0.000000
vn -1.000000 -0.000002 0.000000
vn -1.000000 -0.000003 0.000000
vn -1.000000 -0.000003 0.000000
vn -1.000000 -0.000003 0.000000
vn -1.000000 -0.000003 0.000000
vn -1.000000 -0.000003 0.000000
vn -1.000000 -0.000003 0.000000
vn -1.000000 -0.000003 0.000000
vn -1.000000 -0.000003 0.000000
vn -1.000000 -0.000001 0.000000
vn -1.000000 -0.000001 0.000000
vn -1.000000 -0.000003 0.000000
vn -1.000000 -0.000003 0.000000
vn -1.000000 0.000000 0.000000
vn -1.000000 0.000000 0.000000
vn -1.000000 -0.000001 0.000000
vn -1.000000 -0.000001 0.000000
vn -1.000000 0.000000 0.000000
vn -1.000000 0.000000 0.000000
vn -1.000000 0.000000 0.000000
vn -1.000000 0.000000 0.000000
vn -1.000000 -0.000002 0.000000
vn -1.000000 -0.000002 0.000000
vn -1.000000 0.000000 0.000000
vn -1.000000 0.000000 0.000000
vn -1.000000 -0.000000 0.000000
vn -1.000000 0.000000 0.000000
vn -1.000000 -0.000002 0.000000
vn -1.000000 -0.000002 0.000000
vn -1.000000 0.000002 0.000000
vn -1.000000 0.000002 0.000000
vn -1.000000 -0.000000 0.000000
vn -1.000000 0.000000 0.000000
vn -1.000000 0.000000 0.000000
vn -1.000000 0.000000 0.000000
vn -1.000000 0.000002 0.000000
vn -1.000000 0.000002 0.000000
vn -1.000000 0.000003 0.000000
vn -1.000000 0.000003 0.000000
vn -1.000000 0.000000 0.000000
vn -1.000000 0.000000 0.000000
vn -1.000000 0.000005 0.000000
vn -1.000000 0.000005 0.000000
vn -1.000000 0.000003 0.000000
vn -1.000000 0.000003 0.000000
vn -1.000000 0.000002 0.000000
vn -1.000000 0.000002 0.000000
vn -1.000000 0.000005 0.000000
vn -1.000000 0.000005 0.000000
vn -1.000000 0.000000 0.000000
vn -1.000000 0.000000 0.000000
vn -1.000000 0.000002 0.000000
vn -1.000000 0.000002 0.000000
vn -1.000000 0.000001 0.000000
vn -1.000000 0.000001 0.000000
vn -1.000000 0.000001 0.000000
vn -1.000000 0.000001 0.000000
vn -1.000000 0.000001 0.000000
vn -1.000000 0.000001 0.000000
vn -1.000000 0.000001 0.000000
vn -1.000000 0.000001 0.000000
vn -1.000000 0.000001 0.000000
vn -1.000000 0.000001 0.000000
vn -1.000000 0.000001 0.000000
vn -1.000000 0.000001 0.000000
vn -1.000000 0.000001 0.000000
vn -1.000000 0.000001 0.000000
vn -1.000000 0.000001 0.000000
vn -1.000000 0.000001 0.000000
vn -0.392433 0.650384 -0.650382
vn -0.392433 0.650384 -0.650382
vn -0.392433 0.849767 -0.351985
vn -0.392433 0.849768 -0.351983
vn -0.392422 -0.650387 0.650385
vn -0.392422 -0.650387 0.650386
vn -0.392424 -0.849771 0.351984
vn -0.392424 -0.849770 0.351987
vn -0.392433 0.849767 -0.351985
vn -0.392433 0.849768 -0.351983
vn -0.392429 0.919782 -0.000001
vn -0.392429 0.919782 -0.000000
vn -0.392424 -0.849771 0.351984
vn -0.392424 -0.849770 0.351987
vn -0.392430 -0.919782 0.000001
vn -0.392430 -0.919782 0.000002
vn -0.392429 0.919782 -0.000001
vn -0.392429 0.919782 -0.000000
vn -0.392429 0.849769 0.351982
vn -0.392429 0.849768 0.351985
vn -0.392430 -0.919782 0.000001
vn -0.392430 -0.919782 0.000002
vn -0.392434 -0.849766 -0.351985
vn -0.392434 -0.849767 -0.351984
vn -0.392429 0.849769 0.351982
vn -0.392429 0.849768 0.351985
vn -0.392428 0.650386 0.650383
vn -0.392428 0.650384 0.650385
vn -0.392434 -0.849766 -0.351985
vn -0.392434 -0.849767 -0.351984
vn -0.392431 -0.650383 -0.650384
vn -0.392431 -0.650384 -0.650383
vn -0.392428 0.650386 0.650383
vn -0.392428 0.650384 0.650385
vn -0.392424 0.351987 0.849770
vn -0.392424 0.351987 0.849770
vn -0.392431 -0.650383 -0.650384
vn -0.392431 -0.650384 -0.650383
vn -0.392429 -0.351985 -0.849768
vn -0.392429 -0.351985 -0.849768
vn -0.392424 0.351987 0.849770
vn -0.392424 0.351987 0.849770
vn -0.392421 0.000001 0.919786
vn -0.392421 0.000001 0.919786
vn -0.392429 0.000000 -0.919782
vn -0.392429 0.000000 -0.919782
vn -0.392430 0.351985 -0.849768
vn -0.392430 0.351985 -0.849768
vn -0.392429 -0.351985 -0.849768
vn -0.392429 -0.351985 -0.849768
vn -0.392429 0.000000 -0.919782
vn -0.392429 0.000000 -0.919782
vn -0.392421 0.000001 0.919786
vn -0.392421 0.000001 0.919786
vn -0.392423 -0.351986 0.849770
vn -0.392423 -0.351987 0.849770
vn -0.392430 0.351985 -0.849768
vn -0.392430 0.351985 -0.849768
vn -0.392433 0.650384 -0.650382
vn -0.392433 0.650384 -0.650382
vn -1.000000 0.000000 0.000000
vn -0.978865 0.000000 -0.204506
vn -1.000000 0.000000 0.000000
vn -0.978865 0.000000 -0.204506
vn 0.978865 0.000000 0.204506
vn 0.978865 0.000000 0.204506
vn 0.978865 0.000000 0.204506
vn 0.978865 0.000000 0.204506
vn 0.978865 0.000000 0.204506
vn 1.000000 0.000000 0.000000
vn 0.978865 0.000000 0.204506
vn 1.000000 0.000000 0.000000
vn -0.000001 0.000000 -1.000000
vn -0.000001 0.000000 -1.000000
vn -0.000000 -0.000000 -1.000000
vn -0.000000 -0.000000 -1.000000
vn 0.000000 -1.000000 0.000000
vn 0.000000 -1.000000 0.000000
vn 0.000000 -1.000000 0.000000
vn 0.000000 -1.000000 0.000000
vn -0.999379 0.035248 0.000000
vn -0.999925 0.012227 0.000000
vn -0.999379 0.035248 0.000000
vn -0.999845 0.017627 0.000000
vn 0.978865 0.000000 0.204506
vn 1.000000 0.000000 0.000000
vn 0.978865 0.000000 0.204506
vn 1.000000 0.000000 0.000000
vn 0.000000 -1.000000 0.000000
vn 0.000000 -1.000000 0.000000
vn 0.000000 -1.000000 0.000000
vn 0.000000 -1.000000 0.000000
vn 0.000000 1.000000 0.000000
vn 0.000000 1.000000 0.000000
vn 0.000000 1.000000 0.000000
vn 0.000000 1.000000 0.000000
vn -0.978865 0.000000 -0.204506
vn -0.978865 -0.000001 -0.204506
vn -0.978865 0.000000 -0.204506
vn -0.978865 -0.000001 -0.204506
vn 0.000000 0.000000 1.000000
vn 0.000000 0.000000 1.000000
vn 0.000000 0.000000 1.000000
vn 0.000000 0.000000 1.000000
vn 0.000000 -1.000000 0.000000
vn 0.000000 -1.000000 0.000000
vn 0.000000 -1.000000 0.000000
vn 0.000000 -1.000000 0.000000
vn 0.000000 1.000000 0.000000
vn 0.000000 1.000000 0.000000
vn 0.000000 1.000000 0.000000
vn 0.000000 1.000000 0.000000
vn -0.978865 -0.000001 -0.204506
vn -1.000000 -0.000002 0.000000
vn -0.978865 -0.000001 -0.204506
vn -1.000000 -0.000002 0.000000
vn -0.999925 0.012227 0.000000
vn -1.000000 0.000000 0.000000
vn -0.999845 0.017627 0.000000
vn -1.000000 0.000000 0.000000
vn 0.000000 -0.000000 -1.000000
vn 0.000000 0.000000 -1.000000
vn 0.000000 -0.000000 -1.000000
vn 0.000000 0.000000 -1.000000
vn 0.000000 0.000000 1.000000
vn 0.000000 0.000000 1.000000
vn 0.000000 0.000000 1.000000
vn 0.000000 0.000000 1.000000
vn 0.999379 -0.035247 0.000000
vn 0.999845 -0.017626 0.000000
vn 0.999379 -0.035247 0.000000
vn 0.999925 -0.012227 0.000000
vn -0.000000 0.995796 -0.091601
vn 0.000000 1.000000 0.000000
vn -0.000000 0.995796 -0.091601
vn 0.000000 1.000000 0.000000
vn 0.000000 0.000000 -1.000000
vn 0.000000 0.000000 -1.000000
vn 0.000000 0.000000 -1.000000
vn 0.000000 0.000000 -1.000000
vn -0.000000 0.995796 -0.091601
vn -0.000000 0.995796 -0.091601
vn -0.000000 0.995796 -0.091601
vn -0.000000 0.995796 -0.091601
vn 0.999845 -0.017626 0.000000
vn 1.000000 0.000000 0.000000
vn 0.999925 -0.012227 0.000000
vn 1.000000 0.000000 0.000000
vn -1.000000 0.000001 0.000000
vn -1.000000 0.000003 0.000000
vn -1.000000 0.000002 0.000000
vn -1.000000 0.000003 0.000000
vn 0.000000 -0.983218 0.182432
vn 0.000000 -0.995796 0.091601
vn 0.000000 -0.983218 0.182432
vn 0.000000 -0.995796 0.091601
vn 1.000000 0.000000 0.000000
vn 1.000000 0.000000 0.000000
vn 1.000000 0.000000 0.000000
vn 0.999925 -0.012227 0.000000
vn -0.999925 0.012227 0.000000
vn -1.000000 0.000001 0.000000
vn -1.000000 0.000000 0.000000
vn -1.000000 0.000002 0.000000
vn 0.000000 0.000000 1.000000
vn 0.000000 0.000000 1.000000
vn 0.000000 0.000000 1.000000
vn 0.000000 0.000000 1.000000
vn 0.000000 -0.995796 0.091601
vn 0.000000 -1.000000 0.000000
vn 0.000000 -0.995796 0.091601
vn 0.000000 -1.000000 0.000000
vn 1.000000 0.000000 0.000000
vn 1.000000 0.000000 0.000000
vn 1.000000 0.000000 0.000000
vn 1.000000 0.000000 0.000000
vn -0.000000 0.995796 -0.091601
vn 0.000000 1.000000 0.000000
vn -0.000000 0.995796 -0.091601
vn 0.000000 1.000000 0.000000
vn 0.722377 0.691500 0.000000
vn 0.722377 0.691500 0.000000
vn 0.722377 0.691500 0.000000
vn 0.722377 0.691500 0.000000
vn 0.000000 0.000000 1.000000
vn 0.000000 0.000000 1.000000
vn 0.000000 0.000000 1.000000
vn 0.000000 0.000000 1.000000
vn 0.000000 -0.000000 -1.000000
vn 0.000000 -0.000000 -1.000000
vn -0.000000 -0.000000 -1.000000
vn -0.000000 -0.000000 -1.000000
vn -0.722377 -0.691500 0.000000
vn -0.722377 -0.691500 0.000000
vn -0.722377 -0.691500 0.000000
vn -0.722377 -0.691500 0.000000
vn -0.941903 0.335884 0.000001
vn -0.941054 0.335583 -0.042440
vn -0.941903 0.335884 0.000001
vn -0.941086 0.335595 -0.041638
vn 0.000000 1.000000 -0.000000
vn 0.000000 1.000000 -0.000000
vn 0.000000 1.000000 -0.000000
vn 0.000000 1.000000 -0.000000
vn 0.907358 0.420360 -0.000001
vn 0.907358 0.420360 -0.000001
vn 0.997693 0.000001 0.067891
vn 0.943960 0.323283 0.066543
vn 0.000000 0.389849 -0.920879
vn 0.000000 0.389849 -0.920879
vn 0.000000 0.389849 -0.920879
vn 0.000000 0.389849 -0.920879
vn 0.000000 -1.000000 -0.000000
vn 0.000000 -1.000000 -0.000000
vn 0.000000 -1.000000 -0.000000
vn 0.000000 -1.000000 -0.000000
vn 0.000000 1.000000 -0.000000
vn 0.000000 1.000000 -0.000000
vn 0.000000 1.000000 -0.000000
vn 0.000000 1.000000 -0.000000
vn 0.000000 -1.000000 0.000000
vn 0.000000 -1.000000 0.000000
vn 0.000000 -1.000000 0.000000
vn 0.000000 -1.000000 -0.000000
vn -0.932708 0.332609 -0.139380
vn -0.933146 0.332765 -0.136037
vn -0.941054 0.335583 -0.042440
vn -0.941086 0.335595 -0.041638
vn 0.997693 0.000001 0.067891
vn 0.985668 0.000000 0.168698
vn 0.943960 -0.323282 0.066543
vn 0.979394 -0.112647 0.167624
vn 0.000000 -1.000000 -0.000000
vn 0.000000 -1.000000 0.000000
vn 0.000000 -1.000000 -0.000000
vn 0.000000 -1.000000 0.000000
vn 0.000000 1.000000 -0.000000
vn 0.000000 1.000000 -0.000000
vn 0.000000 1.000000 -0.000000
vn 0.000000 1.000000 -0.000000
vn 0.000000 1.000000 -0.000000
vn 0.000000 1.000000 -0.000000
vn 0.000000 1.000000 -0.000000
vn 0.000000 1.000000 -0.000000
vn -0.916078 0.326677 -0.232558
vn -0.916994 0.327004 -0.228455
vn -0.932708 0.332609 -0.139380
vn -0.933146 0.332765 -0.136037
vn 0.985668 0.000000 0.168698
vn 0.969807 0.000000 0.243874
vn 0.979394 -0.112647 0.167624
vn 0.969807 0.000000 0.243874
vn -0.933686 0.332955 -0.131796
vn -0.932612 0.332572 -0.140108
vn -0.916078 0.326677 -0.232558
vn -0.916994 0.327004 -0.228455
vn 0.969807 0.000000 0.243874
vn 0.989582 -0.000000 0.143973
vn 0.969807 0.000000 0.243874
vn 0.989582 0.000000 0.143973
vn 0.000000 -1.000000 0.000000
vn 0.000000 -1.000000 -0.000000
vn 0.000000 -1.000000 -0.000000
vn 0.000000 -1.000000 -0.000000
vn 0.000000 1.000000 -0.000000
vn 0.000000 1.000000 0.000000
vn 0.000000 1.000000 -0.000000
vn 0.000000 1.000000 0.000000
vn 0.000000 0.000000 1.000000
vn 0.000000 0.000000 1.000000
vn 0.000000 0.000000 1.000000
vn 0.000000 0.000000 1.000000
vn -0.933686 0.332955 -0.131796
vn -0.941903 0.335886 0.000000
vn -0.932612 0.332572 -0.140108
vn -0.941903 0.335886 0.000000
vn 0.989582 -0.000000 0.143973
vn 1.000000 -0.000001 0.000000
vn 0.989582 0.000000 0.143973
vn 1.000000 0.000000 0.000000
vn 0.000000 -1.000000 -0.000000
vn 0.000000 -1.000000 0.000000
vn 0.000000 -1.000000 -0.000000
vn 0.000000 -1.000000 0.000000
vn 0.989582 -0.000000 0.143973
vn 1.000000 -0.000002 0.000000
vn 0.989582 -0.000000 0.143973
vn 1.000000 -0.000001 0.000000
vn -0.932613 -0.332571 -0.140108
vn -0.941904 -0.335883 0.000000
vn -0.933687 -0.332954 -0.131796
vn -0.941904 -0.335883 0.000000
vn 0.000000 0.000000 1.000000
vn 0.000000 0.000000 1.000000
vn 0.000000 0.000000 1.000000
vn 0.000000 0.000000 1.000000
vn 0.969807 0.000001 0.243874
vn 0.989582 -0.000000 0.143973
vn 0.969807 0.000000 0.243874
vn 0.989582 -0.000000 0.143973
vn -0.916994 -0.327003 -0.228455
vn -0.932613 -0.332571 -0.140108
vn -0.916078 -0.326677 -0.232558
vn -0.933687 -0.332954 -0.131796
vn 0.979394 0.112647 0.167624
vn 0.969807 0.000001 0.243874
vn 0.985668 0.000000 0.168698
vn 0.969807 0.000000 0.243874
vn -0.933146 -0.332764 -0.136037
vn -0.916994 -0.327003 -0.228455
vn -0.932708 -0.332608 -0.139380
vn -0.916078 -0.326677 -0.232558
vn 0.979394 0.112647 0.167624
vn 0.985668 0.000000 0.168698
vn 0.943960 0.323283 0.066543
vn 0.997693 0.000001 0.067891
vn -0.941086 -0.335595 -0.041638
vn -0.933146 -0.332764 -0.136037
vn -0.941054 -0.335584 -0.042440
vn -0.932708 -0.332608 -0.139380
vn 0.000000 -0.389848 -0.920879
vn 0.000000 -0.389848 -0.920879
vn 0.000000 -0.389848 -0.920879
vn 0.000000 -0.389848 -0.920879
vn 0.943960 -0.323282 0.066543
vn 0.907358 -0.420358 -0.000001
vn 0.997693 0.000001 0.067891
vn 0.907358 -0.420358 -0.000001
vn -0.941086 -0.335595 -0.041638
vn -0.941054 -0.335584 -0.042440
vn -0.941903 -0.335885 0.000001
vn -0.941903 -0.335885 0.000001
vn -1.000000 0.000000 0.000000
vn -1.000000 0.000000 0.000000
vn -1.000000 0.000000 0.000000
vn -1.000000 0.000000 0.000000
vn 1.000000 0.000000 0.000000
vn 1.000000 0.000000 0.000553
vn 0.986204 -0.165535 0.000000
vn 0.986306 -0.164925 0.000316
vn 1.000000 0.000000 0.000000
vn 0.993452 -0.000000 -0.114250
vn 0.986204 0.165533 -0.000000
vn 0.985934 0.115468 -0.120834
vn 0.000000 0.280740 -0.959784
vn 0.000000 0.280740 -0.959784
vn 0.000000 0.280740 -0.959784
vn 0.000000 0.280740 -0.959784
vn 0.000000 -1.000000 0.000000
vn 0.000000 -1.000000 0.000000
vn 0.000000 -1.000000 0.000000
vn 0.000000 -1.000000 0.000000
vn -0.000000 1.000000 -0.000000
vn -0.000000 1.000000 -0.000000
vn -0.000000 1.000000 -0.000000
vn -0.000000 1.000000 -0.000000
vn 1.000000 0.000000 0.000553
vn 0.995934 -0.000000 0.090088
vn 0.986306 -0.164925 0.000316
vn 0.987973 -0.124781 0.091323
vn 0.000000 -1.000000 0.000000
vn 0.000000 -1.000000 0.000000
vn 0.000000 -1.000000 0.000000
vn 0.000000 -1.000000 0.000000
vn -0.000000 1.000000 -0.000000
vn 0.000000 1.000000 0.000000
vn -0.000000 1.000000 -0.000000
vn 0.000000 1.000000 0.000000
vn -1.000000 0.000000 0.000000
vn -1.000000 0.000000 0.000000
vn -1.000000 0.000000 0.000000
vn -1.000000 0.000000 0.000000
vn 0.000000 0.440464 0.897770
vn 0.000000 0.440464 0.897770
vn 0.000000 0.440464 0.897770
vn 0.000000 0.440464 0.897770
vn 0.000000 -1.000000 0.000000
vn 0.000000 -1.000000 0.000000
vn 0.000000 -1.000000 0.000000
vn 0.000000 -1.000000 0.000000
vn 0.000000 1.000000 0.000000
vn 0.000000 1.000000 0.000000
vn 0.000000 1.000000 0.000000
vn 0.000000 1.000000 0.000000
vn -1.000000 0.000000 0.000000
vn -1.000000 0.000000 0.000000
vn -1.000000 0.000000 0.000000
vn -1.000000 0.000000 0.000000
vn 0.986204 -0.165535 0.000000
vn 0.993343 -0.115197 0.000000
vn 0.985934 -0.115469 -0.120833
vn 0.992333 -0.100983 -0.071260
vn 0.992333 0.100980 -0.071260
vn 0.993343 0.115193 -0.000000
vn 0.985934 0.115468 -0.120834
vn 0.986204 0.165533 -0.000000
vn 0.993452 -0.000000 -0.114250
vn 0.967995 0.000001 -0.250968
vn 0.985934 0.115468 -0.120834
vn 0.986306 -0.164925 0.000316
vn 0.993390 -0.114789 0.000057
vn 0.986204 -0.165535 0.000000
vn 0.993343 -0.115197 0.000000
vn 0.993343 0.115193 -0.000000
vn 0.993390 0.114788 0.000057
vn 0.986204 0.165533 -0.000000
vn 0.986306 0.164924 0.000316
vn 0.995934 -0.000000 0.090088
vn 0.982278 0.000001 0.187428
vn 0.987973 -0.124781 0.091323
vn 0.992619 -0.103292 0.063554
vn 0.993390 -0.114789 0.000057
vn 0.987973 -0.124781 0.091323
vn 0.986306 -0.164925 0.000316
vn 0.986306 0.164924 0.000316
vn 0.993390 0.114788 0.000057
vn 0.987972 0.124782 0.091323
vn 0.992619 0.103292 0.063554
vn 0.987972 0.124782 0.091323
vn 0.982278 0.000001 0.187428
vn 0.995934 -0.000000 0.090088
vn 0.992333 -0.100983 -0.071260
vn 0.975508 0.000002 -0.219966
vn 0.985934 -0.115469 -0.120833
vn 0.967995 0.000001 -0.250968
vn -1.000000 0.000000 0.000000
vn -1.000000 0.000000 0.000000
vn -1.000000 0.000000 0.000000
vn -1.000000 0.000000 0.000000
vn 0.000000 -0.440464 0.897770
vn 0.000000 -0.440464 0.897770
vn 0.000000 -0.440464 0.897770
vn 0.000000 -0.440464 0.897770
vn -1.000000 0.000000 0.000000
vn -1.000000 0.000000 0.000000
vn -1.000000 0.000000 0.000000
vn -1.000000 0.000000 0.000000
vn 0.987972 0.124782 0.091323
vn 0.995934 -0.000000 0.090088
vn 0.986306 0.164924 0.000316
vn 1.000000 0.000000 0.000553
vn -0.000001 -0.280741 -0.959783
vn -0.000001 -0.280741 -0.959783
vn -0.000001 -0.280741 -0.959783
vn -0.000001 -0.280741 -0.959783
vn 0.985934 -0.115469 -0.120833
vn 0.993452 -0.000000 -0.114250
vn 0.986204 -0.165535 0.000000
vn 1.000000 0.000000 0.000000
vn 0.986306 0.164924 0.000316
vn 1.000000 0.000000 0.000553
vn 0.986204 0.165533 -0.000000
vn 1.000000 0.000000 0.000000
vn -1.000000 0.000000 0.000000
vn -1.000000 0.000000 0.000000
vn -1.000000 0.000000 0.000000
vn -1.000000 0.000000 0.000000
vn 0.248019 -0.891864 -0.378240
vn 0.320619 -0.870876 -0.372530
vn 0.259286 -0.936912 -0.234450
vn 0.210491 -0.958328 -0.193135
vn 0.647145 0.108584 -0.754595
vn 0.647901 0.105849 -0.754335
vn 0.656671 0.072533 -0.750681
vn 0.656671 0.072533 -0.750681
vn 0.000304 -0.006938 -0.999976
vn 0.006944 -0.051336 -0.998657
vn 0.003388 -0.024591 -0.999692
vn 0.190303 -0.962942 -0.191121
vn 0.170713 -0.962416 -0.211217
vn 0.155325 -0.866840 -0.473774
vn 0.155329 -0.889823 -0.429055
vn 0.137606 -0.913556 -0.382726
vn 0.248019 -0.891864 -0.378240
vn 0.146216 -0.969707 -0.195676
vn 0.259286 -0.936912 -0.234450
vn 0.002826 -0.018433 -0.999826
vn 0.002955 -0.019274 -0.999810
vn 0.005740 -0.037435 -0.999283
vn 0.005740 -0.037435 -0.999283
vn 0.000000 0.000000 -1.000000
vn 0.002955 -0.019274 -0.999810
vn 0.000000 0.000000 -1.000000
vn 0.002826 -0.018433 -0.999826
vn 0.000597 -0.983195 -0.182556
vn 0.000506 -0.933301 -0.359094
vn -0.000685 -0.983089 -0.183127
vn -0.000429 -0.932870 -0.360213
vn -0.000000 0.000000 -1.000000
vn -0.000000 0.000000 -1.000000
vn 0.001087 -0.005744 -0.999983
vn 0.000543 -0.002868 -0.999996
vn 0.000000 0.000000 -1.000000
vn 0.000000 0.000000 -1.000000
vn 0.000000 0.000000 -1.000000
vn 0.000000 0.000000 -1.000000
vn 0.098393 -0.970887 -0.218396
vn 0.007063 -0.982032 -0.188583
vn 0.102208 -0.927337 -0.360000
vn 0.006932 -0.931616 -0.363379
vn -0.128492 -0.963565 -0.234589
vn -0.115958 -0.918527 -0.377971
vn 0.001570 -0.980506 -0.196484
vn 0.006446 -0.925862 -0.377807
vn 0.025347 -0.052508 -0.998299
vn 0.013822 -0.028636 -0.999494
vn 0.025347 -0.052508 -0.998299
vn 0.011344 -0.023505 -0.999659
vn -0.000685 -0.983089 -0.183127
vn -0.000429 -0.932870 -0.360213
vn -0.061671 -0.980038 -0.189005
vn -0.203472 -0.907162 -0.368315
vn 0.001087 -0.005744 -0.999983
vn 0.000543 -0.002868 -0.999996
vn 0.002174 -0.011482 -0.999932
vn 0.001025 -0.005418 -0.999985
vn -0.000000 0.000000 -1.000000
vn -0.000001 0.000001 -1.000000
vn -0.000000 0.000000 -1.000000
vn -0.000001 0.000000 -1.000000
vn 0.000506 -0.933301 -0.359094
vn 0.000597 -0.983195 -0.182556
vn 0.143903 -0.923295 -0.356115
vn 0.055490 -0.981444 -0.183546
vn 0.000662 -1.000000 -0.000056
vn 0.000597 -0.983195 -0.182556
vn -0.000912 -1.000000 -0.000039
vn -0.000685 -0.983089 -0.183127
vn -0.004543 -0.986154 -0.165770
vn -0.003677 -0.924012 -0.382345
vn -0.003641 -0.980007 -0.198931
vn -0.003677 -0.924012 -0.382345
vn -0.002557 -0.596829 -0.802364
vn -0.002557 -0.596829 -0.802364
vn -0.002557 -0.596829 -0.802364
vn -0.002557 -0.596829 -0.802364
vn -0.019775 -0.983300 -0.180913
vn -0.028924 -0.799646 -0.599774
vn -0.019641 -0.983777 -0.178319
vn -0.028649 -0.780858 -0.624052
vn -0.028924 -0.799646 -0.599774
vn -0.025552 -0.607995 -0.793530
vn -0.028649 -0.780858 -0.624052
vn -0.025552 -0.607995 -0.793530
vn -0.706551 0.183657 -0.683415
vn -0.833060 -0.053894 -0.550552
vn -0.724331 0.158052 -0.671092
vn -0.851849 -0.112546 -0.511554
vn -0.918300 0.395885 0.000001
vn -0.999963 0.000000 0.008584
vn -0.918300 0.395885 0.000001
vn -0.952401 0.304737 0.008210
vn -0.000000 1.000000 0.000000
vn -0.000000 1.000000 -0.000000
vn -0.000000 1.000000 0.000000
vn -0.000000 1.000000 -0.000000
vn 0.795734 0.605646 0.000000
vn 0.795734 0.605646 0.000000
vn 0.795627 0.605563 -0.016464
vn 0.795630 0.605566 -0.016205
vn -0.000001 0.501571 -0.865117
vn -0.000001 0.501571 -0.865117
vn -0.000001 0.501571 -0.865117
vn -0.000001 0.501571 -0.865117
vn 0.000000 -1.000000 0.000000
vn 0.000000 -1.000000 0.000000
vn 0.000000 -1.000000 0.000000
vn 0.000000 -1.000000 0.000000
vn -0.000000 1.000000 0.000000
vn 0.000000 1.000000 0.000000
vn -0.000000 1.000000 0.000000
vn 0.000000 1.000000 0.000000
vn 0.000000 0.000000 1.000000
vn 0.000000 0.000000 1.000000
vn 0.000000 0.000000 1.000000
vn 0.000000 0.000000 1.000000
vn -0.999963 0.000000 0.008584
vn -0.999860 0.000000 0.016715
vn -0.952401 0.304737 0.008210
vn -0.977418 0.210682 0.016340
vn 0.795311 -0.605321 -0.032666
vn 0.795311 -0.605321 -0.032666
vn 0.795628 -0.605562 -0.016464
vn 0.795631 -0.605565 -0.016205
vn 0.000000 -1.000000 0.000000
vn 0.000000 -1.000000 0.000000
vn 0.000000 -1.000000 0.000000
vn 0.000000 -1.000000 0.000000
vn 0.795630 0.605566 -0.016205
vn 0.795311 0.605321 -0.032666
vn 0.795627 0.605563 -0.016464
vn 0.795311 0.605321 -0.032666
vn -0.977418 -0.210682 0.016340
vn -0.999860 0.000000 0.016715
vn -0.952401 -0.304737 0.008210
vn -0.999963 0.000000 0.008584
vn 0.000000 0.000000 1.000000
vn 0.000000 0.000000 1.000000
vn 0.000000 0.000000 1.000000
vn 0.000000 0.000000 1.000000
vn -0.000001 -0.501570 -0.865117
vn -0.000001 -0.501570 -0.865117
vn -0.000001 -0.501570 -0.865117
vn -0.000001 -0.501570 -0.865117
vn 0.795631 -0.605565 -0.016205
vn 0.795735 -0.605645 0.000000
vn 0.795628 -0.605562 -0.016464
vn 0.795735 -0.605645 0.000000
vn -0.952401 -0.304737 0.008210
vn -0.999963 0.000000 0.008584
vn -0.918300 -0.395885 0.000001
vn -0.918300 -0.395885 0.000001
vn 0.000000 0.000000 1.000000
vn 0.000000 0.000000 1.000000
vn 0.000000 0.000000 1.000000
vn 0.000000 0.000000 1.000000
vn -0.645119 0.000000 0.764082
vn -0.645119 0.000000 0.764082
vn -0.645119 0.000000 0.764082
vn -0.645119 0.000000 0.764082
vn 1.000000 0.000000 0.000000
vn 1.000000 0.000000 0.000000
vn 1.000000 0.000000 0.000000
vn 1.000000 0.000000 0.000000
vn 0.645119 0.000000 -0.764082
vn 0.645119 0.000000 -0.764082
vn 0.645119 0.000000 -0.764082
vn 0.645119 0.000000 -0.764082
vn 0.000000 -1.000000 0.000000
vn 0.000000 -1.000000 0.000000
vn 0.000000 -1.000000 0.000000
vn 0.000000 -1.000000 0.000000
vn 0.000000 1.000000 0.000000
vn 0.000000 1.000000 0.000000
vn 0.000000 1.000000 0.000000
vn 0.000000 1.000000 0.000000
vn 0.000000 1.000000 0.000000
vn 0.000000 1.000000 0.000000
vn 0.000000 1.000000 0.000000
vn 0.000000 1.000000 0.000000
vn 0.000000 0.000000 -1.000000
vn 0.000000 0.000000 -1.000000
vn 0.000000 0.000000 -1.000000
vn 0.000000 0.000000 -1.000000
vn 0.000000 1.000000 0.000000
vn 0.000000 1.000000 0.000000
vn 0.000000 1.000000 0.000000
vn 0.000000 1.000000 0.000000
vn 0.000000 -1.000000 0.000000
vn 0.000000 -1.000000 0.000000
vn 0.000000 -1.000000 0.000000
vn 0.000000 -1.000000 0.000000
vn -1.000000 0.000000 0.000000
vn -1.000000 0.000000 0.000000
vn -1.000000 0.000000 0.000000
vn -1.000000 0.000000 0.000000
vn 0.000000 -1.000000 0.000000
vn 0.000000 -1.000000 0.000000
vn 0.000000 -1.000000 0.000000
vn 0.000000 -1.000000 0.000000
vn 0.682053 0.000000 0.731303
vn 0.682053 0.000000 0.731303
vn 0.682053 0.000000 0.731303
vn 0.682053 0.000000 0.731303
vn -0.682053 0.000000 -0.731303
vn -0.682053 0.000000 -0.731303
vn -0.682053 0.000000 -0.731303
vn -0.682053 0.000000 -0.731303
vn 0.000000 -0.000000 1.000000
vn 0.000000 -0.382684 0.923879
vn 0.000000 -0.000000 1.000000
vn 0.000000 -0.382684 0.923879
vn 0.000000 -0.382684 0.923879
vn 0.000000 -0.707107 0.707107
vn 0.000000 -0.382684 0.923879
vn 0.000000 -0.707107 0.707107
vn 0.000000 -0.707107 0.707107
vn 0.000000 -0.923880 0.382683
vn 0.000000 -0.707107 0.707107
vn 0.000000 -0.923880 0.382683
vn 0.000000 -0.923880 0.382683
vn 0.000000 -1.000000 0.000000
vn 0.000000 -0.923880 0.382683
vn 0.000000 -1.000000 0.000000
vn 0.000000 -1.000000 0.000000
vn 0.000000 -0.923879 -0.382684
vn 0.000000 -1.000000 0.000000
vn 0.000000 -0.923879 -0.382684
vn 0.000000 -0.923879 -0.382684
vn 0.000000 -0.707107 -0.707107
vn 0.000000 -0.923879 -0.382684
vn 0.000000 -0.707107 -0.707107
vn 0.000000 -0.707107 -0.707107
vn 0.000000 -0.382684 -0.923879
vn 0.000000 -0.707107 -0.707107
vn 0.000000 -0.382684 -0.923879
vn 0.000000 -0.382684 -0.923879
vn 0.000000 -0.000000 -1.000000
vn 0.000000 -0.382684 -0.923879
vn 0.000000 -0.000000 -1.000000
vn 0.000000 -0.000000 -1.000000
vn 0.000000 0.382684 -0.923879
vn 0.000000 -0.000000 -1.000000
vn 0.000000 0.382684 -0.923879
vn 0.000000 0.382684 -0.923879
vn 0.000000 0.707106 -0.707108
vn 0.000000 0.382684 -0.923879
vn 0.000000 0.707106 -0.707108
vn 0.000000 0.707106 -0.707108
vn 0.000000 0.923879 -0.382686
vn 0.000000 0.707106 -0.707108
vn 0.000000 0.923879 -0.382686
vn 0.000000 0.923879 -0.382686
vn 0.000000 1.000000 0.000000
vn 0.000000 0.923879 -0.382686
vn 0.000000 1.000000 0.000000
vn 0.000000 1.000000 0.000000
vn 0.000000 0.923879 0.382684
vn 0.000000 1.000000 0.000000
vn 0.000000 0.923879 0.382684
vn 0.000000 0.923879 0.382684
vn 0.000000 0.707106 0.707107
vn 0.000000 0.923879 0.382684
vn 0.000000 0.707106 0.707107
vn 1.000000 0.000004 0.000000
vn 1.000000 0.000004 0.000000
vn 1.000000 0.000004 0.000000
vn 1.000000 0.000004 0.000000
vn 1.000000 0.000004 0.000000
vn 1.000000 0.000004 0.000000
vn 1.000000 0.000004 0.000000
vn 1.000000 0.000004 0.000000
vn 1.000000 0.000004 0.000000
vn 1.000000 0.000004 0.000000
vn 1.000000 0.000004 0.000000
vn 1.000000 0.000004 0.000000
vn 1.000000 0.000004 0.000000
vn 1.000000 0.000004 0.000000
vn 1.000000 0.000004 0.000000
vn 1.000000 0.000004 0.000000
vn 0.000000 0.707106 0.707107
vn 0.000000 0.382684 0.923879
vn 0.000000 0.707106 0.707107
vn 0.000000 0.382684 0.923879
vn 0.000000 0.382684 0.923879
vn 0.000000 -0.000000 1.000000
vn 0.000000 0.382684 0.923879
vn 0.000000 -0.000000 1.000000
vn -0.449127 0.631773 -0.631782
vn -0.449127 0.631773 -0.631782
vn -0.449133 0.825455 -0.341913
vn -0.449133 0.825454 -0.341914
vn -0.817922 -0.220170 0.531535
vn -0.817922 -0.220169 0.531535
vn -0.817923 0.000000 0.575328
vn -0.817923 0.000000 0.575328
vn -0.817920 -0.406824 0.406819
vn -0.817920 -0.406824 0.406819
vn -0.817922 -0.220170 0.531535
vn -0.817922 -0.220169 0.531535
vn -0.817919 -0.531539 0.220168
vn -0.817919 -0.531539 0.220169
vn -0.817920 -0.406824 0.406819
vn -0.817920 -0.406824 0.406819
vn -0.817920 -0.575331 0.000000
vn -0.817920 -0.575331 0.000000
vn -0.817919 -0.531539 0.220168
vn -0.817919 -0.531539 0.220169
vn -0.817923 -0.531533 -0.220171
vn -0.817922 -0.531533 -0.220171
vn -0.817920 -0.575331 0.000000
vn -0.817920 -0.575331 0.000000
vn -0.817922 -0.406818 -0.406819
vn -0.817923 -0.406818 -0.406819
vn -0.817923 -0.531533 -0.220171
vn -0.817922 -0.531533 -0.220171
vn -0.817922 -0.220169 -0.531534
vn -0.817922 -0.220169 -0.531534
vn -0.817922 -0.406818 -0.406819
vn -0.817923 -0.406818 -0.406819
vn -0.817922 0.000000 -0.575329
vn -0.817922 0.000000 -0.575329
vn -0.817922 -0.220169 -0.531534
vn -0.817922 -0.220169 -0.531534
vn -0.817921 0.220173 -0.531534
vn -0.817921 0.220173 -0.531534
vn -0.817922 0.000000 -0.575329
vn -0.817922 0.000000 -0.575329
vn -0.817920 0.406821 -0.406821
vn -0.817920 0.406822 -0.406820
vn -0.817921 0.220173 -0.531534
vn -0.817921 0.220173 -0.531534
vn -0.817923 0.531532 -0.220172
vn -0.817923 0.531532 -0.220172
vn -0.817920 0.406821 -0.406821
vn -0.817920 0.406822 -0.406820
vn -0.817921 0.575330 0.000000
vn -0.817921 0.575330 0.000000
vn -0.817923 0.531532 -0.220172
vn -0.817923 0.531532 -0.220172
vn -0.817921 0.531536 0.220170
vn -0.817921 0.531536 0.220170
vn -0.817921 0.575330 0.000000
vn -0.817921 0.575330 0.000000
vn -0.817921 0.406820 0.406820
vn -0.817921 0.406820 0.406820
vn -0.817921 0.531536 0.220170
vn -0.817921 0.531536 0.220170
vn -0.817921 0.220170 0.531535
vn -0.817921 0.220170 0.531535
vn -0.817921 0.406820 0.406820
vn -0.817921 0.406820 0.406820
vn -0.817923 0.000000 0.575328
vn -0.817923 0.000000 0.575328
vn -0.817921 0.220170 0.531535
vn -0.817921 0.220170 0.531535
vn -0.765200 0.246372 -0.594785
vn -0.765200 0.246372 -0.594785
vn -0.765200 0.000000 -0.643792
vn -0.765200 0.000000 -0.643792
vn -0.765197 0.455236 -0.455229
vn -0.765197 0.455235 -0.455230
vn -0.765200 0.246372 -0.594785
vn -0.765200 0.246372 -0.594785
vn -0.765199 0.594787 -0.246372
vn -0.765199 0.594787 -0.246372
vn -0.765197 0.455236 -0.455229
vn -0.765197 0.455235 -0.455230
vn -0.765197 0.643796 0.000000
vn -0.765197 0.643796 0.000000
vn -0.765199 0.594787 -0.246372
vn -0.765199 0.594787 -0.246372
vn -0.765200 0.594786 0.246371
vn -0.765200 0.594786 0.246371
vn -0.765197 0.643796 0.000000
vn -0.765197 0.643796 0.000000
vn -0.765200 0.455231 0.455230
vn -0.765200 0.455231 0.455229
vn -0.765200 0.594786 0.246371
vn -0.765200 0.594786 0.246371
vn -0.765198 0.246372 0.594788
vn -0.765198 0.246373 0.594787
vn -0.765200 0.455231 0.455230
vn -0.765200 0.455231 0.455229
vn -0.765199 0.000001 0.643794
vn -0.765199 0.000001 0.643794
vn -0.765198 0.246372 0.594788
vn -0.765198 0.246373 0.594787
vn -0.765198 -0.246373 0.594787
vn -0.765198 -0.246374 0.594787
vn -0.765199 0.000001 0.643794
vn -0.765199 0.000001 0.643794
vn -0.765199 -0.455233 0.455230
vn -0.765199 -0.455233 0.455229
vn -0.765198 -0.246373 0.594787
vn -0.765198 -0.246374 0.594787
vn -0.765199 -0.594787 0.246370
vn -0.765199 -0.594787 0.246370
vn -0.765199 -0.455233 0.455230
vn -0.765199 -0.455233 0.455229
vn -0.765197 -0.643796 0.000001
vn -0.765197 -0.643796 0.000001
vn -0.765199 -0.594787 0.246370
vn -0.765199 -0.594787 0.246370
vn -0.765199 -0.594786 -0.246372
vn -0.765199 -0.594787 -0.246371
vn -0.765197 -0.643796 0.000001
vn -0.765197 -0.643796 0.000001
vn -0.765197 -0.455235 -0.455230
vn -0.765197 -0.455235 -0.455230
vn -0.765199 -0.594786 -0.246372
vn -0.765199 -0.594787 -0.246371
vn -0.765200 -0.246373 -0.594785
vn -0.765200 -0.246373 -0.594785
vn -0.765197 -0.455235 -0.455230
vn -0.765197 -0.455235 -0.455230
vn -0.765200 0.000000 -0.643792
vn -0.765200 0.000000 -0.643792
vn -0.765200 -0.246373 -0.594785
vn -0.765200 -0.246373 -0.594785
vn -1.000000 0.000002 0.000000
vn -1.000000 0.000002 0.000000
vn -1.000000 0.000002 0.000000
vn -1.000000 0.000002 0.000000
vn -1.000000 0.000002 0.000000
vn -1.000000 0.000002 0.000000
vn -1.000000 0.000002 0.000000
vn -1.000000 0.000002 0.000000
vn -1.000000 0.000002 0.000000
vn -1.000000 0.000002 0.000000
vn -1.000000 0.000002 0.000000
vn -1.000000 0.000002 0.000000
vn -1.000000 0.000002 0.000000
vn -1.000000 0.000002 0.000000
vn -1.000000 0.000002 0.000000
vn -1.000000 0.000002 0.000000
vn -0.449132 -0.825452 0.341920
vn -0.449132 -0.825453 0.341918
vn -0.449134 -0.893465 0.000002
vn -0.449134 -0.893465 0.000002
vn -0.449133 0.825455 -0.341913
vn -0.449133 0.825454 -0.341914
vn -0.449131 0.893466 0.000001
vn -0.449131 0.893466 0.000001
vn -0.449134 -0.893465 0.000002
vn -0.449134 -0.893465 0.000002
vn -0.449132 -0.825454 -0.341916
vn -0.449132 -0.825453 -0.341917
vn -0.449131 0.893466 0.000001
vn -0.449131 0.893466 0.000001
vn -0.449134 0.825451 0.341921
vn -0.449134 0.825452 0.341918
vn -0.449132 -0.825454 -0.341916
vn -0.449132 -0.825453 -0.341917
vn -0.449127 -0.631774 -0.631781
vn -0.449127 -0.631774 -0.631781
vn -0.449134 0.825451 0.341921
vn -0.449134 0.825452 0.341918
vn -0.449130 0.631778 0.631774
vn -0.449130 0.631778 0.631775
vn -0.449127 -0.631774 -0.631781
vn -0.449127 -0.631774 -0.631781
vn -0.449129 -0.341908 -0.825459
vn -0.449129 -0.341908 -0.825459
vn -0.449130 0.631778 0.631774
vn -0.449130 0.631778 0.631775
vn -0.449130 0.341924 0.825452
vn -0.449130 0.341924 0.825451
vn -0.449129 -0.341908 -0.825459
vn -0.449129 -0.341908 -0.825459
vn -0.449132 0.000006 -0.893465
vn -0.449132 0.000007 -0.893465
vn -0.449130 0.000001 0.893466
vn -0.449130 0.000002 0.893466
vn -0.449130 -0.341920 0.825453
vn -0.449130 -0.341921 0.825453
vn -0.449130 0.341924 0.825452
vn -0.449130 0.341924 0.825451
vn -0.449130 0.000001 0.893466
vn -0.449130 0.000002 0.893466
vn -0.449132 0.000006 -0.893465
vn -0.449132 0.000007 -0.893465
vn -0.449127 0.341911 -0.825458
vn -0.449127 0.341911 -0.825458
vn -0.449130 -0.341920 0.825453
vn -0.449130 -0.341921 0.825453
vn -0.449129 -0.631779 0.631774
vn -0.449129 -0.631779 0.631774
vn -0.449127 0.341911 -0.825458
vn -0.449127 0.341911 -0.825458
vn -0.449127 0.631773 -0.631782
vn -0.449127 0.631773 -0.631782
vn -0.449129 -0.631779 0.631774
vn -0.449129 -0.631779 0.631774
vn -0.449132 -0.825452 0.341920
vn -0.449132 -0.825453 0.341918
vn 0.000000 -0.000000 1.000000
vn 0.000000 -0.382684 0.923879
vn 0.000000 -0.000000 1.000000
vn 0.000000 -0.382684 0.923879
vn 0.000000 -0.382684 0.923879
vn 0.000000 -0.707107 0.707107
vn 0.000000 -0.382684 0.923879
vn 0.000000 -0.707107 0.707107
vn 0.000000 -0.707107 0.707107
vn 0.000000 -0.923880 0.382683
vn 0.000000 -0.707107 0.707107
vn 0.000000 -0.923880 0.382683
vn 0.000000 -0.923880 0.382683
vn 0.000000 -1.000000 -0.000000
vn 0.000000 -0.923880 0.382683
vn 0.000000 -1.000000 -0.000000
vn 0.000000 -1.000000 -0.000000
vn 0.000000 -0.923879 -0.382684
vn 0.000000 -1.000000 -0.000000
vn 0.000000 -0.923879 -0.382684
vn 0.000000 -0.923879 -0.382684
vn 0.000000 -0.707106 -0.707108
vn 0.000000 -0.923879 -0.382684
vn 0.000000 -0.707106 -0.707108
vn 0.000000 -0.707106 -0.707108
vn 0.000000 -0.382683 -0.923880
vn 0.000000 -0.707106 -0.707108
vn 0.000000 -0.382683 -0.923880
vn 0.000000 -0.382683 -0.923880
vn 0.000000 -0.000000 -1.000000
vn 0.000000 -0.382683 -0.923880
vn 0.000000 -0.000000 -1.000000
vn 0.000000 -0.000000 -1.000000
vn 0.000000 0.382683 -0.923880
vn 0.000000 -0.000000 -1.000000
vn 0.000000 0.382683 -0.923880
vn 0.000000 0.382683 -0.923880
vn 0.000000 0.707105 -0.707109
vn 0.000000 0.382683 -0.923880
vn 0.000000 0.707105 -0.707109
vn 0.000000 0.707105 -0.707109
vn 0.000000 0.923879 -0.382685
vn 0.000000 0.707105 -0.707109
vn 0.000000 0.923879 -0.382685
vn 0.000000 0.923879 -0.382685
vn 0.000000 1.000000 -0.000000
vn 0.000000 0.923879 -0.382685
vn 0.000000 1.000000 -0.000000
vn 0.000000 1.000000 -0.000000
vn 0.000000 0.923879 0.382684
vn 0.000000 1.000000 -0.000000
vn 0.000000 0.923879 0.382684
vn 0.000000 0.923879 0.382684
vn 0.000000 0.707106 0.707107
vn 0.000000 0.923879 0.382684
vn 0.000000 0.707106 0.707107
vn 1.000000 -0.000001 0.000000
vn 1.000000 -0.000001 0.000000
vn 1.000000 -0.000001 0.000000
vn 1.000000 -0.000001 0.000000
vn 1.000000 -0.000001 0.000000
vn 1.000000 -0.000001 0.000000
vn 1.000000 -0.000001 0.000000
vn 1.000000 -0.000001 0.000000
vn 1.000000 -0.000001 0.000000
vn 1.000000 -0.000001 0.000000
vn 1.000000 -0.000001 0.000000
vn 1.000000 -0.000001 0.000000
vn 1.000000 -0.000001 0.000000
vn 1.000000 -0.000001 0.000000
vn 1.000000 -0.000001 0.000000
vn 1.000000 -0.000001 0.000000
vn 0.000000 0.707106 0.707107
vn 0.000000 0.382684 0.923879
vn 0.000000 0.707106 0.707107
vn 0.000000 0.382684 0.923879
vn 0.000000 0.382684 0.923879
vn 0.000000 -0.000000 1.000000
vn 0.000000 0.382684 0.923879
vn 0.000000 -0.000000 1.000000
vn -0.449132 0.631773 -0.631778
vn -0.449132 0.631773 -0.631778
vn -0.449130 0.825457 -0.341910
vn -0.449130 0.825457 -0.341910
vn -0.817921 -0.220169 0.531536
vn -0.817921 -0.220169 0.531536
vn -0.817921 -0.000000 0.575331
vn -0.817921 -0.000000 0.575331
vn -0.817921 -0.406823 0.406818
vn -0.817920 -0.406823 0.406818
vn -0.817921 -0.220169 0.531536
vn -0.817921 -0.220169 0.531536
vn -0.817920 -0.531538 0.220168
vn -0.817920 -0.531538 0.220169
vn -0.817921 -0.406823 0.406818
vn -0.817920 -0.406823 0.406818
vn -0.817920 -0.575331 -0.000000
vn -0.817920 -0.575331 -0.000000
vn -0.817920 -0.531538 0.220168
vn -0.817920 -0.531538 0.220169
vn -0.817923 -0.531534 -0.220170
vn -0.817922 -0.531534 -0.220170
vn -0.817920 -0.575331 -0.000000
vn -0.817920 -0.575331 -0.000000
vn -0.817922 -0.406818 -0.406820
vn -0.817922 -0.406818 -0.406820
vn -0.817923 -0.531534 -0.220170
vn -0.817922 -0.531534 -0.220170
vn -0.817921 -0.220169 -0.531536
vn -0.817921 -0.220170 -0.531536
vn -0.817922 -0.406818 -0.406820
vn -0.817922 -0.406818 -0.406820
vn -0.817921 -0.000000 -0.575330
vn -0.817921 -0.000000 -0.575330
vn -0.817921 -0.220169 -0.531536
vn -0.817921 -0.220170 -0.531536
vn -0.817923 0.220165 -0.531535
vn -0.817923 0.220165 -0.531535
vn -0.817921 -0.000000 -0.575330
vn -0.817921 -0.000000 -0.575330
vn -0.817925 0.406813 -0.406820
vn -0.817925 0.406813 -0.406820
vn -0.817923 0.220165 -0.531535
vn -0.817923 0.220165 -0.531535
vn -0.817923 0.531533 -0.220171
vn -0.817923 0.531533 -0.220171
vn -0.817925 0.406813 -0.406820
vn -0.817925 0.406813 -0.406820
vn -0.817921 0.575330 -0.000000
vn -0.817921 0.575330 -0.000000
vn -0.817923 0.531533 -0.220171
vn -0.817923 0.531533 -0.220171
vn -0.817922 0.531534 0.220170
vn -0.817922 0.531534 0.220170
vn -0.817921 0.575330 -0.000000
vn -0.817921 0.575330 -0.000000
vn -0.817921 0.406820 0.406820
vn -0.817921 0.406820 0.406820
vn -0.817922 0.531534 0.220170
vn -0.817922 0.531534 0.220170
vn -0.817921 0.220170 0.531536
vn -0.817921 0.220170 0.531536
vn -0.817921 0.406820 0.406820
vn -0.817921 0.406820 0.406820
vn -0.817921 -0.000000 0.575331
vn -0.817921 -0.000000 0.575331
vn -0.817921 0.220170 0.531536
vn -0.817921 0.220170 0.531536
vn -0.765199 0.246372 -0.594787
vn -0.765199 0.246373 -0.594787
vn -0.765198 0.000000 -0.643795
vn -0.765198 0.000000 -0.643795
vn -0.765197 0.455239 -0.455227
vn -0.765197 0.455238 -0.455227
vn -0.765199 0.246372 -0.594787
vn -0.765199 0.246373 -0.594787
vn -0.765198 0.594790 -0.246368
vn -0.765198 0.594790 -0.246368
vn -0.765197 0.455239 -0.455227
vn -0.765197 0.455238 -0.455227
vn -0.765199 0.643794 0.000002
vn -0.765199 0.643794 0.000001
vn -0.765198 0.594790 -0.246368
vn -0.765198 0.594790 -0.246368
vn -0.765198 0.594789 0.246370
vn -0.765198 0.594788 0.246371
vn -0.765199 0.643794 0.000002
vn -0.765199 0.643794 0.000001
vn -0.765199 0.455231 0.455231
vn -0.765199 0.455232 0.455230
vn -0.765198 0.594789 0.246370
vn -0.765198 0.594788 0.246371
vn -0.765199 0.246367 0.594789
vn -0.765199 0.246367 0.594788
vn -0.765199 0.455231 0.455231
vn -0.765199 0.455232 0.455230
vn -0.765199 0.000000 0.643794
vn -0.765199 0.000000 0.643794
vn -0.765199 0.246367 0.594789
vn -0.765199 0.246367 0.594788
vn -0.765199 -0.246368 0.594789
vn -0.765199 -0.246368 0.594788
vn -0.765199 0.000000 0.643794
vn -0.765199 0.000000 0.643794
vn -0.765197 -0.455234 0.455232
vn -0.765197 -0.455234 0.455231
vn -0.765199 -0.246368 0.594789
vn -0.765199 -0.246368 0.594788
vn -0.765197 -0.594790 0.246369
vn -0.765197 -0.594790 0.246370
vn -0.765197 -0.455234 0.455232
vn -0.765197 -0.455234 0.455231
vn -0.765198 -0.643796 0.000001
vn -0.765198 -0.643796 0.000001
vn -0.765197 -0.594790 0.246369
vn -0.765197 -0.594790 0.246370
vn -0.765199 -0.594788 -0.246369
vn -0.765199 -0.594788 -0.246369
vn -0.765198 -0.643796 0.000001
vn -0.765198 -0.643796 0.000001
vn -0.765199 -0.455235 -0.455227
vn -0.765199 -0.455235 -0.455228
vn -0.765199 -0.594788 -0.246369
vn -0.765199 -0.594788 -0.246369
vn -0.765199 -0.246373 -0.594787
vn -0.765199 -0.246373 -0.594786
vn -0.765199 -0.455235 -0.455227
vn -0.765199 -0.455235 -0.455228
vn -0.765198 0.000000 -0.643795
vn -0.765198 0.000000 -0.643795
vn -0.765199 -0.246373 -0.594787
vn -0.765199 -0.246373 -0.594786
vn -1.000000 0.000008 0.000000
vn -1.000000 0.000008 0.000000
vn -1.000000 0.000008 0.000000
vn -1.000000 0.000008 0.000000
vn -1.000000 0.000008 0.000000
vn -1.000000 0.000008 0.000000
vn -1.000000 0.000008 0.000000
vn -1.000000 0.000008 0.000000
vn -1.000000 0.000008 0.000000
vn -1.000000 0.000008 0.000000
vn -1.000000 0.000008 0.000000
vn -1.000000 0.000008 0.000000
vn -1.000000 0.000008 0.000000
vn -1.000000 0.000008 0.000000
vn -1.000000 0.000008 0.000000
vn -1.000000 0.000008 0.000000
vn -0.449131 -0.825455 0.341915
vn -0.449131 -0.825455 0.341914
vn -0.449129 -0.893467 -0.000002
vn -0.449129 -0.893467 -0.000002
vn -0.449130 0.825457 -0.341910
vn -0.449130 0.825457 -0.341910
vn -0.449130 0.893466 -0.000002
vn -0.449130 0.893466 -0.000002
vn -0.449129 -0.893467 -0.000002
vn -0.449129 -0.893467 -0.000002
vn -0.449128 -0.825457 -0.341913
vn -0.449128 -0.825457 -0.341914
vn -0.449130 0.893466 -0.000002
vn -0.449130 0.893466 -0.000002
vn -0.449130 0.825455 0.341915
vn -0.449130 0.825455 0.341915
vn -0.449128 -0.825457 -0.341913
vn -0.449128 -0.825457 -0.341914
vn -0.449130 -0.631774 -0.631779
vn -0.449130 -0.631774 -0.631778
vn -0.449130 0.825455 0.341915
vn -0.449130 0.825455 0.341915
vn -0.449130 0.631779 0.631773
vn -0.449130 0.631780 0.631772
vn -0.449130 -0.631774 -0.631779
vn -0.449130 -0.631774 -0.631778
vn -0.449131 -0.341904 -0.825459
vn -0.449131 -0.341903 -0.825459
vn -0.449130 0.631779 0.631773
vn -0.449130 0.631780 0.631772
vn -0.449134 0.341914 0.825454
vn -0.449134 0.341914 0.825453
vn -0.449131 -0.341904 -0.825459
vn -0.449131 -0.341903 -0.825459
vn -0.449136 0.000001 -0.893464
vn -0.449136 0.000002 -0.893463
vn -0.449129 0.000001 0.893467
vn -0.449129 0.000002 0.893467
vn -0.449133 -0.341915 0.825454
vn -0.449133 -0.341916 0.825453
vn -0.449134 0.341914 0.825454
vn -0.449134 0.341914 0.825453
vn -0.449129 0.000001 0.893467
vn -0.449129 0.000002 0.893467
vn -0.449136 0.000001 -0.893464
vn -0.449136 0.000002 -0.893463
vn -0.449134 0.341901 -0.825459
vn -0.449134 0.341900 -0.825459
vn -0.449133 -0.341915 0.825454
vn -0.449133 -0.341916 0.825453
vn -0.449131 -0.631781 0.631771
vn -0.449131 -0.631782 0.631770
vn -0.449134 0.341901 -0.825459
vn -0.449134 0.341900 -0.825459
vn -0.449132 0.631773 -0.631778
vn -0.449132 0.631773 -0.631778
vn -0.449131 -0.631781 0.631771
vn -0.449131 -0.631782 0.631770
vn -0.449131 -0.825455 0.341915
vn -0.449131 -0.825455 0.341914
vn -0.937844 0.345608 0.031697
vn -0.937844 0.345608 0.031697
vn -0.938315 0.345781 0.000922
vn -0.938315 0.345781 0.000814
vn 0.000001 0.000000 1.000000
vn -0.000002 0.000000 1.000000
vn 0.000000 0.000000 1.000000
vn 0.000000 0.000000 1.000000
vn 1.000000 0.000000 0.000000
vn 1.000000 0.000000 -0.000000
vn 1.000000 0.000000 0.000000
vn 1.000000 0.000000 -0.000000
vn 0.000000 0.999987 0.005175
vn 0.000000 0.985404 -0.170232
vn 0.000000 0.999987 0.005175
vn 0.000000 0.985404 -0.170232
vn 0.000000 -0.986621 0.163028
vn 0.000000 -0.999989 0.004689
vn 0.000000 -0.986621 0.163028
vn 0.000000 -0.999989 0.004689
vn 0.000000 0.983590 0.180421
vn 0.000000 0.999987 0.005175
vn 0.000000 0.983590 0.180421
vn 0.000000 0.999987 0.005175
vn 0.000000 0.000000 -1.000000
vn 0.000000 0.000000 -1.000000
vn 0.000000 0.000000 -1.000000
vn 0.000000 0.000000 -1.000000
vn 1.000000 0.000000 -0.000000
vn 1.000000 0.000000 -0.000000
vn 1.000000 0.000000 -0.000000
vn 1.000000 0.000000 -0.000000
vn -0.936207 -0.350391 -0.027264
vn -0.936207 -0.350391 -0.027264
vn -0.936554 -0.350522 0.000843
vn -0.936554 -0.350522 0.000754
vn 0.000000 -0.999989 0.004689
vn 0.000000 -0.988107 -0.153769
vn 0.000000 -0.999989 0.004689
vn 0.000000 -0.988107 -0.153769
vn -0.938315 0.345781 0.000814
vn -0.937897 0.345627 -0.029853
vn -0.938315 0.345781 0.000922
vn -0.937897 0.345627 -0.029853
vn 1.000000 -0.000001 -0.000000
vn 1.000000 0.000000 -0.000000
vn 1.000000 0.000000 -0.000000
vn 1.000000 0.000000 -0.000000
vn 0.000000 0.000000 -1.000000
vn 0.000000 0.000000 -1.000000
vn 0.000000 0.000000 -1.000000
vn 0.000000 0.000000 -1.000000
vn 1.000000 -0.000001 -0.000000
vn 1.000000 0.000000 -0.000000
vn 1.000000 -0.000001 0.000000
vn 1.000000 0.000000 0.000000
vn 0.000000 -0.907459 -0.420141
vn 0.000000 -0.907459 -0.420141
vn 0.000000 -0.907459 -0.420141
vn 0.000000 -0.907459 -0.420141
vn -0.936554 -0.350522 0.000754
vn -0.936162 -0.350376 0.028948
vn -0.936554 -0.350522 0.000843
vn -0.936162 -0.350376 0.028948
vn 0.000001 0.000000 1.000000
vn 0.000001 0.000000 1.000000
vn 0.000001 0.000000 1.000000
vn 0.000001 0.000000 1.000000
vn 0.000001 0.000000 1.000000
vn 0.000001 0.000000 1.000000
vn -0.000004 0.000000 1.000000
vn -0.000004 0.000000 1.000000
vn -0.000004 0.000000 1.000000
vn -0.000004 0.000000 1.000000
vn -0.000004 0.000000 1.000000
vn -0.000002 0.000000 1.000000
vn -0.000004 0.000000 1.000000
vn -0.000002 0.000000 1.000000
vn 0.000001 0.000000 1.000000
vn 0.000001 0.000000 1.000000
vn 0.000000 0.000000 1.000000
vn 0.000000 0.000000 1.000000
vn 0.000000 0.000000 1.000000
vn 0.000000 0.000000 1.000000
vn 0.000000 0.907460 0.420139
vn 0.000000 0.907460 0.420139
vn 0.000000 0.907460 0.420139
vn 0.000000 0.907460 0.420139
vn 1.000000 0.000000 0.000000
vn 1.000000 0.000000 0.000000
vn 1.000000 0.000000 0.000000
vn 1.000000 0.000000 0.000000
vn -0.901319 -0.393072 -0.181986
vn -0.901319 -0.393072 -0.181986
vn -0.901319 -0.393072 -0.181986
vn -0.901319 -0.393072 -0.181986
vn 1.000000 0.000000 0.000000
vn 1.000000 0.000000 0.000000
vn 1.000000 -0.000001 0.000000
vn 1.000000 -0.000001 0.000000
vn 1.000000 -0.000001 0.000000
vn 1.000000 -0.000001 -0.000000
vn 1.000000 -0.000001 0.000000
vn 1.000000 -0.000001 -0.000000
vn 1.000000 0.000000 -0.000000
vn 1.000000 0.000001 -0.000000
vn 1.000000 0.000000 0.000000
vn 1.000000 0.000001 0.000000
vn 1.000000 0.000000 -0.000000
vn 1.000000 0.000000 0.000000
vn 1.000000 0.000000 -0.000000
vn 1.000000 0.000000 -0.000000
vn 1.000000 0.000000 -0.000000
vn 1.000000 0.000001 -0.000000
vn 1.000000 0.000000 -0.000000
vn 1.000000 0.000000 -0.000000
vn 1.000000 -0.000001 -0.000000
vn 1.000000 -0.000001 -0.000000
vn 1.000000 0.000000 -0.000000
vn 1.000000 0.000000 -0.000000
vn 1.000000 0.000001 0.000000
vn 1.000000 0.000000 0.000000
vn 1.000000 0.000000 0.000000
vn 1.000000 0.000000 0.000000
vn 1.000000 0.000000 -0.000000
vn 1.000000 0.000000 0.000000
vn 1.000000 0.000000 -0.000000
vn 1.000000 0.000000 -0.000000
vn 0.997033 0.076973 -0.000000
vn 0.997033 0.076977 -0.000000
vn 1.000000 -0.000000 0.000000
vn 1.000000 -0.000000 0.000000
vn 1.000000 0.000004 0.000000
vn 1.000000 0.000002 -0.000000
vn 1.000000 -0.000002 0.000000
vn 1.000000 -0.000002 -0.000000
vn 1.000000 -0.000002 -0.000000
vn 0.997033 0.076973 -0.000000
vn 1.000000 -0.000002 0.000000
vn 1.000000 -0.000000 0.000000
vn 1.000000 0.000000 0.000000
vn 1.000000 0.000000 0.000000
vn 1.000000 0.000000 0.000000
vn 1.000000 0.000000 0.000000
vn 0.000000 -0.014000 0.999902
vn 0.000000 -0.014000 0.999902
vn 0.000000 -0.014000 0.999902
vn 0.000000 -0.014000 0.999902
vn 0.000000 1.000000 0.000000
vn 0.000000 1.000000 0.000000
vn 0.000000 1.000000 0.000000
vn 0.000000 1.000000 0.000000
vn 0.000000 -1.000000 0.000000
vn 0.000000 -1.000000 0.000000
vn 0.000000 -1.000000 0.000000
vn 0.000000 -1.000000 0.000000
vn -0.115958 -0.918527 -0.377971
vn -0.128492 -0.963565 -0.234589
vn -0.203472 -0.907162 -0.368315
vn -0.061671 -0.980038 -0.189005
vn -0.271857 0.687215 -0.673668
vn -0.514887 0.438431 -0.736661
vn -0.316120 0.657267 -0.684155
vn -0.536307 0.400982 -0.742690
vn 0.000543 -0.002868 -0.999996
vn -0.000000 -0.000000 -1.000000
vn 0.001025 -0.005418 -0.999985
vn -0.000000 -0.000000 -1.000000
vn -0.000030 0.004894 -0.999988
vn -0.000007 0.148671 -0.988887
vn -0.000063 0.008725 -0.999962
vn -0.000049 0.253938 -0.967220
vn 0.155329 -0.889823 -0.429055
vn 0.170713 -0.962416 -0.211217
vn 0.320619 -0.870876 -0.372530
vn 0.210491 -0.958328 -0.193135
vn -0.634998 0.065091 -0.769767
vn -0.651062 0.053307 -0.757150
vn -0.636845 0.063751 -0.768352
vn -0.651062 0.053307 -0.757150
vn 0.000240 0.000704 -1.000000
vn 0.000187 0.000735 -1.000000
vn -0.000001 -0.000000 -1.000000
vn 0.000087 -0.000096 -1.000000
vn 0.505733 0.400222 -0.764236
vn 0.493608 0.414254 -0.764686
vn 0.320824 0.600334 -0.732578
vn 0.268089 0.651477 -0.709723
vn 0.647901 0.105849 -0.754335
vn 0.647145 0.108584 -0.754595
vn 0.617068 0.211629 -0.757918
vn 0.612307 0.226299 -0.757541
vn 0.003388 -0.024591 -0.999692
vn 0.006944 -0.051336 -0.998657
vn 0.006044 -0.023607 -0.999703
vn 0.012191 -0.047617 -0.998791
vn -0.000000 -0.000000 -1.000000
vn -0.000007 0.000075 -1.000000
vn -0.000000 -0.000000 -1.000000
vn -0.000000 0.000000 -1.000000
vn -0.000049 0.253938 -0.967220
vn -0.000134 0.146565 -0.989201
vn 0.000131 0.006986 -0.999976
vn 0.000221 0.004231 -0.999991
vn -0.000014 0.254731 -0.967012
vn 0.000020 0.148750 -0.988875
vn 0.000091 0.008816 -0.999961
vn 0.000027 0.004919 -0.999988
vn 0.547326 0.065095 -0.834384
vn 0.547326 0.065095 -0.834384
vn 0.536480 0.062002 -0.841632
vn 0.535097 0.061609 -0.842541
vn -0.833060 -0.053894 -0.550552
vn -0.856112 -0.312789 -0.411381
vn -0.851849 -0.112546 -0.511554
vn -0.765251 -0.531919 -0.362566
vn -0.000000 -0.000000 -1.000000
vn -0.000000 -0.000000 -1.000000
vn -0.000386 0.000938 -1.000000
vn -0.000276 0.000671 -1.000000
vn 0.000039 0.000239 -1.000000
vn 0.000007 0.000161 -1.000000
vn -0.000001 -0.000000 -1.000000
vn -0.000000 -0.000000 -1.000000
vn 0.055490 -0.981444 -0.183546
vn 0.098393 -0.970887 -0.218396
vn 0.143903 -0.923295 -0.356115
vn 0.102208 -0.927337 -0.360000
vn -0.000001 -0.000000 -1.000000
vn -0.000000 -0.000000 -1.000000
vn -0.000001 0.000000 -1.000000
vn -0.000000 0.000000 -1.000000
vn 0.000000 0.000000 -1.000000
vn 0.000000 0.000000 -1.000000
vn -0.000000 -0.000000 -1.000000
vn -0.000000 -0.000000 -1.000000
vn -0.856112 -0.312789 -0.411381
vn -0.704747 -0.627465 -0.331089
vn -0.765251 -0.531919 -0.362566
vn -0.704747 -0.627465 -0.331089
vn -0.271947 0.650162 -0.709460
vn 0.005230 0.657700 -0.753262
vn -0.258466 0.653157 -0.711746
vn 0.008049 0.657196 -0.753677
vn -0.258466 0.653157 -0.711746
vn -0.496255 0.497861 -0.711242
vn -0.271947 0.650162 -0.709460
vn -0.557159 0.409242 -0.722562
vn 0.412708 0.322796 -0.851748
vn 0.376180 0.398654 -0.836399
vn 0.219475 0.579899 -0.784569
vn 0.231761 0.572022 -0.786815
vn 0.002563 0.470020 -0.882652
vn -0.005437 0.468842 -0.883266
vn 0.004742 0.501166 -0.865338
vn 0.003078 0.613347 -0.789808
vn -0.001045 0.671062 -0.741400
vn -0.997867 0.000097 -0.065285
vn -0.996918 0.000105 -0.078449
vn -0.996672 0.000059 -0.081523
vn -0.996997 0.000047 -0.077434
vn -0.997867 0.000097 -0.065285
vn -1.000000 -0.000002 0.000000
vn -0.998738 0.000115 -0.050226
vn 0.982278 0.000001 0.187428
vn 0.987972 0.124782 0.091323
vn 0.986680 0.000002 0.162675
vn 0.992619 0.103292 0.063554
vn 0.982278 0.000001 0.187428
vn 0.986680 0.000002 0.162675
vn 0.987973 -0.124781 0.091323
vn 0.992619 -0.103292 0.063554
vn 0.967995 0.000001 -0.250968
vn 0.975508 0.000002 -0.219966
vn 0.985934 0.115468 -0.120834
vn 0.992333 0.100980 -0.071260
vn 0.967995 0.000001 -0.250968
vn 0.993452 -0.000000 -0.114250
vn 0.985934 -0.115469 -0.120833
vn 0.075613 -0.997137 0.000000
vn 0.000923 -1.000000 0.000000
vn 0.100230 -0.994964 0.000013
vn 0.000923 -1.000000 0.000000
vn 0.000923 -1.000000 0.000000
vn 0.000923 -1.000000 0.000000
vn 0.100229 -0.994964 -0.000013
vn 0.075613 -0.997137 0.000000
vn -0.002306 -0.999997 0.000000
vn -0.000000 -1.000000 0.000000
vn -0.001730 -0.999999 0.000000
vn -0.000000 -1.000000 0.000000
vn -0.002306 -0.999997 -0.000000
vn -0.001730 -0.999999 0.000000
vn -0.000000 -1.000000 0.000000
vn -0.000000 -1.000000 0.000000
vn 0.000615 -0.000677 1.000000
vn -0.003062 0.002294 0.999993
vn 0.003828 0.001167 0.999992
vn 0.000615 -0.000677 1.000000
vn -0.004396 0.001740 0.999989
vn -0.003062 0.002294 0.999993
vn 0.000615 -0.000677 1.000000
vn -0.000045 -0.003375 0.999994
vn -0.004396 0.001740 0.999989
vn 0.000615 -0.000677 1.000000
vn 0.001442 -0.000477 0.999999
vn 0.001545 -0.000263 0.999999
vn 0.000615 -0.000677 1.000000
vn 0.001013 -0.000925 0.999999
vn 0.001442 -0.000477 0.999999
vn 0.000615 -0.000677 1.000000
vn 0.004235 0.000071 0.999991
vn 0.001013 -0.000925 0.999999
vn 0.000615 -0.000677 1.000000
vn 0.003828 0.001167 0.999992
vn 0.004235 0.000071 0.999991
vn 0.000615 -0.000677 1.000000
vn 0.001551 -0.006679 0.999977
vn -0.000045 -0.003375 0.999994
vn 0.000000 0.000000 1.000000
vn 0.000001 -0.000000 1.000000
vn 0.000000 -0.000000 1.000000
vn 0.000000 0.000000 1.000000
vn 0.000000 0.000000 1.000000
vn 0.000001 -0.000000 1.000000
vn 0.000000 0.000000 1.000000
vn 0.000000 0.000000 1.000000
vn 0.000000 0.000000 1.000000
vn 0.000000 0.000000 1.000000
vn 0.000000 0.000000 1.000000
vn 0.000000 0.000000 1.000000
vn 0.000000 0.000000 1.000000
vn 0.000000 0.000000 1.000000
vn 0.000000 0.000000 1.000000
vn 0.000000 0.000000 1.000000
vn -0.000000 0.000000 1.000000
vn 0.000000 0.000000 1.000000
vn 0.000000 0.000000 1.000000
vn -0.000000 -0.000000 1.000000
vn -0.000000 0.000000 1.000000
vn 0.000000 0.000000 1.000000
vn 0.000000 -0.000000 1.000000
vn -0.000000 -0.000000 1.000000
vn -0.000000 -0.000000 -1.000000
vn 0.000000 -0.000000 -1.000000
vn -0.000000 -0.000000 -1.000000
vn -0.000000 -0.000000 -1.000000
vn -0.000000 -0.000000 -1.000000
vn -0.000001 -0.000000 -1.000000
vn -0.000000 -0.000000 -1.000000
vn -0.000001 -0.000000 -1.000000
vn -0.000000 -0.000000 -1.000000
vn -0.000000 -0.000000 -1.000000
vn -0.000000 -0.000000 -1.000000
vn -0.000000 -0.000000 -1.000000
vn -0.000000 -0.000000 -1.000000
vn 0.000000 -0.000000 -1.000000
vn -0.000000 -0.000000 -1.000000
vn -0.000000 -0.000000 -1.000000
vn -0.000000 -0.000000 -1.000000
vn -0.000000 -0.000000 -1.000000
vn -0.000000 -0.000000 -1.000000
vn -0.000000 -0.000000 -1.000000
vn -0.000000 -0.000000 -1.000000
vn -0.000000 -0.000000 -1.000000
vn -0.000000 -0.000000 -1.000000
vn 0.000000 -0.000000 -1.000000
vn 0.000614 -0.000677 -1.000000
vn 0.003828 0.001167 -0.999992
vn -0.003063 0.002294 -0.999993
vn 0.000614 -0.000677 -1.000000
vn -0.003063 0.002294 -0.999993
vn -0.004397 0.001740 -0.999989
vn 0.000614 -0.000677 -1.000000
vn -0.004397 0.001740 -0.999989
vn -0.000045 -0.003375 -0.999994
vn 0.000614 -0.000677 -1.000000
vn 0.001544 -0.000263 -0.999999
vn 0.001441 -0.000477 -0.999999
vn 0.000614 -0.000677 -1.000000
vn 0.001441 -0.000477 -0.999999
vn 0.001012 -0.000925 -0.999999
vn 0.000614 -0.000677 -1.000000
vn 0.001012 -0.000925 -0.999999
vn 0.004235 0.000071 -0.999991
vn 0.000614 -0.000677 -1.000000
vn 0.004235 0.000071 -0.999991
vn 0.003828 0.001167 -0.999992
vn 0.000614 -0.000677 -1.000000
vn -0.000045 -0.003375 -0.999994
vn 0.001550 -0.006679 -0.999977
vn -0.859341 0.000000 0.511403
vn -0.859341 0.000000 0.511403
vn -0.793927 0.328856 0.511403
vn -0.793928 0.328856 0.511403
vn -0.607646 0.607646 0.511403
vn -0.607645 0.607647 0.511403
vn -0.328856 0.793928 0.511402
vn -0.328855 0.793928 0.511402
vn 0.000000 0.859341 0.511403
vn 0.000000 0.859341 0.511403
vn 0.328856 0.793927 0.511403
vn 0.328855 0.793927 0.511403
vn 0.884184 -0.366242 -0.289974
vn 0.884184 -0.366242 -0.289974
vn 0.957035 0.000000 -0.289974
vn 0.957035 0.000000 -0.289974
vn 0.366241 -0.884185 -0.289974
vn 0.366240 -0.884185 -0.289974
vn 0.676724 -0.676727 -0.289974
vn 0.676724 -0.676727 -0.289974
vn 0.366240 0.884185 -0.289974
vn 0.366240 0.884185 -0.289974
vn -0.000000 0.957034 -0.289974
vn -0.000000 0.957034 -0.289974
vn 0.884184 0.366242 -0.289975
vn 0.884184 0.366242 -0.289975
vn 0.676724 0.676727 -0.289975
vn 0.676724 0.676727 -0.289975
vn 0.000000 0.000000 -1.000000
vn 0.000000 0.000000 -1.000000
vn -0.000001 0.000000 -1.000000
vn -0.000001 0.000000 -1.000000
vn -0.646914 0.267961 -0.713932
vn -0.646914 0.267961 -0.713932
vn -0.700215 0.000001 -0.713932
vn -0.700215 0.000000 -0.713932
vn -0.267960 -0.646913 -0.713933
vn -0.267960 -0.646913 -0.713933
vn -0.000000 -0.700214 -0.713933
vn -0.000000 -0.700214 -0.713933
vn 0.646914 -0.267961 -0.713933
vn 0.646914 -0.267961 -0.713933
vn 0.700213 0.000000 -0.713934
vn 0.700213 0.000000 -0.713934
vn 0.267961 0.646914 -0.713932
vn 0.267961 0.646914 -0.713932
vn -0.000001 0.700213 -0.713934
vn 0.000000 0.700213 -0.713934
vn -0.388082 -0.160749 -0.907498
vn -0.222088 -0.091992 -0.970677
vn -0.297026 -0.297026 -0.907497
vn -0.169979 -0.169979 -0.970677
vn -0.160748 -0.388080 -0.907499
vn -0.091991 -0.222087 -0.970678
vn 0.000000 -0.420054 -0.907499
vn 0.000001 -0.240385 -0.970678
vn -0.160747 0.388081 -0.907498
vn -0.091990 0.222087 -0.970678
vn -0.297025 0.297025 -0.907498
vn -0.169979 0.169979 -0.970677
vn 0.540526 -0.223894 -0.810989
vn 0.540526 -0.223894 -0.810989
vn 0.585062 -0.000000 -0.810989
vn 0.585062 -0.000000 -0.810989
vn 0.091992 0.222087 -0.970678
vn 0.169978 0.169978 -0.970678
vn 0.000000 0.240385 -0.970678
vn 0.222088 0.091993 -0.970677
vn 0.240387 0.000000 -0.970677
vn 0.222088 -0.091993 -0.970677
vn 0.169978 -0.169978 -0.970677
vn 0.091993 -0.222087 -0.970677
vn 0.000001 -0.240385 -0.970678
vn -0.091991 -0.222087 -0.970678
vn -0.169979 -0.169979 -0.970677
vn -0.222088 -0.091992 -0.970677
vn -0.240386 0.000001 -0.970677
vn -0.222086 0.091992 -0.970678
vn -0.169979 0.169979 -0.970677
vn -0.091990 0.222087 -0.970678
vn -0.793927 0.328856 0.511403
vn -0.793928 0.328856 0.511403
vn -0.607646 0.607646 0.511403
vn -0.607645 0.607647 0.511403
vn -0.607645 -0.607647 0.511403
vn -0.607645 -0.607647 0.511403
vn -0.793927 -0.328856 0.511403
vn -0.793927 -0.328856 0.511403
vn 0.607646 0.607646 0.511402
vn 0.607646 0.607646 0.511402
vn 0.793928 0.328856 0.511402
vn 0.793928 0.328856 0.511402
vn -0.793927 -0.328856 0.511403
vn -0.793927 -0.328856 0.511403
vn -0.859341 0.000000 0.511403
vn -0.859341 0.000000 0.511403
vn 0.676724 -0.676727 -0.289974
vn 0.676724 -0.676727 -0.289974
vn 0.884184 -0.366242 -0.289974
vn 0.884184 -0.366242 -0.289974
vn -0.366241 -0.884185 -0.289974
vn -0.366240 -0.884185 -0.289974
vn -0.000000 -0.957034 -0.289975
vn -0.000000 -0.957034 -0.289975
vn 0.676724 0.676727 -0.289975
vn 0.676724 0.676727 -0.289975
vn 0.366240 0.884185 -0.289974
vn 0.366240 0.884185 -0.289974
vn 0.957035 0.000000 -0.289974
vn 0.957035 0.000000 -0.289974
vn 0.884184 0.366242 -0.289975
vn 0.884184 0.366242 -0.289975
vn -0.267960 0.646912 -0.713934
vn -0.267959 0.646913 -0.713934
vn -0.495125 0.495126 -0.713933
vn -0.495125 0.495126 -0.713933
vn -0.646913 -0.267960 -0.713933
vn -0.646913 -0.267960 -0.713933
vn -0.495125 -0.495126 -0.713934
vn -0.495125 -0.495126 -0.713934
vn 0.267960 -0.646914 -0.713933
vn 0.267960 -0.646913 -0.713933
vn 0.495127 -0.495127 -0.713932
vn 0.495127 -0.495127 -0.713932
vn 0.646914 0.267961 -0.713932
vn 0.646914 0.267961 -0.713932
vn 0.495128 0.495127 -0.713931
vn 0.495128 0.495127 -0.713931
vn -0.420055 0.000001 -0.907499
vn -0.240386 0.000001 -0.970677
vn -0.388082 -0.160749 -0.907498
vn -0.222088 -0.091992 -0.970677
vn -0.297026 -0.297026 -0.907497
vn -0.169979 -0.169979 -0.970677
vn -0.160748 -0.388080 -0.907499
vn -0.091991 -0.222087 -0.970678
vn 0.160747 0.388079 -0.907499
vn 0.091992 0.222087 -0.970678
vn -0.000000 0.420054 -0.907499
vn 0.000000 0.240385 -0.970678
vn -0.297025 0.297025 -0.907498
vn -0.169979 0.169979 -0.970677
vn -0.388081 0.160749 -0.907498
vn -0.222086 0.091992 -0.970678
vn -0.000000 -0.859341 0.511403
vn -0.000000 -0.859341 0.511403
vn -0.328856 -0.793928 0.511403
vn -0.328855 -0.793928 0.511403
vn -0.168167 -0.000000 -0.985758
vn -0.168167 -0.000000 -0.985759
vn -0.155366 -0.064355 -0.985759
vn -0.155366 -0.064355 -0.985759
vn -0.000001 -0.168166 -0.985759
vn -0.000001 -0.168166 -0.985759
vn 0.064354 -0.155365 -0.985759
vn 0.064354 -0.155365 -0.985759
vn 0.585062 -0.000000 -0.810989
vn 0.585062 -0.000000 -0.810989
vn 0.540527 0.223894 -0.810989
vn 0.540527 0.223894 -0.810989
vn -0.388081 0.160749 -0.907498
vn -0.222086 0.091992 -0.970678
vn -0.420055 0.000001 -0.907499
vn -0.240386 0.000001 -0.970677
vn -0.000000 0.168166 -0.985759
vn -0.000000 0.168166 -0.985759
vn -0.064355 0.155365 -0.985759
vn -0.064355 0.155365 -0.985759
vn 0.413700 0.413702 -0.810989
vn 0.413700 0.413702 -0.810989
vn 0.223893 0.540527 -0.810989
vn 0.223893 0.540527 -0.810989
vn -0.064355 0.155365 -0.985759
vn -0.064355 0.155365 -0.985759
vn -0.118911 0.118911 -0.985759
vn -0.118911 0.118912 -0.985759
vn -0.118911 0.118911 -0.985759
vn -0.118911 0.118912 -0.985759
vn -0.155366 0.064355 -0.985759
vn -0.155366 0.064355 -0.985759
vn 0.000000 0.585061 -0.810989
vn 0.000000 0.585061 -0.810989
vn -0.223893 0.540527 -0.810988
vn -0.223894 0.540527 -0.810988
vn -0.155366 0.064355 -0.985759
vn -0.155366 0.064355 -0.985759
vn -0.168167 -0.000000 -0.985758
vn -0.168167 -0.000000 -0.985759
vn 0.000000 -0.585061 -0.810989
vn 0.000000 -0.585062 -0.810989
vn 0.223894 -0.540527 -0.810988
vn 0.223894 -0.540527 -0.810988
vn 0.168167 0.000000 -0.985759
vn 0.168167 -0.000000 -0.985758
vn 0.155365 0.064355 -0.985759
vn 0.155365 0.064355 -0.985759
vn 0.223894 -0.540527 -0.810988
vn 0.223894 -0.540527 -0.810988
vn 0.413701 -0.413702 -0.810989
vn 0.413701 -0.413702 -0.810989
vn -0.155366 -0.064355 -0.985759
vn -0.155366 -0.064355 -0.985759
vn -0.118913 -0.118911 -0.985759
vn -0.118912 -0.118911 -0.985759
vn 0.413701 -0.413702 -0.810989
vn 0.413701 -0.413702 -0.810989
vn 0.540526 -0.223894 -0.810989
vn 0.540526 -0.223894 -0.810989
vn -0.118913 -0.118911 -0.985759
vn -0.118912 -0.118911 -0.985759
vn -0.064355 -0.155366 -0.985759
vn -0.064355 -0.155366 -0.985759
vn 0.000000 -0.668827 -0.743418
vn -0.000000 -0.668827 -0.743418
vn 0.255949 -0.617915 -0.743418
vn 0.255949 -0.617915 -0.743418
vn -0.223893 0.540527 -0.810988
vn -0.223894 0.540527 -0.810988
vn -0.413701 0.413702 -0.810988
vn -0.413701 0.413702 -0.810988
vn 0.155365 0.064355 -0.985759
vn 0.155365 0.064355 -0.985759
vn 0.118911 0.118911 -0.985759
vn 0.118911 0.118911 -0.985759
vn -0.413701 0.413702 -0.810988
vn -0.413701 0.413702 -0.810988
vn -0.540527 0.223895 -0.810988
vn -0.540527 0.223895 -0.810988
vn 0.118911 0.118911 -0.985759
vn 0.118911 0.118911 -0.985759
vn 0.064355 0.155365 -0.985759
vn 0.064354 0.155365 -0.985759
vn -0.540527 0.223895 -0.810988
vn -0.540527 0.223895 -0.810988
vn -0.585062 0.000001 -0.810989
vn -0.585061 0.000001 -0.810989
vn 0.064355 0.155365 -0.985759
vn 0.064354 0.155365 -0.985759
vn -0.000000 0.168166 -0.985759
vn -0.000000 0.168166 -0.985759
vn -0.585062 0.000001 -0.810989
vn -0.585061 0.000001 -0.810989
vn -0.540526 -0.223895 -0.810989
vn -0.540526 -0.223895 -0.810989
vn -0.064355 -0.155366 -0.985759
vn -0.064355 -0.155366 -0.985759
vn -0.000001 -0.168166 -0.985759
vn -0.000001 -0.168166 -0.985759
vn -0.540526 -0.223895 -0.810989
vn -0.540526 -0.223895 -0.810989
vn -0.413701 -0.413702 -0.810988
vn -0.413701 -0.413702 -0.810988
vn -0.413701 -0.413702 -0.810988
vn -0.413701 -0.413702 -0.810988
vn -0.223894 -0.540527 -0.810989
vn -0.223894 -0.540527 -0.810989
vn 0.064354 -0.155365 -0.985759
vn 0.064354 -0.155365 -0.985759
vn 0.118911 -0.118911 -0.985759
vn 0.118911 -0.118911 -0.985759
vn 0.118911 -0.118911 -0.985759
vn 0.118911 -0.118911 -0.985759
vn 0.155366 -0.064355 -0.985759
vn 0.155366 -0.064355 -0.985759
vn -0.223894 -0.540527 -0.810989
vn -0.223894 -0.540527 -0.810989
vn 0.000000 -0.585061 -0.810989
vn 0.000000 -0.585062 -0.810989
vn 0.155366 -0.064355 -0.985759
vn 0.155366 -0.064355 -0.985759
vn 0.168167 0.000000 -0.985759
vn 0.168167 -0.000000 -0.985758
vn 0.223893 0.540527 -0.810989
vn 0.223893 0.540527 -0.810989
vn 0.000000 0.585061 -0.810989
vn 0.000000 0.585061 -0.810989
vn -0.382683 0.923880 -0.000000
vn 0.000000 1.000000 -0.000001
vn -0.382683 0.923880 -0.000000
vn 0.000000 1.000000 -0.000001
vn -0.617915 0.255948 -0.743418
vn -0.617915 0.255948 -0.743418
vn -0.668827 -0.000000 -0.743418
vn -0.668827 -0.000000 -0.743418
vn 0.668826 -0.000000 -0.743419
vn 0.668826 -0.000000 -0.743419
vn 0.617915 0.255949 -0.743419
vn 0.617915 0.255949 -0.743419
vn -0.255949 -0.617916 -0.743418
vn -0.255949 -0.617915 -0.743418
vn 0.000000 -0.668827 -0.743418
vn -0.000000 -0.668827 -0.743418
vn -0.668827 -0.000000 -0.743418
vn -0.668827 -0.000000 -0.743418
vn -0.617916 -0.255948 -0.743418
vn -0.617915 -0.255948 -0.743418
vn -0.000000 0.668826 -0.743419
vn -0.000000 0.668826 -0.743419
vn -0.255949 0.617915 -0.743418
vn -0.255949 0.617915 -0.743418
vn 0.617915 0.255949 -0.743419
vn 0.617915 0.255949 -0.743419
vn 0.472931 0.472932 -0.743419
vn 0.472930 0.472932 -0.743419
vn 0.255949 -0.617915 -0.743418
vn 0.255949 -0.617915 -0.743418
vn 0.472931 -0.472932 -0.743419
vn 0.472931 -0.472932 -0.743419
vn -0.617916 -0.255948 -0.743418
vn -0.617915 -0.255948 -0.743418
vn -0.472932 -0.472932 -0.743418
vn -0.472932 -0.472932 -0.743418
vn -0.255949 0.617915 -0.743418
vn -0.255949 0.617915 -0.743418
vn -0.472932 0.472932 -0.743418
vn -0.472932 0.472932 -0.743418
vn 0.472931 0.472932 -0.743419
vn 0.472930 0.472932 -0.743419
vn 0.255948 0.617916 -0.743418
vn 0.255948 0.617916 -0.743418
vn 0.472931 -0.472932 -0.743419
vn 0.472931 -0.472932 -0.743419
vn 0.617914 -0.255949 -0.743419
vn 0.617914 -0.255949 -0.743419
vn -0.472932 -0.472932 -0.743418
vn -0.472932 -0.472932 -0.743418
vn -0.255949 -0.617916 -0.743418
vn -0.255949 -0.617915 -0.743418
vn -0.472932 0.472932 -0.743418
vn -0.472932 0.472932 -0.743418
vn -0.617915 0.255948 -0.743418
vn -0.617915 0.255948 -0.743418
vn 0.255948 0.617916 -0.743418
vn 0.255948 0.617916 -0.743418
vn -0.000000 0.668826 -0.743419
vn -0.000000 0.668826 -0.743419
vn 0.540527 0.223894 -0.810989
vn 0.540527 0.223894 -0.810989
vn 0.413700 0.413702 -0.810989
vn 0.413700 0.413702 -0.810989
vn 0.000000 0.000000 -1.000000
vn 0.000000 0.000000 -1.000000
vn 0.000000 0.000000 -1.000000
vn 0.000000 0.000000 -1.000000
vn -0.382683 -0.923880 0.000000
vn -0.707106 -0.707107 0.000000
vn -0.382683 -0.923880 0.000000
vn -0.707106 -0.707107 0.000000
vn 0.000000 1.000000 -0.000001
vn 0.382683 0.923880 -0.000001
vn 0.000000 1.000000 -0.000001
vn 0.382683 0.923880 -0.000001
vn -0.000000 -1.000000 0.000000
vn -0.382683 -0.923880 0.000000
vn -0.000000 -1.000000 0.000000
vn -0.382683 -0.923880 0.000000
vn -0.328856 -0.793928 0.511403
vn -0.328855 -0.793928 0.511403
vn -0.607645 -0.607647 0.511403
vn -0.607645 -0.607647 0.511403
vn 0.382684 -0.923879 0.000000
vn -0.000000 -1.000000 0.000000
vn 0.382684 -0.923879 0.000000
vn -0.000000 -1.000000 0.000000
vn 0.707107 0.707107 -0.000001
vn 0.923879 0.382684 -0.000000
vn 0.707107 0.707107 -0.000001
vn 0.923879 0.382684 -0.000000
vn -0.707107 0.707107 -0.000000
vn -0.382683 0.923880 -0.000000
vn -0.707106 0.707107 -0.000000
vn -0.382683 0.923880 -0.000000
vn 0.707107 -0.707107 0.000000
vn 0.382684 -0.923879 0.000000
vn 0.707107 -0.707107 0.000000
vn 0.382684 -0.923879 0.000000
vn -0.923879 0.382684 0.000000
vn -0.707107 0.707107 -0.000000
vn -0.923879 0.382684 0.000000
vn -0.707106 0.707107 -0.000000
vn 0.923879 -0.382684 0.000000
vn 0.707107 -0.707107 0.000000
vn 0.923879 -0.382684 0.000000
vn 0.707107 -0.707107 0.000000
vn -1.000000 0.000000 0.000000
vn -0.923879 0.382684 0.000000
vn -1.000000 0.000000 0.000000
vn -0.923879 0.382684 0.000000
vn 1.000000 0.000000 -0.000000
vn 0.923879 -0.382684 0.000000
vn 1.000000 0.000000 -0.000000
vn 0.923879 -0.382684 0.000000
vn -0.923880 -0.382683 0.000000
vn -1.000000 0.000000 0.000000
vn -0.923880 -0.382683 0.000000
vn -1.000000 0.000000 0.000000
vn 0.923879 0.382684 -0.000000
vn 1.000000 0.000000 -0.000000
vn 0.923879 0.382684 -0.000000
vn 1.000000 0.000000 -0.000000
vn -0.707106 -0.707107 0.000000
vn -0.923880 -0.382683 0.000000
vn -0.707106 -0.707107 0.000000
vn -0.923880 -0.382683 0.000000
vn 0.617914 -0.255949 -0.743419
vn 0.617914 -0.255949 -0.743419
vn 0.668826 -0.000000 -0.743419
vn 0.668826 -0.000000 -0.743419
vn -0.000001 0.000000 -1.000000
vn -0.000001 0.000000 -1.000000
vn 0.000000 0.000000 -1.000000
vn 0.000000 0.000000 -1.000000
vn 0.000001 0.000000 -1.000000
vn 0.000001 0.000000 -1.000000
vn 0.000000 0.000000 -1.000000
vn -0.000000 0.000000 -1.000000
vn 0.000001 -0.000000 -1.000000
vn 0.000001 -0.000000 -1.000000
vn 0.000001 0.000000 -1.000000
vn 0.000001 0.000000 -1.000000
vn -0.000000 -0.000000 -1.000000
vn -0.000000 -0.000000 -1.000000
vn 0.000001 -0.000000 -1.000000
vn 0.000001 -0.000000 -1.000000
vn -0.000000 -0.000000 -1.000000
vn -0.000000 -0.000000 -1.000000
vn -0.000000 -0.000000 -1.000000
vn -0.000000 -0.000000 -1.000000
vn 0.000000 0.000000 -1.000000
vn 0.000000 0.000000 -1.000000
vn -0.000000 -0.000000 -1.000000
vn -0.000000 -0.000000 -1.000000
vn -0.000001 -0.000000 -1.000000
vn -0.000001 -0.000000 -1.000000
vn 0.000000 0.000000 -1.000000
vn 0.000000 0.000000 -1.000000
vn -0.000000 -0.000000 -1.000000
vn -0.000000 -0.000000 -1.000000
vn -0.000001 -0.000000 -1.000000
vn -0.000001 -0.000000 -1.000000
vn 0.000000 0.000000 -1.000000
vn 0.000000 0.000000 -1.000000
vn -0.000000 -0.000000 -1.000000
vn -0.000000 -0.000000 -1.000000
vn 0.000000 0.000000 -1.000000
vn 0.000000 0.000000 -1.000000
vn 0.000000 0.000000 -1.000000
vn 0.000000 0.000000 -1.000000
vn -0.000000 0.000000 -1.000000
vn -0.000000 0.000000 -1.000000
vn 0.000000 0.000000 -1.000000
vn 0.000000 0.000000 -1.000000
vn -0.000001 0.000000 -1.000000
vn -0.000001 0.000000 -1.000000
vn -0.000000 0.000000 -1.000000
vn -0.000000 0.000000 -1.000000
vn -0.000001 0.000000 -1.000000
vn -0.000001 0.000000 -1.000000
vn -0.000001 0.000000 -1.000000
vn -0.000001 0.000000 -1.000000
vn 0.382683 0.923880 -0.000001
vn 0.707107 0.707107 -0.000001
vn 0.382683 0.923880 -0.000001
vn 0.707107 0.707107 -0.000001
vn 0.000000 0.000000 -1.000000
vn -0.000000 0.000000 -1.000000
vn -0.000001 0.000000 -1.000000
vn -0.000001 0.000000 -1.000000
vn -0.000000 -0.957034 -0.289975
vn -0.000000 -0.957034 -0.289975
vn 0.366241 -0.884185 -0.289974
vn 0.366240 -0.884185 -0.289974
vn 0.420056 0.000000 -0.907498
vn 0.240387 0.000000 -0.970677
vn 0.388080 0.160751 -0.907498
vn 0.222088 0.091993 -0.970677
vn -0.366242 0.884185 -0.289974
vn -0.366242 0.884185 -0.289974
vn -0.676726 0.676726 -0.289973
vn -0.676726 0.676725 -0.289973
vn 0.495128 0.495127 -0.713931
vn 0.495128 0.495127 -0.713931
vn 0.267961 0.646914 -0.713932
vn 0.267961 0.646914 -0.713932
vn 0.328856 0.793927 0.511403
vn 0.328855 0.793927 0.511403
vn 0.607646 0.607646 0.511402
vn 0.607646 0.607646 0.511402
vn 0.495127 -0.495127 -0.713932
vn 0.495127 -0.495127 -0.713932
vn 0.646914 -0.267961 -0.713933
vn 0.646914 -0.267961 -0.713933
vn 0.328856 -0.793928 0.511402
vn 0.328856 -0.793928 0.511402
vn -0.000000 -0.859341 0.511403
vn -0.000000 -0.859341 0.511403
vn -0.495125 -0.495126 -0.713934
vn -0.495125 -0.495126 -0.713934
vn -0.267960 -0.646913 -0.713933
vn -0.267960 -0.646913 -0.713933
vn 0.793928 -0.328856 0.511402
vn 0.793928 -0.328856 0.511402
vn 0.607647 -0.607646 0.511402
vn 0.607647 -0.607646 0.511402
vn 0.859342 0.000000 0.511402
vn 0.859341 0.000000 0.511402
vn 0.793928 -0.328856 0.511402
vn 0.793928 -0.328856 0.511402
vn -0.495125 0.495126 -0.713933
vn -0.495125 0.495126 -0.713933
vn -0.646914 0.267961 -0.713932
vn -0.646914 0.267961 -0.713932
vn 0.297024 -0.297025 -0.907498
vn 0.169978 -0.169978 -0.970677
vn 0.388080 -0.160751 -0.907498
vn 0.222088 -0.091993 -0.970677
vn -0.884186 0.366240 -0.289972
vn -0.884186 0.366240 -0.289972
vn -0.957035 -0.000000 -0.289971
vn -0.957035 -0.000000 -0.289971
vn 0.000000 -0.420054 -0.907499
vn 0.000001 -0.240385 -0.970678
vn 0.160749 -0.388080 -0.907499
vn 0.091993 -0.222087 -0.970677
vn -0.884185 -0.366242 -0.289972
vn -0.884185 -0.366242 -0.289972
vn -0.676724 -0.676728 -0.289973
vn -0.676725 -0.676727 -0.289973
vn 0.297023 0.297025 -0.907499
vn 0.169978 0.169978 -0.970678
vn 0.160747 0.388079 -0.907499
vn 0.091992 0.222087 -0.970678
vn -0.957035 -0.000000 -0.289971
vn -0.957035 -0.000000 -0.289971
vn -0.884185 -0.366242 -0.289972
vn -0.884185 -0.366242 -0.289972
vn -0.000000 0.420054 -0.907499
vn 0.000000 0.240385 -0.970678
vn -0.160747 0.388081 -0.907498
vn -0.091990 0.222087 -0.970678
vn -0.676724 -0.676728 -0.289973
vn -0.676725 -0.676727 -0.289973
vn -0.366241 -0.884185 -0.289974
vn -0.366240 -0.884185 -0.289974
vn 0.388080 0.160751 -0.907498
vn 0.222088 0.091993 -0.970677
vn 0.297023 0.297025 -0.907499
vn 0.169978 0.169978 -0.970678
vn -0.000000 0.957034 -0.289974
vn -0.000000 0.957034 -0.289974
vn -0.366242 0.884185 -0.289974
vn -0.366242 0.884185 -0.289974
vn 0.388080 -0.160751 -0.907498
vn 0.222088 -0.091993 -0.970677
vn 0.420056 0.000000 -0.907498
vn 0.240387 0.000000 -0.970677
vn -0.676726 0.676726 -0.289973
vn -0.676726 0.676725 -0.289973
vn -0.884186 0.366240 -0.289972
vn -0.884186 0.366240 -0.289972
vn 0.700213 0.000000 -0.713934
vn 0.700213 0.000000 -0.713934
vn 0.646914 0.267961 -0.713932
vn 0.646914 0.267961 -0.713932
vn -0.328856 0.793928 0.511402
vn -0.328855 0.793928 0.511402
vn 0.000000 0.859341 0.511403
vn 0.000000 0.859341 0.511403
vn -0.000000 -0.700214 -0.713933
vn -0.000000 -0.700214 -0.713933
vn 0.267960 -0.646914 -0.713933
vn 0.267960 -0.646913 -0.713933
vn 0.607647 -0.607646 0.511402
vn 0.607647 -0.607646 0.511402
vn 0.328856 -0.793928 0.511402
vn 0.328856 -0.793928 0.511402
vn -0.700215 0.000001 -0.713932
vn -0.700215 0.000000 -0.713932
vn -0.646913 -0.267960 -0.713933
vn -0.646913 -0.267960 -0.713933
vn 0.793928 0.328856 0.511402
vn 0.793928 0.328856 0.511402
vn 0.859342 0.000000 0.511402
vn 0.859341 0.000000 0.511402
vn 0.160749 -0.388080 -0.907499
vn 0.091993 -0.222087 -0.970677
vn 0.297024 -0.297025 -0.907498
vn 0.169978 -0.169978 -0.970677
vn -0.000001 0.700213 -0.713934
vn 0.000000 0.700213 -0.713934
vn -0.267960 0.646912 -0.713934
vn -0.267959 0.646913 -0.713934
vn 0.000000 -0.000000 1.000000
vn 0.000000 0.000000 1.000000
vn 0.000000 0.000000 1.000000
vn 0.000000 -0.000000 1.000000
vn 0.000000 0.000000 1.000000
vn 0.000000 0.000000 1.000000
vn 0.000000 0.000000 1.000000
vn 0.000000 0.000000 1.000000
vn 0.000000 0.000000 1.000000
vn 0.000000 0.000000 1.000000
vn 0.000000 0.000000 1.000000
vn 0.000000 0.000001 1.000000
vn 0.000000 0.000000 1.000000
vn 0.000000 0.000000 1.000000
vn 0.000000 0.000000 1.000000
vn 0.000000 0.000001 1.000000
vn 0.000000 0.000000 1.000000
vn -0.000000 0.000000 1.000000
vn 0.000000 0.000000 1.000000
vn 0.000000 0.000000 1.000000
vn 0.000000 0.000000 1.000000
vn 0.000000 0.000000 1.000000
vn 0.000000 0.000000 1.000000
vn 0.000000 0.000000 1.000000
vn -0.000000 0.000000 1.000000
vn 0.000000 0.000000 1.000000
vn -0.000000 0.000000 1.000000
vn 0.000000 0.000000 1.000000
vn 0.000000 0.000000 1.000000
vn 0.000000 0.000000 1.000000
vn -0.000000 0.000000 1.000000
vn 0.000000 0.000000 1.000000
vn -0.000000 -0.000000 1.000000
vn 0.000000 0.000000 1.000000
vn 0.000000 0.000000 1.000000
vn 0.000000 0.000000 1.000000
vn -0.000000 -0.000000 1.000000
vn 0.000000 0.000000 1.000000
vn -0.000000 -0.000000 1.000000
vn 0.000000 0.000000 1.000000
vn 0.000000 0.000000 1.000000
vn 0.000000 0.000000 1.000000
vn -0.000000 -0.000000 1.000000
vn 0.000000 0.000000 1.000000
vn 0.000000 -0.000000 1.000000
vn 0.000000 0.000000 1.000000
vn 0.000000 0.000000 1.000000
vn 0.000000 -0.000000 1.000000
vn 0.382683 0.923880 0.000000
vn 0.382683 0.923880 0.000000
vn 0.707107 0.707107 0.000000
vn 0.707107 0.707107 0.000000
vn -0.000000 0.000000 1.000000
vn 0.000001 0.000000 1.000000
vn -0.000000 0.000000 1.000000
vn 0.000001 0.000000 1.000000
vn 0.000001 0.000000 1.000000
vn 0.000001 0.000000 1.000000
vn 0.000001 0.000000 1.000000
vn 0.000001 0.000000 1.000000
vn 0.000001 0.000000 1.000000
vn 0.000001 0.000000 1.000000
vn 0.000001 0.000000 1.000000
vn 0.000001 0.000000 1.000000
vn 0.000001 0.000000 1.000000
vn 0.000001 -0.000000 1.000000
vn 0.000001 0.000000 1.000000
vn 0.000001 -0.000000 1.000000
vn 0.000001 -0.000000 1.000000
vn 0.000001 -0.000000 1.000000
vn 0.000001 -0.000000 1.000000
vn 0.000001 -0.000000 1.000000
vn 0.000001 -0.000000 1.000000
vn 0.000000 0.000000 1.000000
vn 0.000001 -0.000000 1.000000
vn 0.000000 0.000000 1.000000
vn 0.000000 0.000000 1.000000
vn 0.000000 -0.000000 1.000000
vn 0.000000 0.000000 1.000000
vn 0.000000 -0.000000 1.000000
vn 0.000000 -0.000000 1.000000
vn -0.000000 -0.000000 1.000000
vn 0.000000 -0.000000 1.000000
vn -0.000000 -0.000000 1.000000
vn -0.000000 -0.000000 1.000000
vn -0.000000 0.000000 1.000000
vn -0.000000 -0.000000 1.000000
vn -0.000000 0.000000 1.000000
vn -0.000000 0.000000 1.000000
vn 0.000001 0.000000 1.000000
vn -0.000000 0.000000 1.000000
vn 0.000001 0.000000 1.000000
vn 0.000001 0.000000 1.000000
vn 0.000001 0.000000 1.000000
vn 0.000001 0.000000 1.000000
vn 0.000001 0.000000 1.000000
vn 0.000001 0.000000 1.000000
vn -0.000001 0.000000 1.000000
vn 0.000001 0.000000 1.000000
vn -0.000001 0.000000 1.000000
vn -0.000001 0.000000 1.000000
vn -0.000000 0.000000 1.000000
vn -0.000001 0.000000 1.000000
vn -0.000000 0.000000 1.000000
vn 0.617915 -0.255949 0.743418
vn 0.668826 -0.000001 0.743419
vn 0.617915 -0.255949 0.743418
vn 0.668826 -0.000001 0.743419
vn -0.000000 0.000000 1.000000
vn 0.000001 0.000000 1.000000
vn -0.000000 0.000000 1.000000
vn 0.000001 0.000000 1.000000
vn 0.000001 0.000000 1.000000
vn 0.000000 0.000000 1.000000
vn 0.000001 0.000000 1.000000
vn 0.000000 0.000000 1.000000
vn -0.328855 -0.793928 -0.511402
vn -0.607646 -0.607646 -0.511403
vn -0.328855 -0.793928 -0.511402
vn -0.607646 -0.607646 -0.511403
vn 0.000000 1.000000 0.000000
vn 0.000000 1.000000 0.000000
vn 0.382683 0.923880 0.000000
vn 0.382683 0.923880 0.000000
vn -0.382683 0.923880 0.000000
vn -0.382683 0.923880 0.000000
vn 0.000000 1.000000 0.000000
vn 0.000000 1.000000 0.000000
vn 0.923879 0.382684 -0.000000
vn 0.923879 0.382684 -0.000000
vn 1.000000 0.000000 -0.000000
vn 1.000000 0.000000 -0.000000
vn 1.000000 0.000000 -0.000000
vn 1.000000 0.000000 -0.000000
vn 0.923879 -0.382684 -0.000000
vn 0.923880 -0.382684 -0.000000
vn 0.923879 -0.382684 -0.000000
vn 0.923880 -0.382684 -0.000000
vn 0.707107 -0.707107 -0.000000
vn 0.707107 -0.707107 -0.000000
vn 0.707107 -0.707107 -0.000000
vn 0.707107 -0.707107 -0.000000
vn 0.382684 -0.923879 -0.000000
vn 0.382684 -0.923879 -0.000000
vn 0.382684 -0.923879 -0.000000
vn 0.382684 -0.923879 -0.000000
vn 0.000000 -1.000000 -0.000000
vn 0.000000 -1.000000 -0.000000
vn 0.000000 -1.000000 -0.000000
vn 0.000000 -1.000000 -0.000000
vn -0.382683 -0.923880 -0.000000
vn -0.382683 -0.923880 -0.000000
vn -0.382683 -0.923880 -0.000000
vn -0.382683 -0.923880 -0.000000
vn -0.707106 -0.707107 -0.000000
vn -0.707106 -0.707107 -0.000000
vn -0.707106 -0.707107 -0.000000
vn -0.707106 -0.707107 -0.000000
vn -0.923880 -0.382683 -0.000000
vn -0.923880 -0.382683 -0.000000
vn -0.923880 -0.382683 -0.000000
vn -0.923880 -0.382683 -0.000000
vn -1.000000 0.000001 -0.000000
vn -1.000000 0.000001 -0.000000
vn -1.000000 0.000001 -0.000000
vn -1.000000 0.000001 -0.000000
vn -0.923879 0.382684 -0.000000
vn -0.923879 0.382684 -0.000000
vn -0.923879 0.382684 -0.000000
vn -0.923879 0.382684 -0.000000
vn -0.707107 0.707107 -0.000000
vn -0.707107 0.707107 -0.000000
vn -0.707107 0.707107 -0.000000
vn -0.707107 0.707107 -0.000000
vn -0.382683 0.923880 0.000000
vn -0.382683 0.923880 0.000000
vn 0.707107 0.707107 0.000000
vn 0.707107 0.707107 0.000000
vn 0.923879 0.382684 -0.000000
vn 0.923879 0.382684 -0.000000
vn 0.540527 0.223893 0.810988
vn 0.413701 0.413703 0.810988
vn 0.540527 0.223893 0.810989
vn 0.413701 0.413703 0.810988
vn -0.472931 0.472931 0.743419
vn -0.617915 0.255949 0.743419
vn -0.472931 0.472931 0.743419
vn -0.617915 0.255948 0.743419
vn 0.472932 -0.472931 0.743419
vn 0.617915 -0.255949 0.743418
vn 0.472932 -0.472931 0.743419
vn 0.617915 -0.255949 0.743418
vn -0.255949 0.617915 0.743419
vn -0.472931 0.472931 0.743419
vn -0.255949 0.617915 0.743419
vn -0.472931 0.472931 0.743419
vn 0.255949 -0.617915 0.743419
vn 0.472932 -0.472931 0.743419
vn 0.255949 -0.617915 0.743419
vn 0.472932 -0.472931 0.743419
vn 0.000001 0.668827 0.743418
vn -0.255949 0.617915 0.743419
vn 0.000000 0.668827 0.743419
vn -0.255949 0.617915 0.743419
vn -0.255948 -0.617914 0.743419
vn 0.000001 -0.668826 0.743419
vn -0.255948 -0.617915 0.743419
vn 0.000001 -0.668826 0.743419
vn 0.000001 -0.668826 0.743419
vn 0.255949 -0.617915 0.743419
vn 0.000001 -0.668826 0.743419
vn 0.255949 -0.617915 0.743419
vn 0.255949 0.617915 0.743418
vn 0.000001 0.668827 0.743418
vn 0.255949 0.617915 0.743418
vn 0.000000 0.668827 0.743419
vn -0.472932 -0.472931 0.743419
vn -0.255948 -0.617914 0.743419
vn -0.472932 -0.472931 0.743419
vn -0.255948 -0.617915 0.743419
vn 0.472932 0.472932 0.743418
vn 0.255949 0.617915 0.743418
vn 0.472932 0.472932 0.743418
vn 0.255949 0.617915 0.743418
vn -0.617915 -0.255949 0.743419
vn -0.472932 -0.472931 0.743419
vn -0.617915 -0.255949 0.743419
vn -0.472932 -0.472931 0.743419
vn 0.617915 0.255949 0.743418
vn 0.472932 0.472932 0.743418
vn 0.617915 0.255949 0.743419
vn 0.472932 0.472932 0.743418
vn -0.668826 0.000000 0.743419
vn -0.617915 -0.255949 0.743419
vn -0.668826 0.000000 0.743419
vn -0.617915 -0.255949 0.743419
vn 0.668826 -0.000001 0.743419
vn 0.617915 0.255949 0.743418
vn 0.668826 -0.000001 0.743419
vn 0.617915 0.255949 0.743419
vn -0.617915 0.255949 0.743419
vn -0.668826 0.000000 0.743419
vn -0.617915 0.255948 0.743419
vn -0.668826 0.000000 0.743419
vn 0.000001 0.168169 0.985758
vn -0.064355 0.155368 0.985758
vn 0.000001 0.168169 0.985758
vn -0.064355 0.155368 0.985758
vn -0.540527 -0.223894 0.810988
vn -0.413701 -0.413701 0.810989
vn -0.540527 -0.223894 0.810988
vn -0.413701 -0.413701 0.810989
vn 0.585062 0.000000 0.810988
vn 0.540527 0.223893 0.810988
vn 0.585062 0.000000 0.810988
vn 0.540527 0.223893 0.810989
vn -0.585062 0.000000 0.810988
vn -0.540527 -0.223894 0.810988
vn -0.585062 0.000000 0.810988
vn -0.540527 -0.223894 0.810988
vn 0.540527 -0.223893 0.810988
vn 0.585062 0.000000 0.810988
vn 0.540527 -0.223893 0.810988
vn 0.585062 0.000000 0.810988
vn -0.540528 0.223894 0.810988
vn -0.585062 0.000000 0.810988
vn -0.540528 0.223894 0.810988
vn -0.585062 0.000000 0.810988
vn 0.413701 -0.413702 0.810988
vn 0.540527 -0.223893 0.810988
vn 0.413701 -0.413702 0.810988
vn 0.540527 -0.223893 0.810988
vn -0.413701 0.413702 0.810988
vn -0.540528 0.223894 0.810988
vn -0.413702 0.413702 0.810988
vn -0.540528 0.223894 0.810988
vn 0.223894 -0.540527 0.810988
vn 0.413701 -0.413702 0.810988
vn 0.223894 -0.540527 0.810988
vn 0.413701 -0.413702 0.810988
vn -0.223893 0.540527 0.810988
vn -0.413701 0.413702 0.810988
vn -0.223893 0.540527 0.810988
vn -0.413702 0.413702 0.810988
vn 0.000000 -0.585062 0.810988
vn 0.223894 -0.540527 0.810988
vn 0.000000 -0.585062 0.810988
vn 0.223894 -0.540527 0.810988
vn 0.223893 0.540527 0.810988
vn 0.000001 0.585062 0.810988
vn 0.223893 0.540527 0.810988
vn 0.000000 0.585062 0.810988
vn 0.000001 0.585062 0.810988
vn -0.223893 0.540527 0.810988
vn 0.000000 0.585062 0.810988
vn -0.223893 0.540527 0.810988
vn -0.223893 -0.540527 0.810989
vn 0.000000 -0.585062 0.810988
vn -0.223893 -0.540527 0.810989
vn 0.000000 -0.585062 0.810988
vn 0.413701 0.413703 0.810988
vn 0.223893 0.540527 0.810988
vn 0.413701 0.413703 0.810988
vn 0.223893 0.540527 0.810988
vn -0.413701 -0.413701 0.810989
vn -0.223893 -0.540527 0.810989
vn -0.413701 -0.413701 0.810989
vn -0.223893 -0.540527 0.810989
vn -0.388080 0.160750 0.907498
vn -0.420054 0.000001 0.907499
vn -0.222087 0.091993 0.970677
vn -0.240386 0.000001 0.970677
vn -0.064356 -0.155368 0.985758
vn -0.000000 -0.168170 0.985758
vn -0.064356 -0.155368 0.985758
vn -0.000000 -0.168170 0.985758
vn -0.000000 -0.168170 0.985758
vn 0.064356 -0.155368 0.985758
vn -0.000000 -0.168170 0.985758
vn 0.064356 -0.155368 0.985758
vn 0.064357 0.155368 0.985758
vn 0.000001 0.168169 0.985758
vn 0.064357 0.155368 0.985758
vn 0.000001 0.168169 0.985758
vn -0.118915 -0.118914 0.985758
vn -0.064356 -0.155368 0.985758
vn -0.118915 -0.118914 0.985758
vn -0.064356 -0.155368 0.985758
vn 0.118914 0.118913 0.985758
vn 0.064357 0.155368 0.985758
vn 0.118915 0.118913 0.985758
vn 0.064357 0.155368 0.985758
vn -0.155369 -0.064356 0.985758
vn -0.118915 -0.118914 0.985758
vn -0.155369 -0.064356 0.985758
vn -0.118915 -0.118914 0.985758
vn 0.155368 0.064356 0.985758
vn 0.118914 0.118913 0.985758
vn 0.155368 0.064356 0.985758
vn 0.118915 0.118913 0.985758
vn -0.168170 -0.000000 0.985758
vn -0.155369 -0.064356 0.985758
vn -0.168169 -0.000000 0.985758
vn -0.155369 -0.064356 0.985758
vn 0.168169 -0.000000 0.985758
vn 0.155368 0.064356 0.985758
vn 0.168169 -0.000000 0.985758
vn 0.155368 0.064356 0.985758
vn -0.155369 0.064356 0.985758
vn -0.168170 -0.000000 0.985758
vn -0.155369 0.064356 0.985758
vn -0.168169 -0.000000 0.985758
vn 0.155368 -0.064356 0.985758
vn 0.168169 -0.000000 0.985758
vn 0.155368 -0.064356 0.985758
vn 0.168169 -0.000000 0.985758
vn -0.118914 0.118914 0.985758
vn -0.155369 0.064356 0.985758
vn -0.118914 0.118914 0.985758
vn -0.155369 0.064356 0.985758
vn 0.118914 -0.118913 0.985758
vn 0.155368 -0.064356 0.985758
vn 0.118914 -0.118913 0.985758
vn 0.155368 -0.064356 0.985758
vn -0.064355 0.155368 0.985758
vn -0.118914 0.118914 0.985758
vn -0.064355 0.155368 0.985758
vn -0.118914 0.118914 0.985758
vn 0.064356 -0.155368 0.985758
vn 0.118914 -0.118913 0.985758
vn 0.064356 -0.155368 0.985758
vn 0.118914 -0.118913 0.985758
vn 0.091992 0.222087 0.970678
vn -0.000000 0.240385 0.970677
vn 0.169977 0.169979 0.970677
vn -0.091991 0.222087 0.970678
vn -0.169978 0.169978 0.970677
vn -0.222087 0.091993 0.970677
vn -0.240386 0.000001 0.970677
vn -0.222088 -0.091993 0.970677
vn -0.169978 -0.169978 0.970678
vn -0.091990 -0.222087 0.970678
vn 0.000000 -0.240386 0.970677
vn 0.091991 -0.222087 0.970678
vn 0.169977 -0.169979 0.970678
vn 0.222087 -0.091993 0.970677
vn 0.240385 0.000000 0.970678
vn 0.222087 0.091992 0.970677
vn 0.297024 -0.297025 0.907498
vn 0.388080 -0.160749 0.907498
vn 0.169977 -0.169979 0.970678
vn 0.222087 -0.091993 0.970677
vn -0.297023 0.297023 0.907499
vn -0.388080 0.160750 0.907498
vn -0.169978 0.169978 0.970677
vn -0.222087 0.091993 0.970677
vn 0.160747 -0.388080 0.907499
vn 0.297024 -0.297025 0.907498
vn 0.091991 -0.222087 0.970678
vn 0.169977 -0.169979 0.970678
vn -0.160747 0.388080 0.907499
vn -0.297023 0.297023 0.907499
vn -0.091991 0.222087 0.970678
vn -0.169978 0.169978 0.970677
vn 0.000001 -0.420055 0.907499
vn 0.160747 -0.388080 0.907499
vn 0.000000 -0.240386 0.970677
vn 0.091991 -0.222087 0.970678
vn 0.160749 0.388080 0.907499
vn 0.000000 0.420055 0.907499
vn 0.091992 0.222087 0.970678
vn -0.000000 0.240385 0.970677
vn 0.000000 0.420055 0.907499
vn -0.160747 0.388080 0.907499
vn -0.000000 0.240385 0.970677
vn -0.091991 0.222087 0.970678
vn -0.160745 -0.388080 0.907499
vn 0.000001 -0.420055 0.907499
vn -0.091990 -0.222087 0.970678
vn 0.000000 -0.240386 0.970677
vn 0.297024 0.297025 0.907498
vn 0.160749 0.388080 0.907499
vn 0.169977 0.169979 0.970677
vn 0.091992 0.222087 0.970678
vn -0.297023 -0.297024 0.907499
vn -0.160745 -0.388080 0.907499
vn -0.169978 -0.169978 0.970678
vn -0.091990 -0.222087 0.970678
vn 0.388080 0.160749 0.907499
vn 0.297024 0.297025 0.907498
vn 0.222087 0.091992 0.970677
vn 0.169977 0.169979 0.970677
vn -0.388081 -0.160750 0.907498
vn -0.297023 -0.297024 0.907499
vn -0.222088 -0.091993 0.970677
vn -0.169978 -0.169978 0.970678
vn 0.420055 0.000000 0.907499
vn 0.388080 0.160749 0.907499
vn 0.240385 0.000000 0.970678
vn 0.222087 0.091992 0.970677
vn -0.420054 0.000001 0.907499
vn -0.388081 -0.160750 0.907498
vn -0.240386 0.000001 0.970677
vn -0.222088 -0.091993 0.970677
vn 0.388080 -0.160749 0.907498
vn 0.420055 0.000000 0.907499
vn 0.222087 -0.091993 0.970677
vn 0.240385 0.000000 0.970678
vn 0.267960 0.646914 0.713932
vn 0.000000 0.700213 0.713934
vn 0.267960 0.646914 0.713932
vn 0.000001 0.700213 0.713934
vn 0.495126 0.495127 0.713933
vn 0.267960 0.646914 0.713932
vn 0.495126 0.495127 0.713933
vn 0.267960 0.646914 0.713932
vn 0.646913 0.267960 0.713933
vn 0.495126 0.495127 0.713933
vn 0.646913 0.267960 0.713933
vn 0.495126 0.495127 0.713933
vn 0.700214 0.000000 0.713933
vn 0.646913 0.267960 0.713933
vn 0.700214 0.000000 0.713933
vn 0.646913 0.267960 0.713933
vn 0.646914 -0.267960 0.713933
vn 0.700214 0.000000 0.713933
vn 0.646914 -0.267960 0.713933
vn 0.700214 0.000000 0.713933
vn 0.495127 -0.495126 0.713933
vn 0.646914 -0.267960 0.713933
vn 0.495127 -0.495126 0.713933
vn 0.646914 -0.267960 0.713933
vn 0.267961 -0.646913 0.713933
vn 0.495127 -0.495126 0.713933
vn 0.267960 -0.646913 0.713933
vn 0.495127 -0.495126 0.713933
vn 0.000000 -0.700214 0.713933
vn 0.267961 -0.646913 0.713933
vn 0.000000 -0.700214 0.713933
vn 0.267960 -0.646913 0.713933
vn -0.267960 -0.646912 0.713934
vn 0.000000 -0.700214 0.713933
vn -0.267960 -0.646912 0.713934
vn 0.000000 -0.700214 0.713933
vn -0.495124 -0.495124 0.713936
vn -0.267960 -0.646912 0.713934
vn -0.495123 -0.495125 0.713936
vn -0.267960 -0.646912 0.713934
vn -0.646910 -0.267959 0.713936
vn -0.495124 -0.495124 0.713936
vn -0.646910 -0.267959 0.713936
vn -0.495123 -0.495125 0.713936
vn -0.700213 0.000001 0.713934
vn -0.646910 -0.267959 0.713936
vn -0.700213 0.000000 0.713934
vn -0.646910 -0.267959 0.713936
vn -0.646912 0.267960 0.713934
vn -0.700213 0.000001 0.713934
vn -0.646912 0.267960 0.713934
vn -0.700213 0.000000 0.713934
vn -0.495125 0.495124 0.713935
vn -0.646912 0.267960 0.713934
vn -0.495125 0.495125 0.713935
vn -0.646912 0.267960 0.713934
vn -0.267960 0.646912 0.713935
vn -0.495125 0.495124 0.713935
vn -0.267960 0.646912 0.713935
vn -0.495125 0.495125 0.713935
vn 0.000000 0.700213 0.713934
vn -0.267960 0.646912 0.713935
vn 0.000001 0.700213 0.713934
vn -0.267960 0.646912 0.713935
vn 0.000000 0.000000 1.000000
vn -0.000000 0.000000 1.000000
vn 0.000000 0.000000 1.000000
vn -0.000000 0.000000 1.000000
vn -0.884185 0.366240 0.289974
vn -0.957034 -0.000000 0.289974
vn -0.884185 0.366240 0.289974
vn -0.957034 -0.000000 0.289974
vn 0.957035 -0.000001 0.289973
vn 0.884185 0.366242 0.289973
vn 0.957035 -0.000001 0.289973
vn 0.884185 0.366242 0.289973
vn -0.957034 -0.000000 0.289974
vn -0.884185 -0.366241 0.289974
vn -0.957034 -0.000000 0.289974
vn -0.884185 -0.366241 0.289974
vn 0.884185 0.366242 0.289973
vn 0.676725 0.676726 0.289974
vn 0.884185 0.366242 0.289973
vn 0.676725 0.676726 0.289974
vn -0.884185 -0.366241 0.289974
vn -0.676726 -0.676726 0.289973
vn -0.884185 -0.366241 0.289974
vn -0.676726 -0.676725 0.289973
vn 0.676725 0.676726 0.289974
vn 0.366242 0.884184 0.289975
vn 0.676725 0.676726 0.289974
vn 0.366241 0.884185 0.289975
vn -0.676726 -0.676726 0.289973
vn -0.366241 -0.884185 0.289974
vn -0.676726 -0.676725 0.289973
vn -0.366242 -0.884185 0.289974
vn 0.366242 0.884184 0.289975
vn 0.000000 0.957035 0.289974
vn 0.366241 0.884185 0.289975
vn -0.000000 0.957035 0.289974
vn 0.000001 -0.957034 0.289975
vn 0.366242 -0.884185 0.289974
vn 0.000000 -0.957034 0.289975
vn 0.366240 -0.884185 0.289974
vn -0.366241 -0.884185 0.289974
vn 0.000001 -0.957034 0.289975
vn -0.366242 -0.884185 0.289974
vn 0.000000 -0.957034 0.289975
vn 0.000000 0.957035 0.289974
vn -0.366241 0.884185 0.289973
vn -0.000000 0.957035 0.289974
vn -0.366242 0.884185 0.289973
vn 0.366242 -0.884185 0.289974
vn 0.676725 -0.676726 0.289975
vn 0.366240 -0.884185 0.289974
vn 0.676725 -0.676726 0.289975
vn -0.366241 0.884185 0.289973
vn -0.676726 0.676726 0.289973
vn -0.366242 0.884185 0.289973
vn -0.676726 0.676725 0.289973
vn 0.676725 -0.676726 0.289975
vn 0.884184 -0.366241 0.289975
vn 0.676725 -0.676726 0.289975
vn 0.884184 -0.366242 0.289975
vn -0.676726 0.676726 0.289973
vn -0.884185 0.366240 0.289974
vn -0.676726 0.676725 0.289973
vn -0.884185 0.366240 0.289974
vn 0.884184 -0.366241 0.289975
vn 0.957035 -0.000001 0.289973
vn 0.884184 -0.366242 0.289975
vn 0.957035 -0.000001 0.289973
vn 0.328856 0.793927 -0.511404
vn 0.607646 0.607645 -0.511404
vn 0.328856 0.793927 -0.511404
vn 0.607646 0.607645 -0.511403
vn -0.000001 -0.859341 -0.511403
vn -0.328855 -0.793928 -0.511402
vn -0.000000 -0.859341 -0.511403
vn -0.328855 -0.793928 -0.511402
vn -0.328856 0.793928 -0.511402
vn -0.000000 0.859341 -0.511403
vn -0.328856 0.793928 -0.511402
vn 0.000000 0.859341 -0.511403
vn -0.000000 0.859341 -0.511403
vn 0.328856 0.793927 -0.511404
vn 0.000000 0.859341 -0.511403
vn 0.328856 0.793927 -0.511404
vn 0.328856 -0.793928 -0.511403
vn -0.000001 -0.859341 -0.511403
vn 0.328855 -0.793928 -0.511403
vn -0.000000 -0.859341 -0.511403
vn -0.607647 0.607646 -0.511402
vn -0.328856 0.793928 -0.511402
vn -0.607646 0.607646 -0.511402
vn -0.328856 0.793928 -0.511402
vn 0.607646 -0.607646 -0.511403
vn 0.328856 -0.793928 -0.511403
vn 0.607646 -0.607646 -0.511403
vn 0.328855 -0.793928 -0.511403
vn -0.793928 0.328856 -0.511403
vn -0.607647 0.607646 -0.511402
vn -0.793927 0.328856 -0.511403
vn -0.607646 0.607646 -0.511402
vn 0.793928 -0.328856 -0.511403
vn 0.607646 -0.607646 -0.511403
vn 0.793928 -0.328856 -0.511403
vn 0.607646 -0.607646 -0.511403
vn -0.859340 0.000000 -0.511404
vn -0.793928 0.328856 -0.511403
vn -0.859340 0.000001 -0.511404
vn -0.793927 0.328856 -0.511403
vn 0.859342 0.000000 -0.511402
vn 0.793928 -0.328856 -0.511403
vn 0.859342 0.000000 -0.511402
vn 0.793928 -0.328856 -0.511403
vn -0.793927 -0.328855 -0.511405
vn -0.859340 0.000000 -0.511404
vn -0.793927 -0.328855 -0.511405
vn -0.859340 0.000001 -0.511404
vn 0.793928 0.328856 -0.511403
vn 0.859342 0.000000 -0.511402
vn 0.793928 0.328856 -0.511403
vn 0.859342 0.000000 -0.511402
vn -0.607646 -0.607646 -0.511403
vn -0.793927 -0.328855 -0.511405
vn -0.607646 -0.607646 -0.511403
vn -0.793927 -0.328855 -0.511405
vn 0.607646 0.607645 -0.511404
vn 0.793928 0.328856 -0.511403
vn 0.607646 0.607645 -0.511403
vn 0.793928 0.328856 -0.511403
vn -0.000000 0.000000 -1.000000
vn -0.000000 -0.000000 -1.000000
vn -0.000000 0.000000 -1.000000
vn 0.000000 0.000000 -1.000000
vn 0.000000 0.000000 -1.000000
vn -0.000000 0.000000 -1.000000
vn -0.000000 -0.000000 -1.000000
vn -0.000000 -0.000000 -1.000000
vn -0.000000 0.000000 -1.000000
vn 0.000000 0.000000 -1.000000
vn 0.000000 0.000000 -1.000000
vn -0.000000 0.000000 -1.000000
vn -0.000000 -0.000000 -1.000000
vn -0.000000 -0.000000 -1.000000
vn -0.000000 0.000000 -1.000000
vn 0.000000 0.000000 -1.000000
vn -0.000000 0.000000 -1.000000
vn -0.000000 0.000000 -1.000000
vn 0.000000 0.000000 -1.000000
vn -0.000001 0.000000 -1.000000
vn -0.000000 0.000000 -1.000000
vn -0.000000 -0.000000 -1.000000
vn 0.000000 0.000000 -1.000000
vn -0.000000 0.000000 -1.000000
vn -0.000000 0.000000 -1.000000
vn -0.000001 0.000000 -1.000000
vn -0.000000 0.000000 -1.000000
vn -0.000001 0.000000 -1.000000
vn -0.000001 0.000000 -1.000000
vn -0.000000 0.000000 -1.000000
vn -0.000001 0.000000 -1.000000
vn -0.000000 0.000000 -1.000000
vn -0.000000 0.000000 -1.000000
vn -0.000001 0.000000 -1.000000
vn 0.000000 -0.000000 -1.000000
vn -0.000000 0.000000 -1.000000
vn -0.000000 0.000000 -1.000000
vn -0.000000 0.000000 -1.000000
vn -0.000000 0.000000 -1.000000
vn 0.000000 -0.000000 -1.000000
vn 0.000000 -0.000000 -1.000000
vn -0.000000 0.000000 -1.000000
vn -0.000000 0.000000 -1.000000
vn -0.000000 0.000000 -1.000000
vn -0.000000 0.000000 -1.000000
vn 0.000000 -0.000000 -1.000000
vn 0.000000 0.000000 -1.000000
vn -0.000000 0.000000 -1.000000
vn -0.859342 0.000000 -0.511402
vn -0.793928 0.328856 -0.511403
vn -0.859342 0.000000 -0.511402
vn -0.793928 0.328856 -0.511403
vn -0.607646 0.607647 -0.511402
vn -0.328856 0.793928 -0.511402
vn -0.607645 0.607647 -0.511402
vn -0.328855 0.793928 -0.511402
vn 0.000000 0.859341 -0.511403
vn 0.328856 0.793927 -0.511403
vn 0.000000 0.859341 -0.511403
vn 0.328855 0.793927 -0.511403
vn 0.884185 -0.366241 0.289972
vn 0.957035 -0.000000 0.289973
vn 0.884185 -0.366241 0.289972
vn 0.957035 -0.000000 0.289973
vn 0.366241 -0.884185 0.289973
vn 0.676726 -0.676726 0.289972
vn 0.366241 -0.884185 0.289973
vn 0.676726 -0.676726 0.289972
vn 0.366241 0.884185 0.289974
vn 0.000000 0.957035 0.289974
vn 0.366241 0.884185 0.289974
vn 0.000000 0.957035 0.289974
vn 0.884185 0.366240 0.289975
vn 0.676726 0.676725 0.289975
vn 0.884185 0.366241 0.289975
vn 0.676726 0.676725 0.289975
vn -0.000000 0.000000 1.000000
vn -0.000001 -0.000000 1.000000
vn -0.000000 0.000000 1.000000
vn -0.000001 -0.000000 1.000000
vn -0.646912 0.267960 0.713935
vn -0.700213 -0.000000 0.713934
vn -0.646912 0.267960 0.713935
vn -0.700213 -0.000000 0.713934
vn -0.267960 -0.646912 0.713934
vn 0.000000 -0.700214 0.713933
vn -0.267959 -0.646912 0.713934
vn 0.000000 -0.700214 0.713933
vn 0.646911 -0.267959 0.713935
vn 0.700211 0.000000 0.713936
vn 0.646911 -0.267959 0.713935
vn 0.700211 0.000000 0.713936
vn 0.267960 0.646915 0.713932
vn -0.000000 0.700214 0.713933
vn 0.267960 0.646915 0.713932
vn 0.000001 0.700214 0.713933
vn -0.388080 -0.160749 0.907499
vn -0.297023 -0.297025 0.907499
vn -0.222088 -0.091992 0.970677
vn -0.169978 -0.169979 0.970677
vn -0.160748 -0.388080 0.907499
vn 0.000000 -0.420055 0.907498
vn -0.091991 -0.222087 0.970678
vn 0.000000 -0.240385 0.970677
vn -0.160749 0.388080 0.907499
vn -0.297023 0.297024 0.907499
vn -0.091992 0.222087 0.970678
vn -0.169978 0.169979 0.970677
vn 0.540527 -0.223893 0.810988
vn 0.585063 0.000000 0.810988
vn 0.540527 -0.223893 0.810989
vn 0.585063 0.000000 0.810988
vn 0.091991 0.222088 0.970677
vn -0.000001 0.240385 0.970677
vn 0.169978 0.169979 0.970677
vn -0.091992 0.222087 0.970678
vn -0.169978 0.169979 0.970677
vn -0.222086 0.091992 0.970678
vn -0.240385 0.000001 0.970678
vn -0.222088 -0.091992 0.970677
vn -0.169978 -0.169979 0.970677
vn -0.091991 -0.222087 0.970678
vn 0.000000 -0.240385 0.970677
vn 0.091992 -0.222088 0.970677
vn 0.169977 -0.169979 0.970678
vn 0.222087 -0.091992 0.970678
vn 0.240385 0.000000 0.970678
vn 0.222087 0.091992 0.970677
vn -0.793928 0.328856 -0.511403
vn -0.607646 0.607647 -0.511402
vn -0.793928 0.328856 -0.511403
vn -0.607645 0.607647 -0.511402
vn -0.607646 -0.607647 -0.511402
vn -0.793928 -0.328856 -0.511402
vn -0.607646 -0.607647 -0.511402
vn -0.793928 -0.328856 -0.511402
vn 0.607646 0.607645 -0.511403
vn 0.793927 0.328856 -0.511404
vn 0.607646 0.607646 -0.511403
vn 0.793927 0.328856 -0.511404
vn -0.793928 -0.328856 -0.511402
vn -0.859342 0.000000 -0.511402
vn -0.793928 -0.328856 -0.511402
vn -0.859342 0.000000 -0.511402
vn 0.676726 -0.676726 0.289972
vn 0.884185 -0.366241 0.289972
vn 0.676726 -0.676726 0.289972
vn 0.884185 -0.366241 0.289972
vn -0.366241 -0.884184 0.289977
vn 0.000000 -0.957034 0.289975
vn -0.366240 -0.884184 0.289977
vn 0.000000 -0.957034 0.289975
vn 0.676726 0.676725 0.289975
vn 0.366241 0.884185 0.289974
vn 0.676726 0.676725 0.289975
vn 0.366241 0.884185 0.289974
vn 0.957035 -0.000000 0.289973
vn 0.884185 0.366240 0.289975
vn 0.957035 -0.000000 0.289973
vn 0.884185 0.366241 0.289975
vn -0.267960 0.646912 0.713935
vn -0.495125 0.495125 0.713935
vn -0.267959 0.646912 0.713935
vn -0.495124 0.495125 0.713935
vn -0.646911 -0.267960 0.713935
vn -0.495124 -0.495125 0.713935
vn -0.646911 -0.267960 0.713935
vn -0.495124 -0.495126 0.713935
vn 0.267960 -0.646914 0.713933
vn 0.495125 -0.495125 0.713934
vn 0.267960 -0.646914 0.713933
vn 0.495125 -0.495126 0.713934
vn 0.646911 0.267959 0.713936
vn 0.495126 0.495126 0.713933
vn 0.646911 0.267960 0.713936
vn 0.495126 0.495126 0.713933
vn -0.420055 0.000001 0.907499
vn -0.388080 -0.160749 0.907499
vn -0.240385 0.000001 0.970678
vn -0.222088 -0.091992 0.970677
vn -0.297023 -0.297025 0.907499
vn -0.160748 -0.388080 0.907499
vn -0.169978 -0.169979 0.970677
vn -0.091991 -0.222087 0.970678
vn 0.160746 0.388081 0.907498
vn -0.000002 0.420055 0.907499
vn 0.091991 0.222088 0.970677
vn -0.000001 0.240385 0.970677
vn -0.297023 0.297024 0.907499
vn -0.388080 0.160749 0.907499
vn -0.169978 0.169979 0.970677
vn -0.222086 0.091992 0.970678
vn -0.000000 -0.859341 -0.511403
vn -0.328856 -0.793928 -0.511402
vn -0.000000 -0.859341 -0.511403
vn -0.328856 -0.793928 -0.511402
vn -0.168168 -0.000000 0.985758
vn -0.155366 -0.064355 0.985758
vn -0.168168 -0.000000 0.985758
vn -0.155366 -0.064356 0.985759
vn -0.000001 -0.168168 0.985758
vn 0.064354 -0.155367 0.985758
vn -0.000001 -0.168168 0.985758
vn 0.064354 -0.155367 0.985758
vn 0.585063 0.000000 0.810988
vn 0.540527 0.223893 0.810988
vn 0.585063 0.000000 0.810988
vn 0.540527 0.223893 0.810988
vn -0.388080 0.160749 0.907499
vn -0.420055 0.000001 0.907499
vn -0.222086 0.091992 0.970678
vn -0.240385 0.000001 0.970678
vn -0.000000 0.168168 0.985758
vn -0.064355 0.155367 0.985758
vn -0.000000 0.168168 0.985758
vn -0.064355 0.155367 0.985758
vn 0.413701 0.413701 0.810989
vn 0.223893 0.540526 0.810989
vn 0.413701 0.413701 0.810989
vn 0.223893 0.540526 0.810989
vn -0.064355 0.155367 0.985758
vn -0.118913 0.118913 0.985758
vn -0.064355 0.155367 0.985758
vn -0.118913 0.118913 0.985758
vn -0.118913 0.118913 0.985758
vn -0.155367 0.064355 0.985758
vn -0.118913 0.118913 0.985758
vn -0.155367 0.064355 0.985758
vn -0.000000 0.585061 0.810990
vn -0.223893 0.540526 0.810989
vn -0.000000 0.585061 0.810989
vn -0.223893 0.540526 0.810989
vn -0.155367 0.064355 0.985758
vn -0.168168 -0.000000 0.985758
vn -0.155367 0.064355 0.985758
vn -0.168168 -0.000000 0.985758
vn 0.000000 -0.585061 0.810990
vn 0.223894 -0.540526 0.810989
vn 0.000000 -0.585061 0.810990
vn 0.223894 -0.540526 0.810989
vn 0.168167 -0.000001 0.985758
vn 0.155366 0.064355 0.985759
vn 0.168167 -0.000001 0.985759
vn 0.155366 0.064355 0.985758
vn 0.223894 -0.540526 0.810989
vn 0.413702 -0.413701 0.810989
vn 0.223894 -0.540526 0.810989
vn 0.413701 -0.413701 0.810989
vn -0.155366 -0.064355 0.985758
vn -0.118911 -0.118913 0.985759
vn -0.155366 -0.064356 0.985759
vn -0.118911 -0.118913 0.985759
vn 0.413702 -0.413701 0.810989
vn 0.540527 -0.223893 0.810988
vn 0.413701 -0.413701 0.810989
vn 0.540527 -0.223893 0.810989
vn -0.118911 -0.118913 0.985759
vn -0.064355 -0.155367 0.985758
vn -0.118911 -0.118913 0.985759
vn -0.064355 -0.155367 0.985758
vn 0.000000 -0.668826 0.743419
vn 0.255948 -0.617915 0.743419
vn 0.000000 -0.668826 0.743419
vn 0.255948 -0.617915 0.743419
vn -0.223893 0.540526 0.810989
vn -0.413701 0.413701 0.810989
vn -0.223893 0.540526 0.810989
vn -0.413701 0.413701 0.810989
vn 0.155366 0.064355 0.985759
vn 0.118914 0.118913 0.985758
vn 0.155366 0.064355 0.985758
vn 0.118914 0.118913 0.985758
vn -0.413701 0.413701 0.810989
vn -0.540527 0.223894 0.810988
vn -0.413701 0.413701 0.810989
vn -0.540527 0.223894 0.810988
vn 0.118914 0.118913 0.985758
vn 0.064355 0.155367 0.985758
vn 0.118914 0.118913 0.985758
vn 0.064356 0.155367 0.985758
vn -0.540527 0.223894 0.810988
vn -0.585062 0.000001 0.810989
vn -0.540527 0.223894 0.810988
vn -0.585062 0.000001 0.810989
vn 0.064355 0.155367 0.985758
vn -0.000000 0.168168 0.985758
vn 0.064356 0.155367 0.985758
vn -0.000000 0.168168 0.985758
vn -0.585062 0.000001 0.810989
vn -0.540527 -0.223893 0.810989
vn -0.585062 0.000001 0.810989
vn -0.540527 -0.223893 0.810989
vn -0.064355 -0.155367 0.985758
vn -0.000001 -0.168168 0.985758
vn -0.064355 -0.155367 0.985758
vn -0.000001 -0.168168 0.985758
vn -0.540527 -0.223893 0.810989
vn -0.413700 -0.413701 0.810989
vn -0.540527 -0.223893 0.810989
vn -0.413700 -0.413702 0.810989
vn -0.413700 -0.413701 0.810989
vn -0.223893 -0.540527 0.810989
vn -0.413700 -0.413702 0.810989
vn -0.223892 -0.540527 0.810989
vn 0.064354 -0.155367 0.985758
vn 0.118913 -0.118913 0.985758
vn 0.064354 -0.155367 0.985758
vn 0.118913 -0.118912 0.985758
vn 0.118913 -0.118913 0.985758
vn 0.155368 -0.064355 0.985758
vn 0.118913 -0.118912 0.985758
vn 0.155368 -0.064355 0.985758
vn -0.223893 -0.540527 0.810989
vn 0.000000 -0.585061 0.810990
vn -0.223892 -0.540527 0.810989
vn 0.000000 -0.585061 0.810990
vn 0.155368 -0.064355 0.985758
vn 0.168167 -0.000001 0.985758
vn 0.155368 -0.064355 0.985758
vn 0.168167 -0.000001 0.985759
vn 0.223893 0.540526 0.810989
vn -0.000000 0.585061 0.810990
vn 0.223893 0.540526 0.810989
vn -0.000000 0.585061 0.810989
vn -0.382683 0.923880 0.000000
vn -0.382683 0.923880 0.000000
vn 0.000000 1.000000 0.000000
vn 0.000000 1.000000 0.000000
vn -0.617915 0.255949 0.743419
vn -0.668826 -0.000000 0.743419
vn -0.617914 0.255949 0.743419
vn -0.668826 -0.000000 0.743419
vn 0.668826 0.000000 0.743419
vn 0.617915 0.255949 0.743419
vn 0.668826 0.000000 0.743419
vn 0.617915 0.255949 0.743419
vn -0.255947 -0.617915 0.743419
vn 0.000000 -0.668826 0.743419
vn -0.255948 -0.617915 0.743419
vn 0.000000 -0.668826 0.743419
vn -0.668826 -0.000000 0.743419
vn -0.617914 -0.255949 0.743419
vn -0.668826 -0.000000 0.743419
vn -0.617914 -0.255949 0.743419
vn 0.000000 0.668826 0.743419
vn -0.255948 0.617915 0.743419
vn 0.000000 0.668826 0.743419
vn -0.255948 0.617915 0.743419
vn 0.617915 0.255949 0.743419
vn 0.472931 0.472932 0.743419
vn 0.617915 0.255949 0.743419
vn 0.472931 0.472932 0.743419
vn 0.255948 -0.617915 0.743419
vn 0.472931 -0.472931 0.743419
vn 0.255948 -0.617915 0.743419
vn 0.472931 -0.472931 0.743419
vn -0.617914 -0.255949 0.743419
vn -0.472930 -0.472932 0.743419
vn -0.617914 -0.255949 0.743419
vn -0.472930 -0.472932 0.743419
vn -0.255948 0.617915 0.743419
vn -0.472931 0.472932 0.743419
vn -0.255948 0.617915 0.743419
vn -0.472930 0.472932 0.743419
vn 0.472931 0.472932 0.743419
vn 0.255948 0.617915 0.743419
vn 0.472931 0.472932 0.743419
vn 0.255948 0.617915 0.743419
vn 0.472931 -0.472931 0.743419
vn 0.617915 -0.255949 0.743419
vn 0.472931 -0.472931 0.743419
vn 0.617915 -0.255949 0.743419
vn -0.472930 -0.472932 0.743419
vn -0.255947 -0.617915 0.743419
vn -0.472930 -0.472932 0.743419
vn -0.255948 -0.617915 0.743419
vn -0.472931 0.472932 0.743419
vn -0.617915 0.255949 0.743419
vn -0.472930 0.472932 0.743419
vn -0.617914 0.255949 0.743419
vn 0.255948 0.617915 0.743419
vn 0.000000 0.668826 0.743419
vn 0.255948 0.617915 0.743419
vn 0.000000 0.668826 0.743419
vn 0.540527 0.223893 0.810988
vn 0.413701 0.413701 0.810989
vn 0.540527 0.223893 0.810988
vn 0.413701 0.413701 0.810989
vn 0.000001 -0.000000 1.000000
vn -0.000000 0.000000 1.000000
vn 0.000001 -0.000000 1.000000
vn -0.000000 0.000000 1.000000
vn -0.382683 -0.923880 0.000000
vn -0.382683 -0.923880 0.000000
vn -0.707106 -0.707107 0.000000
vn -0.707106 -0.707107 0.000000
vn 0.000000 1.000000 0.000000
vn 0.000000 1.000000 0.000000
vn 0.382683 0.923880 0.000000
vn 0.382683 0.923880 0.000000
vn 0.000000 -1.000000 -0.000000
vn -0.000000 -1.000000 -0.000000
vn -0.382683 -0.923880 0.000000
vn -0.382683 -0.923880 0.000000
vn -0.328856 -0.793928 -0.511402
vn -0.607646 -0.607647 -0.511402
vn -0.328856 -0.793928 -0.511402
vn -0.607646 -0.607647 -0.511402
vn 0.382683 -0.923880 -0.000000
vn 0.382683 -0.923880 -0.000000
vn 0.000000 -1.000000 -0.000000
vn -0.000000 -1.000000 -0.000000
vn 0.707107 0.707107 0.000000
vn 0.707107 0.707107 0.000000
vn 0.923880 0.382683 0.000000
vn 0.923880 0.382683 0.000000
vn -0.707107 0.707107 -0.000000
vn -0.707107 0.707107 -0.000000
vn -0.382683 0.923880 0.000000
vn -0.382683 0.923880 0.000000
vn 0.707107 -0.707107 -0.000000
vn 0.707107 -0.707107 -0.000000
vn 0.382683 -0.923880 -0.000000
vn 0.382683 -0.923880 -0.000000
vn -0.923879 0.382684 0.000000
vn -0.923879 0.382684 0.000000
vn -0.707107 0.707107 -0.000000
vn -0.707107 0.707107 -0.000000
vn 0.923880 -0.382683 -0.000000
vn 0.923880 -0.382683 -0.000000
vn 0.707107 -0.707107 -0.000000
vn 0.707107 -0.707107 -0.000000
vn -1.000000 0.000000 0.000000
vn -1.000000 0.000000 0.000000
vn -0.923879 0.382684 0.000000
vn -0.923879 0.382684 0.000000
vn 1.000000 0.000000 0.000000
vn 1.000000 -0.000000 0.000000
vn 0.923880 -0.382683 -0.000000
vn 0.923880 -0.382683 -0.000000
vn -0.923880 -0.382684 0.000000
vn -0.923880 -0.382684 0.000000
vn -1.000000 0.000000 0.000000
vn -1.000000 0.000000 0.000000
vn 0.923880 0.382683 0.000000
vn 0.923880 0.382683 0.000000
vn 1.000000 0.000000 0.000000
vn 1.000000 -0.000000 0.000000
vn -0.707106 -0.707107 0.000000
vn -0.707106 -0.707107 0.000000
vn -0.923880 -0.382684 0.000000
vn -0.923880 -0.382684 0.000000
vn 0.617915 -0.255949 0.743419
vn 0.668826 0.000000 0.743419
vn 0.617915 -0.255949 0.743419
vn 0.668826 0.000000 0.743419
vn -0.000000 -0.000000 1.000000
vn 0.000001 -0.000000 1.000000
vn 0.000000 -0.000000 1.000000
vn 0.000001 -0.000000 1.000000
vn 0.000001 0.000000 1.000000
vn -0.000000 -0.000000 1.000000
vn 0.000001 0.000000 1.000000
vn -0.000000 -0.000000 1.000000
vn 0.000000 0.000000 1.000000
vn 0.000001 0.000000 1.000000
vn 0.000000 0.000000 1.000000
vn 0.000001 0.000000 1.000000
vn 0.000000 0.000000 1.000000
vn 0.000000 0.000000 1.000000
vn 0.000000 0.000000 1.000000
vn 0.000000 0.000000 1.000000
vn 0.000000 0.000000 1.000000
vn 0.000000 0.000000 1.000000
vn 0.000000 0.000000 1.000000
vn 0.000000 0.000000 1.000000
vn -0.000000 0.000000 1.000000
vn 0.000000 0.000000 1.000000
vn -0.000000 0.000000 1.000000
vn 0.000000 0.000000 1.000000
vn 0.000000 0.000000 1.000000
vn -0.000000 0.000000 1.000000
vn 0.000000 0.000000 1.000000
vn -0.000000 0.000000 1.000000
vn 0.000001 0.000000 1.000000
vn 0.000000 0.000000 1.000000
vn 0.000001 0.000000 1.000000
vn 0.000000 0.000000 1.000000
vn 0.000001 0.000000 1.000000
vn 0.000001 0.000000 1.000000
vn 0.000001 0.000000 1.000000
vn 0.000001 0.000000 1.000000
vn 0.000001 0.000000 1.000000
vn 0.000001 0.000000 1.000000
vn 0.000001 0.000000 1.000000
vn 0.000001 0.000000 1.000000
vn 0.000000 0.000000 1.000000
vn 0.000001 0.000000 1.000000
vn 0.000000 0.000000 1.000000
vn 0.000001 0.000000 1.000000
vn -0.000000 -0.000000 1.000000
vn 0.000000 0.000000 1.000000
vn -0.000000 -0.000000 1.000000
vn 0.000000 0.000000 1.000000
vn -0.000001 -0.000000 1.000000
vn -0.000000 -0.000000 1.000000
vn -0.000001 -0.000000 1.000000
vn -0.000000 -0.000000 1.000000
vn 0.382683 0.923880 0.000000
vn 0.382683 0.923880 0.000000
vn 0.707107 0.707107 0.000000
vn 0.707107 0.707107 0.000000
vn -0.000000 -0.000000 1.000000
vn -0.000000 -0.000000 1.000000
vn -0.000000 -0.000000 1.000000
vn 0.000000 -0.000000 1.000000
vn 0.000000 -0.957034 0.289975
vn 0.366241 -0.884185 0.289973
vn 0.000000 -0.957034 0.289975
vn 0.366241 -0.884185 0.289973
vn 0.420054 0.000000 0.907499
vn 0.388080 0.160749 0.907498
vn 0.240385 0.000000 0.970678
vn 0.222087 0.091992 0.970677
vn -0.366241 0.884185 0.289975
vn -0.676725 0.676726 0.289975
vn -0.366240 0.884185 0.289975
vn -0.676725 0.676725 0.289975
vn 0.495126 0.495126 0.713933
vn 0.267960 0.646915 0.713932
vn 0.495126 0.495126 0.713933
vn 0.267960 0.646915 0.713932
vn 0.328856 0.793927 -0.511403
vn 0.607646 0.607645 -0.511403
vn 0.328855 0.793927 -0.511403
vn 0.607646 0.607646 -0.511403
vn 0.495125 -0.495125 0.713934
vn 0.646911 -0.267959 0.713935
vn 0.495125 -0.495126 0.713934
vn 0.646911 -0.267959 0.713935
vn 0.328856 -0.793928 -0.511403
vn -0.000000 -0.859341 -0.511403
vn 0.328855 -0.793928 -0.511403
vn -0.000000 -0.859341 -0.511403
vn -0.495124 -0.495125 0.713935
vn -0.267960 -0.646912 0.713934
vn -0.495124 -0.495126 0.713935
vn -0.267959 -0.646912 0.713934
vn 0.793928 -0.328856 -0.511403
vn 0.607646 -0.607646 -0.511403
vn 0.793927 -0.328856 -0.511403
vn 0.607646 -0.607646 -0.511403
vn 0.859341 0.000000 -0.511404
vn 0.793928 -0.328856 -0.511403
vn 0.859341 0.000000 -0.511404
vn 0.793927 -0.328856 -0.511403
vn -0.495125 0.495125 0.713935
vn -0.646912 0.267960 0.713935
vn -0.495124 0.495125 0.713935
vn -0.646912 0.267960 0.713935
vn 0.297023 -0.297025 0.907499
vn 0.388080 -0.160749 0.907499
vn 0.169977 -0.169979 0.970678
vn 0.222087 -0.091992 0.970678
vn -0.884185 0.366241 0.289975
vn -0.957035 -0.000000 0.289974
vn -0.884185 0.366241 0.289975
vn -0.957034 -0.000000 0.289974
vn 0.000000 -0.420055 0.907498
vn 0.160748 -0.388081 0.907498
vn 0.000000 -0.240385 0.970677
vn 0.091992 -0.222088 0.970677
vn -0.884185 -0.366241 0.289974
vn -0.676725 -0.676725 0.289976
vn -0.884185 -0.366241 0.289974
vn -0.676726 -0.676725 0.289976
vn 0.297024 0.297025 0.907498
vn 0.160746 0.388081 0.907498
vn 0.169978 0.169979 0.970677
vn 0.091991 0.222088 0.970677
vn -0.957035 -0.000000 0.289974
vn -0.884185 -0.366241 0.289974
vn -0.957034 -0.000000 0.289974
vn -0.884185 -0.366241 0.289974
vn -0.000002 0.420055 0.907499
vn -0.160749 0.388080 0.907499
vn -0.000001 0.240385 0.970677
vn -0.091992 0.222087 0.970678
vn -0.676725 -0.676725 0.289976
vn -0.366241 -0.884184 0.289977
vn -0.676726 -0.676725 0.289976
vn -0.366240 -0.884184 0.289977
vn 0.388080 0.160749 0.907498
vn 0.297024 0.297025 0.907498
vn 0.222087 0.091992 0.970677
vn 0.169978 0.169979 0.970677
vn 0.000000 0.957035 0.289974
vn -0.366241 0.884185 0.289975
vn 0.000000 0.957035 0.289974
vn -0.366240 0.884185 0.289975
vn 0.388080 -0.160749 0.907499
vn 0.420054 0.000000 0.907499
vn 0.222087 -0.091992 0.970678
vn 0.240385 0.000000 0.970678
vn -0.676725 0.676726 0.289975
vn -0.884185 0.366241 0.289975
vn -0.676725 0.676725 0.289975
vn -0.884185 0.366241 0.289975
vn 0.700211 0.000000 0.713936
vn 0.646911 0.267959 0.713936
vn 0.700211 0.000000 0.713936
vn 0.646911 0.267960 0.713936
vn -0.328856 0.793928 -0.511402
vn 0.000000 0.859341 -0.511403
vn -0.328855 0.793928 -0.511402
vn 0.000000 0.859341 -0.511403
vn 0.000000 -0.700214 0.713933
vn 0.267960 -0.646914 0.713933
vn 0.000000 -0.700214 0.713933
vn 0.267960 -0.646914 0.713933
vn 0.607646 -0.607646 -0.511403
vn 0.328856 -0.793928 -0.511403
vn 0.607646 -0.607646 -0.511403
vn 0.328855 -0.793928 -0.511403
vn -0.700213 -0.000000 0.713934
vn -0.646911 -0.267960 0.713935
vn -0.700213 -0.000000 0.713934
vn -0.646911 -0.267960 0.713935
vn 0.793927 0.328856 -0.511404
vn 0.859341 0.000000 -0.511404
vn 0.793927 0.328856 -0.511404
vn 0.859341 0.000000 -0.511404
vn 0.160748 -0.388081 0.907498
vn 0.297023 -0.297025 0.907499
vn 0.091992 -0.222088 0.970677
vn 0.169977 -0.169979 0.970678
vn -0.000000 0.700214 0.713933
vn -0.267960 0.646912 0.713935
vn 0.000001 0.700214 0.713933
vn -0.267959 0.646912 0.713935
vn 0.000000 0.000000 -1.000000
vn -0.000000 -0.000000 -1.000000
vn -0.000000 0.000000 -1.000000
vn 0.000000 0.000000 -1.000000
vn -0.000000 0.000000 -1.000000
vn -0.000000 0.000000 -1.000000
vn -0.000000 -0.000000 -1.000000
vn -0.000000 -0.000000 -1.000000
vn -0.000000 0.000000 -1.000000
vn -0.000000 0.000000 -1.000000
vn 0.000000 0.000000 -1.000000
vn -0.000000 0.000000 -1.000000
vn -0.000000 -0.000000 -1.000000
vn -0.000000 0.000000 -1.000000
vn -0.000000 0.000000 -1.000000
vn 0.000000 0.000000 -1.000000
vn -0.000000 0.000000 -1.000000
vn -0.000000 0.000000 -1.000000
vn -0.000001 0.000000 -1.000000
vn -0.000000 -0.000000 -1.000000
vn -0.000000 0.000000 -1.000000
vn -0.000000 0.000000 -1.000000
vn -0.000001 0.000000 -1.000000
vn -0.000000 0.000000 -1.000000
vn -0.000000 0.000000 -1.000000
vn -0.000001 0.000000 -1.000000
vn -0.000000 0.000000 -1.000000
vn -0.000000 -0.000000 -1.000000
vn 0.000000 -0.000000 -1.000000
vn -0.000000 0.000000 -1.000000
vn -0.000001 0.000000 -1.000000
vn -0.000000 0.000000 -1.000000
vn -0.000000 0.000000 -1.000000
vn 0.000000 -0.000000 -1.000000
vn 0.000000 -0.000000 -1.000000
vn -0.000000 0.000000 -1.000000
vn -0.000000 0.000000 -1.000000
vn -0.000000 0.000000 -1.000000
vn -0.000000 0.000000 -1.000000
vn 0.000000 -0.000000 -1.000000
vn 0.000000 -0.000000 -1.000000
vn -0.000000 0.000000 -1.000000
vn -0.000000 0.000000 -1.000000
vn 0.000000 0.000000 -1.000000
vn -0.000000 0.000000 -1.000000
vn 0.000000 -0.000000 -1.000000
vn 0.000000 0.000000 -1.000000
vn -0.000000 0.000000 -1.000000
s 1
g whell1
usemtl car2SG
f 3/50/1 5/52/2 98/48/3
f 98/48/3 5/52/2 102/49/4
s 2
f 4/241/5 97/51/6 6/243/7
f 6/243/7 97/51/6 101/242/8
s 3
f 6/243/9 101/242/10 8/245/11
f 8/245/11 101/242/10 103/244/12
s 4
f 8/245/13 103/244/14 10/150/15
f 10/150/15 103/244/14 105/235/16
s 5
f 10/150/17 105/235/18 12/152/19
f 12/152/19 105/235/18 107/151/20
s 6
f 12/152/21 107/151/22 14/154/23
f 14/154/23 107/151/22 109/153/24
s 7
f 14/154/25 109/153/26 16/92/27
f 16/92/27 109/153/26 111/155/28
s 8
f 16/92/29 111/155/30 18/156/31
f 18/156/31 111/155/30 113/118/32
s 9
f 18/156/33 113/118/34 20/117/35
f 20/117/35 113/118/34 115/157/36
s 10
f 20/117/37 115/157/38 22/211/39
f 22/211/39 115/157/38 117/10/40
s 11
f 22/211/41 117/10/42 24/2/43
f 24/2/43 117/10/42 119/142/44
s 12
f 24/2/45 119/142/46 26/76/47
f 26/76/47 119/142/46 121/143/48
s 13
f 26/76/49 121/143/50 28/255/51
f 28/255/51 121/143/50 123/14/52
s 14
f 28/255/53 123/14/54 30/1/55
f 30/1/55 123/14/54 125/110/56
s 15
f 130/91/57 46/188/58 129/189/59
f 129/189/59 46/188/58 45/63/60
s 16
f 30/1/61 125/110/62 32/57/63
f 32/57/63 125/110/62 127/103/64
s 17
f 32/57/65 127/103/66 2/81/67
f 2/81/67 127/103/66 100/204/68
s 18
f 19/265/69 154/40/70 21/42/71
f 21/42/71 154/40/70 155/41/72
s 19
f 1/246/73 3/50/74 99/247/75
f 99/247/75 3/50/74 98/48/76
s 20
f 31/58/77 1/246/78 128/248/79
f 128/248/79 1/246/78 99/247/80
s 21
f 7/123/81 9/190/82 104/227/83
f 104/227/83 9/190/82 106/111/84
s 22
f 9/190/85 11/228/86 106/111/87
f 106/111/87 11/228/86 108/59/88
s 23
f 11/228/89 13/249/90 108/59/91
f 108/59/91 13/249/90 110/256/92
s 24
f 13/127/93 15/124/94 110/131/95
f 110/131/95 15/124/94 112/120/96
s 25
f 15/124/97 17/125/98 112/120/99
f 112/120/99 17/125/98 114/43/100
s 26
f 17/125/101 19/265/102 114/43/103
f 114/43/103 19/265/102 116/229/104
s 27
f 19/265/105 21/42/106 116/229/107
f 116/229/107 21/42/106 118/44/108
s 28
f 21/121/109 23/225/110 118/230/111
f 118/230/111 23/225/110 120/60/112
s 29
f 23/225/113 25/53/114 120/60/115
f 120/60/115 25/53/114 122/226/116
s 30
f 25/53/117 27/119/118 122/226/119
f 122/226/119 27/119/118 124/45/120
s 31
f 27/119/121 29/234/122 124/45/123
f 124/45/123 29/234/122 126/126/124
s 32
f 29/250/125 31/58/126 126/39/127
f 126/39/127 31/58/126 128/248/128
s 33
f 5/112/129 7/123/130 102/46/131
f 102/46/131 7/123/130 104/227/132
s 34
f 36/231/133 52/148/134 35/233/135
f 35/233/135 52/148/134 51/232/136
s 35
f 132/47/137 39/122/138 131/149/139
f 131/149/139 39/122/138 38/160/140
s 36
f 133/161/141 47/93/142 130/91/143
f 130/91/143 47/93/142 46/188/144
s 37
f 134/94/145 40/23/146 132/47/147
f 132/47/147 40/23/146 39/122/148
s 38
f 135/24/149 48/64/150 133/161/151
f 133/161/151 48/64/150 47/93/152
s 39
f 136/9/153 41/191/154 134/94/155
f 134/94/155 41/191/154 40/23/156
s 40
f 138/132/157 34/133/158 137/192/159
f 137/192/159 34/133/158 33/134/160
s 41
f 137/192/161 33/134/162 135/24/163
f 135/24/163 33/134/162 48/64/164
s 42
f 139/135/165 42/65/166 136/9/167
f 136/9/167 42/65/166 41/191/168
s 43
f 140/220/169 35/95/170 138/132/171
f 138/132/171 35/95/170 34/133/172
s 44
f 141/136/173 43/25/174 139/135/175
f 139/135/175 43/25/174 42/65/176
s 45
f 142/162/177 36/163/178 140/220/179
f 140/220/179 36/163/178 35/95/180
s 46
f 143/26/181 44/27/182 141/136/183
f 141/136/183 44/27/182 43/25/184
s 47
f 144/164/185 37/221/186 142/162/187
f 142/162/187 37/221/186 36/163/188
s 48
f 129/189/189 45/63/190 143/26/191
f 143/26/191 45/63/190 44/27/192
s 49
f 131/149/193 38/160/194 144/164/195
f 144/164/195 38/160/194 37/221/196
s 50
f 57/257/197 73/258/198 56/15/199
f 56/15/199 73/258/198 72/128/200
s 51
f 44/199/201 60/259/202 43/175/203
f 43/175/203 60/259/202 59/137/204
s 52
f 37/3/205 53/260/206 36/231/207
f 36/231/207 53/260/206 52/148/208
s 53
f 45/33/209 61/87/210 44/199/211
f 44/199/211 61/87/210 60/259/212
s 54
f 38/54/213 54/165/214 37/3/215
f 37/3/215 54/165/214 53/260/216
s 55
f 46/166/217 62/34/218 45/33/219
f 45/33/219 62/34/218 61/87/220
s 56
f 39/37/221 55/181/222 38/54/223
f 38/54/223 55/181/222 54/165/224
s 57
f 47/138/225 63/144/226 46/166/227
f 46/166/227 63/144/226 62/34/228
s 58
f 40/222/229 56/15/230 39/37/231
f 39/37/231 56/15/230 55/181/232
s 59
f 48/182/233 64/176/234 47/138/235
f 47/138/235 64/176/234 63/144/236
s 60
f 41/139/237 57/257/238 40/222/239
f 40/222/239 57/257/238 56/15/240
s 61
f 34/96/241 50/200/242 33/261/243
f 33/261/243 50/200/242 49/205/244
s 62
f 33/261/245 49/205/246 48/182/247
f 48/182/247 49/205/246 64/176/248
s 63
f 42/251/249 58/16/250 41/139/251
f 41/139/251 58/16/250 57/257/252
s 64
f 35/233/253 51/232/254 34/96/255
f 34/96/255 51/232/254 50/200/256
s 65
f 43/175/257 59/137/258 42/251/259
f 42/251/259 59/137/258 58/16/260
s 66
f 78/66/261 94/28/262 77/61/263
f 77/61/263 94/28/262 93/236/264
s 67
f 50/200/265 66/67/266 49/205/267
f 49/205/267 66/67/266 65/223/268
s 68
f 49/205/269 65/223/270 64/176/271
f 64/176/271 65/223/270 80/224/272
s 69
f 58/16/273 74/167/274 57/257/275
f 57/257/275 74/167/274 73/258/276
s 70
f 51/232/277 67/102/278 50/200/279
f 50/200/279 67/102/278 66/67/280
s 71
f 59/137/281 75/17/282 58/16/283
f 58/16/283 75/17/282 74/167/284
s 72
f 52/148/285 68/212/286 51/232/287
f 51/232/287 68/212/286 67/102/288
s 73
f 60/259/289 76/62/290 59/137/291
f 59/137/291 76/62/290 75/17/292
s 74
f 53/260/293 69/18/294 52/148/295
f 52/148/295 69/18/294 68/212/296
s 75
f 61/87/297 77/61/298 60/259/299
f 60/259/299 77/61/298 76/62/300
s 76
f 54/165/301 70/88/302 53/260/303
f 53/260/303 70/88/302 69/18/304
s 77
f 62/34/305 78/66/306 61/87/307
f 61/87/307 78/66/306 77/61/308
s 78
f 55/181/309 71/97/310 54/165/311
f 54/165/311 71/97/310 70/88/312
s 79
f 63/144/313 79/8/314 62/34/315
f 62/34/315 79/8/314 78/66/316
s 80
f 56/15/317 72/128/318 55/181/319
f 55/181/319 72/128/318 71/97/320
s 81
f 64/176/321 80/224/322 63/144/323
f 63/144/323 80/224/322 79/8/324
s 82
f 82/114/325 83/193/326 81/19/327
f 84/237/328 85/177/329 83/193/326
f 86/98/330 87/82/331 85/177/329
f 88/147/332 89/116/333 87/82/331
f 90/178/334 91/140/335 89/116/333
f 92/206/336 93/236/337 91/140/335
f 94/28/338 95/207/339 93/236/337
f 96/183/340 81/19/327 95/207/339
f 83/193/326 85/177/329 81/19/327
f 87/82/331 89/116/333 85/177/329
f 91/140/335 93/236/337 89/116/333
f 95/207/339 81/19/327 93/236/337
f 85/177/329 89/116/333 81/19/327
f 89/116/333 93/236/337 81/19/327
s 86
f 71/97/341 87/82/342 70/88/343
f 70/88/343 87/82/342 86/98/344
s 87
f 79/8/345 95/207/346 78/66/347
f 78/66/347 95/207/346 94/28/348
s 88
f 72/128/349 88/147/350 71/97/351
f 71/97/351 88/147/350 87/82/352
s 89
f 80/224/353 96/183/354 79/8/355
f 79/8/355 96/183/354 95/207/356
s 90
f 73/258/357 89/116/358 72/128/359
f 72/128/359 89/116/358 88/147/360
s 91
f 66/67/361 82/114/362 65/223/363
f 65/223/363 82/114/362 81/19/364
s 92
f 65/223/365 81/19/366 80/224/367
f 80/224/367 81/19/366 96/183/368
s 93
f 74/167/369 90/178/370 73/258/371
f 73/258/371 90/178/370 89/116/372
s 94
f 67/102/373 83/193/374 66/67/375
f 66/67/375 83/193/374 82/114/376
s 95
f 75/17/377 91/140/378 74/167/379
f 74/167/379 91/140/378 90/178/380
s 96
f 68/212/381 84/237/382 67/102/383
f 67/102/383 84/237/382 83/193/384
s 97
f 76/62/385 92/206/386 75/17/387
f 75/17/387 92/206/386 91/140/388
s 98
f 69/18/389 85/177/390 68/212/391
f 68/212/391 85/177/390 84/237/392
s 99
f 77/61/393 93/236/394 76/62/395
f 76/62/395 93/236/394 92/206/396
s 100
f 70/88/397 86/98/398 69/18/399
f 69/18/399 86/98/398 85/177/400
s 101
f 98/194/401 97/51/402 99/213/403
f 99/213/403 97/51/402 100/204/404
s 102
f 102/20/405 101/242/406 98/194/407
f 98/194/407 101/242/406 97/51/408
s 103
f 104/184/409 103/244/410 102/20/411
f 102/20/411 103/244/410 101/242/412
s 104
f 106/77/413 105/235/414 104/184/415
f 104/184/415 105/235/414 103/244/416
s 105
f 108/35/417 107/151/418 106/77/419
f 106/77/419 107/151/418 105/235/420
s 106
f 110/4/421 109/153/422 108/35/423
f 108/35/423 109/153/422 107/151/424
s 107
f 112/262/425 111/155/426 110/4/427
f 110/4/427 111/155/426 109/153/428
s 108
f 114/43/429 113/185/430 112/120/431
f 112/120/431 113/185/430 111/104/432
s 109
f 116/229/433 115/21/434 114/43/435
f 114/43/435 115/21/434 113/185/436
s 110
f 118/186/437 117/10/438 116/263/439
f 116/263/439 117/10/438 115/157/440
s 111
f 120/201/441 119/142/442 118/186/443
f 118/186/443 119/142/442 117/10/444
s 112
f 122/226/445 121/238/446 120/60/447
f 120/60/447 121/238/446 119/36/448
s 113
f 124/45/449 123/68/450 122/226/451
f 122/226/451 123/68/450 121/238/452
s 114
f 126/129/453 125/110/454 124/202/455
f 124/202/455 125/110/454 123/14/456
s 115
f 128/105/457 127/103/458 126/129/459
f 126/129/459 127/103/458 125/110/460
s 116
f 99/213/461 100/204/462 128/105/463
f 128/105/463 100/204/462 127/103/464
s 117
f 2/81/465 100/204/466 4/241/467
f 4/241/467 100/204/466 97/51/468
s 118
f 12/179/469 131/69/470 10/195/471
f 10/195/471 131/69/470 144/218/472
s 119
f 26/29/473 129/210/474 24/71/475
f 24/71/475 129/210/474 143/70/476
s 120
f 10/195/477 144/218/478 8/197/479
f 8/197/479 144/218/478 142/196/480
s 121
f 24/71/481 143/70/482 22/99/483
f 22/99/483 143/70/482 141/30/484
s 122
f 8/197/485 142/196/486 6/31/487
f 6/31/487 142/196/486 140/100/488
s 123
f 22/72/489 141/73/490 20/219/491
f 20/219/491 141/73/490 139/74/492
s 124
f 6/171/493 140/106/494 4/11/495
f 4/11/495 140/106/494 138/168/496
s 125
f 20/219/497 139/74/498 18/169/499
f 18/169/499 139/74/498 136/80/500
s 126
f 2/32/501 137/252/502 32/198/503
f 32/198/503 137/252/502 135/217/504
s 127
f 4/11/505 138/168/506 2/32/507
f 2/32/507 138/168/506 137/252/508
s 128
f 18/169/509 136/80/510 16/84/511
f 16/84/511 136/80/510 134/79/512
s 129
f 32/198/513 135/217/514 30/38/515
f 30/38/515 135/217/514 133/141/516
s 130
f 16/84/517 134/79/518 14/214/519
f 14/214/519 134/79/518 132/75/520
s 131
f 30/170/521 133/86/522 28/13/523
f 28/13/523 133/86/522 130/83/524
s 132
f 14/203/525 132/253/526 12/179/527
f 12/179/527 132/253/526 131/69/528
s 133
f 28/13/529 130/83/530 26/29/531
f 26/29/531 130/83/530 129/210/532
s 134
f 3/50/533 146/107/534 5/52/535
f 5/52/535 146/107/534 147/172/536
s 135
f 17/125/537 153/89/538 19/265/539
f 19/265/539 153/89/538 154/40/540
s 136
f 31/58/541 160/22/542 1/246/543
f 1/246/543 160/22/542 145/158/544
s 137
f 1/246/545 145/158/546 3/50/547
f 3/50/547 145/158/546 146/107/548
s 138
f 15/124/549 152/159/550 17/125/551
f 17/125/551 152/159/550 153/89/552
s 139
f 29/250/553 159/108/554 31/58/555
f 31/58/555 159/108/554 160/22/556
s 140
f 13/127/557 151/90/558 15/124/559
f 15/124/559 151/90/558 152/159/560
s 141
f 27/119/561 158/208/562 29/234/563
f 29/234/563 158/208/562 159/209/564
s 142
f 11/228/565 150/113/566 13/249/567
f 13/249/567 150/113/566 151/101/568
s 143
f 25/53/569 157/5/570 27/119/571
f 27/119/571 157/5/570 158/208/572
s 144
f 9/190/573 149/215/574 11/228/575
f 11/228/575 149/215/574 150/113/576
s 145
f 23/225/577 156/130/578 25/53/579
f 25/53/579 156/130/578 157/5/580
s 146
f 7/123/581 148/173/582 9/190/583
f 9/190/583 148/173/582 149/215/584
s 147
f 21/121/585 155/216/586 23/225/587
f 23/225/587 155/216/586 156/130/588
s 148
f 5/112/589 147/239/590 7/123/591
f 7/123/591 147/239/590 148/173/592
s off
f 157/115/593 161/145/594 158/187/595
f 150/264/596 161/145/597 151/254/598
f 158/187/599 161/145/600 159/78/601
f 151/254/602 161/145/603 152/6/604
f 159/78/605 161/145/606 160/12/607
f 152/6/608 161/145/609 153/55/610
f 145/109/611 161/145/612 146/85/613
f 160/12/614 161/145/615 145/109/616
f 153/55/617 161/145/618 154/146/619
f 146/85/620 161/145/621 147/180/622
f 154/146/623 161/145/624 155/56/625
f 147/180/626 161/145/627 148/240/628
f 155/56/629 161/145/630 156/174/631
f 148/240/632 161/145/633 149/7/634
f 156/174/635 161/145/636 157/115/637
f 149/7/638 161/145/639 150/264/640
s 149
f 739//641 741//642 487//643
f 487//643 741//642 288//644
s 150
f 212//645 213//646 192//647
f 192//647 213//646 189//648
s 151
f 184//649 256//650 891//651
f 891//651 256//650 912//652
s 152
f 173//653 180//654 166//655
f 166//655 180//654 176//656
s 153
f 893//657 915//658 177//659
f 177//659 915//658 259//660
s 154
f 484//661 732//662 277//663
f 277//663 732//662 188//664
f 188//664 732//662 474//665
s 155
f 269//666 249//667 467//668
f 467//668 249//667 465//669
s 156
f 885//670 180//671 900//672
f 900//672 180//671 198//673
s 157
f 244//674 296//675 740//676
f 740//676 296//675 293//677
s 158
f 216//678 262//679 205//680
f 185//681 205//680 263//682
f 262//679 263//682 205//680
s 159
f 264//683 270//684 467//685
f 467//685 270//684 269//686
s 160
f 199//687 215//688 187//689
f 187//689 215//688 214//690
s 161
f 904//691 896//692 204//693
f 204//693 896//692 187//694
s 162
f 172//695 206//696 219//697
f 219//697 206//696 222//698
s 163
f 165//699 175//700 210//701
f 210//701 175//700 209//702
s 164
f 268//703 257//704 266//705
f 266//705 257//704 195//706
s 165
f 205//707 185//708 905//709
f 905//709 185//708 892//710
s 166
f 1428//711 909//712 286//713
f 286//713 909//712 919//714
s off
f 295//715 166//716 751//717
s 167
f 294//718 176//719 925//720
f 925//720 176//719 890//721
s 168
f 185//722 263//723 195//724
f 195//724 263//723 266//725
s 169
f 218//726 223//727 174//728
f 174//728 223//727 207//729
s 170
f 886//730 897//731 163//732
f 163//732 897//731 188//733
s 171
f 204//734 187//735 217//736
f 217//736 187//735 214//737
s 172
f 475//738 247//739 471//740
f 471//740 247//739 246//741
s 173
f 255//742 239//743 192//744
f 192//744 239//743 212//745
s 174
f 165//746 210//747 171//748
f 171//748 210//747 211//749
s 175
f 180//750 173//751 198//752
f 198//752 173//751 213//753
s 176
f 901//754 199//755 896//756
f 896//756 199//755 187//757
s 177
f 916//758 911//759 274//760
f 274//760 911//759 250//761
s 178
f 899//762 892//763 195//764
f 195//764 892//763 185//765
s 179
f 180//766 885//767 176//768
f 176//768 885//767 890//769
s 180
f 496//770 746//771 282//772
f 184//773 282//772 489//774
f 282//772 746//771 489//774
s 181
f 162//775 170//776 202//777
f 202//777 170//776 203//778
s 182
f 1429//779 493//780 282//781
f 282//781 493//780 496//782
s 183
f 884//783 914//784 179//785
f 914//784 723//786 179//785
f 723//786 258//787 179//785
s 184
f 189//788 213//789 190//790
f 190//790 213//789 173//791
s 185
f 178//792 167//793 298//794
f 298//794 167//793 303//795
s 186
f 265//796 262//797 191//798
f 191//798 262//797 216//799
s 187
f 168//800 249//801 261//802
f 261//802 249//801 269//803
s 188
f 164//804 253//805 169//806
f 169//806 253//805 252//807
s 189
f 182//808 162//809 201//810
f 201//810 162//809 202//811
s 190
f 895//812 181//813 906//814
f 906//814 181//813 208//815
s 191
f 170//816 162//817 215//818
f 215//818 162//817 213//819
s 192
f 182//820 887//821 198//822
f 198//822 887//821 900//823
s 193
f 894//824 186//825 901//826
f 901//826 186//825 199//827
s 194
f 182//828 198//829 162//830
f 162//830 198//829 213//831
s 195
f 186//832 170//833 199//834
f 199//834 170//833 215//835
s 196
f 201//836 200//837 903//838
f 903//838 200//837 902//839
s 197
f 202//840 203//841 201//842
f 201//842 203//841 200//843
s 198
f 186//844 200//845 170//846
f 170//846 200//845 203//847
s 199
f 887//848 182//849 903//850
f 903//850 182//849 201//851
s 200
f 894//852 902//853 186//854
f 186//854 902//853 200//855
s 201
f 181//856 895//857 204//858
f 204//858 895//857 904//859
s 202
f 175//860 165//861 205//862
f 205//862 165//861 216//863
s 203
f 181//864 204//865 171//866
f 171//866 204//865 217//867
s 204
f 889//868 175//869 905//870
f 905//870 175//869 205//871
s 205
f 171//872 217//873 165//874
f 165//874 217//873 216//875
s 206
f 208//876 211//877 209//878
f 209//878 211//877 210//879
s 207
f 906//880 208//881 907//882
f 907//882 208//881 209//883
s 208
f 181//884 171//885 208//886
f 208//886 171//885 211//887
s 209
f 889//888 907//889 175//890
f 175//890 907//889 209//891
s 210
f 172//892 196//893 212//894
f 212//894 196//893 213//895
s 211
f 174//896 214//897 197//898
f 197//898 214//897 215//899
s 212
f 197//900 215//901 196//902
f 196//902 215//901 213//903
s 213
f 212//904 239//905 172//906
f 172//906 239//905 206//907
s 214
f 174//908 207//909 214//910
f 214//910 207//909 217//911
s 215
f 218//912 221//913 219//914
f 219//914 221//913 220//915
s 216
f 222//916 223//917 219//918
f 219//918 223//917 218//919
s 217
f 174//920 197//921 218//922
f 218//922 197//921 221//923
s 218
f 196//924 220//925 197//926
f 197//926 220//925 221//927
s 219
f 196//928 172//929 220//930
f 220//930 172//929 219//931
s 220
f 206//932 207//933 222//934
f 222//934 207//933 223//935
s 221
f 1424//936 1425//937 225//938
f 225//938 1425//937 226//939
s 222
f 1425//940 1426//941 226//942
f 226//942 1426//941 227//943
s 223
f 1426//944 1427//945 227//946
f 227//946 1427//945 228//947
s 224
f 1419//948 1420//949 481//950
f 236//951 480//952 1420//949
f 480//952 482//953 1420//949
f 1420//949 482//953 481//950
s 226
f 229//954 284//955 492//956
f 492//956 284//955 495//957
s 227
f 1430//958 1431//959 229//960
f 229//960 1431//959 230//961
s 228
f 1431//962 1432//963 230//964
f 230//964 1432//963 231//965
s 229
f 1432//966 1424//967 231//968
f 231//968 1424//967 225//969
s 230
f 1415//970 1416//971 232//972
f 232//972 1416//971 233//973
s 231
f 1416//974 1417//975 233//976
f 233//976 1417//975 234//977
s 232
f 1417//978 1418//979 234//980
f 234//980 1418//979 235//981
s 233
f 1423//982 274//983 461//984
f 461//984 274//983 469//985
s 234
f 236//986 279//987 480//988
f 480//988 279//987 483//989
s 235
f 1420//990 1421//991 236//992
f 236//992 1421//991 237//993
s 236
f 1421//994 1422//995 237//996
f 237//996 1422//995 238//997
s 237
f 1415//998 232//999 1422//1000
f 1422//1000 232//999 238//1001
s 238
f 1419//1002 908//1003 183//1004
f 183//1004 908//1003 1413//1005
s 239
f 283//1006 747//1007 284//1008
f 284//1008 747//1007 749//1009
s 240
f 486//1010 286//1011 745//1012
f 286//1011 163//1013 745//1012
f 163//1013 472//1014 745//1012
s 241
f 240//1015 255//1016 243//1017
f 243//1017 255//1016 192//1018
s 242
f 278//1019 734//1020 279//1021
f 279//1021 734//1020 730//1022
s 243
f 918//1023 910//1024 282//1025
f 282//1025 910//1024 1429//1026
s 244
f 224//1027 1414//1028 1428//1029
f 1428//1029 1414//1028 909//1030
s 245
f 277//1031 188//1032 917//1033
f 917//1033 188//1032 897//1034
s 246
f 225//1035 226//1036 290//1037
f 290//1037 226//1036 289//1038
s 247
f 242//1039 243//1040 189//1041
f 189//1041 243//1040 192//1042
s 248
f 258//1043 257//1044 272//1045
f 272//1045 257//1044 268//1046
s 249
f 242//1047 189//1048 244//1049
f 244//1049 189//1048 190//1050
s 250
f 741//1051 748//1052 288//1053
f 288//1053 748//1052 287//1054
s 251
f 286//1055 486//1056 1428//1057
f 1428//1057 486//1056 477//1058
s 252
f 247//1059 164//1060 246//1061
f 246//1061 164//1060 169//1062
s 253
f 248//1063 256//1064 490//1065
f 490//1065 256//1064 491//1066
f 491//1066 256//1064 489//1067
f 489//1067 256//1064 184//1068
s 254
f 244//1069 190//1070 296//1071
f 296//1071 190//1070 295//1072
s 255
f 190//1073 173//1074 295//1075
f 295//1075 173//1074 166//1076
s 256
f 735//1077 728//1078 275//1079
f 275//1079 728//1078 273//1080
s 257
f 261//1081 271//1082 168//1083
f 168//1083 271//1082 251//1084
s 258
f 177//1085 259//1086 264//1087
f 264//1087 259//1086 270//1088
s 259
f 1423//1089 461//1090 1418//1091
f 235//1092 1418//1091 462//1093
f 462//1093 1418//1091 463//1094
f 1418//1091 461//1090 463//1094
s 261
f 469//1095 274//1096 729//1097
f 274//1096 250//1098 729//1097
f 250//1098 464//1099 729//1097
s 262
f 911//1100 893//1101 250//1102
f 250//1102 893//1101 177//1103
s 263
f 233//1104 234//1105 276//1106
f 276//1106 234//1105 273//1107
s 264
f 278//1108 237//1109 280//1110
f 280//1110 237//1109 238//1111
s 265
f 252//1112 253//1113 242//1114
f 242//1114 253//1113 243//1115
s 266
f 226//1116 227//1117 289//1118
f 289//1118 227//1117 287//1119
s 267
f 283//1120 230//1121 285//1122
f 285//1122 230//1121 231//1123
s 268
f 276//1124 281//1125 233//1126
f 233//1126 281//1125 232//1127
s 269
f 238//1128 232//1129 280//1130
f 280//1130 232//1129 281//1131
s 270
f 245//1132 191//1133 240//1134
f 240//1134 191//1133 255//1135
s 271
f 191//1136 216//1137 255//1138
f 255//1138 216//1137 239//1139
s 272
f 921//1140 178//1141 929//1142
f 929//1142 178//1141 298//1143
s 273
f 241//1144 301//1145 254//1146
f 254//1146 301//1145 302//1147
s 274
f 248//1148 292//1149 256//1150
f 256//1150 292//1149 291//1151
s 275
f 256//1152 291//1153 912//1154
f 912//1154 291//1153 883//1155
s 276
f 257//1156 722//1157 195//1158
f 195//1158 722//1157 899//1159
f 722//1157 913//1160 899//1159
s 277
f 267//1161 265//1162 245//1163
f 245//1163 265//1162 191//1164
s 278
f 258//1165 723//1166 257//1167
f 257//1167 723//1166 722//1168
s 279
f 271//1169 267//1170 251//1171
f 251//1171 267//1170 245//1172
s 280
f 915//1173 884//1174 259//1175
f 259//1175 884//1174 179//1176
s 281
f 179//1177 258//1178 260//1179
f 260//1179 258//1178 272//1180
s 282
f 270//1181 260//1182 269//1183
f 269//1183 260//1182 261//1184
s 283
f 263//1185 262//1186 266//1187
f 266//1187 262//1186 265//1188
s 284
f 266//1189 265//1190 268//1191
f 268//1191 265//1190 267//1192
s 285
f 268//1193 267//1194 272//1195
f 272//1195 267//1194 271//1196
s 286
f 260//1197 272//1198 261//1199
f 261//1199 272//1198 271//1200
s 287
f 259//1201 179//1202 270//1203
f 270//1203 179//1202 260//1204
s 288
f 726//1205 728//1206 251//1207
f 251//1207 728//1206 168//1208
s 289
f 250//1209 177//1210 464//1211
f 464//1211 177//1210 264//1212
s 290
f 235//1213 275//1214 234//1215
f 234//1215 275//1214 273//1216
s 291
f 888//1217 916//1218 1423//1219
f 1423//1219 916//1218 274//1220
s 292
f 735//1221 727//1222 249//1223
f 249//1223 727//1222 465//1224
s 293
f 164//1225 734//1226 253//1227
f 253//1227 734//1226 731//1228
s 294
f 277//1229 1419//1230 484//1231
f 484//1231 1419//1230 481//1232
s 295
f 1419//1233 277//1234 908//1235
f 908//1235 277//1234 917//1236
s 296
f 237//1237 278//1238 236//1239
f 236//1239 278//1238 279//1240
s 297
f 279//1241 730//1242 483//1243
f 483//1243 730//1242 737//1244
s 298
f 292//1245 747//1246 293//1247
f 293//1247 747//1246 740//1248
s 299
f 281//1249 240//1250 280//1251
f 280//1251 240//1250 731//1252
s 300
f 281//1253 276//1254 240//1255
f 240//1255 276//1254 726//1256
s 301
f 891//1257 918//1258 184//1259
f 184//1259 918//1258 282//1260
s 302
f 230//1261 283//1262 229//1263
f 229//1263 283//1262 284//1264
s 303
f 1429//1265 1430//1266 493//1267
f 229//1268 492//1269 1430//1266
f 492//1269 494//1270 1430//1266
f 1430//1266 494//1270 493//1267
s 305
f 743//1271 748//1272 252//1273
f 252//1273 748//1272 169//1274
s 306
f 288//1275 287//1276 228//1277
f 228//1277 287//1276 227//1278
s 307
f 1427//1279 1428//1280 228//1281
f 228//1281 1428//1280 478//1282
f 478//1282 1428//1280 479//1283
f 1428//1280 477//1284 479//1283
s 308
f 286//1285 919//1286 163//1287
f 163//1287 919//1286 886//1288
s 309
f 487//1289 288//1290 478//1291
f 478//1291 288//1290 228//1292
s 310
f 285//1293 231//1294 290//1295
f 290//1295 231//1294 225//1296
s 311
f 289//1297 743//1298 290//1299
f 290//1299 743//1298 244//1300
s 312
f 241//1301 193//1302 301//1303
f 301//1303 193//1302 304//1304
s 313
f 194//1305 299//1306 193//1307
f 193//1307 299//1306 304//1308
s 314
f 898//1309 934//1310 194//1311
f 194//1311 934//1310 299//1312
s 315
f 178//1313 921//1314 291//1315
f 291//1315 921//1314 883//1316
s 316
f 178//1317 291//1318 167//1319
f 167//1319 291//1318 292//1320
s 317
f 254//1321 167//1322 293//1323
f 293//1323 167//1322 292//1324
s 318
f 898//1325 194//1326 925//1327
f 925//1327 194//1326 294//1328
s 319
f 194//1329 193//1330 294//1331
f 294//1331 193//1330 751//1332
s 320
f 241//1333 296//1334 193//1335
f 193//1335 296//1334 295//1336
s 321
f 254//1337 293//1338 241//1339
f 241//1339 293//1338 296//1340
s 322
f 298//1341 297//1342 929//1343
f 929//1343 297//1342 928//1344
s 323
f 303//1345 302//1346 298//1347
f 298//1347 302//1346 297//1348
s 324
f 935//1349 300//1350 934//1351
f 934//1351 300//1350 299//1352
s 325
f 301//1353 304//1354 300//1355
f 300//1355 304//1354 299//1356
s 326
f 928//1357 297//1358 935//1359
f 935//1359 297//1358 300//1360
s 327
f 302//1361 301//1362 297//1363
f 297//1363 301//1362 300//1364
s 328
f 254//1365 302//1366 167//1367
f 167//1367 302//1366 303//1368
s 329
f 337//1369 306//1370 338//1371
f 338//1371 306//1370 308//1372
s 330
f 338//1373 308//1374 339//1375
f 339//1375 308//1374 310//1376
s 331
f 339//1377 310//1378 340//1379
f 340//1379 310//1378 312//1380
s 332
f 340//1381 312//1382 341//1383
f 341//1383 312//1382 314//1384
s 333
f 341//1385 314//1386 342//1387
f 342//1387 314//1386 316//1388
s 334
f 342//1389 316//1390 343//1391
f 343//1391 316//1390 318//1392
s 335
f 343//1393 318//1394 344//1395
f 344//1395 318//1394 320//1396
s 336
f 344//1397 320//1398 345//1399
f 345//1399 320//1398 322//1400
s 337
f 345//1401 322//1402 346//1403
f 346//1403 322//1402 324//1404
s 338
f 346//1405 324//1406 347//1407
f 347//1407 324//1406 326//1408
s 339
f 347//1409 326//1410 348//1411
f 348//1411 326//1410 328//1412
s 340
f 348//1413 328//1414 349//1415
f 349//1415 328//1414 330//1416
s 341
f 349//1417 330//1418 350//1419
f 350//1419 330//1418 332//1420
s 342
f 350//1421 332//1422 351//1423
f 351//1423 332//1422 334//1424
s 343
f 308//1425 306//1426 310//1427
f 306//1426 336//1428 310//1427
f 336//1428 334//1429 310//1427
f 334//1429 332//1430 310//1427
f 332//1430 330//1431 310//1427
f 330//1431 328//1432 310//1427
f 328//1432 326//1433 310//1427
f 326//1433 324//1434 310//1427
f 324//1434 322//1435 310//1427
f 322//1435 320//1436 310//1427
f 320//1436 318//1437 310//1427
f 318//1437 316//1438 310//1427
f 316//1438 314//1439 310//1427
f 314//1439 312//1440 310//1427
s 344
f 351//1441 334//1442 352//1443
f 352//1443 334//1442 336//1444
s 345
f 352//1445 336//1446 337//1447
f 337//1447 336//1446 306//1448
s 346
f 323//1449 325//1450 362//1451
f 362//1451 325//1450 363//1452
s 347
f 307//1453 305//1454 338//1455
f 338//1455 305//1454 337//1456
s 348
f 309//1457 307//1458 339//1459
f 339//1459 307//1458 338//1460
s 349
f 311//1461 309//1462 340//1463
f 340//1463 309//1462 339//1464
s 350
f 313//1465 311//1466 341//1467
f 341//1467 311//1466 340//1468
s 351
f 315//1469 313//1470 342//1471
f 342//1471 313//1470 341//1472
s 352
f 317//1473 315//1474 343//1475
f 343//1475 315//1474 342//1476
s 353
f 319//1477 317//1478 344//1479
f 344//1479 317//1478 343//1480
s 354
f 321//1481 319//1482 345//1483
f 345//1483 319//1482 344//1484
s 355
f 323//1485 321//1486 346//1487
f 346//1487 321//1486 345//1488
s 356
f 325//1489 323//1490 347//1491
f 347//1491 323//1490 346//1492
s 357
f 327//1493 325//1494 348//1495
f 348//1495 325//1494 347//1496
s 358
f 329//1497 327//1498 349//1499
f 349//1499 327//1498 348//1500
s 359
f 331//1501 329//1502 350//1503
f 350//1503 329//1502 349//1504
s 360
f 333//1505 331//1506 351//1507
f 351//1507 331//1506 350//1508
s 361
f 335//1509 333//1510 352//1511
f 352//1511 333//1510 351//1512
s 362
f 305//1513 335//1514 337//1515
f 337//1515 335//1514 352//1516
s 363
f 353//1517 354//1518 368//1519
f 354//1518 355//1520 368//1519
f 355//1520 356//1521 368//1519
f 356//1521 357//1522 368//1519
f 357//1522 358//1523 368//1519
f 358//1523 359//1524 368//1519
f 359//1524 360//1525 368//1519
f 360//1525 361//1526 368//1519
f 361//1526 362//1527 368//1519
f 362//1527 363//1528 368//1519
f 363//1528 364//1529 368//1519
f 364//1529 365//1530 368//1519
f 365//1530 366//1531 368//1519
f 366//1531 367//1532 368//1519
s 364
f 309//1533 311//1534 355//1535
f 355//1535 311//1534 356//1536
s 365
f 325//1537 327//1538 363//1539
f 363//1539 327//1538 364//1540
s 366
f 311//1541 313//1542 356//1543
f 356//1543 313//1542 357//1544
s 367
f 327//1545 329//1546 364//1547
f 364//1547 329//1546 365//1548
s 368
f 313//1549 315//1550 357//1551
f 357//1551 315//1550 358//1552
s 369
f 329//1553 331//1554 365//1555
f 365//1555 331//1554 366//1556
s 370
f 315//1557 317//1558 358//1559
f 358//1559 317//1558 359//1560
s 371
f 331//1561 333//1562 366//1563
f 366//1563 333//1562 367//1564
s 372
f 317//1565 319//1566 359//1567
f 359//1567 319//1566 360//1568
s 373
f 333//1569 335//1570 367//1571
f 367//1571 335//1570 368//1572
s 374
f 319//1573 321//1574 360//1575
f 360//1575 321//1574 361//1576
s 375
f 305//1577 307//1578 353//1579
f 353//1579 307//1578 354//1580
s 376
f 335//1581 305//1582 368//1583
f 368//1583 305//1582 353//1584
s 377
f 321//1585 323//1586 361//1587
f 361//1587 323//1586 362//1588
s 378
f 307//1589 309//1590 354//1591
f 354//1591 309//1590 355//1592
s 379
f 369//1593 370//1594 371//1595
f 371//1595 370//1594 372//1596
s 380
f 376//1597 375//1598 380//1599
f 380//1599 375//1598 379//1600
s 381
f 375//1601 376//1602 373//1603
f 373//1603 376//1602 374//1604
s 382
f 373//1605 374//1606 369//1607
f 369//1607 374//1606 370//1608
s 383
f 371//1609 375//1610 369//1611
f 369//1611 375//1610 373//1612
s 384
f 394//1613 393//1614 382//1615
f 382//1615 393//1614 381//1616
s 385
f 380//1617 379//1618 1019//1619
f 1019//1619 379//1618 1018//1620
s 386
f 375//1621 371//1622 379//1623
f 379//1623 371//1622 378//1624
s 387
f 376//1625 380//1626 372//1627
f 372//1627 380//1626 377//1628
s 388
f 371//1629 372//1630 378//1631
f 378//1631 372//1630 377//1632
s 389
f 379//1633 378//1634 1018//1635
f 1018//1635 378//1634 1017//1636
s 390
f 377//1637 380//1638 1016//1639
f 1016//1639 380//1638 1019//1640
s 391
f 378//1641 377//1642 1017//1643
f 1017//1643 377//1642 1016//1644
s 392
f 382//1645 381//1646 386//1647
f 386//1647 381//1646 385//1648
s 393
f 393//1649 395//1650 381//1651
f 381//1651 395//1650 384//1652
s 394
f 394//1653 382//1654 396//1655
f 396//1655 382//1654 383//1656
s 395
f 395//1657 396//1658 384//1659
f 384//1659 396//1658 383//1660
s 396
f 387//1661 386//1662 388//1663
f 388//1663 386//1662 385//1664
s 397
f 381//1665 384//1666 385//1667
f 385//1667 384//1666 388//1668
s 398
f 386//1669 387//1670 391//1671
f 391//1671 387//1670 392//1672
s 399
f 384//1673 383//1674 388//1675
f 388//1675 383//1674 387//1676
s 400
f 389//1677 391//1678 1032//1679
f 1032//1679 391//1678 1034//1680
s 401
f 383//1681 382//1682 390//1683
f 390//1683 382//1682 389//1684
s 402
f 383//1685 390//1686 387//1687
f 387//1687 390//1686 392//1688
s 403
f 382//1689 386//1690 389//1691
f 389//1691 386//1690 391//1692
s 404
f 390//1693 389//1694 1033//1695
f 1033//1695 389//1694 1032//1696
s 405
f 392//1697 390//1698 1035//1699
f 1035//1699 390//1698 1033//1700
s 406
f 391//1701 392//1702 1034//1703
f 1034//1703 392//1702 1035//1704
s 407
f 374//1705 376//1706 395//1707
f 395//1707 376//1706 396//1708
s 408
f 376//1709 372//1710 396//1711
f 396//1711 372//1710 394//1712
s 409
f 374//1713 395//1714 370//1715
f 370//1715 395//1714 393//1716
s 410
f 372//1717 370//1718 394//1719
f 394//1719 370//1718 393//1720
s 411
f 417//1721 398//1722 418//1723
f 418//1723 398//1722 400//1724
s 412
f 404//1725 408//1726 400//1727
f 400//1727 408//1726 405//1728
s 413
f 404//1729 402//1730 419//1731
f 419//1731 402//1730 420//1732
s 414
f 420//1733 402//1734 417//1735
f 417//1735 402//1734 398//1736
s 415
f 399//1737 403//1738 397//1739
f 397//1739 403//1738 401//1740
s 416
f 404//1741 400//1742 402//1743
f 402//1743 400//1742 398//1744
s 417
f 407//1745 406//1746 411//1747
f 411//1747 406//1746 410//1748
s 418
f 400//1749 405//1750 418//1751
f 418//1751 405//1750 421//1752
s 419
f 419//1753 403//1754 422//1755
f 422//1755 403//1754 407//1756
s 420
f 403//1757 399//1758 407//1759
f 407//1759 399//1758 406//1760
s 421
f 412//1761 413//1762 409//1763
f 409//1763 413//1762 414//1764
s 422
f 408//1765 412//1766 405//1767
f 405//1767 412//1766 409//1768
s 423
f 405//1769 409//1770 421//1771
f 421//1771 409//1770 423//1772
s 424
f 422//1773 407//1774 424//1775
f 424//1775 407//1774 411//1776
s 425
f 409//1777 414//1778 423//1779
f 423//1779 414//1778 425//1780
s 426
f 424//1781 411//1782 426//1783
f 426//1783 411//1782 416//1784
s 427
f 411//1785 410//1786 416//1787
f 416//1787 410//1786 415//1788
s 428
f 414//1789 413//1790 1060//1791
f 1060//1791 413//1790 1063//1792
s 429
f 425//1793 414//1794 1074//1795
f 1074//1795 414//1794 1060//1796
s 430
f 426//1797 416//1798 1075//1799
f 1075//1799 416//1798 1062//1800
s 431
f 416//1801 415//1802 1062//1803
f 1062//1803 415//1802 1061//1804
s 432
f 413//1805 426//1806 1063//1807
f 1063//1807 426//1806 1075//1808
s 433
f 415//1809 425//1810 1061//1811
f 1061//1811 425//1810 1074//1812
s 434
f 412//1813 424//1814 413//1815
f 413//1815 424//1814 426//1816
s 435
f 410//1817 423//1818 415//1819
f 415//1819 423//1818 425//1820
s 436
f 408//1821 422//1822 412//1823
f 412//1823 422//1822 424//1824
s 437
f 406//1825 421//1826 410//1827
f 410//1827 421//1826 423//1828
s 438
f 419//1829 422//1830 404//1831
f 404//1831 422//1830 408//1832
s 439
f 399//1833 418//1834 406//1835
f 406//1835 418//1834 421//1836
s 440
f 420//1837 417//1838 401//1839
f 401//1839 417//1838 397//1840
s 441
f 403//1841 419//1842 401//1843
f 401//1843 419//1842 420//1844
s 442
f 417//1845 418//1846 397//1847
f 397//1847 418//1846 399//1848
s 443
f 451//1849 428//1850 452//1851
f 452//1851 428//1850 430//1852
s 444
f 453//1853 433//1854 456//1855
f 456//1855 433//1854 437//1856
s 445
f 453//1857 434//1858 459//1859
f 459//1859 434//1858 432//1860
s 446
f 454//1861 446//1862 451//1863
f 451//1863 446//1862 428//1864
s 447
f 429//1865 444//1866 427//1867
f 427//1867 444//1866 443//1868
s 448
f 445//1869 430//1870 446//1871
f 446//1871 430//1870 428//1872
s 449
f 456//1873 437//1874 460//1875
f 460//1875 437//1874 441//1876
s 450
f 444//1877 429//1878 447//1879
f 447//1879 429//1878 436//1880
s 451
f 430//1881 445//1882 435//1883
f 435//1883 445//1882 448//1884
s 452
f 452//1885 430//1886 455//1887
f 455//1887 430//1886 435//1888
s 453
f 457//1889 439//1890 458//1891
f 458//1891 439//1890 449//1892
s 454
f 447//1893 436//1894 450//1895
f 450//1895 436//1894 440//1896
s 455
f 435//1897 448//1898 439//1899
f 439//1899 448//1898 449//1900
s 456
f 435//1901 439//1902 455//1903
f 455//1903 439//1902 457//1904
s 457
f 433//1905 431//1906 444//1907
f 444//1907 431//1906 443//1908
s 458
f 434//1909 445//1910 432//1911
f 432//1911 445//1910 446//1912
s off
f 459//1913 432//1914 753//1915
s 459
f 437//1916 433//1917 447//1918
f 447//1918 433//1917 444//1919
s 460
f 438//1920 448//1921 434//1922
f 434//1922 448//1921 445//1923
s off
f 460//1924 441//1925 752//1926
s 461
f 437//1927 447//1928 441//1929
f 441//1929 447//1928 450//1930
s 462
f 438//1931 442//1932 448//1933
f 448//1933 442//1932 449//1934
s off
f 442//1935 460//1936 752//1937
s 463
f 753//1938 454//1939 431//1940
f 431//1940 454//1939 443//1941
s 464
f 436//1942 455//1943 440//1944
f 440//1944 455//1943 457//1945
s 465
f 440//1946 457//1947 450//1948
f 450//1948 457//1947 458//1949
s 466
f 429//1950 452//1951 436//1952
f 436//1952 452//1951 455//1953
s 467
f 456//1954 460//1955 438//1956
f 438//1956 460//1955 442//1957
s 468
f 443//1958 454//1959 427//1960
f 427//1960 454//1959 451//1961
s 469
f 453//1962 459//1963 433//1964
f 433//1964 459//1963 431//1965
s 470
f 453//1966 456//1967 434//1968
f 434//1968 456//1967 438//1969
s 471
f 451//1970 452//1971 427//1972
f 427//1972 452//1971 429//1973
s 472
f 729//1974 733//1975 469//1976
f 469//1976 733//1975 470//1977
s 473
f 733//1978 727//1979 470//1980
f 470//1980 727//1979 468//1981
s off
f 467//1982 465//1983 466//1984
s 474
f 466//1985 464//1986 467//1987
f 467//1987 464//1986 264//1988
s 475
f 469//1989 470//1990 461//1991
f 461//1991 470//1990 463//1992
s 476
f 470//1993 468//1994 463//1995
f 463//1995 468//1994 462//1996
s 477
f 275//1997 235//1998 468//1999
f 468//1999 235//1998 462//2000
s 478
f 472//2001 474//2002 473//2003
f 473//2003 474//2002 476//2004
s 479
f 473//2005 476//2006 471//2007
f 471//2007 476//2006 475//2008
s 480
f 478//2009 479//2010 487//2011
f 487//2011 479//2010 488//2012
s 481
f 479//2013 477//2014 488//2015
f 488//2015 477//2014 486//2016
s 482
f 484//2017 481//2018 485//2019
f 485//2019 481//2018 482//2020
s 483
f 485//2021 482//2022 483//2023
f 483//2023 482//2022 480//2024
s 484
f 474//2025 732//2026 476//2027
f 476//2027 732//2026 736//2028
s 485
f 476//2029 736//2030 475//2031
f 475//2031 736//2030 737//2032
s 486
f 739//2033 742//2034 471//2035
f 471//2035 742//2034 473//2036
s 487
f 473//2037 742//2038 472//2039
f 472//2039 742//2038 745//2040
s 488
f 163//2041 188//2042 472//2043
f 472//2043 188//2042 474//2044
s 489
f 496//2045 493//2046 497//2047
f 497//2047 493//2046 494//2048
s 490
f 497//2049 494//2050 495//2051
f 495//2051 494//2050 492//2052
s 491
f 489//2053 746//2054 491//2055
f 491//2055 746//2054 738//2056
s 492
f 491//2057 738//2058 490//2059
f 490//2059 738//2058 744//2060
s 493
f 284//2061 749//2062 495//2063
f 495//2063 749//2062 744//2064
s 494
f 506//2065 499//2066 507//2067
f 507//2067 499//2066 501//2068
s 495
f 501//2069 505//2070 1155//2071
f 1155//2071 505//2070 1158//2072
s 496
f 505//2073 503//2074 508//2075
f 508//2075 503//2074 509//2076
s 497
f 509//2077 503//2078 506//2079
f 506//2079 503//2078 499//2080
s 498
f 500//2081 504//2082 498//2083
f 498//2083 504//2082 502//2084
s 499
f 505//2085 501//2086 503//2087
f 503//2087 501//2086 499//2088
s 500
f 507//2089 501//2090 1163//2091
f 1163//2091 501//2090 1155//2092
s 501
f 504//2093 1157//2094 508//2095
f 508//2095 1157//2094 1164//2096
s 502
f 500//2097 1156//2098 504//2099
f 504//2099 1156//2098 1157//2100
s 503
f 505//2101 508//2102 1158//2103
f 1158//2103 508//2102 1164//2104
s 504
f 507//2105 1163//2106 500//2107
f 500//2107 1163//2106 1156//2108
s 505
f 509//2109 506//2110 502//2111
f 502//2111 506//2110 498//2112
s 506
f 504//2113 508//2114 502//2115
f 502//2115 508//2114 509//2116
s 507
f 506//2117 507//2118 498//2119
f 498//2119 507//2118 500//2120
s 508
f 513//2121 512//2122 521//2123
f 521//2123 512//2122 518//2124
s 509
f 512//2125 513//2126 516//2127
f 516//2127 513//2126 517//2128
s 510
f 516//2129 517//2130 514//2131
f 514//2131 517//2130 515//2132
s 511
f 514//2133 515//2134 510//2135
f 510//2135 515//2134 511//2136
s 512
f 516//2137 514//2138 512//2139
f 512//2139 514//2138 510//2140
s 513
f 517//2141 513//2142 515//2143
f 515//2143 513//2142 511//2144
s 514
f 520//2145 521//2146 524//2147
f 524//2147 521//2146 525//2148
s 515
f 510//2149 511//2150 519//2151
f 519//2151 511//2150 520//2152
s 516
f 511//2153 513//2154 520//2155
f 520//2155 513//2154 521//2156
s 517
f 512//2157 510//2158 518//2159
f 518//2159 510//2158 519//2160
s 518
f 523//2161 524//2162 522//2163
f 522//2163 524//2162 525//2164
s 519
f 519//2165 523//2166 518//2167
f 518//2167 523//2166 522//2168
s 520
f 521//2169 518//2170 525//2171
f 525//2171 518//2170 522//2172
s 521
f 519//2173 520//2174 523//2175
f 523//2175 520//2174 524//2176
s 522
f 558//2177 527//2178 559//2179
f 559//2179 527//2178 529//2180
s 523
f 559//2181 529//2182 560//2183
f 560//2183 529//2182 531//2184
s 524
f 560//2185 531//2186 561//2187
f 561//2187 531//2186 533//2188
s 525
f 561//2189 533//2190 562//2191
f 562//2191 533//2190 535//2192
s 526
f 562//2193 535//2194 563//2195
f 563//2195 535//2194 537//2196
s 527
f 563//2197 537//2198 564//2199
f 564//2199 537//2198 539//2200
s 528
f 564//2201 539//2202 565//2203
f 565//2203 539//2202 541//2204
s 529
f 565//2205 541//2206 566//2207
f 566//2207 541//2206 543//2208
s 530
f 566//2209 543//2210 567//2211
f 567//2211 543//2210 545//2212
s 531
f 567//2213 545//2214 568//2215
f 568//2215 545//2214 547//2216
s 532
f 568//2217 547//2218 569//2219
f 569//2219 547//2218 549//2220
s 533
f 569//2221 549//2222 570//2223
f 570//2223 549//2222 551//2224
s 534
f 570//2225 551//2226 571//2227
f 571//2227 551//2226 553//2228
s 535
f 571//2229 553//2230 572//2231
f 572//2231 553//2230 555//2232
s 536
f 529//2233 527//2234 531//2235
f 527//2234 557//2236 531//2235
f 557//2236 555//2237 531//2235
f 555//2237 553//2238 531//2235
f 553//2238 551//2239 531//2235
f 551//2239 549//2240 531//2235
f 549//2240 547//2241 531//2235
f 547//2241 545//2242 531//2235
f 545//2242 543//2243 531//2235
f 543//2243 541//2244 531//2235
f 541//2244 539//2245 531//2235
f 539//2245 537//2246 531//2235
f 537//2246 535//2247 531//2235
f 535//2247 533//2248 531//2235
s 537
f 572//2249 555//2250 573//2251
f 573//2251 555//2250 557//2252
s 538
f 573//2253 557//2254 558//2255
f 558//2255 557//2254 527//2256
s 539
f 546//2257 548//2258 600//2259
f 600//2259 548//2258 601//2260
s 540
f 575//2261 574//2262 559//2263
f 559//2263 574//2262 558//2264
s 541
f 576//2265 575//2266 560//2267
f 560//2267 575//2266 559//2268
s 542
f 577//2269 576//2270 561//2271
f 561//2271 576//2270 560//2272
s 543
f 578//2273 577//2274 562//2275
f 562//2275 577//2274 561//2276
s 544
f 579//2277 578//2278 563//2279
f 563//2279 578//2278 562//2280
s 545
f 580//2281 579//2282 564//2283
f 564//2283 579//2282 563//2284
s 546
f 581//2285 580//2286 565//2287
f 565//2287 580//2286 564//2288
s 547
f 582//2289 581//2290 566//2291
f 566//2291 581//2290 565//2292
s 548
f 583//2293 582//2294 567//2295
f 567//2295 582//2294 566//2296
s 549
f 584//2297 583//2298 568//2299
f 568//2299 583//2298 567//2300
s 550
f 585//2301 584//2302 569//2303
f 569//2303 584//2302 568//2304
s 551
f 586//2305 585//2306 570//2307
f 570//2307 585//2306 569//2308
s 552
f 587//2309 586//2310 571//2311
f 571//2311 586//2310 570//2312
s 553
f 588//2313 587//2314 572//2315
f 572//2315 587//2314 571//2316
s 554
f 589//2317 588//2318 573//2319
f 573//2319 588//2318 572//2320
s 555
f 574//2321 589//2322 558//2323
f 558//2323 589//2322 573//2324
s 556
f 528//2325 526//2326 575//2327
f 575//2327 526//2326 574//2328
s 557
f 530//2329 528//2330 576//2331
f 576//2331 528//2330 575//2332
s 558
f 532//2333 530//2334 577//2335
f 577//2335 530//2334 576//2336
s 559
f 534//2337 532//2338 578//2339
f 578//2339 532//2338 577//2340
s 560
f 536//2341 534//2342 579//2343
f 579//2343 534//2342 578//2344
s 561
f 538//2345 536//2346 580//2347
f 580//2347 536//2346 579//2348
s 562
f 540//2349 538//2350 581//2351
f 581//2351 538//2350 580//2352
s 563
f 542//2353 540//2354 582//2355
f 582//2355 540//2354 581//2356
s 564
f 544//2357 542//2358 583//2359
f 583//2359 542//2358 582//2360
s 565
f 546//2361 544//2362 584//2363
f 584//2363 544//2362 583//2364
s 566
f 548//2365 546//2366 585//2367
f 585//2367 546//2366 584//2368
s 567
f 550//2369 548//2370 586//2371
f 586//2371 548//2370 585//2372
s 568
f 552//2373 550//2374 587//2375
f 587//2375 550//2374 586//2376
s 569
f 554//2377 552//2378 588//2379
f 588//2379 552//2378 587//2380
s 570
f 556//2381 554//2382 589//2383
f 589//2383 554//2382 588//2384
s 571
f 526//2385 556//2386 574//2387
f 574//2387 556//2386 589//2388
s 572
f 590//2389 591//2390 605//2391
f 591//2390 592//2392 605//2391
f 592//2392 593//2393 605//2391
f 593//2393 594//2394 605//2391
f 594//2394 595//2395 605//2391
f 595//2395 596//2396 605//2391
f 596//2396 597//2397 605//2391
f 597//2397 598//2398 605//2391
f 598//2398 599//2399 605//2391
f 599//2399 600//2400 605//2391
f 600//2400 601//2401 605//2391
f 601//2401 602//2402 605//2391
f 602//2402 603//2403 605//2391
f 603//2403 604//2404 605//2391
s 573
f 532//2405 534//2406 593//2407
f 593//2407 534//2406 594//2408
s 574
f 548//2409 550//2410 601//2411
f 601//2411 550//2410 602//2412
s 575
f 534//2413 536//2414 594//2415
f 594//2415 536//2414 595//2416
s 576
f 550//2417 552//2418 602//2419
f 602//2419 552//2418 603//2420
s 577
f 536//2421 538//2422 595//2423
f 595//2423 538//2422 596//2424
s 578
f 552//2425 554//2426 603//2427
f 603//2427 554//2426 604//2428
s 579
f 538//2429 540//2430 596//2431
f 596//2431 540//2430 597//2432
s 580
f 554//2433 556//2434 604//2435
f 604//2435 556//2434 605//2436
s 581
f 540//2437 542//2438 597//2439
f 597//2439 542//2438 598//2440
s 582
f 526//2441 528//2442 590//2443
f 590//2443 528//2442 591//2444
s 583
f 556//2445 526//2446 605//2447
f 605//2447 526//2446 590//2448
s 584
f 542//2449 544//2450 598//2451
f 598//2451 544//2450 599//2452
s 585
f 528//2453 530//2454 591//2455
f 591//2455 530//2454 592//2456
s 586
f 544//2457 546//2458 599//2459
f 599//2459 546//2458 600//2460
s 587
f 530//2461 532//2462 592//2463
f 592//2463 532//2462 593//2464
s 588
f 638//2465 607//2466 639//2467
f 639//2467 607//2466 609//2468
s 589
f 639//2469 609//2470 640//2471
f 640//2471 609//2470 611//2472
s 590
f 640//2473 611//2474 641//2475
f 641//2475 611//2474 613//2476
s 591
f 641//2477 613//2478 642//2479
f 642//2479 613//2478 615//2480
s 592
f 642//2481 615//2482 643//2483
f 643//2483 615//2482 617//2484
s 593
f 643//2485 617//2486 644//2487
f 644//2487 617//2486 619//2488
s 594
f 644//2489 619//2490 645//2491
f 645//2491 619//2490 621//2492
s 595
f 645//2493 621//2494 646//2495
f 646//2495 621//2494 623//2496
s 596
f 646//2497 623//2498 647//2499
f 647//2499 623//2498 625//2500
s 597
f 647//2501 625//2502 648//2503
f 648//2503 625//2502 627//2504
s 598
f 648//2505 627//2506 649//2507
f 649//2507 627//2506 629//2508
s 599
f 649//2509 629//2510 650//2511
f 650//2511 629//2510 631//2512
s 600
f 650//2513 631//2514 651//2515
f 651//2515 631//2514 633//2516
s 601
f 651//2517 633//2518 652//2519
f 652//2519 633//2518 635//2520
s 602
f 609//2521 607//2522 611//2523
f 607//2522 637//2524 611//2523
f 637//2524 635//2525 611//2523
f 635//2525 633//2526 611//2523
f 633//2526 631//2527 611//2523
f 631//2527 629//2528 611//2523
f 629//2528 627//2529 611//2523
f 627//2529 625//2530 611//2523
f 625//2530 623//2531 611//2523
f 623//2531 621//2532 611//2523
f 621//2532 619//2533 611//2523
f 619//2533 617//2534 611//2523
f 617//2534 615//2535 611//2523
f 615//2535 613//2536 611//2523
s 603
f 652//2537 635//2538 653//2539
f 653//2539 635//2538 637//2540
s 604
f 653//2541 637//2542 638//2543
f 638//2543 637//2542 607//2544
s 605
f 626//2545 628//2546 680//2547
f 680//2547 628//2546 681//2548
s 606
f 655//2549 654//2550 639//2551
f 639//2551 654//2550 638//2552
s 607
f 656//2553 655//2554 640//2555
f 640//2555 655//2554 639//2556
s 608
f 657//2557 656//2558 641//2559
f 641//2559 656//2558 640//2560
s 609
f 658//2561 657//2562 642//2563
f 642//2563 657//2562 641//2564
s 610
f 659//2565 658//2566 643//2567
f 643//2567 658//2566 642//2568
s 611
f 660//2569 659//2570 644//2571
f 644//2571 659//2570 643//2572
s 612
f 661//2573 660//2574 645//2575
f 645//2575 660//2574 644//2576
s 613
f 662//2577 661//2578 646//2579
f 646//2579 661//2578 645//2580
s 614
f 663//2581 662//2582 647//2583
f 647//2583 662//2582 646//2584
s 615
f 664//2585 663//2586 648//2587
f 648//2587 663//2586 647//2588
s 616
f 665//2589 664//2590 649//2591
f 649//2591 664//2590 648//2592
s 617
f 666//2593 665//2594 650//2595
f 650//2595 665//2594 649//2596
s 618
f 667//2597 666//2598 651//2599
f 651//2599 666//2598 650//2600
s 619
f 668//2601 667//2602 652//2603
f 652//2603 667//2602 651//2604
s 620
f 669//2605 668//2606 653//2607
f 653//2607 668//2606 652//2608
s 621
f 654//2609 669//2610 638//2611
f 638//2611 669//2610 653//2612
s 622
f 608//2613 606//2614 655//2615
f 655//2615 606//2614 654//2616
s 623
f 610//2617 608//2618 656//2619
f 656//2619 608//2618 655//2620
s 624
f 612//2621 610//2622 657//2623
f 657//2623 610//2622 656//2624
s 625
f 614//2625 612//2626 658//2627
f 658//2627 612//2626 657//2628
s 626
f 616//2629 614//2630 659//2631
f 659//2631 614//2630 658//2632
s 627
f 618//2633 616//2634 660//2635
f 660//2635 616//2634 659//2636
s 628
f 620//2637 618//2638 661//2639
f 661//2639 618//2638 660//2640
s 629
f 622//2641 620//2642 662//2643
f 662//2643 620//2642 661//2644
s 630
f 624//2645 622//2646 663//2647
f 663//2647 622//2646 662//2648
s 631
f 626//2649 624//2650 664//2651
f 664//2651 624//2650 663//2652
s 632
f 628//2653 626//2654 665//2655
f 665//2655 626//2654 664//2656
s 633
f 630//2657 628//2658 666//2659
f 666//2659 628//2658 665//2660
s 634
f 632//2661 630//2662 667//2663
f 667//2663 630//2662 666//2664
s 635
f 634//2665 632//2666 668//2667
f 668//2667 632//2666 667//2668
s 636
f 636//2669 634//2670 669//2671
f 669//2671 634//2670 668//2672
s 637
f 606//2673 636//2674 654//2675
f 654//2675 636//2674 669//2676
s 638
f 670//2677 671//2678 685//2679
f 671//2678 672//2680 685//2679
f 672//2680 673//2681 685//2679
f 673//2681 674//2682 685//2679
f 674//2682 675//2683 685//2679
f 675//2683 676//2684 685//2679
f 676//2684 677//2685 685//2679
f 677//2685 678//2686 685//2679
f 678//2686 679//2687 685//2679
f 679//2687 680//2688 685//2679
f 680//2688 681//2689 685//2679
f 681//2689 682//2690 685//2679
f 682//2690 683//2691 685//2679
f 683//2691 684//2692 685//2679
s 639
f 612//2693 614//2694 673//2695
f 673//2695 614//2694 674//2696
s 640
f 628//2697 630//2698 681//2699
f 681//2699 630//2698 682//2700
s 641
f 614//2701 616//2702 674//2703
f 674//2703 616//2702 675//2704
s 642
f 630//2705 632//2706 682//2707
f 682//2707 632//2706 683//2708
s 643
f 616//2709 618//2710 675//2711
f 675//2711 618//2710 676//2712
s 644
f 632//2713 634//2714 683//2715
f 683//2715 634//2714 684//2716
s 645
f 618//2717 620//2718 676//2719
f 676//2719 620//2718 677//2720
s 646
f 634//2721 636//2722 684//2723
f 684//2723 636//2722 685//2724
s 647
f 620//2725 622//2726 677//2727
f 677//2727 622//2726 678//2728
s 648
f 606//2729 608//2730 670//2731
f 670//2731 608//2730 671//2732
s 649
f 636//2733 606//2734 685//2735
f 685//2735 606//2734 670//2736
s 650
f 622//2737 624//2738 678//2739
f 678//2739 624//2738 679//2740
s 651
f 608//2741 610//2742 671//2743
f 671//2743 610//2742 672//2744
s 652
f 624//2745 626//2746 679//2747
f 679//2747 626//2746 680//2748
s 653
f 610//2749 612//2750 672//2751
f 672//2751 612//2750 673//2752
s 654
f 687//2753 689//2754 698//2755
f 698//2755 689//2754 704//2756
s 655
f 704//2757 689//2758 712//2759
f 712//2759 689//2758 715//2760
s 656
f 707//2761 693//2762 701//2763
f 701//2763 693//2762 691//2764
s 657
f 716//2765 687//2766 719//2767
f 719//2767 687//2766 695//2768
s 658
f 705//2769 713//2770 686//2771
f 686//2771 713//2770 714//2772
s 659
f 715//2773 689//2774 716//2775
f 716//2775 689//2774 687//2776
s 660
f 719//2777 695//2778 717//2779
f 717//2779 695//2778 702//2780
s 661
f 691//2781 696//2782 701//2783
f 701//2783 696//2782 703//2784
s 662
f 686//2785 694//2786 698//2787
f 698//2787 694//2786 702//2788
s 663
f 686//2789 714//2790 694//2791
f 694//2791 714//2790 718//2792
s 664
f 687//2793 698//2794 695//2795
f 695//2795 698//2794 702//2796
s 665
f 690//2797 701//2798 697//2799
f 697//2799 701//2798 703//2800
s 666
f 718//2801 717//2802 694//2803
f 694//2803 717//2802 702//2804
s 667
f 707//2805 701//2806 706//2807
f 706//2807 701//2806 690//2808
s 668
f 692//2809 688//2810 710//2811
f 710//2811 688//2810 709//2812
s 669
f 686//2813 698//2814 705//2815
f 705//2815 698//2814 704//2816
s 670
f 688//2817 705//2818 699//2819
f 699//2819 705//2818 704//2820
s 671
f 688//2821 692//2822 705//2823
f 705//2823 692//2822 713//2824
s 672
f 692//2825 700//2826 713//2827
f 713//2827 700//2826 712//2828
s 673
f 700//2829 699//2830 712//2831
f 712//2831 699//2830 704//2832
s 674
f 708//2833 711//2834 709//2835
f 709//2835 711//2834 710//2836
s 675
f 699//2837 700//2838 708//2839
f 708//2839 700//2838 711//2840
s 676
f 700//2841 692//2842 711//2843
f 711//2843 692//2842 710//2844
s 677
f 699//2845 708//2846 688//2847
f 688//2847 708//2846 709//2848
s 678
f 707//2849 706//2850 712//2851
f 712//2851 706//2850 713//2852
s 679
f 690//2853 714//2854 706//2855
f 706//2855 714//2854 713//2856
s 680
f 691//2857 693//2858 716//2859
f 716//2859 693//2858 715//2860
s 681
f 703//2861 717//2862 697//2863
f 697//2863 717//2862 718//2864
s 682
f 691//2865 716//2866 696//2867
f 696//2867 716//2866 719//2868
s 683
f 690//2869 697//2870 714//2871
f 714//2871 697//2870 718//2872
s 684
f 707//2873 712//2874 693//2875
f 693//2875 712//2874 715//2876
s 685
f 703//2877 696//2878 717//2879
f 717//2879 696//2878 719//2880
s 686
f 1379//2881 913//2882 720//2883
f 720//2883 913//2882 722//2884
s 687
f 1380//2885 721//2886 914//2887
f 914//2887 721//2886 723//2888
s 688
f 720//2889 722//2890 721//2891
f 721//2891 722//2890 723//2892
s 689
f 725//2893 1382//2894 724//2895
f 724//2895 1382//2894 1381//2896
s 690
f 720//2897 721//2898 724//2899
f 724//2899 721//2898 725//2900
s 691
f 721//2901 1380//2902 725//2903
f 725//2903 1380//2902 1382//2904
s 692
f 1379//2905 720//2906 1381//2907
f 1381//2907 720//2906 724//2908
s 693
f 732//2909 484//2910 736//2911
f 736//2911 484//2910 485//2912
s 694
f 734//2913 278//2914 731//2915
f 731//2915 278//2914 280//2916
s 695
f 730//2917 247//2918 737//2919
f 737//2919 247//2918 475//2920
s 696
f 240//2921 243//2922 731//2923
f 731//2923 243//2922 253//2924
s 697
f 729//2925 464//2926 733//2927
f 733//2927 464//2926 466//2928
s 698
f 736//2929 485//2930 737//2931
f 737//2931 485//2930 483//2932
s 699
f 728//2933 735//2934 168//2935
f 168//2935 735//2934 249//2936
s 700
f 728//2937 726//2938 273//2939
f 273//2939 726//2938 276//2940
s 701
f 727//2941 735//2942 468//2943
f 468//2943 735//2942 275//2944
s 702
f 733//2945 466//2946 727//2947
f 727//2947 466//2946 465//2948
s 703
f 734//2949 164//2950 730//2951
f 730//2951 164//2950 247//2952
s 704
f 240//2953 726//2954 245//2955
f 245//2955 726//2954 251//2956
s 705
f 244//2957 743//2958 242//2959
f 242//2959 743//2958 252//2960
s 706
f 742//2961 739//2962 488//2963
f 488//2963 739//2962 487//2964
s 707
f 738//2965 497//2966 744//2967
f 744//2967 497//2966 495//2968
s 708
f 749//2969 747//2970 248//2971
f 747//2970 292//2972 248//2971
s 709
f 748//2973 741//2974 169//2975
f 169//2975 741//2974 246//2976
s 710
f 745//2977 742//2978 486//2979
f 486//2979 742//2978 488//2980
s 711
f 741//2981 739//2982 246//2983
f 246//2983 739//2982 471//2984
s 712
f 744//2985 749//2986 490//2987
f 490//2987 749//2986 248//2988
s 713
f 746//2989 496//2990 738//2991
f 738//2991 496//2990 497//2992
s 714
f 740//2993 285//2994 244//2995
f 244//2995 285//2994 290//2996
s 715
f 747//2997 283//2998 740//2999
f 740//2999 283//2998 285//3000
s 716
f 748//3001 743//3002 287//3003
f 287//3003 743//3002 289//3004
s 717
f 207//3005 206//3006 217//3007
f 239//3008 216//3009 206//3006
f 206//3006 216//3009 217//3007
s 718
f 751//3010 166//3011 294//3012
f 294//3012 166//3011 176//3013
s off
f 751//3014 193//3015 295//3016
s 719
f 752//3017 458//3018 442//3019
f 442//3019 458//3018 449//3020
s 720
f 752//3021 441//3022 458//3023
f 458//3023 441//3022 450//3024
s 721
f 753//3025 432//3026 454//3027
f 454//3027 432//3026 446//3028
s off
f 753//3029 431//3030 459//3031
s 722
f 880//3032 1400//3033 1136//3034
f 1136//3034 1400//3033 1398//3035
s 723
f 781//3036 805//3037 784//3038
f 784//3038 805//3037 804//3039
s 724
f 776//3040 891//3041 848//3042
f 848//3042 891//3041 912//3043
s 725
f 768//3044 772//3045 758//3046
f 758//3046 772//3045 765//3047
s 726
f 893//3048 769//3049 915//3050
f 915//3050 769//3049 851//3051
s 727
f 1133//3052 869//3053 1391//3054
f 869//3053 780//3055 1391//3054
f 780//3055 1123//3056 1391//3054
s 728
f 861//3057 1116//3058 841//3059
f 841//3059 1116//3058 1114//3060
s 729
f 885//3061 900//3062 772//3063
f 772//3063 900//3062 790//3064
s 730
f 836//3065 1399//3066 927//3067
f 927//3067 1399//3066 923//3068
s 731
f 808//3069 797//3070 854//3071
f 777//3072 855//3073 797//3070
f 797//3070 855//3073 854//3071
s 732
f 856//3074 1116//3075 862//3076
f 862//3076 1116//3075 861//3077
s 733
f 806//3078 807//3079 779//3080
f 779//3080 807//3079 791//3081
s 734
f 904//3082 796//3083 896//3084
f 896//3084 796//3083 779//3085
s 735
f 814//3086 798//3087 811//3088
f 811//3088 798//3087 764//3089
s 736
f 757//3090 802//3091 767//3092
f 767//3092 802//3091 801//3093
s 737
f 860//3094 858//3095 849//3096
f 849//3096 858//3095 787//3097
s 738
f 797//3098 905//3099 777//3100
f 777//3100 905//3099 892//3101
s 739
f 919//3102 909//3103 878//3104
f 878//3104 909//3103 1437//3105
s off
f 926//3106 1410//3107 758//3108
s 740
f 924//3109 925//3110 768//3111
f 768//3111 925//3110 890//3112
s 741
f 858//3113 855//3114 787//3115
f 787//3115 855//3114 777//3116
s 742
f 799//3117 815//3118 766//3119
f 766//3119 815//3118 810//3120
s 743
f 886//3121 755//3122 897//3123
f 897//3123 755//3122 780//3124
s 744
f 796//3125 809//3126 779//3127
f 779//3127 809//3126 806//3128
s 745
f 1124//3129 1120//3130 839//3131
f 839//3131 1120//3130 838//3132
s 746
f 847//3133 784//3134 831//3135
f 831//3135 784//3134 804//3136
s 747
f 803//3137 802//3138 763//3139
f 763//3139 802//3138 757//3140
s 748
f 772//3141 790//3142 765//3143
f 765//3143 790//3142 805//3144
s 749
f 779//3145 791//3146 896//3147
f 896//3147 791//3146 901//3148
s 750
f 916//3149 866//3150 911//3151
f 911//3151 866//3150 842//3152
s 751
f 899//3153 787//3154 892//3155
f 892//3155 787//3154 777//3156
s 752
f 772//3157 768//3158 885//3159
f 885//3159 768//3158 890//3160
s 753
f 1145//3161 874//3162 1405//3163
f 776//3164 1138//3165 874//3162
f 874//3162 1138//3165 1405//3163
s 754
f 754//3166 794//3167 762//3168
f 762//3168 794//3167 795//3169
s 755
f 1438//3170 874//3171 1142//3172
f 1142//3172 874//3171 1145//3173
s 756
f 884//3174 771//3175 914//3176
f 914//3176 771//3175 1378//3177
f 771//3175 850//3178 1378//3177
s 757
f 781//3179 782//3180 805//3181
f 805//3181 782//3180 765//3182
s 758
f 770//3183 931//3184 759//3185
f 759//3185 931//3184 938//3186
s 759
f 808//3187 854//3188 783//3189
f 783//3189 854//3188 857//3190
s 760
f 760//3191 853//3192 841//3193
f 841//3193 853//3192 861//3194
s 761
f 756//3195 761//3196 845//3197
f 845//3197 761//3196 844//3198
s 762
f 774//3199 793//3200 754//3201
f 754//3201 793//3200 794//3202
s 763
f 895//3203 906//3204 773//3205
f 773//3205 906//3204 800//3206
s 764
f 762//3207 807//3208 754//3209
f 754//3209 807//3208 805//3210
s 765
f 774//3211 790//3212 887//3213
f 887//3213 790//3212 900//3214
s 766
f 894//3215 901//3216 778//3217
f 778//3217 901//3216 791//3218
s 767
f 805//3219 790//3220 754//3221
f 754//3221 790//3220 774//3222
s 768
f 778//3223 791//3224 762//3225
f 762//3225 791//3224 807//3226
s 769
f 793//3227 903//3228 792//3229
f 792//3229 903//3228 902//3230
s 770
f 794//3231 793//3232 795//3233
f 795//3233 793//3232 792//3234
s 771
f 795//3235 792//3236 762//3237
f 762//3237 792//3236 778//3238
s 772
f 887//3239 903//3240 774//3241
f 774//3241 903//3240 793//3242
s 773
f 792//3243 902//3244 778//3245
f 778//3245 902//3244 894//3246
s 774
f 773//3247 796//3248 895//3249
f 895//3249 796//3248 904//3250
s 775
f 767//3251 797//3252 757//3253
f 757//3253 797//3252 808//3254
s 776
f 809//3255 796//3256 763//3257
f 763//3257 796//3256 773//3258
s 777
f 889//3259 905//3260 767//3261
f 767//3261 905//3260 797//3262
s 778
f 808//3263 809//3264 757//3265
f 757//3265 809//3264 763//3266
s 779
f 802//3267 803//3268 801//3269
f 801//3269 803//3268 800//3270
s 780
f 801//3271 800//3272 907//3273
f 907//3273 800//3272 906//3274
s 781
f 773//3275 800//3276 763//3277
f 763//3277 800//3276 803//3278
s 782
f 801//3279 907//3280 767//3281
f 767//3281 907//3280 889//3282
s 783
f 764//3283 804//3284 788//3285
f 788//3285 804//3284 805//3286
s 784
f 807//3287 806//3288 789//3289
f 789//3289 806//3288 766//3290
s 785
f 805//3291 807//3292 788//3293
f 788//3293 807//3292 789//3294
s 786
f 804//3295 764//3296 831//3297
f 831//3297 764//3296 798//3298
s 787
f 766//3299 806//3300 799//3301
f 799//3301 806//3300 809//3302
s 788
f 812//3303 813//3304 811//3305
f 811//3305 813//3304 810//3306
s 789
f 814//3307 811//3308 815//3309
f 815//3309 811//3308 810//3310
s 790
f 766//3311 810//3312 789//3313
f 789//3313 810//3312 813//3314
s 791
f 813//3315 812//3316 789//3317
f 789//3317 812//3316 788//3318
s 792
f 788//3319 812//3320 764//3321
f 764//3321 812//3320 811//3322
s 793
f 798//3323 814//3324 799//3325
f 799//3325 814//3324 815//3326
s 794
f 1433//3327 817//3328 1434//3329
f 1434//3329 817//3328 818//3330
s 795
f 1434//3331 818//3332 1435//3333
f 1435//3333 818//3332 819//3334
s 796
f 1435//3335 819//3336 1436//3337
f 1436//3337 819//3336 820//3338
s 797
f 1446//3339 1130//3340 1447//3341
f 828//3342 1447//3341 1129//3343
f 1129//3343 1447//3341 1131//3344
f 1130//3340 1131//3344 1447//3341
s 799
f 821//3345 1141//3346 876//3347
f 876//3347 1141//3346 1144//3348
s 800
f 1439//3349 821//3350 1440//3351
f 1440//3351 821//3350 822//3352
s 801
f 1440//3353 822//3354 1441//3355
f 1441//3355 822//3354 823//3356
s 802
f 1441//3357 823//3358 1433//3359
f 1433//3359 823//3358 817//3360
s 803
f 1442//3361 824//3362 1443//3363
f 1443//3363 824//3362 825//3364
s 804
f 1443//3365 825//3366 1444//3367
f 1444//3367 825//3366 826//3368
s 805
f 1444//3369 826//3370 1445//3371
f 1445//3371 826//3370 827//3372
s 806
f 1450//3373 1110//3374 866//3375
f 866//3375 1110//3374 1118//3376
s 807
f 828//3377 1129//3378 871//3379
f 871//3379 1129//3378 1132//3380
s 808
f 1447//3381 828//3382 1448//3383
f 1448//3383 828//3382 829//3384
s 809
f 1448//3385 829//3386 1449//3387
f 1449//3387 829//3386 830//3388
s 810
f 830//3389 824//3390 1449//3391
f 1449//3391 824//3390 1442//3392
s 811
f 1413//3393 908//3394 775//3395
f 775//3395 908//3394 1446//3396
s 812
f 875//3397 876//3398 1406//3399
f 1406//3399 876//3398 1408//3400
s 813
f 1135//3401 1404//3402 878//3403
f 878//3403 1404//3402 755//3404
f 1404//3402 1121//3405 755//3404
s 814
f 832//3406 835//3407 847//3408
f 847//3408 835//3407 784//3409
s 815
f 870//3410 871//3411 1393//3412
f 1393//3412 871//3411 1389//3413
s 816
f 918//3414 874//3415 910//3416
f 910//3416 874//3415 1438//3417
s 817
f 816//3418 1437//3419 1414//3420
f 1414//3420 1437//3419 909//3421
s 818
f 869//3422 917//3423 780//3424
f 780//3424 917//3423 897//3425
s 819
f 817//3426 882//3427 818//3428
f 818//3428 882//3427 881//3429
s 820
f 834//3430 781//3431 835//3432
f 835//3432 781//3431 784//3433
s 821
f 860//3434 849//3435 864//3436
f 864//3436 849//3435 850//3437
s 822
f 834//3438 836//3439 781//3440
f 781//3440 836//3439 782//3441
s 823
f 879//3442 1407//3443 880//3444
f 880//3444 1407//3443 1400//3445
s 824
f 1126//3446 1135//3447 1437//3448
f 1437//3448 1135//3447 878//3449
s 825
f 761//3450 756//3451 838//3452
f 838//3452 756//3451 839//3453
s 826
f 776//3454 848//3455 1138//3456
f 840//3457 1139//3458 848//3455
f 1139//3458 1140//3459 848//3455
f 1138//3456 848//3455 1140//3459
s 828
f 926//3460 782//3461 927//3462
f 927//3462 782//3461 836//3463
s 829
f 782//3464 926//3465 765//3466
f 765//3466 926//3465 758//3467
s 830
f 865//3468 1387//3469 867//3470
f 867//3470 1387//3469 1394//3471
s 831
f 843//3472 863//3473 760//3474
f 760//3474 863//3473 853//3475
s 832
f 769//3476 856//3477 851//3478
f 851//3478 856//3477 862//3479
s 833
f 827//3480 1111//3481 1445//3482
f 1445//3482 1111//3481 1450//3483
f 1111//3481 1112//3484 1450//3483
f 1112//3484 1110//3485 1450//3483
s 834
f 1118//3486 1388//3487 866//3488
f 866//3488 1388//3487 842//3489
f 1388//3487 1113//3490 842//3489
s 835
f 769//3491 893//3492 842//3493
f 842//3493 893//3492 911//3494
s 836
f 865//3495 826//3496 868//3497
f 868//3497 826//3496 825//3498
s 837
f 830//3499 829//3500 872//3501
f 872//3501 829//3500 870//3502
s 838
f 844//3503 834//3504 845//3505
f 845//3505 834//3504 835//3506
s 839
f 879//3507 819//3508 881//3509
f 881//3509 819//3508 818//3510
s 840
f 823//3511 822//3512 877//3513
f 877//3513 822//3512 875//3514
s 841
f 824//3515 873//3516 825//3517
f 825//3517 873//3516 868//3518
s 842
f 830//3519 872//3520 824//3521
f 824//3521 872//3520 873//3522
s 843
f 837//3523 832//3524 783//3525
f 783//3525 832//3524 847//3526
s 844
f 783//3527 847//3528 808//3529
f 808//3529 847//3528 831//3530
s 845
f 921//3531 929//3532 770//3533
f 770//3533 929//3532 931//3534
s 846
f 937//3535 936//3536 846//3537
f 846//3537 936//3536 833//3538
s 847
f 920//3539 922//3540 848//3541
f 848//3541 922//3540 840//3542
s 848
f 883//3543 920//3544 912//3545
f 912//3545 920//3544 848//3546
s 849
f 849//3547 787//3548 1377//3549
f 787//3548 899//3550 1377//3549
f 899//3550 913//3551 1377//3549
s 850
f 783//3552 857//3553 837//3554
f 837//3554 857//3553 859//3555
s 851
f 850//3556 849//3557 1378//3558
f 1378//3558 849//3557 1377//3559
s 852
f 837//3560 859//3561 843//3562
f 843//3562 859//3561 863//3563
s 853
f 771//3564 884//3565 851//3566
f 851//3566 884//3565 915//3567
s 854
f 771//3568 852//3569 850//3570
f 850//3570 852//3569 864//3571
s 855
f 862//3572 861//3573 852//3574
f 852//3574 861//3573 853//3575
s 856
f 857//3576 854//3577 858//3578
f 858//3578 854//3577 855//3579
s 857
f 859//3580 857//3581 860//3582
f 860//3582 857//3581 858//3583
s 858
f 863//3584 859//3585 864//3586
f 864//3586 859//3585 860//3587
s 859
f 852//3588 853//3589 864//3590
f 864//3590 853//3589 863//3591
s 860
f 852//3592 771//3593 862//3594
f 862//3594 771//3593 851//3595
s 861
f 760//3596 1387//3597 843//3598
f 843//3598 1387//3597 1385//3599
s 862
f 856//3600 769//3601 1113//3602
f 1113//3602 769//3601 842//3603
s 863
f 827//3604 826//3605 867//3606
f 867//3606 826//3605 865//3607
s 864
f 888//3608 1450//3609 916//3610
f 916//3610 1450//3609 866//3611
s 865
f 1114//3612 1386//3613 841//3614
f 841//3614 1386//3613 1394//3615
s 866
f 1390//3616 1393//3617 845//3618
f 845//3618 1393//3617 756//3619
s 867
f 869//3620 1133//3621 1446//3622
f 1446//3622 1133//3621 1130//3623
s 868
f 1446//3624 908//3625 869//3626
f 869//3626 908//3625 917//3627
s 869
f 829//3628 828//3629 870//3630
f 870//3630 828//3629 871//3631
s 870
f 871//3632 1132//3633 1389//3634
f 1389//3634 1132//3633 1396//3635
s 871
f 1399//3636 1406//3637 923//3638
f 923//3638 1406//3637 922//3639
s 872
f 1390//3640 832//3641 872//3642
f 872//3642 832//3641 873//3643
s 873
f 873//3644 832//3645 868//3646
f 868//3646 832//3645 1385//3647
s 874
f 891//3648 776//3649 918//3650
f 918//3650 776//3649 874//3651
s 875
f 822//3652 821//3653 875//3654
f 875//3654 821//3653 876//3655
s 876
f 1438//3656 1142//3657 1439//3658
f 821//3659 1439//3658 1141//3660
f 1141//3660 1439//3658 1143//3661
f 1142//3657 1143//3661 1439//3658
s 878
f 761//3662 1407//3663 844//3664
f 844//3664 1407//3663 1402//3665
s 879
f 819//3666 879//3667 820//3668
f 820//3668 879//3667 880//3669
s 880
f 1436//3670 820//3671 1437//3672
f 820//3671 1127//3673 1437//3672
f 1127//3673 1128//3674 1437//3672
f 1128//3674 1126//3675 1437//3672
s 881
f 886//3676 919//3677 755//3678
f 755//3678 919//3677 878//3679
s 882
f 820//3680 880//3681 1127//3682
f 1127//3682 880//3681 1136//3683
s 883
f 817//3684 823//3685 882//3686
f 882//3686 823//3685 877//3687
s 884
f 836//3688 1402//3689 882//3690
f 882//3690 1402//3689 881//3691
s 885
f 833//3692 936//3693 785//3694
f 785//3694 936//3693 939//3695
s 886
f 939//3696 932//3697 785//3698
f 785//3698 932//3697 786//3699
s 887
f 932//3700 934//3701 786//3702
f 786//3702 934//3701 898//3703
s 888
f 770//3704 920//3705 921//3706
f 921//3706 920//3705 883//3707
s 889
f 922//3708 920//3709 759//3710
f 759//3710 920//3709 770//3711
s 890
f 846//3712 923//3713 759//3714
f 759//3714 923//3713 922//3715
s 891
f 898//3716 925//3717 786//3718
f 786//3718 925//3717 924//3719
s 892
f 786//3720 924//3721 785//3722
f 785//3722 924//3721 1410//3723
s 893
f 926//3724 927//3725 785//3726
f 785//3726 927//3725 833//3727
s 894
f 927//3728 923//3729 833//3730
f 833//3730 923//3729 846//3731
s 895
f 931//3732 929//3733 930//3734
f 930//3734 929//3733 928//3735
s 896
f 938//3736 931//3737 937//3738
f 937//3738 931//3737 930//3739
s 897
f 935//3740 934//3741 933//3742
f 933//3742 934//3741 932//3743
s 898
f 932//3744 939//3745 933//3746
f 933//3746 939//3745 936//3747
s 899
f 928//3748 935//3749 930//3750
f 930//3750 935//3749 933//3751
s 900
f 933//3752 936//3753 930//3754
f 930//3754 936//3753 937//3755
s 901
f 938//3756 937//3757 759//3758
f 759//3758 937//3757 846//3759
s 902
f 972//3760 973//3761 941//3762
f 941//3762 973//3761 943//3763
s 903
f 973//3764 974//3765 943//3766
f 943//3766 974//3765 945//3767
s 904
f 974//3768 975//3769 945//3770
f 945//3770 975//3769 947//3771
s 905
f 975//3772 976//3773 947//3774
f 947//3774 976//3773 949//3775
s 906
f 976//3776 977//3777 949//3778
f 949//3778 977//3777 951//3779
s 907
f 977//3780 978//3781 951//3782
f 951//3782 978//3781 953//3783
s 908
f 978//3784 979//3785 953//3786
f 953//3786 979//3785 955//3787
s 909
f 979//3788 980//3789 955//3790
f 955//3790 980//3789 957//3791
s 910
f 980//3792 981//3793 957//3794
f 957//3794 981//3793 959//3795
s 911
f 981//3796 982//3797 959//3798
f 959//3798 982//3797 961//3799
s 912
f 982//3800 983//3801 961//3802
f 961//3802 983//3801 963//3803
s 913
f 983//3804 984//3805 963//3806
f 963//3806 984//3805 965//3807
s 914
f 984//3808 985//3809 965//3810
f 965//3810 985//3809 967//3811
s 915
f 985//3812 986//3813 967//3814
f 967//3814 986//3813 969//3815
s 916
f 943//3816 945//3817 941//3818
f 945//3817 947//3819 941//3818
f 947//3819 949//3820 941//3818
f 949//3820 951//3821 941//3818
f 951//3821 953//3822 941//3818
f 953//3822 955//3823 941//3818
f 955//3823 957//3824 941//3818
f 957//3824 959//3825 941//3818
f 959//3825 961//3826 941//3818
f 961//3826 963//3827 941//3818
f 963//3827 965//3828 941//3818
f 965//3828 967//3829 941//3818
f 967//3829 969//3830 941//3818
f 969//3830 971//3831 941//3818
s 917
f 986//3832 987//3833 969//3834
f 969//3834 987//3833 971//3835
s 918
f 987//3836 972//3837 971//3838
f 971//3838 972//3837 941//3839
s 919
f 958//3840 997//3841 960//3842
f 960//3842 997//3841 998//3843
s 920
f 942//3844 973//3845 940//3846
f 940//3846 973//3845 972//3847
s 921
f 944//3848 974//3849 942//3850
f 942//3850 974//3849 973//3851
s 922
f 946//3852 975//3853 944//3854
f 944//3854 975//3853 974//3855
s 923
f 948//3856 976//3857 946//3858
f 946//3858 976//3857 975//3859
s 924
f 950//3860 977//3861 948//3862
f 948//3862 977//3861 976//3863
s 925
f 952//3864 978//3865 950//3866
f 950//3866 978//3865 977//3867
s 926
f 954//3868 979//3869 952//3870
f 952//3870 979//3869 978//3871
s 927
f 956//3872 980//3873 954//3874
f 954//3874 980//3873 979//3875
s 928
f 958//3876 981//3877 956//3878
f 956//3878 981//3877 980//3879
s 929
f 960//3880 982//3881 958//3882
f 958//3882 982//3881 981//3883
s 930
f 962//3884 983//3885 960//3886
f 960//3886 983//3885 982//3887
s 931
f 964//3888 984//3889 962//3890
f 962//3890 984//3889 983//3891
s 932
f 966//3892 985//3893 964//3894
f 964//3894 985//3893 984//3895
s 933
f 968//3896 986//3897 966//3898
f 966//3898 986//3897 985//3899
s 934
f 970//3900 987//3901 968//3902
f 968//3902 987//3901 986//3903
s 935
f 940//3904 972//3905 970//3906
f 970//3906 972//3905 987//3907
s 936
f 988//3908 1003//3909 989//3910
f 1003//3909 1002//3911 989//3910
f 1002//3911 1001//3912 989//3910
f 1001//3912 1000//3913 989//3910
f 1000//3913 999//3914 989//3910
f 999//3914 998//3915 989//3910
f 998//3915 997//3916 989//3910
f 997//3916 996//3917 989//3910
f 996//3917 995//3918 989//3910
f 995//3918 994//3919 989//3910
f 994//3919 993//3920 989//3910
f 993//3920 992//3921 989//3910
f 992//3921 991//3922 989//3910
f 991//3922 990//3923 989//3910
s 937
f 944//3924 990//3925 946//3926
f 946//3926 990//3925 991//3927
s 938
f 960//3928 998//3929 962//3930
f 962//3930 998//3929 999//3931
s 939
f 946//3932 991//3933 948//3934
f 948//3934 991//3933 992//3935
s 940
f 962//3936 999//3937 964//3938
f 964//3938 999//3937 1000//3939
s 941
f 948//3940 992//3941 950//3942
f 950//3942 992//3941 993//3943
s 942
f 964//3944 1000//3945 966//3946
f 966//3946 1000//3945 1001//3947
s 943
f 950//3948 993//3949 952//3950
f 952//3950 993//3949 994//3951
s 944
f 966//3952 1001//3953 968//3954
f 968//3954 1001//3953 1002//3955
s 945
f 952//3956 994//3957 954//3958
f 954//3958 994//3957 995//3959
s 946
f 968//3960 1002//3961 970//3962
f 970//3962 1002//3961 1003//3963
s 947
f 954//3964 995//3965 956//3966
f 956//3966 995//3965 996//3967
s 948
f 940//3968 988//3969 942//3970
f 942//3970 988//3969 989//3971
s 949
f 970//3972 1003//3973 940//3974
f 940//3974 1003//3973 988//3975
s 950
f 956//3976 996//3977 958//3978
f 958//3978 996//3977 997//3979
s 951
f 942//3980 989//3981 944//3982
f 944//3982 989//3981 990//3983
s 952
f 1004//3984 1006//3985 1005//3986
f 1005//3986 1006//3985 1007//3987
s 953
f 1011//3988 1015//3989 1010//3990
f 1010//3990 1015//3989 1014//3991
s 954
f 1010//3992 1008//3993 1011//3994
f 1011//3994 1008//3993 1009//3995
s 955
f 1008//3996 1004//3997 1009//3998
f 1009//3998 1004//3997 1005//3999
s 956
f 1006//4000 1004//4001 1010//4002
f 1010//4002 1004//4001 1008//4003
s 957
f 1037//4004 1021//4005 1036//4006
f 1036//4006 1021//4005 1020//4007
s 958
f 1015//4008 1019//4009 1014//4010
f 1014//4010 1019//4009 1018//4011
s 959
f 1010//4012 1014//4013 1006//4014
f 1006//4014 1014//4013 1013//4015
s 960
f 1012//4016 1015//4017 1007//4018
f 1007//4018 1015//4017 1011//4019
s 961
f 1006//4020 1013//4021 1007//4022
f 1007//4022 1013//4021 1012//4023
s 962
f 1017//4024 1018//4025 1016//4026
f 1016//4026 1018//4025 1019//4027
s 963
f 1014//4028 1018//4029 1013//4030
f 1013//4030 1018//4029 1017//4031
s 964
f 1012//4032 1016//4033 1015//4034
f 1015//4034 1016//4033 1019//4035
s 965
f 1013//4036 1017//4037 1012//4038
f 1012//4038 1017//4037 1016//4039
s 966
f 1021//4040 1025//4041 1020//4042
f 1020//4042 1025//4041 1024//4043
s 967
f 1036//4044 1020//4045 1038//4046
f 1038//4046 1020//4045 1023//4047
s 968
f 1022//4048 1021//4049 1039//4050
f 1039//4050 1021//4049 1037//4051
s 969
f 1038//4052 1023//4053 1039//4054
f 1039//4054 1023//4053 1022//4055
s 970
f 1026//4056 1027//4057 1025//4058
f 1025//4058 1027//4057 1024//4059
s 971
f 1020//4060 1024//4061 1023//4062
f 1023//4062 1024//4061 1027//4063
s 972
f 1025//4064 1030//4065 1026//4066
f 1026//4066 1030//4065 1031//4067
s 973
f 1023//4068 1027//4069 1022//4070
f 1022//4070 1027//4069 1026//4071
s 974
f 1028//4072 1032//4073 1030//4074
f 1030//4074 1032//4073 1034//4075
s 975
f 1022//4076 1029//4077 1021//4078
f 1021//4078 1029//4077 1028//4079
s 976
f 1031//4080 1029//4081 1026//4082
f 1026//4082 1029//4081 1022//4083
s 977
f 1021//4084 1028//4085 1025//4086
f 1025//4086 1028//4085 1030//4087
s 978
f 1033//4088 1035//4089 1032//4090
f 1032//4090 1035//4089 1034//4091
s 979
f 1029//4092 1033//4093 1028//4094
f 1028//4094 1033//4093 1032//4095
s 980
f 1031//4096 1035//4097 1029//4098
f 1029//4098 1035//4097 1033//4099
s 981
f 1030//4100 1034//4101 1031//4102
f 1031//4102 1034//4101 1035//4103
s 982
f 1009//4104 1038//4105 1011//4106
f 1011//4106 1038//4105 1039//4107
s 983
f 1011//4108 1039//4109 1007//4110
f 1007//4110 1039//4109 1037//4111
s 984
f 1036//4112 1038//4113 1005//4114
f 1005//4114 1038//4113 1009//4115
s 985
f 1007//4116 1037//4117 1005//4118
f 1005//4118 1037//4117 1036//4119
s 986
f 1064//4120 1065//4121 1041//4122
f 1041//4122 1065//4121 1043//4123
s 987
f 1048//4124 1051//4125 1043//4126
f 1043//4126 1051//4125 1047//4127
s 988
f 1067//4128 1045//4129 1066//4130
f 1066//4130 1045//4129 1047//4131
s 989
f 1067//4132 1064//4133 1045//4134
f 1045//4134 1064//4133 1041//4135
s 990
f 1042//4136 1040//4137 1046//4138
f 1046//4138 1040//4137 1044//4139
s 991
f 1047//4140 1045//4141 1043//4142
f 1043//4142 1045//4141 1041//4143
s 992
f 1050//4144 1054//4145 1049//4146
f 1049//4146 1054//4145 1053//4147
s 993
f 1068//4148 1048//4149 1065//4150
f 1065//4150 1048//4149 1043//4151
s 994
f 1066//4152 1069//4153 1046//4154
f 1046//4154 1069//4153 1050//4155
s 995
f 1046//4156 1050//4157 1042//4158
f 1042//4158 1050//4157 1049//4159
s 996
f 1057//4160 1056//4161 1052//4162
f 1052//4162 1056//4161 1055//4163
s 997
f 1052//4164 1055//4165 1048//4166
f 1048//4166 1055//4165 1051//4167
s 998
f 1070//4168 1052//4169 1068//4170
f 1068//4170 1052//4169 1048//4171
s 999
f 1069//4172 1071//4173 1050//4174
f 1050//4174 1071//4173 1054//4175
s 1000
f 1072//4176 1057//4177 1070//4178
f 1070//4178 1057//4177 1052//4179
s 1001
f 1071//4180 1073//4181 1054//4182
f 1054//4182 1073//4181 1059//4183
s 1002
f 1054//4184 1059//4185 1053//4186
f 1053//4186 1059//4185 1058//4187
s 1003
f 1057//4188 1060//4189 1056//4190
f 1056//4190 1060//4189 1063//4191
s 1004
f 1074//4192 1075//4193 1060//4194
f 1060//4194 1075//4193 1063//4195
s 1005
f 1072//4196 1074//4197 1057//4198
f 1057//4198 1074//4197 1060//4199
s 1006
f 1073//4200 1075//4201 1059//4202
f 1059//4202 1075//4201 1062//4203
s 1007
f 1059//4204 1062//4205 1058//4206
f 1058//4206 1062//4205 1061//4207
s 1008
f 1056//4208 1063//4209 1073//4210
f 1073//4210 1063//4209 1075//4211
s 1009
f 1058//4212 1061//4213 1072//4214
f 1072//4214 1061//4213 1074//4215
s 1010
f 1062//4216 1075//4217 1061//4218
f 1061//4218 1075//4217 1074//4219
s 1011
f 1055//4220 1056//4221 1071//4222
f 1071//4222 1056//4221 1073//4223
s 1012
f 1053//4224 1058//4225 1070//4226
f 1070//4226 1058//4225 1072//4227
s 1013
f 1051//4228 1055//4229 1069//4230
f 1069//4230 1055//4229 1071//4231
s 1014
f 1049//4232 1053//4233 1068//4234
f 1068//4234 1053//4233 1070//4235
s 1015
f 1051//4236 1069//4237 1047//4238
f 1047//4238 1069//4237 1066//4239
s 1016
f 1042//4240 1049//4241 1065//4242
f 1065//4242 1049//4241 1068//4243
s 1017
f 1040//4244 1064//4245 1044//4246
f 1044//4246 1064//4245 1067//4247
s 1018
f 1046//4248 1044//4249 1066//4250
f 1066//4250 1044//4249 1067//4251
s 1019
f 1042//4252 1065//4253 1040//4254
f 1040//4254 1065//4253 1064//4255
s 1020
f 1100//4256 1101//4257 1077//4258
f 1077//4258 1101//4257 1079//4259
s 1021
f 1102//4260 1105//4261 1082//4262
f 1082//4262 1105//4261 1086//4263
s 1022
f 1102//4264 1108//4265 1083//4266
f 1083//4266 1108//4265 1081//4267
s 1023
f 1103//4268 1100//4269 1095//4270
f 1095//4270 1100//4269 1077//4271
s 1024
f 1078//4272 1076//4273 1093//4274
f 1093//4274 1076//4273 1092//4275
s 1025
f 1094//4276 1095//4277 1079//4278
f 1079//4278 1095//4277 1077//4279
s 1026
f 1105//4280 1109//4281 1086//4282
f 1086//4282 1109//4281 1090//4283
s 1027
f 1093//4284 1096//4285 1078//4286
f 1078//4286 1096//4285 1085//4287
s 1028
f 1079//4288 1084//4289 1094//4290
f 1094//4290 1084//4289 1097//4291
s 1029
f 1101//4292 1104//4293 1079//4294
f 1079//4294 1104//4293 1084//4295
s 1030
f 1106//4296 1107//4297 1088//4298
f 1088//4298 1107//4297 1098//4299
s 1031
f 1096//4300 1099//4301 1085//4302
f 1085//4302 1099//4301 1089//4303
s 1032
f 1084//4304 1088//4305 1097//4306
f 1097//4306 1088//4305 1098//4307
s 1033
f 1106//4308 1088//4309 1104//4310
f 1104//4310 1088//4309 1084//4311
s 1034
f 1082//4312 1093//4313 1080//4314
f 1080//4314 1093//4313 1092//4315
s 1035
f 1095//4316 1094//4317 1081//4318
f 1081//4318 1094//4317 1083//4319
s off
f 1108//4320 1412//4321 1081//4322
s 1036
f 1086//4323 1096//4324 1082//4325
f 1082//4325 1096//4324 1093//4326
s 1037
f 1094//4327 1097//4328 1083//4329
f 1083//4329 1097//4328 1087//4330
s off
f 1109//4331 1411//4332 1090//4333
s 1038
f 1099//4334 1096//4335 1090//4336
f 1090//4336 1096//4335 1086//4337
s 1039
f 1087//4338 1097//4339 1091//4340
f 1091//4340 1097//4339 1098//4341
s off
f 1091//4342 1411//4343 1109//4344
s 1040
f 1092//4345 1103//4346 1080//4347
f 1080//4347 1103//4346 1412//4348
s 1041
f 1085//4349 1089//4350 1104//4351
f 1104//4351 1089//4350 1106//4352
s 1042
f 1089//4353 1099//4354 1106//4355
f 1106//4355 1099//4354 1107//4356
s 1043
f 1078//4357 1085//4358 1101//4359
f 1101//4359 1085//4358 1104//4360
s 1044
f 1091//4361 1109//4362 1087//4363
f 1087//4363 1109//4362 1105//4364
s 1045
f 1092//4365 1076//4366 1103//4367
f 1103//4367 1076//4366 1100//4368
s 1046
f 1080//4369 1108//4370 1082//4371
f 1082//4371 1108//4370 1102//4372
s 1047
f 1087//4373 1105//4374 1083//4375
f 1083//4375 1105//4374 1102//4376
s 1048
f 1078//4377 1101//4378 1076//4379
f 1076//4379 1101//4378 1100//4380
s 1049
f 1119//4381 1392//4382 1118//4383
f 1118//4383 1392//4382 1388//4384
s 1050
f 1117//4385 1386//4386 1119//4387
f 1119//4387 1386//4386 1392//4388
s off
f 1116//4389 1115//4390 1114//4391
s 1051
f 856//4392 1113//4393 1116//4394
f 1116//4394 1113//4393 1115//4395
s 1052
f 1112//4396 1119//4397 1110//4398
f 1110//4398 1119//4397 1118//4399
s 1053
f 1111//4400 1117//4401 1112//4402
f 1112//4402 1117//4401 1119//4403
s 1054
f 867//4404 1117//4405 827//4406
f 827//4406 1117//4405 1111//4407
s 1055
f 1121//4408 1122//4409 1123//4410
f 1123//4410 1122//4409 1125//4411
s 1056
f 1122//4412 1120//4413 1125//4414
f 1125//4414 1120//4413 1124//4415
s 1057
f 1137//4416 1128//4417 1136//4418
f 1136//4418 1128//4417 1127//4419
s 1058
f 1135//4420 1126//4421 1137//4422
f 1137//4422 1126//4421 1128//4423
s 1059
f 1133//4424 1134//4425 1130//4426
f 1130//4426 1134//4425 1131//4427
s 1060
f 1134//4428 1132//4429 1131//4430
f 1131//4430 1132//4429 1129//4431
s 1061
f 1123//4432 1125//4433 1391//4434
f 1391//4434 1125//4433 1395//4435
s 1062
f 1125//4436 1124//4437 1395//4438
f 1395//4438 1124//4437 1396//4439
s 1063
f 1122//4440 1401//4441 1120//4442
f 1120//4442 1401//4441 1398//4443
s 1064
f 1122//4444 1121//4445 1401//4446
f 1401//4446 1121//4445 1404//4447
s 1065
f 755//4448 1121//4449 780//4450
f 780//4450 1121//4449 1123//4451
s 1066
f 1145//4452 1146//4453 1142//4454
f 1142//4454 1146//4453 1143//4455
s 1067
f 1146//4456 1144//4457 1143//4458
f 1143//4458 1144//4457 1141//4459
s 1068
f 1138//4460 1140//4461 1405//4462
f 1405//4462 1140//4461 1397//4463
s 1069
f 1140//4464 1139//4465 1397//4466
f 1397//4466 1139//4465 1403//4467
s 1070
f 876//4468 1144//4469 1408//4470
f 1408//4470 1144//4469 1403//4471
s 1071
f 1159//4472 1160//4473 1148//4474
f 1148//4474 1160//4473 1150//4475
s 1072
f 1150//4476 1155//4477 1154//4478
f 1154//4478 1155//4477 1158//4479
s 1073
f 1162//4480 1152//4481 1161//4482
f 1161//4482 1152//4481 1154//4483
s 1074
f 1162//4484 1159//4485 1152//4486
f 1152//4486 1159//4485 1148//4487
s 1075
f 1149//4488 1147//4489 1153//4490
f 1153//4490 1147//4489 1151//4491
s 1076
f 1154//4492 1152//4493 1150//4494
f 1150//4494 1152//4493 1148//4495
s 1077
f 1164//4496 1158//4497 1163//4498
f 1163//4498 1158//4497 1155//4499
s 1078
f 1160//4500 1163//4501 1150//4502
f 1150//4502 1163//4501 1155//4503
s 1079
f 1164//4504 1157//4505 1161//4506
f 1161//4506 1157//4505 1153//4507
s 1080
f 1157//4508 1156//4509 1153//4510
f 1153//4510 1156//4509 1149//4511
s 1081
f 1154//4512 1158//4513 1161//4514
f 1161//4514 1158//4513 1164//4515
s 1082
f 1156//4516 1163//4517 1149//4518
f 1149//4518 1163//4517 1160//4519
s 1083
f 1156//4520 1157//4521 1163//4522
f 1163//4522 1157//4521 1164//4523
s 1084
f 1147//4524 1159//4525 1151//4526
f 1151//4526 1159//4525 1162//4527
s 1085
f 1153//4528 1151//4529 1161//4530
f 1161//4530 1151//4529 1162//4531
s 1086
f 1149//4532 1160//4533 1147//4534
f 1147//4534 1160//4533 1159//4535
s 1087
f 1168//4536 1176//4537 1167//4538
f 1167//4538 1176//4537 1173//4539
s 1088
f 1167//4540 1171//4541 1168//4542
f 1168//4542 1171//4541 1172//4543
s 1089
f 1171//4544 1169//4545 1172//4546
f 1172//4546 1169//4545 1170//4547
s 1090
f 1169//4548 1165//4549 1170//4550
f 1170//4550 1165//4549 1166//4551
s 1091
f 1165//4552 1169//4553 1167//4554
f 1167//4554 1169//4553 1171//4555
s 1092
f 1172//4556 1170//4557 1168//4558
f 1168//4558 1170//4557 1166//4559
s 1093
f 1175//4560 1179//4561 1176//4562
f 1176//4562 1179//4561 1180//4563
s 1094
f 1165//4564 1174//4565 1166//4566
f 1166//4566 1174//4565 1175//4567
s 1095
f 1166//4568 1175//4569 1168//4570
f 1168//4570 1175//4569 1176//4571
s 1096
f 1167//4572 1173//4573 1165//4574
f 1165//4574 1173//4573 1174//4575
s 1097
f 1178//4576 1177//4577 1179//4578
f 1179//4578 1177//4577 1180//4579
s 1098
f 1177//4580 1178//4581 1173//4582
f 1173//4582 1178//4581 1174//4583
s 1099
f 1176//4584 1180//4585 1173//4586
f 1173//4586 1180//4585 1177//4587
s 1100
f 1174//4588 1178//4589 1175//4590
f 1175//4590 1178//4589 1179//4591
s 1101
f 1213//4592 1214//4593 1182//4594
f 1182//4594 1214//4593 1184//4595
s 1102
f 1214//4596 1215//4597 1184//4598
f 1184//4598 1215//4597 1186//4599
s 1103
f 1215//4600 1216//4601 1186//4602
f 1186//4602 1216//4601 1188//4603
s 1104
f 1216//4604 1217//4605 1188//4606
f 1188//4606 1217//4605 1190//4607
s 1105
f 1217//4608 1218//4609 1190//4610
f 1190//4610 1218//4609 1192//4611
s 1106
f 1218//4612 1219//4613 1192//4614
f 1192//4614 1219//4613 1194//4615
s 1107
f 1219//4616 1220//4617 1194//4618
f 1194//4618 1220//4617 1196//4619
s 1108
f 1220//4620 1221//4621 1196//4622
f 1196//4622 1221//4621 1198//4623
s 1109
f 1221//4624 1222//4625 1198//4626
f 1198//4626 1222//4625 1200//4627
s 1110
f 1222//4628 1223//4629 1200//4630
f 1200//4630 1223//4629 1202//4631
s 1111
f 1223//4632 1224//4633 1202//4634
f 1202//4634 1224//4633 1204//4635
s 1112
f 1224//4636 1225//4637 1204//4638
f 1204//4638 1225//4637 1206//4639
s 1113
f 1225//4640 1226//4641 1206//4642
f 1206//4642 1226//4641 1208//4643
s 1114
f 1226//4644 1227//4645 1208//4646
f 1208//4646 1227//4645 1210//4647
s 1115
f 1184//4648 1186//4649 1182//4650
f 1186//4649 1188//4651 1182//4650
f 1188//4651 1190//4652 1182//4650
f 1190//4652 1192//4653 1182//4650
f 1192//4653 1194//4654 1182//4650
f 1194//4654 1196//4655 1182//4650
f 1196//4655 1198//4656 1182//4650
f 1198//4656 1200//4657 1182//4650
f 1200//4657 1202//4658 1182//4650
f 1202//4658 1204//4659 1182//4650
f 1204//4659 1206//4660 1182//4650
f 1206//4660 1208//4661 1182//4650
f 1208//4661 1210//4662 1182//4650
f 1210//4662 1212//4663 1182//4650
s 1116
f 1227//4664 1228//4665 1210//4666
f 1210//4666 1228//4665 1212//4667
s 1117
f 1228//4668 1213//4669 1212//4670
f 1212//4670 1213//4669 1182//4671
s 1118
f 1201//4672 1255//4673 1203//4674
f 1203//4674 1255//4673 1256//4675
s 1119
f 1230//4676 1214//4677 1229//4678
f 1229//4678 1214//4677 1213//4679
s 1120
f 1231//4680 1215//4681 1230//4682
f 1230//4682 1215//4681 1214//4683
s 1121
f 1232//4684 1216//4685 1231//4686
f 1231//4686 1216//4685 1215//4687
s 1122
f 1233//4688 1217//4689 1232//4690
f 1232//4690 1217//4689 1216//4691
s 1123
f 1234//4692 1218//4693 1233//4694
f 1233//4694 1218//4693 1217//4695
s 1124
f 1235//4696 1219//4697 1234//4698
f 1234//4698 1219//4697 1218//4699
s 1125
f 1236//4700 1220//4701 1235//4702
f 1235//4702 1220//4701 1219//4703
s 1126
f 1237//4704 1221//4705 1236//4706
f 1236//4706 1221//4705 1220//4707
s 1127
f 1238//4708 1222//4709 1237//4710
f 1237//4710 1222//4709 1221//4711
s 1128
f 1239//4712 1223//4713 1238//4714
f 1238//4714 1223//4713 1222//4715
s 1129
f 1240//4716 1224//4717 1239//4718
f 1239//4718 1224//4717 1223//4719
s 1130
f 1241//4720 1225//4721 1240//4722
f 1240//4722 1225//4721 1224//4723
s 1131
f 1242//4724 1226//4725 1241//4726
f 1241//4726 1226//4725 1225//4727
s 1132
f 1243//4728 1227//4729 1242//4730
f 1242//4730 1227//4729 1226//4731
s 1133
f 1244//4732 1228//4733 1243//4734
f 1243//4734 1228//4733 1227//4735
s 1134
f 1229//4736 1213//4737 1244//4738
f 1244//4738 1213//4737 1228//4739
s 1135
f 1183//4740 1230//4741 1181//4742
f 1181//4742 1230//4741 1229//4743
s 1136
f 1185//4744 1231//4745 1183//4746
f 1183//4746 1231//4745 1230//4747
s 1137
f 1187//4748 1232//4749 1185//4750
f 1185//4750 1232//4749 1231//4751
s 1138
f 1189//4752 1233//4753 1187//4754
f 1187//4754 1233//4753 1232//4755
s 1139
f 1191//4756 1234//4757 1189//4758
f 1189//4758 1234//4757 1233//4759
s 1140
f 1193//4760 1235//4761 1191//4762
f 1191//4762 1235//4761 1234//4763
s 1141
f 1195//4764 1236//4765 1193//4766
f 1193//4766 1236//4765 1235//4767
s 1142
f 1197//4768 1237//4769 1195//4770
f 1195//4770 1237//4769 1236//4771
s 1143
f 1199//4772 1238//4773 1197//4774
f 1197//4774 1238//4773 1237//4775
s 1144
f 1201//4776 1239//4777 1199//4778
f 1199//4778 1239//4777 1238//4779
s 1145
f 1203//4780 1240//4781 1201//4782
f 1201//4782 1240//4781 1239//4783
s 1146
f 1205//4784 1241//4785 1203//4786
f 1203//4786 1241//4785 1240//4787
s 1147
f 1207//4788 1242//4789 1205//4790
f 1205//4790 1242//4789 1241//4791
s 1148
f 1209//4792 1243//4793 1207//4794
f 1207//4794 1243//4793 1242//4795
s 1149
f 1211//4796 1244//4797 1209//4798
f 1209//4798 1244//4797 1243//4799
s 1150
f 1181//4800 1229//4801 1211//4802
f 1211//4802 1229//4801 1244//4803
s 1151
f 1245//4804 1260//4805 1246//4806
f 1260//4805 1259//4807 1246//4806
f 1259//4807 1258//4808 1246//4806
f 1258//4808 1257//4809 1246//4806
f 1257//4809 1256//4810 1246//4806
f 1256//4810 1255//4811 1246//4806
f 1255//4811 1254//4812 1246//4806
f 1254//4812 1253//4813 1246//4806
f 1253//4813 1252//4814 1246//4806
f 1252//4814 1251//4815 1246//4806
f 1251//4815 1250//4816 1246//4806
f 1250//4816 1249//4817 1246//4806
f 1249//4817 1248//4818 1246//4806
f 1248//4818 1247//4819 1246//4806
s 1152
f 1187//4820 1248//4821 1189//4822
f 1189//4822 1248//4821 1249//4823
s 1153
f 1203//4824 1256//4825 1205//4826
f 1205//4826 1256//4825 1257//4827
s 1154
f 1189//4828 1249//4829 1191//4830
f 1191//4830 1249//4829 1250//4831
s 1155
f 1205//4832 1257//4833 1207//4834
f 1207//4834 1257//4833 1258//4835
s 1156
f 1191//4836 1250//4837 1193//4838
f 1193//4838 1250//4837 1251//4839
s 1157
f 1207//4840 1258//4841 1209//4842
f 1209//4842 1258//4841 1259//4843
s 1158
f 1193//4844 1251//4845 1195//4846
f 1195//4846 1251//4845 1252//4847
s 1159
f 1209//4848 1259//4849 1211//4850
f 1211//4850 1259//4849 1260//4851
s 1160
f 1195//4852 1252//4853 1197//4854
f 1197//4854 1252//4853 1253//4855
s 1161
f 1181//4856 1245//4857 1183//4858
f 1183//4858 1245//4857 1246//4859
s 1162
f 1211//4860 1260//4861 1181//4862
f 1181//4862 1260//4861 1245//4863
s 1163
f 1197//4864 1253//4865 1199//4866
f 1199//4866 1253//4865 1254//4867
s 1164
f 1183//4868 1246//4869 1185//4870
f 1185//4870 1246//4869 1247//4871
s 1165
f 1199//4872 1254//4873 1201//4874
f 1201//4874 1254//4873 1255//4875
s 1166
f 1185//4876 1247//4877 1187//4878
f 1187//4878 1247//4877 1248//4879
s 1167
f 1293//4880 1294//4881 1262//4882
f 1262//4882 1294//4881 1264//4883
s 1168
f 1294//4884 1295//4885 1264//4886
f 1264//4886 1295//4885 1266//4887
s 1169
f 1295//4888 1296//4889 1266//4890
f 1266//4890 1296//4889 1268//4891
s 1170
f 1296//4892 1297//4893 1268//4894
f 1268//4894 1297//4893 1270//4895
s 1171
f 1297//4896 1298//4897 1270//4898
f 1270//4898 1298//4897 1272//4899
s 1172
f 1298//4900 1299//4901 1272//4902
f 1272//4902 1299//4901 1274//4903
s 1173
f 1299//4904 1300//4905 1274//4906
f 1274//4906 1300//4905 1276//4907
s 1174
f 1300//4908 1301//4909 1276//4910
f 1276//4910 1301//4909 1278//4911
s 1175
f 1301//4912 1302//4913 1278//4914
f 1278//4914 1302//4913 1280//4915
s 1176
f 1302//4916 1303//4917 1280//4918
f 1280//4918 1303//4917 1282//4919
s 1177
f 1303//4920 1304//4921 1282//4922
f 1282//4922 1304//4921 1284//4923
s 1178
f 1304//4924 1305//4925 1284//4926
f 1284//4926 1305//4925 1286//4927
s 1179
f 1305//4928 1306//4929 1286//4930
f 1286//4930 1306//4929 1288//4931
s 1180
f 1306//4932 1307//4933 1288//4934
f 1288//4934 1307//4933 1290//4935
s 1181
f 1264//4936 1266//4937 1262//4938
f 1266//4937 1268//4939 1262//4938
f 1268//4939 1270//4940 1262//4938
f 1270//4940 1272//4941 1262//4938
f 1272//4941 1274//4942 1262//4938
f 1274//4942 1276//4943 1262//4938
f 1276//4943 1278//4944 1262//4938
f 1278//4944 1280//4945 1262//4938
f 1280//4945 1282//4946 1262//4938
f 1282//4946 1284//4947 1262//4938
f 1284//4947 1286//4948 1262//4938
f 1286//4948 1288//4949 1262//4938
f 1288//4949 1290//4950 1262//4938
f 1290//4950 1292//4951 1262//4938
s 1182
f 1307//4952 1308//4953 1290//4954
f 1290//4954 1308//4953 1292//4955
s 1183
f 1308//4956 1293//4957 1292//4958
f 1292//4958 1293//4957 1262//4959
s 1184
f 1281//4960 1335//4961 1283//4962
f 1283//4962 1335//4961 1336//4963
s 1185
f 1310//4964 1294//4965 1309//4966
f 1309//4966 1294//4965 1293//4967
s 1186
f 1311//4968 1295//4969 1310//4970
f 1310//4970 1295//4969 1294//4971
s 1187
f 1312//4972 1296//4973 1311//4974
f 1311//4974 1296//4973 1295//4975
s 1188
f 1313//4976 1297//4977 1312//4978
f 1312//4978 1297//4977 1296//4979
s 1189
f 1314//4980 1298//4981 1313//4982
f 1313//4982 1298//4981 1297//4983
s 1190
f 1315//4984 1299//4985 1314//4986
f 1314//4986 1299//4985 1298//4987
s 1191
f 1316//4988 1300//4989 1315//4990
f 1315//4990 1300//4989 1299//4991
s 1192
f 1317//4992 1301//4993 1316//4994
f 1316//4994 1301//4993 1300//4995
s 1193
f 1318//4996 1302//4997 1317//4998
f 1317//4998 1302//4997 1301//4999
s 1194
f 1319//5000 1303//5001 1318//5002
f 1318//5002 1303//5001 1302//5003
s 1195
f 1320//5004 1304//5005 1319//5006
f 1319//5006 1304//5005 1303//5007
s 1196
f 1321//5008 1305//5009 1320//5010
f 1320//5010 1305//5009 1304//5011
s 1197
f 1322//5012 1306//5013 1321//5014
f 1321//5014 1306//5013 1305//5015
s 1198
f 1323//5016 1307//5017 1322//5018
f 1322//5018 1307//5017 1306//5019
s 1199
f 1324//5020 1308//5021 1323//5022
f 1323//5022 1308//5021 1307//5023
s 1200
f 1309//5024 1293//5025 1324//5026
f 1324//5026 1293//5025 1308//5027
s 1201
f 1263//5028 1310//5029 1261//5030
f 1261//5030 1310//5029 1309//5031
s 1202
f 1265//5032 1311//5033 1263//5034
f 1263//5034 1311//5033 1310//5035
s 1203
f 1267//5036 1312//5037 1265//5038
f 1265//5038 1312//5037 1311//5039
s 1204
f 1269//5040 1313//5041 1267//5042
f 1267//5042 1313//5041 1312//5043
s 1205
f 1271//5044 1314//5045 1269//5046
f 1269//5046 1314//5045 1313//5047
s 1206
f 1273//5048 1315//5049 1271//5050
f 1271//5050 1315//5049 1314//5051
s 1207
f 1275//5052 1316//5053 1273//5054
f 1273//5054 1316//5053 1315//5055
s 1208
f 1277//5056 1317//5057 1275//5058
f 1275//5058 1317//5057 1316//5059
s 1209
f 1279//5060 1318//5061 1277//5062
f 1277//5062 1318//5061 1317//5063
s 1210
f 1281//5064 1319//5065 1279//5066
f 1279//5066 1319//5065 1318//5067
s 1211
f 1283//5068 1320//5069 1281//5070
f 1281//5070 1320//5069 1319//5071
s 1212
f 1285//5072 1321//5073 1283//5074
f 1283//5074 1321//5073 1320//5075
s 1213
f 1287//5076 1322//5077 1285//5078
f 1285//5078 1322//5077 1321//5079
s 1214
f 1289//5080 1323//5081 1287//5082
f 1287//5082 1323//5081 1322//5083
s 1215
f 1291//5084 1324//5085 1289//5086
f 1289//5086 1324//5085 1323//5087
s 1216
f 1261//5088 1309//5089 1291//5090
f 1291//5090 1309//5089 1324//5091
s 1217
f 1325//5092 1340//5093 1326//5094
f 1340//5093 1339//5095 1326//5094
f 1339//5095 1338//5096 1326//5094
f 1338//5096 1337//5097 1326//5094
f 1337//5097 1336//5098 1326//5094
f 1336//5098 1335//5099 1326//5094
f 1335//5099 1334//5100 1326//5094
f 1334//5100 1333//5101 1326//5094
f 1333//5101 1332//5102 1326//5094
f 1332//5102 1331//5103 1326//5094
f 1331//5103 1330//5104 1326//5094
f 1330//5104 1329//5105 1326//5094
f 1329//5105 1328//5106 1326//5094
f 1328//5106 1327//5107 1326//5094
s 1218
f 1267//5108 1328//5109 1269//5110
f 1269//5110 1328//5109 1329//5111
s 1219
f 1283//5112 1336//5113 1285//5114
f 1285//5114 1336//5113 1337//5115
s 1220
f 1269//5116 1329//5117 1271//5118
f 1271//5118 1329//5117 1330//5119
s 1221
f 1285//5120 1337//5121 1287//5122
f 1287//5122 1337//5121 1338//5123
s 1222
f 1271//5124 1330//5125 1273//5126
f 1273//5126 1330//5125 1331//5127
s 1223
f 1287//5128 1338//5129 1289//5130
f 1289//5130 1338//5129 1339//5131
s 1224
f 1273//5132 1331//5133 1275//5134
f 1275//5134 1331//5133 1332//5135
s 1225
f 1289//5136 1339//5137 1291//5138
f 1291//5138 1339//5137 1340//5139
s 1226
f 1275//5140 1332//5141 1277//5142
f 1277//5142 1332//5141 1333//5143
s 1227
f 1261//5144 1325//5145 1263//5146
f 1263//5146 1325//5145 1326//5147
s 1228
f 1291//5148 1340//5149 1261//5150
f 1261//5150 1340//5149 1325//5151
s 1229
f 1277//5152 1333//5153 1279//5154
f 1279//5154 1333//5153 1334//5155
s 1230
f 1263//5156 1326//5157 1265//5158
f 1265//5158 1326//5157 1327//5159
s 1231
f 1279//5160 1334//5161 1281//5162
f 1281//5162 1334//5161 1335//5163
s 1232
f 1265//5164 1327//5165 1267//5166
f 1267//5166 1327//5165 1328//5167
s 1233
f 1359//5168 1344//5169 1353//5170
f 1353//5170 1344//5169 1342//5171
s 1234
f 1359//5172 1367//5173 1344//5174
f 1344//5174 1367//5173 1370//5175
s 1235
f 1362//5176 1356//5177 1348//5178
f 1348//5178 1356//5177 1346//5179
s 1236
f 1371//5180 1374//5181 1342//5182
f 1342//5182 1374//5181 1350//5183
s 1237
f 1360//5184 1341//5185 1368//5186
f 1368//5186 1341//5185 1369//5187
s 1238
f 1370//5188 1371//5189 1344//5190
f 1344//5190 1371//5189 1342//5191
s 1239
f 1357//5192 1350//5193 1372//5194
f 1372//5194 1350//5193 1374//5195
s 1240
f 1358//5196 1351//5197 1356//5198
f 1356//5198 1351//5197 1346//5199
s 1241
f 1357//5200 1349//5201 1353//5202
f 1353//5202 1349//5201 1341//5203
s 1242
f 1341//5204 1349//5205 1369//5206
f 1369//5206 1349//5205 1373//5207
s 1243
f 1342//5208 1350//5209 1353//5210
f 1353//5210 1350//5209 1357//5211
s 1244
f 1345//5212 1352//5213 1356//5214
f 1356//5214 1352//5213 1358//5215
s 1245
f 1373//5216 1349//5217 1372//5218
f 1372//5218 1349//5217 1357//5219
s 1246
f 1345//5220 1356//5221 1361//5222
f 1361//5222 1356//5221 1362//5223
s 1247
f 1347//5224 1365//5225 1343//5226
f 1343//5226 1365//5225 1364//5227
s 1248
f 1341//5228 1360//5229 1353//5230
f 1353//5230 1360//5229 1359//5231
s 1249
f 1359//5232 1360//5233 1354//5234
f 1354//5234 1360//5233 1343//5235
s 1250
f 1343//5236 1360//5237 1347//5238
f 1347//5238 1360//5237 1368//5239
s 1251
f 1347//5240 1368//5241 1355//5242
f 1355//5242 1368//5241 1367//5243
s 1252
f 1355//5244 1367//5245 1354//5246
f 1354//5246 1367//5245 1359//5247
s 1253
f 1365//5248 1366//5249 1364//5250
f 1364//5250 1366//5249 1363//5251
s 1254
f 1354//5252 1363//5253 1355//5254
f 1355//5254 1363//5253 1366//5255
s 1255
f 1355//5256 1366//5257 1347//5258
f 1347//5258 1366//5257 1365//5259
s 1256
f 1364//5260 1363//5261 1343//5262
f 1343//5262 1363//5261 1354//5263
s 1257
f 1362//5264 1367//5265 1361//5266
f 1361//5266 1367//5265 1368//5267
s 1258
f 1368//5268 1369//5269 1361//5270
f 1361//5270 1369//5269 1345//5271
s 1259
f 1346//5272 1371//5273 1348//5274
f 1348//5274 1371//5273 1370//5275
s 1260
f 1373//5276 1372//5277 1352//5278
f 1352//5278 1372//5277 1358//5279
s 1261
f 1374//5280 1371//5281 1351//5282
f 1351//5282 1371//5281 1346//5283
s 1262
f 1345//5284 1369//5285 1352//5286
f 1352//5286 1369//5285 1373//5287
s 1263
f 1370//5288 1367//5289 1348//5290
f 1348//5290 1367//5289 1362//5291
s 1264
f 1358//5292 1372//5293 1351//5294
f 1351//5294 1372//5293 1374//5295
s 1265
f 1377//5296 913//5297 1375//5298
f 1375//5298 913//5297 1379//5299
s 1266
f 1380//5300 914//5301 1376//5302
f 1376//5302 914//5301 1378//5303
s 1267
f 1378//5304 1377//5305 1376//5306
f 1376//5306 1377//5305 1375//5307
s 1268
f 1381//5308 1382//5309 1383//5310
f 1383//5310 1382//5309 1384//5311
s 1269
f 1375//5312 1383//5313 1376//5314
f 1376//5314 1383//5313 1384//5315
s 1270
f 1376//5316 1384//5317 1380//5318
f 1380//5318 1384//5317 1382//5319
s 1271
f 1379//5320 1381//5321 1375//5322
f 1375//5322 1381//5321 1383//5323
s 1272
f 1134//5324 1133//5325 1395//5326
f 1395//5326 1133//5325 1391//5327
s 1273
f 872//5328 870//5329 1390//5330
f 1390//5330 870//5329 1393//5331
s 1274
f 1124//5332 839//5333 1396//5334
f 1396//5334 839//5333 1389//5335
s 1275
f 845//5336 835//5337 1390//5338
f 1390//5338 835//5337 832//5339
s 1276
f 1115//5340 1113//5341 1392//5342
f 1392//5342 1113//5341 1388//5343
s 1277
f 1132//5344 1134//5345 1396//5346
f 1396//5346 1134//5345 1395//5347
s 1278
f 1387//5348 760//5349 1394//5350
f 1394//5350 760//5349 841//5351
s 1279
f 1387//5352 865//5353 1385//5354
f 1385//5354 865//5353 868//5355
s 1280
f 1386//5356 1117//5357 1394//5358
f 1394//5358 1117//5357 867//5359
s 1281
f 1114//5360 1115//5361 1386//5362
f 1386//5362 1115//5361 1392//5363
s 1282
f 839//5364 756//5365 1389//5366
f 1389//5366 756//5365 1393//5367
s 1283
f 832//5368 837//5369 1385//5370
f 1385//5370 837//5369 843//5371
s 1284
f 836//5372 834//5373 1402//5374
f 1402//5374 834//5373 844//5375
s 1285
f 1401//5376 1137//5377 1398//5378
f 1398//5378 1137//5377 1136//5379
s 1286
f 1144//5380 1146//5381 1403//5382
f 1403//5382 1146//5381 1397//5383
s 1287
f 1408//5384 840//5385 1406//5386
f 840//5385 922//5387 1406//5386
s 1288
f 1407//5388 761//5389 1400//5390
f 1400//5390 761//5389 838//5391
s 1289
f 1404//5392 1135//5393 1401//5394
f 1401//5394 1135//5393 1137//5395
s 1290
f 1400//5396 838//5397 1398//5398
f 1398//5398 838//5397 1120//5399
s 1291
f 1403//5400 1139//5401 1408//5402
f 1408//5402 1139//5401 840//5403
s 1292
f 1146//5404 1145//5405 1397//5406
f 1397//5406 1145//5405 1405//5407
s 1293
f 1399//5408 836//5409 877//5410
f 877//5410 836//5409 882//5411
s 1294
f 877//5412 875//5413 1399//5414
f 1399//5414 875//5413 1406//5415
s 1295
f 1407//5416 879//5417 1402//5418
f 1402//5418 879//5417 881//5419
s 1296
f 799//5420 809//5421 798//5422
f 831//5423 798//5422 808//5424
f 809//5421 808//5424 798//5422
s 1297
f 1410//5425 924//5426 758//5427
f 758//5427 924//5426 768//5428
s off
f 1410//5429 926//5430 785//5431
s 1298
f 1411//5432 1091//5433 1107//5434
f 1107//5434 1091//5433 1098//5435
s 1299
f 1411//5436 1107//5437 1090//5438
f 1090//5438 1107//5437 1099//5439
s 1300
f 1412//5440 1103//5441 1081//5442
f 1081//5442 1103//5441 1095//5443
s off
f 1412//5444 1108//5445 1080//5446
s 1301
f 888//5447 1413//5448 1450//5449
f 1450//5449 1413//5448 775//5450
s 1302
f 183//5451 1413//5452 1423//5453
f 1423//5453 1413//5452 888//5454
s 1303
f 1438//5455 816//5456 910//5457
f 910//5457 816//5456 1414//5458
s 1304
f 1429//5459 910//5460 224//5461
f 224//5461 910//5460 1414//5462
s off
f 183//5463 1416//5464 1415//5465
f 183//5466 1417//5467 1416//5468
f 183//5469 1418//5470 1417//5471
f 183//5472 1420//5473 1419//5474
f 183//5475 1421//5476 1420//5477
f 183//5478 1422//5479 1421//5480
f 183//5481 1415//5482 1422//5483
f 183//5484 1423//5485 1418//5486
f 224//5487 1425//5488 1424//5489
f 224//5490 1426//5491 1425//5492
f 224//5493 1427//5494 1426//5495
f 224//5496 1428//5497 1427//5498
f 224//5499 1430//5500 1429//5501
f 224//5502 1431//5503 1430//5504
f 224//5505 1432//5506 1431//5507
f 224//5508 1424//5509 1432//5510
f 816//5511 1433//5512 1434//5513
f 816//5514 1434//5515 1435//5516
f 816//5517 1435//5518 1436//5519
f 816//5520 1436//5521 1437//5522
f 816//5523 1438//5524 1439//5525
f 816//5526 1439//5527 1440//5528
f 816//5529 1440//5530 1441//5531
f 816//5532 1441//5533 1433//5534
f 775//5535 1442//5536 1443//5537
f 775//5538 1443//5539 1444//5540
f 775//5541 1444//5542 1445//5543
f 775//5544 1446//5545 1447//5546
f 775//5547 1447//5548 1448//5549
f 775//5550 1448//5551 1449//5552
f 775//5553 1449//5554 1442//5555
f 775//5556 1445//5557 1450//5558
s 1305
f 1571//5559 1607//5560 1569//5561
f 1569//5561 1607//5560 1608//5562
s 1306
f 1567//5563 1609//5564 1565//5565
f 1565//5565 1609//5564 1610//5566
s 1307
f 1596//5567 1451//5568 1593//5569
f 1593//5569 1451//5568 1595//5570
s 1308
f 1568//5571 1466//5572 1570//5573
f 1570//5573 1466//5572 1467//5574
s 1309
f 1564//5575 1461//5576 1566//5577
f 1566//5577 1461//5576 1463//5578
s 1310
f 1576//5579 1457//5580 1578//5581
f 1578//5581 1457//5580 1460//5582
s 1311
f 1572//5583 1453//5584 1574//5585
f 1574//5585 1453//5584 1455//5586
s 1312
f 1594//5587 1496//5588 1592//5589
f 1592//5589 1496//5588 1499//5590
s 1313
f 1472//5591 1473//5592 1474//5593
f 1474//5593 1473//5592 1475//5594
s 1314
f 1480//5595 1481//5596 1482//5597
f 1482//5597 1481//5596 1483//5598
s 1315
f 1488//5599 1489//5600 1490//5601
f 1490//5601 1489//5600 1491//5602
s 1316
f 1498//5603 1499//5604 1497//5605
f 1497//5605 1499//5604 1496//5606
s 1317
f 1520//5607 1504//5608 1521//5609
f 1521//5609 1504//5608 1505//5610
s 1318
f 1522//5611 1506//5612 1523//5613
f 1523//5613 1506//5612 1507//5614
s 1319
f 1516//5615 1500//5616 1517//5617
f 1517//5617 1500//5616 1501//5618
s 1320
f 1558//5619 1542//5620 1559//5621
f 1559//5621 1542//5620 1543//5622
s 1321
f 1514//5623 1513//5624 1515//5625
f 1512//5626 1511//5627 1513//5624
f 1510//5628 1509//5629 1511//5627
f 1508//5630 1507//5631 1509//5629
f 1506//5632 1505//5633 1507//5631
f 1504//5634 1503//5635 1505//5633
f 1502//5636 1501//5637 1503//5635
f 1500//5638 1515//5625 1501//5637
f 1513//5624 1511//5627 1515//5625
f 1509//5629 1507//5631 1511//5627
f 1505//5633 1503//5635 1507//5631
f 1501//5637 1515//5625 1503//5635
f 1511//5627 1507//5631 1515//5625
f 1507//5631 1503//5635 1515//5625
s 1325
f 1569//5639 1608//5640 1567//5641
f 1567//5641 1608//5640 1609//5642
s 1326
f 1575//5643 1605//5644 1573//5645
f 1573//5645 1605//5644 1606//5646
s 1327
f 1591//5647 1597//5648 1589//5649
f 1589//5649 1597//5648 1598//5650
s 1328
f 1573//5651 1606//5652 1571//5653
f 1571//5653 1606//5652 1607//5654
s 1329
f 1566//5655 1463//5656 1568//5657
f 1568//5657 1463//5656 1466//5658
s 1330
f 1592//5659 1458//5660 1594//5661
f 1594//5661 1458//5660 1459//5662
s 1331
f 1574//5663 1455//5664 1576//5665
f 1576//5665 1455//5664 1457//5666
s 1332
f 1570//5667 1467//5668 1572//5669
f 1572//5669 1467//5668 1453//5670
s 1333
f 1468//5671 1469//5672 1470//5673
f 1470//5673 1469//5672 1471//5674
s 1334
f 1476//5675 1477//5676 1478//5677
f 1478//5677 1477//5676 1479//5678
s 1335
f 1484//5679 1485//5680 1486//5681
f 1486//5681 1485//5680 1487//5682
s 1336
f 1492//5683 1493//5684 1494//5685
f 1494//5685 1493//5684 1495//5686
s 1337
f 1519//5687 1503//5688 1520//5689
f 1520//5689 1503//5688 1504//5690
s 1338
f 1521//5691 1505//5692 1522//5693
f 1522//5693 1505//5692 1506//5694
s 1339
f 1530//5695 1514//5696 1531//5697
f 1531//5697 1514//5696 1515//5698
s 1340
f 1517//5699 1501//5700 1518//5701
f 1518//5701 1501//5700 1502//5702
s 1341
f 1579//5703 1603//5704 1577//5705
f 1577//5705 1603//5704 1604//5706
s 1342
f 1543//5707 1527//5708 1544//5709
f 1544//5709 1527//5708 1528//5710
s 1343
f 1547//5711 1531//5712 1532//5713
f 1532//5713 1531//5712 1516//5714
s 1344
f 1559//5715 1543//5716 1560//5717
f 1560//5717 1543//5716 1544//5718
s 1345
f 1518//5719 1502//5720 1519//5721
f 1519//5721 1502//5720 1503//5722
s 1346
f 1539//5723 1523//5724 1540//5725
f 1540//5725 1523//5724 1524//5726
s 1347
f 1561//5727 1545//5728 1562//5729
f 1562//5729 1545//5728 1546//5730
s 1348
f 1540//5731 1524//5732 1541//5733
f 1541//5733 1524//5732 1525//5734
s 1349
f 1541//5735 1525//5736 1542//5737
f 1542//5737 1525//5736 1526//5738
s 1350
f 1563//5739 1547//5740 1548//5741
f 1548//5741 1547//5740 1532//5742
s 1351
f 1542//5743 1526//5744 1543//5745
f 1543//5745 1526//5744 1527//5746
s 1352
f 1555//5747 1539//5748 1556//5749
f 1556//5749 1539//5748 1540//5750
s 1353
f 1535//5751 1519//5752 1536//5753
f 1536//5753 1519//5752 1520//5754
s 1354
f 1556//5755 1540//5756 1557//5757
f 1557//5757 1540//5756 1541//5758
s 1355
f 1544//5759 1528//5760 1545//5761
f 1545//5761 1528//5760 1529//5762
s 1356
f 1557//5763 1541//5764 1558//5765
f 1558//5765 1541//5764 1542//5766
s 1357
f 1545//5767 1529//5768 1546//5769
f 1546//5769 1529//5768 1530//5770
s 1358
f 1459//5771 1563//5772 1461//5773
f 1461//5773 1563//5772 1548//5774
s 1359
f 1548//5775 1532//5776 1549//5777
f 1549//5777 1532//5776 1533//5778
s 1360
f 1536//5779 1520//5780 1537//5781
f 1537//5781 1520//5780 1521//5782
s 1361
f 1549//5783 1533//5784 1550//5785
f 1550//5785 1533//5784 1534//5786
s 1362
f 1537//5787 1521//5788 1538//5789
f 1538//5789 1521//5788 1522//5790
s 1363
f 1550//5791 1534//5792 1551//5793
f 1551//5793 1534//5792 1535//5794
s 1364
f 1538//5795 1522//5796 1539//5797
f 1539//5797 1522//5796 1523//5798
s 1365
f 1551//5799 1535//5800 1552//5801
f 1552//5801 1535//5800 1536//5802
s 1366
f 1546//5803 1530//5804 1547//5805
f 1547//5805 1530//5804 1531//5806
s 1367
f 1552//5807 1536//5808 1553//5809
f 1553//5809 1536//5808 1537//5810
s 1368
f 1553//5811 1537//5812 1554//5813
f 1554//5813 1537//5812 1538//5814
s 1369
f 1532//5815 1516//5816 1533//5817
f 1533//5817 1516//5816 1517//5818
s 1370
f 1533//5819 1517//5820 1534//5821
f 1534//5821 1517//5820 1518//5822
s 1371
f 1554//5823 1538//5824 1555//5825
f 1555//5825 1538//5824 1539//5826
s 1372
f 1534//5827 1518//5828 1535//5829
f 1535//5829 1518//5828 1519//5830
s 1373
f 1562//5831 1546//5832 1563//5833
f 1563//5833 1546//5832 1547//5834
s 1374
f 1565//5835 1596//5836 1468//5837
f 1468//5837 1596//5836 1497//5838
s 1375
f 1465//5839 1558//5840 1452//5841
f 1452//5841 1558//5840 1559//5842
s 1376
f 1467//5843 1551//5844 1453//5845
f 1453//5845 1551//5844 1552//5846
s 1377
f 1458//5847 1562//5848 1459//5849
f 1459//5849 1562//5848 1563//5850
s 1378
f 1452//5851 1559//5852 1454//5853
f 1454//5853 1559//5852 1560//5854
s 1379
f 1460//5855 1555//5856 1462//5857
f 1462//5857 1555//5856 1556//5858
s 1380
f 1453//5859 1552//5860 1455//5861
f 1455//5861 1552//5860 1553//5862
s 1381
f 1461//5863 1548//5864 1463//5865
f 1463//5865 1548//5864 1549//5866
s 1382
f 1454//5867 1560//5868 1456//5869
f 1456//5869 1560//5868 1561//5870
s 1383
f 1462//5871 1556//5872 1464//5873
f 1464//5873 1556//5872 1557//5874
s 1384
f 1455//5875 1553//5876 1457//5877
f 1457//5877 1553//5876 1554//5878
s 1385
f 1463//5879 1549//5880 1466//5881
f 1466//5881 1549//5880 1550//5882
s 1386
f 1456//5883 1561//5884 1458//5885
f 1458//5885 1561//5884 1562//5886
s 1387
f 1464//5887 1557//5888 1465//5889
f 1465//5889 1557//5888 1558//5890
s 1388
f 1457//5891 1554//5892 1460//5893
f 1460//5893 1554//5892 1555//5894
s 1389
f 1560//5895 1544//5896 1561//5897
f 1561//5897 1544//5896 1545//5898
s 1390
f 1564//5899 1469//5900 1594//5901
f 1594//5901 1469//5900 1496//5902
s 1391
f 1577//5903 1575//5904 1480//5905
f 1480//5905 1575//5904 1478//5906
s 1392
f 1596//5907 1593//5908 1497//5909
f 1497//5909 1593//5908 1498//5910
s 1393
f 1579//5911 1577//5912 1482//5913
f 1482//5913 1577//5912 1480//5914
s 1394
f 1577//5915 1604//5916 1575//5917
f 1575//5917 1604//5916 1605//5918
s 1395
f 1581//5919 1579//5920 1484//5921
f 1484//5921 1579//5920 1482//5922
s 1396
f 1591//5923 1589//5924 1494//5925
f 1494//5925 1589//5924 1492//5926
s 1397
f 1567//5927 1565//5928 1470//5929
f 1470//5929 1565//5928 1468//5930
s 1398
f 1583//5931 1581//5932 1486//5933
f 1486//5933 1581//5932 1484//5934
s 1399
f 1569//5935 1567//5936 1472//5937
f 1472//5937 1567//5936 1470//5938
s 1400
f 1585//5939 1583//5940 1488//5941
f 1488//5941 1583//5940 1486//5942
s 1401
f 1571//5943 1569//5944 1474//5945
f 1474//5945 1569//5944 1472//5946
s 1402
f 1587//5947 1585//5948 1490//5949
f 1490//5949 1585//5948 1488//5950
s 1403
f 1573//5951 1571//5952 1476//5953
f 1476//5953 1571//5952 1474//5954
s 1404
f 1589//5955 1587//5956 1492//5957
f 1492//5957 1587//5956 1490//5958
s 1405
f 1575//5959 1573//5960 1478//5961
f 1478//5961 1573//5960 1476//5962
s 1406
f 1466//5963 1550//5964 1467//5965
f 1467//5965 1550//5964 1551//5966
s 1407
f 1566//5967 1471//5968 1564//5969
f 1564//5969 1471//5968 1469//5970
s 1408
f 1570//5971 1475//5972 1568//5973
f 1568//5973 1475//5972 1473//5974
s 1409
f 1572//5975 1477//5976 1570//5977
f 1570//5977 1477//5976 1475//5978
s 1410
f 1574//5979 1479//5980 1572//5981
f 1572//5981 1479//5980 1477//5982
s 1411
f 1576//5983 1481//5984 1574//5985
f 1574//5985 1481//5984 1479//5986
s 1412
f 1578//5987 1483//5988 1576//5989
f 1576//5989 1483//5988 1481//5990
s 1413
f 1580//5991 1485//5992 1578//5993
f 1578//5993 1485//5992 1483//5994
s 1414
f 1582//5995 1487//5996 1580//5997
f 1580//5997 1487//5996 1485//5998
s 1415
f 1584//5999 1489//6000 1582//6001
f 1582//6001 1489//6000 1487//6002
s 1416
f 1586//6003 1491//6004 1584//6005
f 1584//6005 1491//6004 1489//6006
s 1417
f 1588//6007 1493//6008 1586//6009
f 1586//6009 1493//6008 1491//6010
s 1418
f 1590//6011 1495//6012 1588//6013
f 1588//6013 1495//6012 1493//6014
s 1419
f 1592//6015 1499//6016 1590//6017
f 1590//6017 1499//6016 1495//6018
s 1420
f 1593//6019 1591//6020 1498//6021
f 1498//6021 1591//6020 1494//6022
s 1421
f 1568//6023 1473//6024 1566//6025
f 1566//6025 1473//6024 1471//6026
s 1422
f 1594//6027 1459//6028 1564//6029
f 1564//6029 1459//6028 1461//6030
s 1423
f 1527//6031 1511//6032 1528//6033
f 1528//6033 1511//6032 1512//6034
s 1424
f 1580//6035 1462//6036 1582//6037
f 1582//6037 1462//6036 1464//6038
s 1425
f 1494//6039 1495//6040 1498//6041
f 1498//6041 1495//6040 1499//6042
s 1426
f 1593//6043 1595//6044 1591//6045
f 1591//6045 1595//6044 1597//6046
s 1427
f 1486//6047 1487//6048 1488//6049
f 1488//6049 1487//6048 1489//6050
s 1428
f 1581//6051 1602//6052 1579//6053
f 1579//6053 1602//6052 1603//6054
s 1429
f 1478//6055 1479//6056 1480//6057
f 1480//6057 1479//6056 1481//6058
s 1430
f 1585//6059 1600//6060 1583//6061
f 1583//6061 1600//6060 1601//6062
s 1431
f 1587//6063 1599//6064 1585//6065
f 1585//6065 1599//6064 1600//6066
s 1432
f 1470//6067 1471//6068 1472//6069
f 1472//6069 1471//6068 1473//6070
s 1433
f 1525//6071 1509//6072 1526//6073
f 1526//6073 1509//6072 1510//6074
s 1434
f 1584//6075 1465//6076 1586//6077
f 1586//6077 1465//6076 1452//6078
s 1435
f 1523//6079 1507//6080 1524//6081
f 1524//6081 1507//6080 1508//6082
s 1436
f 1588//6083 1454//6084 1590//6085
f 1590//6085 1454//6084 1456//6086
s 1437
f 1529//6087 1513//6088 1530//6089
f 1530//6089 1513//6088 1514//6090
s 1438
f 1586//6091 1452//6092 1588//6093
f 1588//6093 1452//6092 1454//6094
s 1439
f 1531//6095 1515//6096 1516//6097
f 1516//6097 1515//6096 1500//6098
s 1440
f 1590//6099 1456//6100 1592//6101
f 1592//6101 1456//6100 1458//6102
s 1441
f 1528//6103 1512//6104 1529//6105
f 1529//6105 1512//6104 1513//6106
s 1442
f 1578//6107 1460//6108 1580//6109
f 1580//6109 1460//6108 1462//6110
s 1443
f 1526//6111 1510//6112 1527//6113
f 1527//6113 1510//6112 1511//6114
s 1444
f 1582//6115 1464//6116 1584//6117
f 1584//6117 1464//6116 1465//6118
s 1445
f 1490//6119 1491//6120 1492//6121
f 1492//6121 1491//6120 1493//6122
s 1446
f 1565//6123 1610//6124 1596//6125
f 1596//6125 1610//6124 1451//6126
s 1447
f 1482//6127 1483//6128 1484//6129
f 1484//6129 1483//6128 1485//6130
s 1448
f 1583//6131 1601//6132 1581//6133
f 1581//6133 1601//6132 1602//6134
s 1449
f 1474//6135 1475//6136 1476//6137
f 1476//6137 1475//6136 1477//6138
s 1450
f 1589//6139 1598//6140 1587//6141
f 1587//6141 1598//6140 1599//6142
s 1451
f 1524//6143 1508//6144 1525//6145
f 1525//6145 1508//6144 1509//6146
s 1452
f 1497//6147 1496//6148 1468//6149
f 1468//6149 1496//6148 1469//6150
s off
f 1607//6151 1611//6152 1608//6153
f 1600//6154 1611//6155 1601//6156
f 1608//6157 1611//6158 1609//6159
f 1601//6160 1611//6161 1602//6162
f 1609//6163 1611//6164 1610//6165
f 1602//6166 1611//6167 1603//6168
f 1451//6169 1611//6170 1595//6171
f 1610//6172 1611//6173 1451//6174
f 1603//6175 1611//6176 1604//6177
f 1595//6178 1611//6179 1597//6180
f 1604//6181 1611//6182 1605//6183
f 1597//6184 1611//6185 1598//6186
f 1605//6187 1611//6188 1606//6189
f 1598//6190 1611//6191 1599//6192
f 1606//6193 1611//6194 1607//6195
f 1599//6196 1611//6197 1600//6198
s 1453
f 1614//6199 1709//6200 1616//6201
f 1616//6201 1709//6200 1713//6202
s 1454
f 1615//6203 1617//6204 1708//6205
f 1708//6205 1617//6204 1712//6206
s 1455
f 1617//6207 1619//6208 1712//6209
f 1712//6209 1619//6208 1714//6210
s 1456
f 1619//6211 1621//6212 1714//6213
f 1714//6213 1621//6212 1716//6214
s 1457
f 1621//6215 1623//6216 1716//6217
f 1716//6217 1623//6216 1718//6218
s 1458
f 1623//6219 1625//6220 1718//6221
f 1718//6221 1625//6220 1720//6222
s 1459
f 1625//6223 1627//6224 1720//6225
f 1720//6225 1627//6224 1722//6226
s 1460
f 1627//6227 1629//6228 1722//6229
f 1722//6229 1629//6228 1724//6230
s 1461
f 1629//6231 1631//6232 1724//6233
f 1724//6233 1631//6232 1726//6234
s 1462
f 1631//6235 1633//6236 1726//6237
f 1726//6237 1633//6236 1728//6238
s 1463
f 1633//6239 1635//6240 1728//6241
f 1728//6241 1635//6240 1730//6242
s 1464
f 1635//6243 1637//6244 1730//6245
f 1730//6245 1637//6244 1732//6246
s 1465
f 1637//6247 1639//6248 1732//6249
f 1732//6249 1639//6248 1734//6250
s 1466
f 1639//6251 1641//6252 1734//6253
f 1734//6253 1641//6252 1736//6254
s 1467
f 1741//6255 1740//6256 1657//6257
f 1657//6257 1740//6256 1656//6258
s 1468
f 1641//6259 1643//6260 1736//6261
f 1736//6261 1643//6260 1738//6262
s 1469
f 1643//6263 1613//6264 1738//6265
f 1738//6265 1613//6264 1711//6266
s 1470
f 1630//6267 1632//6268 1765//6269
f 1765//6269 1632//6268 1766//6270
s 1471
f 1612//6271 1710//6272 1614//6273
f 1614//6273 1710//6272 1709//6274
s 1472
f 1642//6275 1739//6276 1612//6277
f 1612//6277 1739//6276 1710//6278
s 1473
f 1618//6279 1715//6280 1620//6281
f 1620//6281 1715//6280 1717//6282
s 1474
f 1620//6283 1717//6284 1622//6285
f 1622//6285 1717//6284 1719//6286
s 1475
f 1622//6287 1719//6288 1624//6289
f 1624//6289 1719//6288 1721//6290
s 1476
f 1624//6291 1721//6292 1626//6293
f 1626//6293 1721//6292 1723//6294
s 1477
f 1626//6295 1723//6296 1628//6297
f 1628//6297 1723//6296 1725//6298
s 1478
f 1628//6299 1725//6300 1630//6301
f 1630//6301 1725//6300 1727//6302
s 1479
f 1630//6303 1727//6304 1632//6305
f 1632//6305 1727//6304 1729//6306
s 1480
f 1632//6307 1729//6308 1634//6309
f 1634//6309 1729//6308 1731//6310
s 1481
f 1634//6311 1731//6312 1636//6313
f 1636//6313 1731//6312 1733//6314
s 1482
f 1636//6315 1733//6316 1638//6317
f 1638//6317 1733//6316 1735//6318
s 1483
f 1638//6319 1735//6320 1640//6321
f 1640//6321 1735//6320 1737//6322
s 1484
f 1640//6323 1737//6324 1642//6325
f 1642//6325 1737//6324 1739//6326
s 1485
f 1616//6327 1713//6328 1618//6329
f 1618//6329 1713//6328 1715//6330
s 1486
f 1647//6331 1646//6332 1663//6333
f 1663//6333 1646//6332 1662//6334
s 1487
f 1743//6335 1742//6336 1650//6337
f 1650//6337 1742//6336 1649//6338
s 1488
f 1744//6339 1741//6340 1658//6341
f 1658//6341 1741//6340 1657//6342
s 1489
f 1745//6343 1743//6344 1651//6345
f 1651//6345 1743//6344 1650//6346
s 1490
f 1746//6347 1744//6348 1659//6349
f 1659//6349 1744//6348 1658//6350
s 1491
f 1747//6351 1745//6352 1652//6353
f 1652//6353 1745//6352 1651//6354
s 1492
f 1749//6355 1748//6356 1645//6357
f 1645//6357 1748//6356 1644//6358
s 1493
f 1748//6359 1746//6360 1644//6361
f 1644//6361 1746//6360 1659//6362
s 1494
f 1750//6363 1747//6364 1653//6365
f 1653//6365 1747//6364 1652//6366
s 1495
f 1751//6367 1749//6368 1646//6369
f 1646//6369 1749//6368 1645//6370
s 1496
f 1752//6371 1750//6372 1654//6373
f 1654//6373 1750//6372 1653//6374
s 1497
f 1753//6375 1751//6376 1647//6377
f 1647//6377 1751//6376 1646//6378
s 1498
f 1754//6379 1752//6380 1655//6381
f 1655//6381 1752//6380 1654//6382
s 1499
f 1755//6383 1753//6384 1648//6385
f 1648//6385 1753//6384 1647//6386
s 1500
f 1740//6387 1754//6388 1656//6389
f 1656//6389 1754//6388 1655//6390
s 1501
f 1742//6391 1755//6392 1649//6393
f 1649//6393 1755//6392 1648//6394
s 1502
f 1668//6395 1667//6396 1684//6397
f 1684//6397 1667//6396 1683//6398
s 1503
f 1655//6399 1654//6400 1671//6401
f 1671//6401 1654//6400 1670//6402
s 1504
f 1648//6403 1647//6404 1664//6405
f 1664//6405 1647//6404 1663//6406
s 1505
f 1656//6407 1655//6408 1672//6409
f 1672//6409 1655//6408 1671//6410
s 1506
f 1649//6411 1648//6412 1665//6413
f 1665//6413 1648//6412 1664//6414
s 1507
f 1657//6415 1656//6416 1673//6417
f 1673//6417 1656//6416 1672//6418
s 1508
f 1650//6419 1649//6420 1666//6421
f 1666//6421 1649//6420 1665//6422
s 1509
f 1658//6423 1657//6424 1674//6425
f 1674//6425 1657//6424 1673//6426
s 1510
f 1651//6427 1650//6428 1667//6429
f 1667//6429 1650//6428 1666//6430
s 1511
f 1659//6431 1658//6432 1675//6433
f 1675//6433 1658//6432 1674//6434
s 1512
f 1652//6435 1651//6436 1668//6437
f 1668//6437 1651//6436 1667//6438
s 1513
f 1645//6439 1644//6440 1661//6441
f 1661//6441 1644//6440 1660//6442
s 1514
f 1644//6443 1659//6444 1660//6445
f 1660//6445 1659//6444 1675//6446
s 1515
f 1653//6447 1652//6448 1669//6449
f 1669//6449 1652//6448 1668//6450
s 1516
f 1646//6451 1645//6452 1662//6453
f 1662//6453 1645//6452 1661//6454
s 1517
f 1654//6455 1653//6456 1670//6457
f 1670//6457 1653//6456 1669//6458
s 1518
f 1689//6459 1688//6460 1705//6461
f 1705//6461 1688//6460 1704//6462
s 1519
f 1661//6463 1660//6464 1677//6465
f 1677//6465 1660//6464 1676//6466
s 1520
f 1660//6467 1675//6468 1676//6469
f 1676//6469 1675//6468 1691//6470
s 1521
f 1669//6471 1668//6472 1685//6473
f 1685//6473 1668//6472 1684//6474
s 1522
f 1662//6475 1661//6476 1678//6477
f 1678//6477 1661//6476 1677//6478
s 1523
f 1670//6479 1669//6480 1686//6481
f 1686//6481 1669//6480 1685//6482
s 1524
f 1663//6483 1662//6484 1679//6485
f 1679//6485 1662//6484 1678//6486
s 1525
f 1671//6487 1670//6488 1687//6489
f 1687//6489 1670//6488 1686//6490
s 1526
f 1664//6491 1663//6492 1680//6493
f 1680//6493 1663//6492 1679//6494
s 1527
f 1672//6495 1671//6496 1688//6497
f 1688//6497 1671//6496 1687//6498
s 1528
f 1665//6499 1664//6500 1681//6501
f 1681//6501 1664//6500 1680//6502
s 1529
f 1673//6503 1672//6504 1689//6505
f 1689//6505 1672//6504 1688//6506
s 1530
f 1666//6507 1665//6508 1682//6509
f 1682//6509 1665//6508 1681//6510
s 1531
f 1674//6511 1673//6512 1690//6513
f 1690//6513 1673//6512 1689//6514
s 1532
f 1667//6515 1666//6516 1683//6517
f 1683//6517 1666//6516 1682//6518
s 1533
f 1675//6519 1674//6520 1691//6521
f 1691//6521 1674//6520 1690//6522
s 1534
f 1693//6523 1692//6524 1694//6525
f 1707//6526 1706//6527 1692//6524
f 1705//6528 1704//6529 1706//6527
f 1703//6530 1702//6531 1704//6529
f 1701//6532 1700//6533 1702//6531
f 1699//6534 1698//6535 1700//6533
f 1697//6536 1696//6537 1698//6535
f 1695//6538 1694//6525 1696//6537
f 1692//6524 1706//6527 1694//6525
f 1704//6529 1702//6531 1706//6527
f 1700//6533 1698//6535 1702//6531
f 1696//6537 1694//6525 1698//6535
f 1706//6527 1702//6531 1694//6525
f 1702//6531 1698//6535 1694//6525
s 1538
f 1682//6539 1681//6540 1698//6541
f 1698//6541 1681//6540 1697//6542
s 1539
f 1690//6543 1689//6544 1706//6545
f 1706//6545 1689//6544 1705//6546
s 1540
f 1683//6547 1682//6548 1699//6549
f 1699//6549 1682//6548 1698//6550
s 1541
f 1691//6551 1690//6552 1707//6553
f 1707//6553 1690//6552 1706//6554
s 1542
f 1684//6555 1683//6556 1700//6557
f 1700//6557 1683//6556 1699//6558
s 1543
f 1677//6559 1676//6560 1693//6561
f 1693//6561 1676//6560 1692//6562
s 1544
f 1676//6563 1691//6564 1692//6565
f 1692//6565 1691//6564 1707//6566
s 1545
f 1685//6567 1684//6568 1701//6569
f 1701//6569 1684//6568 1700//6570
s 1546
f 1678//6571 1677//6572 1694//6573
f 1694//6573 1677//6572 1693//6574
s 1547
f 1686//6575 1685//6576 1702//6577
f 1702//6577 1685//6576 1701//6578
s 1548
f 1679//6579 1678//6580 1695//6581
f 1695//6581 1678//6580 1694//6582
s 1549
f 1687//6583 1686//6584 1703//6585
f 1703//6585 1686//6584 1702//6586
s 1550
f 1680//6587 1679//6588 1696//6589
f 1696//6589 1679//6588 1695//6590
s 1551
f 1688//6591 1687//6592 1704//6593
f 1704//6593 1687//6592 1703//6594
s 1552
f 1681//6595 1680//6596 1697//6597
f 1697//6597 1680//6596 1696//6598
s 1553
f 1709//6599 1710//6600 1708//6601
f 1708//6601 1710//6600 1711//6602
s 1554
f 1713//6603 1709//6604 1712//6605
f 1712//6605 1709//6604 1708//6606
s 1555
f 1715//6607 1713//6608 1714//6609
f 1714//6609 1713//6608 1712//6610
s 1556
f 1717//6611 1715//6612 1716//6613
f 1716//6613 1715//6612 1714//6614
s 1557
f 1719//6615 1717//6616 1718//6617
f 1718//6617 1717//6616 1716//6618
s 1558
f 1721//6619 1719//6620 1720//6621
f 1720//6621 1719//6620 1718//6622
s 1559
f 1723//6623 1721//6624 1722//6625
f 1722//6625 1721//6624 1720//6626
s 1560
f 1725//6627 1723//6628 1724//6629
f 1724//6629 1723//6628 1722//6630
s 1561
f 1727//6631 1725//6632 1726//6633
f 1726//6633 1725//6632 1724//6634
s 1562
f 1729//6635 1727//6636 1728//6637
f 1728//6637 1727//6636 1726//6638
s 1563
f 1731//6639 1729//6640 1730//6641
f 1730//6641 1729//6640 1728//6642
s 1564
f 1733//6643 1731//6644 1732//6645
f 1732//6645 1731//6644 1730//6646
s 1565
f 1735//6647 1733//6648 1734//6649
f 1734//6649 1733//6648 1732//6650
s 1566
f 1737//6651 1735//6652 1736//6653
f 1736//6653 1735//6652 1734//6654
s 1567
f 1739//6655 1737//6656 1738//6657
f 1738//6657 1737//6656 1736//6658
s 1568
f 1710//6659 1739//6660 1711//6661
f 1711//6661 1739//6660 1738//6662
s 1569
f 1613//6663 1615//6664 1711//6665
f 1711//6665 1615//6664 1708//6666
s 1570
f 1623//6667 1621//6668 1742//6669
f 1742//6669 1621//6668 1755//6670
s 1571
f 1637//6671 1635//6672 1740//6673
f 1740//6673 1635//6672 1754//6674
s 1572
f 1621//6675 1619//6676 1755//6677
f 1755//6677 1619//6676 1753//6678
s 1573
f 1635//6679 1633//6680 1754//6681
f 1754//6681 1633//6680 1752//6682
s 1574
f 1619//6683 1617//6684 1753//6685
f 1753//6685 1617//6684 1751//6686
s 1575
f 1633//6687 1631//6688 1752//6689
f 1752//6689 1631//6688 1750//6690
s 1576
f 1617//6691 1615//6692 1751//6693
f 1751//6693 1615//6692 1749//6694
s 1577
f 1631//6695 1629//6696 1750//6697
f 1750//6697 1629//6696 1747//6698
s 1578
f 1613//6699 1643//6700 1748//6701
f 1748//6701 1643//6700 1746//6702
s 1579
f 1615//6703 1613//6704 1749//6705
f 1749//6705 1613//6704 1748//6706
s 1580
f 1629//6707 1627//6708 1747//6709
f 1747//6709 1627//6708 1745//6710
s 1581
f 1643//6711 1641//6712 1746//6713
f 1746//6713 1641//6712 1744//6714
s 1582
f 1627//6715 1625//6716 1745//6717
f 1745//6717 1625//6716 1743//6718
s 1583
f 1641//6719 1639//6720 1744//6721
f 1744//6721 1639//6720 1741//6722
s 1584
f 1625//6723 1623//6724 1743//6725
f 1743//6725 1623//6724 1742//6726
s 1585
f 1639//6727 1637//6728 1741//6729
f 1741//6729 1637//6728 1740//6730
s 1586
f 1614//6731 1616//6732 1757//6733
f 1757//6733 1616//6732 1758//6734
s 1587
f 1628//6735 1630//6736 1764//6737
f 1764//6737 1630//6736 1765//6738
s 1588
f 1642//6739 1612//6740 1771//6741
f 1771//6741 1612//6740 1756//6742
s 1589
f 1612//6743 1614//6744 1756//6745
f 1756//6745 1614//6744 1757//6746
s 1590
f 1626//6747 1628//6748 1763//6749
f 1763//6749 1628//6748 1764//6750
s 1591
f 1640//6751 1642//6752 1770//6753
f 1770//6753 1642//6752 1771//6754
s 1592
f 1624//6755 1626//6756 1762//6757
f 1762//6757 1626//6756 1763//6758
s 1593
f 1638//6759 1640//6760 1769//6761
f 1769//6761 1640//6760 1770//6762
s 1594
f 1622//6763 1624//6764 1761//6765
f 1761//6765 1624//6764 1762//6766
s 1595
f 1636//6767 1638//6768 1768//6769
f 1768//6769 1638//6768 1769//6770
s 1596
f 1620//6771 1622//6772 1760//6773
f 1760//6773 1622//6772 1761//6774
s 1597
f 1634//6775 1636//6776 1767//6777
f 1767//6777 1636//6776 1768//6778
s 1598
f 1618//6779 1620//6780 1759//6781
f 1759//6781 1620//6780 1760//6782
s 1599
f 1632//6783 1634//6784 1766//6785
f 1766//6785 1634//6784 1767//6786
s 1600
f 1616//6787 1618//6788 1758//6789
f 1758//6789 1618//6788 1759//6790
s off
f 1768//6791 1769//6792 1772//6793
f 1761//6794 1762//6795 1772//6796
f 1769//6797 1770//6798 1772//6799
f 1762//6800 1763//6801 1772//6802
f 1770//6803 1771//6804 1772//6805
f 1763//6806 1764//6807 1772//6808
f 1756//6809 1757//6810 1772//6811
f 1771//6812 1756//6813 1772//6814
f 1764//6815 1765//6816 1772//6817
f 1757//6818 1758//6819 1772//6820
f 1765//6821 1766//6822 1772//6823
f 1758//6824 1759//6825 1772//6826
f 1766//6827 1767//6828 1772//6829
f 1759//6830 1760//6831 1772//6832
f 1767//6833 1768//6834 1772//6835
f 1760//6836 1761//6837 1772//6838
s 1601
f 1893//6839 1891//6840 1929//6841
f 1929//6841 1891//6840 1930//6842
s 1602
f 1889//6843 1887//6844 1931//6845
f 1931//6845 1887//6844 1932//6846
s 1603
f 1918//6847 1915//6848 1773//6849
f 1773//6849 1915//6848 1917//6850
s 1604
f 1890//6851 1892//6852 1788//6853
f 1788//6853 1892//6852 1789//6854
s 1605
f 1886//6855 1888//6856 1783//6857
f 1783//6857 1888//6856 1785//6858
s 1606
f 1898//6859 1900//6860 1779//6861
f 1779//6861 1900//6860 1782//6862
s 1607
f 1894//6863 1896//6864 1775//6865
f 1775//6865 1896//6864 1777//6866
s 1608
f 1916//6867 1914//6868 1818//6869
f 1818//6869 1914//6868 1821//6870
s 1609
f 1794//6871 1796//6872 1795//6873
f 1795//6873 1796//6872 1797//6874
s 1610
f 1802//6875 1804//6876 1803//6877
f 1803//6877 1804//6876 1805//6878
s 1611
f 1810//6879 1812//6880 1811//6881
f 1811//6881 1812//6880 1813//6882
s 1612
f 1820//6883 1819//6884 1821//6885
f 1821//6885 1819//6884 1818//6886
s 1613
f 1842//6887 1843//6888 1826//6889
f 1826//6889 1843//6888 1827//6890
s 1614
f 1844//6891 1845//6892 1828//6893
f 1828//6893 1845//6892 1829//6894
s 1615
f 1838//6895 1839//6896 1822//6897
f 1822//6897 1839//6896 1823//6898
s 1616
f 1880//6899 1881//6900 1864//6901
f 1864//6901 1881//6900 1865//6902
s 1617
f 1836//6903 1837//6904 1835//6905
f 1822//6906 1823//6907 1837//6904
f 1824//6908 1825//6909 1823//6907
f 1826//6910 1827//6911 1825//6909
f 1828//6912 1829//6913 1827//6911
f 1830//6914 1831//6915 1829//6913
f 1832//6916 1833//6917 1831//6915
f 1834//6918 1835//6905 1833//6917
f 1837//6904 1823//6907 1835//6905
f 1825//6909 1827//6911 1823//6907
f 1829//6913 1831//6915 1827//6911
f 1833//6917 1835//6905 1831//6915
f 1823//6907 1827//6911 1835//6905
f 1827//6911 1831//6915 1835//6905
s 1621
f 1891//6919 1889//6920 1930//6921
f 1930//6921 1889//6920 1931//6922
s 1622
f 1897//6923 1895//6924 1927//6925
f 1927//6925 1895//6924 1928//6926
s 1623
f 1913//6927 1911//6928 1919//6929
f 1919//6929 1911//6928 1920//6930
s 1624
f 1895//6931 1893//6932 1928//6933
f 1928//6933 1893//6932 1929//6934
s 1625
f 1888//6935 1890//6936 1785//6937
f 1785//6937 1890//6936 1788//6938
s 1626
f 1914//6939 1916//6940 1780//6941
f 1780//6941 1916//6940 1781//6942
s 1627
f 1896//6943 1898//6944 1777//6945
f 1777//6945 1898//6944 1779//6946
s 1628
f 1892//6947 1894//6948 1789//6949
f 1789//6949 1894//6948 1775//6950
s 1629
f 1790//6951 1792//6952 1791//6953
f 1791//6953 1792//6952 1793//6954
s 1630
f 1798//6955 1800//6956 1799//6957
f 1799//6957 1800//6956 1801//6958
s 1631
f 1806//6959 1808//6960 1807//6961
f 1807//6961 1808//6960 1809//6962
s 1632
f 1814//6963 1816//6964 1815//6965
f 1815//6965 1816//6964 1817//6966
s 1633
f 1841//6967 1842//6968 1825//6969
f 1825//6969 1842//6968 1826//6970
s 1634
f 1843//6971 1844//6972 1827//6973
f 1827//6973 1844//6972 1828//6974
s 1635
f 1852//6975 1853//6976 1836//6977
f 1836//6977 1853//6976 1837//6978
s 1636
f 1839//6979 1840//6980 1823//6981
f 1823//6981 1840//6980 1824//6982
s 1637
f 1901//6983 1899//6984 1925//6985
f 1925//6985 1899//6984 1926//6986
s 1638
f 1865//6987 1866//6988 1849//6989
f 1849//6989 1866//6988 1850//6990
s 1639
f 1869//6991 1854//6992 1853//6993
f 1853//6993 1854//6992 1838//6994
s 1640
f 1881//6995 1882//6996 1865//6997
f 1865//6997 1882//6996 1866//6998
s 1641
f 1840//6999 1841//7000 1824//7001
f 1824//7001 1841//7000 1825//7002
s 1642
f 1861//7003 1862//7004 1845//7005
f 1845//7005 1862//7004 1846//7006
s 1643
f 1883//7007 1884//7008 1867//7009
f 1867//7009 1884//7008 1868//7010
s 1644
f 1862//7011 1863//7012 1846//7013
f 1846//7013 1863//7012 1847//7014
s 1645
f 1863//7015 1864//7016 1847//7017
f 1847//7017 1864//7016 1848//7018
s 1646
f 1885//7019 1870//7020 1869//7021
f 1869//7021 1870//7020 1854//7022
s 1647
f 1864//7023 1865//7024 1848//7025
f 1848//7025 1865//7024 1849//7026
s 1648
f 1877//7027 1878//7028 1861//7029
f 1861//7029 1878//7028 1862//7030
s 1649
f 1857//7031 1858//7032 1841//7033
f 1841//7033 1858//7032 1842//7034
s 1650
f 1878//7035 1879//7036 1862//7037
f 1862//7037 1879//7036 1863//7038
s 1651
f 1866//7039 1867//7040 1850//7041
f 1850//7041 1867//7040 1851//7042
s 1652
f 1879//7043 1880//7044 1863//7045
f 1863//7045 1880//7044 1864//7046
s 1653
f 1867//7047 1868//7048 1851//7049
f 1851//7049 1868//7048 1852//7050
s 1654
f 1781//7051 1783//7052 1885//7053
f 1885//7053 1783//7052 1870//7054
s 1655
f 1870//7055 1871//7056 1854//7057
f 1854//7057 1871//7056 1855//7058
s 1656
f 1858//7059 1859//7060 1842//7061
f 1842//7061 1859//7060 1843//7062
s 1657
f 1871//7063 1872//7064 1855//7065
f 1855//7065 1872//7064 1856//7066
s 1658
f 1859//7067 1860//7068 1843//7069
f 1843//7069 1860//7068 1844//7070
s 1659
f 1872//7071 1873//7072 1856//7073
f 1856//7073 1873//7072 1857//7074
s 1660
f 1860//7075 1861//7076 1844//7077
f 1844//7077 1861//7076 1845//7078
s 1661
f 1873//7079 1874//7080 1857//7081
f 1857//7081 1874//7080 1858//7082
s 1662
f 1868//7083 1869//7084 1852//7085
f 1852//7085 1869//7084 1853//7086
s 1663
f 1874//7087 1875//7088 1858//7089
f 1858//7089 1875//7088 1859//7090
s 1664
f 1875//7091 1876//7092 1859//7093
f 1859//7093 1876//7092 1860//7094
s 1665
f 1854//7095 1855//7096 1838//7097
f 1838//7097 1855//7096 1839//7098
s 1666
f 1855//7099 1856//7100 1839//7101
f 1839//7101 1856//7100 1840//7102
s 1667
f 1876//7103 1877//7104 1860//7105
f 1860//7105 1877//7104 1861//7106
s 1668
f 1856//7107 1857//7108 1840//7109
f 1840//7109 1857//7108 1841//7110
s 1669
f 1884//7111 1885//7112 1868//7113
f 1868//7113 1885//7112 1869//7114
s 1670
f 1887//7115 1790//7116 1918//7117
f 1918//7117 1790//7116 1819//7118
s 1671
f 1787//7119 1774//7120 1880//7121
f 1880//7121 1774//7120 1881//7122
s 1672
f 1789//7123 1775//7124 1873//7125
f 1873//7125 1775//7124 1874//7126
s 1673
f 1780//7127 1781//7128 1884//7129
f 1884//7129 1781//7128 1885//7130
s 1674
f 1774//7131 1776//7132 1881//7133
f 1881//7133 1776//7132 1882//7134
s 1675
f 1782//7135 1784//7136 1877//7137
f 1877//7137 1784//7136 1878//7138
s 1676
f 1775//7139 1777//7140 1874//7141
f 1874//7141 1777//7140 1875//7142
s 1677
f 1783//7143 1785//7144 1870//7145
f 1870//7145 1785//7144 1871//7146
s 1678
f 1776//7147 1778//7148 1882//7149
f 1882//7149 1778//7148 1883//7150
s 1679
f 1784//7151 1786//7152 1878//7153
f 1878//7153 1786//7152 1879//7154
s 1680
f 1777//7155 1779//7156 1875//7157
f 1875//7157 1779//7156 1876//7158
s 1681
f 1785//7159 1788//7160 1871//7161
f 1871//7161 1788//7160 1872//7162
s 1682
f 1778//7163 1780//7164 1883//7165
f 1883//7165 1780//7164 1884//7166
s 1683
f 1786//7167 1787//7168 1879//7169
f 1879//7169 1787//7168 1880//7170
s 1684
f 1779//7171 1782//7172 1876//7173
f 1876//7173 1782//7172 1877//7174
s 1685
f 1882//7175 1883//7176 1866//7177
f 1866//7177 1883//7176 1867//7178
s 1686
f 1886//7179 1916//7180 1791//7181
f 1791//7181 1916//7180 1818//7182
s 1687
f 1899//7183 1802//7184 1897//7185
f 1897//7185 1802//7184 1800//7186
s 1688
f 1918//7187 1819//7188 1915//7189
f 1915//7189 1819//7188 1820//7190
s 1689
f 1901//7191 1804//7192 1899//7193
f 1899//7193 1804//7192 1802//7194
s 1690
f 1899//7195 1897//7196 1926//7197
f 1926//7197 1897//7196 1927//7198
s 1691
f 1903//7199 1806//7200 1901//7201
f 1901//7201 1806//7200 1804//7202
s 1692
f 1913//7203 1816//7204 1911//7205
f 1911//7205 1816//7204 1814//7206
s 1693
f 1889//7207 1792//7208 1887//7209
f 1887//7209 1792//7208 1790//7210
s 1694
f 1905//7211 1808//7212 1903//7213
f 1903//7213 1808//7212 1806//7214
s 1695
f 1891//7215 1794//7216 1889//7217
f 1889//7217 1794//7216 1792//7218
s 1696
f 1907//7219 1810//7220 1905//7221
f 1905//7221 1810//7220 1808//7222
s 1697
f 1893//7223 1796//7224 1891//7225
f 1891//7225 1796//7224 1794//7226
s 1698
f 1909//7227 1812//7228 1907//7229
f 1907//7229 1812//7228 1810//7230
s 1699
f 1895//7231 1798//7232 1893//7233
f 1893//7233 1798//7232 1796//7234
s 1700
f 1911//7235 1814//7236 1909//7237
f 1909//7237 1814//7236 1812//7238
s 1701
f 1897//7239 1800//7240 1895//7241
f 1895//7241 1800//7240 1798//7242
s 1702
f 1788//7243 1789//7244 1872//7245
f 1872//7245 1789//7244 1873//7246
s 1703
f 1888//7247 1886//7248 1793//7249
f 1793//7249 1886//7248 1791//7250
s 1704
f 1892//7251 1890//7252 1797//7253
f 1797//7253 1890//7252 1795//7254
s 1705
f 1894//7255 1892//7256 1799//7257
f 1799//7257 1892//7256 1797//7258
s 1706
f 1896//7259 1894//7260 1801//7261
f 1801//7261 1894//7260 1799//7262
s 1707
f 1898//7263 1896//7264 1803//7265
f 1803//7265 1896//7264 1801//7266
s 1708
f 1900//7267 1898//7268 1805//7269
f 1805//7269 1898//7268 1803//7270
s 1709
f 1902//7271 1900//7272 1807//7273
f 1807//7273 1900//7272 1805//7274
s 1710
f 1904//7275 1902//7276 1809//7277
f 1809//7277 1902//7276 1807//7278
s 1711
f 1906//7279 1904//7280 1811//7281
f 1811//7281 1904//7280 1809//7282
s 1712
f 1908//7283 1906//7284 1813//7285
f 1813//7285 1906//7284 1811//7286
s 1713
f 1910//7287 1908//7288 1815//7289
f 1815//7289 1908//7288 1813//7290
s 1714
f 1912//7291 1910//7292 1817//7293
f 1817//7293 1910//7292 1815//7294
s 1715
f 1914//7295 1912//7296 1821//7297
f 1821//7297 1912//7296 1817//7298
s 1716
f 1915//7299 1820//7300 1913//7301
f 1913//7301 1820//7300 1816//7302
s 1717
f 1890//7303 1888//7304 1795//7305
f 1795//7305 1888//7304 1793//7306
s 1718
f 1916//7307 1886//7308 1781//7309
f 1781//7309 1886//7308 1783//7310
s 1719
f 1849//7311 1850//7312 1833//7313
f 1833//7313 1850//7312 1834//7314
s 1720
f 1902//7315 1904//7316 1784//7317
f 1784//7317 1904//7316 1786//7318
s 1721
f 1816//7319 1820//7320 1817//7321
f 1817//7321 1820//7320 1821//7322
s 1722
f 1915//7323 1913//7324 1917//7325
f 1917//7325 1913//7324 1919//7326
s 1723
f 1808//7327 1810//7328 1809//7329
f 1809//7329 1810//7328 1811//7330
s 1724
f 1903//7331 1901//7332 1924//7333
f 1924//7333 1901//7332 1925//7334
s 1725
f 1800//7335 1802//7336 1801//7337
f 1801//7337 1802//7336 1803//7338
s 1726
f 1907//7339 1905//7340 1922//7341
f 1922//7341 1905//7340 1923//7342
s 1727
f 1909//7343 1907//7344 1921//7345
f 1921//7345 1907//7344 1922//7346
s 1728
f 1792//7347 1794//7348 1793//7349
f 1793//7349 1794//7348 1795//7350
s 1729
f 1847//7351 1848//7352 1831//7353
f 1831//7353 1848//7352 1832//7354
s 1730
f 1906//7355 1908//7356 1787//7357
f 1787//7357 1908//7356 1774//7358
s 1731
f 1845//7359 1846//7360 1829//7361
f 1829//7361 1846//7360 1830//7362
s 1732
f 1910//7363 1912//7364 1776//7365
f 1776//7365 1912//7364 1778//7366
s 1733
f 1851//7367 1852//7368 1835//7369
f 1835//7369 1852//7368 1836//7370
s 1734
f 1908//7371 1910//7372 1774//7373
f 1774//7373 1910//7372 1776//7374
s 1735
f 1853//7375 1838//7376 1837//7377
f 1837//7377 1838//7376 1822//7378
s 1736
f 1912//7379 1914//7380 1778//7381
f 1778//7381 1914//7380 1780//7382
s 1737
f 1850//7383 1851//7384 1834//7385
f 1834//7385 1851//7384 1835//7386
s 1738
f 1900//7387 1902//7388 1782//7389
f 1782//7389 1902//7388 1784//7390
s 1739
f 1848//7391 1849//7392 1832//7393
f 1832//7393 1849//7392 1833//7394
s 1740
f 1904//7395 1906//7396 1786//7397
f 1786//7397 1906//7396 1787//7398
s 1741
f 1812//7399 1814//7400 1813//7401
f 1813//7401 1814//7400 1815//7402
s 1742
f 1887//7403 1918//7404 1932//7405
f 1932//7405 1918//7404 1773//7406
s 1743
f 1804//7407 1806//7408 1805//7409
f 1805//7409 1806//7408 1807//7410
s 1744
f 1905//7411 1903//7412 1923//7413
f 1923//7413 1903//7412 1924//7414
s 1745
f 1796//7415 1798//7416 1797//7417
f 1797//7417 1798//7416 1799//7418
s 1746
f 1911//7419 1909//7420 1920//7421
f 1920//7421 1909//7420 1921//7422
s 1747
f 1846//7423 1847//7424 1830//7425
f 1830//7425 1847//7424 1831//7426
s 1748
f 1819//7427 1790//7428 1818//7429
f 1818//7429 1790//7428 1791//7430
s off
f 1929//7431 1930//7432 1933//7433
f 1922//7434 1923//7435 1933//7436
f 1930//7437 1931//7438 1933//7439
f 1923//7440 1924//7441 1933//7442
f 1931//7443 1932//7444 1933//7445
f 1924//7446 1925//7447 1933//7448
f 1773//7449 1917//7450 1933//7451
f 1932//7452 1773//7453 1933//7454
f 1925//7455 1926//7456 1933//7457
f 1917//7458 1919//7459 1933//7460
f 1926//7461 1927//7462 1933//7463
f 1919//7464 1920//7465 1933//7466
f 1927//7467 1928//7468 1933//7469
f 1920//7470 1921//7471 1933//7472
f 1928//7473 1929//7474 1933//7475
f 1921//7476 1922//7477 1933//7478
