# This file uses centimeters as units for non-parametric coordinates.

mtllib carB.mtl
g default
v -0.468873 0.187987 0.858972
v -0.452914 0.797440 0.823127
v -0.475346 0.447316 0.886017
v 1.345909 0.802421 0.785154
v -0.145047 1.282573 0.231804
v 1.967785 0.769609 0.409737
v -1.733542 0.187974 0.858970
v -1.790280 0.737720 0.815062
v -1.733542 0.187974 0.409740
v -0.556903 0.802862 0.409739
v 1.967785 0.745496 0.832017
v 1.967785 0.289882 0.870759
v 0.641864 1.307688 0.231835
v 0.254516 0.187974 0.409738
v -0.068474 1.257729 0.586904
v 0.771225 1.256702 0.551858
v 0.255773 1.307688 0.231835
v 0.811215 1.286205 0.232434
v 0.254516 0.187974 0.858968
v 0.233861 0.797440 0.823127
v 1.967785 0.289882 0.409737
v 0.235025 1.257729 0.586903
v -1.790281 0.759423 0.434977
v 1.384932 0.824568 0.408944
v -0.466569 0.187974 0.409739
v 1.006484 0.800081 0.821870
v 0.641864 1.255176 0.588330
v -1.790280 0.453259 0.886105
v 2.056350 0.457542 0.886102
v -1.861943 0.235151 0.465348
v 0.254516 0.446101 0.886103
v 2.056349 0.471009 0.244991
v -1.909418 0.369926 0.473386
v -1.228521 0.778749 0.832019
v -1.228522 0.802862 0.409739
v -0.488015 0.564554 0.873749
v -1.790281 0.699973 0.434977
v 1.006484 0.716692 0.858968
v 2.056349 0.707273 0.409737
v 2.056350 0.570173 0.873604
v -1.790280 0.694730 0.833732
v 1.472253 0.707064 0.858967
v 0.254516 0.716692 0.858968
v -1.228521 0.716692 0.858969
v -0.467305 0.319480 0.873749
v -1.790280 0.318484 0.873607
v 2.056350 0.415485 0.882339
v -1.790281 0.318484 0.409740
v 0.254516 0.319362 0.873606
v -0.239145 1.039574 0.708363
v 1.065200 1.046708 0.669526
v 0.234446 1.050561 0.702709
v 0.306431 1.406837 0.395606
v -1.227619 0.188038 0.412024
v -1.227619 0.664621 0.897660
v -1.095716 0.638384 0.897660
v -0.983894 0.563666 0.897660
v -0.909177 0.451844 0.897660
v -0.882939 0.319941 0.897660
v -0.909177 0.188038 0.897660
v -1.546061 0.188038 0.897661
v -1.572298 0.319941 0.897661
v -1.546061 0.451844 0.897661
v -1.471344 0.563667 0.897661
v -1.359522 0.638384 0.897660
v -1.060088 0.802862 0.409739
v -1.056037 0.778749 0.832019
v -1.056037 0.713081 0.858969
v -1.409743 0.778749 0.832020
v -1.409743 0.802862 0.409739
v -1.409743 0.710673 0.858969
v 1.228658 0.188038 0.412022
v 1.228659 0.664621 0.897659
v 1.360562 0.638384 0.897659
v 1.472384 0.563666 0.897659
v 1.547101 0.451844 0.897659
v 1.573339 0.319941 0.897659
v 1.547101 0.188038 0.897659
v 0.910217 0.188038 0.897659
v 0.883979 0.319941 0.897659
v 0.910217 0.451844 0.897659
v 0.984934 0.563667 0.897659
v 1.096756 0.638384 0.897659
v 1.036827 0.800081 0.821870
v 0.662789 1.255176 0.588330
v 0.681186 1.307688 0.231835
v 1.239369 0.716692 0.858968
v 0.877783 1.050519 0.702730
v 2.056349 0.556706 0.244991
v 2.056350 0.683439 0.858967
v -0.525988 0.716692 0.858969
v 0.254516 0.564781 0.873606
v -1.790280 0.588123 0.434977
v -1.790280 0.588123 0.843006
v 2.056350 0.638384 0.858967
v 0.254516 0.638384 0.858968
v -0.504985 0.638384 0.858973
v -1.790280 0.635960 0.833732
v 2.056349 0.643432 0.409737
v -1.790280 0.630792 0.434977
v 1.510001 0.564062 0.897657
v 1.075298 0.656998 0.897654
v 1.381195 0.652850 0.897655
v 1.046881 0.638384 0.897657
v 0.848845 0.319898 0.897658
v 1.233182 0.686611 0.897651
v 0.872522 0.188033 0.897658
v 1.577593 0.188034 0.897657
v 0.872518 0.451412 0.897658
v 1.608203 0.319513 0.897657
v 1.414585 0.638384 0.897657
v 0.942456 0.563749 0.897658
v 1.581473 0.452204 0.897657
v 1.474331 0.638384 0.858984
v 1.541165 0.564389 0.874177
v 1.622957 0.188029 0.858984
v 1.634105 0.319195 0.874177
v 1.595326 0.452349 0.885758
v 0.980261 0.638384 0.858984
v 0.825073 0.319869 0.877641
v 0.824119 0.188027 0.858984
v 0.863555 0.451309 0.890496
v 0.913622 0.563805 0.877641
v 1.053080 0.676271 0.858978
v 1.412020 0.674462 0.858978
v -1.427529 0.638384 0.897657
v -1.612179 0.319675 0.897657
v -1.524953 0.563535 0.897657
v -0.867311 0.451157 0.897658
v -0.846172 0.319875 0.897658
v -1.587608 0.188027 0.897657
v -1.082214 0.665029 0.897654
v -1.228096 0.692162 0.897650
v -1.587615 0.452085 0.897657
v -1.376272 0.664502 0.897654
v -0.936174 0.563792 0.897658
v -1.038082 0.638384 0.897658
v -0.871334 0.188031 0.897658
v -0.854307 0.450943 0.885758
v -0.822276 0.319833 0.874177
v -0.904774 0.563874 0.874177
v -0.972372 0.638384 0.858984
v -0.828521 0.188023 0.858984
v -1.501151 0.635477 0.858982
v -1.630887 0.319550 0.877640
v -1.552824 0.563467 0.877640
v -1.628742 0.188016 0.858982
v -1.595232 0.452129 0.890495
v -1.393659 0.691613 0.858975
v -1.068336 0.692420 0.858975
v 0.255773 1.260574 0.476213
v -1.790281 0.756222 0.379818
v -1.790280 0.762030 0.832020
v -1.790281 0.699973 0.379818
v -1.790280 0.699974 0.858970
v -1.790280 0.562885 0.873607
v -1.790280 0.592806 0.379818
v -1.790280 0.630792 0.379818
v -1.790280 0.638384 0.858970
v -1.765171 0.694730 0.833732
v -1.765172 0.699973 0.434977
v -1.765171 0.635960 0.833732
v -1.765171 0.630792 0.434977
v -1.765172 0.759423 0.434977
v -1.765171 0.737720 0.815062
v -1.765171 0.588123 0.843006
v -1.765171 0.588123 0.434977
v -1.790281 0.786143 0.409740
v -1.790281 0.699973 0.409740
v -1.790280 0.562885 0.409739
v -1.790280 0.630792 0.409739
v -1.770980 0.699973 0.379818
v -1.770980 0.630792 0.379818
v -1.770980 0.756222 0.379818
v -1.770980 0.592806 0.379818
v -1.861943 0.479552 0.409740
v -1.909418 0.369926 0.409740
v -1.861943 0.479552 0.873607
v -1.909418 0.369926 0.940655
v -1.861943 0.235151 0.873607
v -1.861943 0.235151 0.409740
v -1.808146 0.479552 0.409740
v -1.808146 0.235151 0.873607
v -1.808146 0.235151 0.409740
v -1.808145 0.479552 0.873607
v -1.808145 0.369926 0.940654
v -1.808146 0.436952 0.434423
v -1.790280 0.520286 0.434423
v -1.790280 0.520286 0.734172
v -1.790280 0.449446 0.742248
v -1.790280 0.362354 0.734172
v -1.790281 0.362354 0.434423
v -1.808146 0.436952 0.734172
v -1.808146 0.366113 0.742248
v -1.808146 0.279021 0.734172
v -1.808146 0.279021 0.434423
v -1.861943 0.479552 0.465348
v -1.808146 0.235151 0.465348
v -1.808146 0.479552 0.465348
v -1.808146 0.279021 0.470357
v -1.808146 0.436952 0.470357
v -1.716404 0.245670 0.434423
v -1.716404 0.469189 0.434423
v -1.871894 0.529480 0.409740
v -1.773926 0.529480 0.409739
v -1.939085 0.374327 0.409740
v -1.939085 0.374327 0.473386
v -1.871894 0.183580 0.409740
v -1.871894 0.183580 0.465348
v -1.871894 0.529480 0.465348
v -1.716404 0.152727 0.409740
v -1.716404 0.152727 0.465348
v -1.773926 0.529480 0.465348
v -1.716404 0.245670 0.470357
v -1.716404 0.469189 0.470357
v -1.802989 0.666253 0.742878
v -1.753764 0.666253 0.677580
v -1.784665 0.637595 0.812065
v -1.753764 0.641264 0.682551
v -1.753764 0.613300 0.795832
v -1.753764 0.620080 0.696705
v -1.784665 0.613300 0.795832
v -1.753764 0.605925 0.717890
v -1.753764 0.597066 0.771537
v -1.753764 0.600954 0.742878
v -1.784665 0.597066 0.771537
v -1.753764 0.605925 0.767867
v -1.753764 0.591366 0.742878
v -1.753764 0.620080 0.789051
v -1.784665 0.591366 0.742878
v -1.753763 0.641264 0.803206
v -1.753764 0.597066 0.714220
v -1.753763 0.666253 0.808177
v -1.784665 0.597066 0.714220
v -1.753763 0.691241 0.803206
v -1.753764 0.613300 0.689925
v -1.753764 0.712426 0.789051
v -1.784665 0.613300 0.689925
v -1.753764 0.726581 0.767867
v -1.753764 0.666253 0.667991
v -1.753764 0.731551 0.742878
v -1.753764 0.637595 0.673692
v -1.753764 0.726581 0.717890
v -1.784665 0.637595 0.673692
v -1.753764 0.712426 0.696705
v -1.784665 0.666253 0.667991
v -1.753764 0.691241 0.682550
v -1.784665 0.666253 0.677580
v -1.784665 0.641264 0.682551
v -1.784665 0.620080 0.696705
v -1.784665 0.605925 0.717890
v -1.784665 0.600954 0.742878
v -1.784665 0.605925 0.767867
v -1.784665 0.620080 0.789051
v -1.784665 0.641264 0.803206
v -1.784665 0.666253 0.808177
v -1.784665 0.691241 0.803206
v -1.784665 0.712426 0.789051
v -1.784665 0.726581 0.767867
v -1.784665 0.731551 0.742878
v -1.784665 0.726581 0.717890
v -1.784665 0.712426 0.696705
v -1.784665 0.691241 0.682550
v -1.797589 0.666253 0.707495
v -1.797589 0.652712 0.710189
v -1.797589 0.641233 0.717859
v -1.797589 0.633563 0.729338
v -1.797589 0.630870 0.742878
v -1.797589 0.633563 0.756419
v -1.797589 0.641233 0.767898
v -1.797589 0.652712 0.775568
v -1.797589 0.666253 0.778262
v -1.797589 0.679793 0.775568
v -1.797589 0.691273 0.767898
v -1.797589 0.698943 0.756419
v -1.797589 0.701636 0.742878
v -1.797589 0.698943 0.729338
v -1.797589 0.691273 0.717859
v -1.797589 0.679793 0.710188
v -1.753763 0.637595 0.812065
v -1.784665 0.666253 0.817765
v -1.753763 0.666253 0.817765
v -1.784665 0.694911 0.812065
v -1.753763 0.694911 0.812065
v -1.784665 0.719206 0.795832
v -1.753764 0.719206 0.795832
v -1.784665 0.735440 0.771536
v -1.753764 0.735439 0.771536
v -1.784665 0.741140 0.742878
v -1.753764 0.741140 0.742878
v -1.784665 0.735440 0.714220
v -1.753764 0.735439 0.714220
v -1.784665 0.719206 0.689925
v -1.753764 0.719206 0.689925
v -1.784665 0.694911 0.673692
v -1.753764 0.694911 0.673692
v -1.802989 0.666253 0.563684
v -1.753764 0.666253 0.498386
v -1.784665 0.637595 0.632871
v -1.753764 0.641264 0.503356
v -1.753764 0.613300 0.616638
v -1.753764 0.620080 0.517511
v -1.784665 0.613300 0.616638
v -1.753764 0.605925 0.538696
v -1.753764 0.597066 0.592342
v -1.753764 0.600954 0.563684
v -1.784665 0.597066 0.592342
v -1.753764 0.605925 0.588673
v -1.753764 0.591366 0.563684
v -1.753764 0.620080 0.609857
v -1.784665 0.591366 0.563684
v -1.753764 0.641264 0.624012
v -1.753764 0.597066 0.535026
v -1.753764 0.666253 0.628983
v -1.784665 0.597066 0.535026
v -1.753764 0.691241 0.624012
v -1.753764 0.613300 0.510731
v -1.753764 0.712426 0.609857
v -1.784665 0.613300 0.510731
v -1.753764 0.726581 0.588673
v -1.753764 0.666253 0.488797
v -1.753764 0.731551 0.563684
v -1.753764 0.637595 0.494498
v -1.753764 0.726581 0.538696
v -1.784665 0.637595 0.494498
v -1.753764 0.712426 0.517511
v -1.784665 0.666253 0.488797
v -1.753764 0.691241 0.503356
v -1.784665 0.666253 0.498386
v -1.784665 0.641264 0.503356
v -1.784665 0.620080 0.517511
v -1.784665 0.605925 0.538696
v -1.784665 0.600954 0.563684
v -1.784665 0.605925 0.588673
v -1.784665 0.620080 0.609857
v -1.784665 0.641264 0.624012
v -1.784665 0.666253 0.628983
v -1.784665 0.691241 0.624012
v -1.784665 0.712426 0.609857
v -1.784665 0.726581 0.588673
v -1.784665 0.731551 0.563684
v -1.784665 0.726581 0.538696
v -1.784665 0.712426 0.517511
v -1.784665 0.691241 0.503356
v -1.797589 0.666253 0.528301
v -1.797589 0.652712 0.530994
v -1.797589 0.641233 0.538665
v -1.797589 0.633563 0.550144
v -1.797589 0.630869 0.563684
v -1.797589 0.633563 0.577225
v -1.797589 0.641233 0.588704
v -1.797589 0.652712 0.596374
v -1.797589 0.666253 0.599067
v -1.797589 0.679793 0.596374
v -1.797589 0.691272 0.588704
v -1.797589 0.698943 0.577225
v -1.797589 0.701636 0.563684
v -1.797589 0.698943 0.550144
v -1.797589 0.691272 0.538665
v -1.797589 0.679793 0.530994
v -1.753764 0.637595 0.632871
v -1.784665 0.666253 0.638571
v -1.753764 0.666253 0.638571
v -1.784665 0.694911 0.632871
v -1.753764 0.694911 0.632871
v -1.784665 0.719206 0.616637
v -1.753764 0.719206 0.616637
v -1.784665 0.735439 0.592342
v -1.753764 0.735439 0.592342
v -1.784665 0.741140 0.563684
v -1.753764 0.741140 0.563684
v -1.784665 0.735439 0.535026
v -1.753764 0.735439 0.535026
v -1.784665 0.719206 0.510731
v -1.753764 0.719206 0.510731
v -1.784665 0.694911 0.494498
v -1.753764 0.694911 0.494498
v -1.799754 0.452596 0.860302
v -1.799754 0.449017 0.725294
v -1.799754 0.555479 0.848573
v -1.799754 0.326110 0.848573
v -1.799754 0.326110 0.413236
v -1.799754 0.555479 0.413236
v -1.799754 0.515500 0.717714
v -1.799754 0.367283 0.717714
v -1.799754 0.367283 0.436401
v -1.799754 0.515500 0.436401
v -1.839388 0.152727 0.409740
v -1.839388 0.152727 0.465348
v -1.765307 0.606588 0.344771
v -1.765307 0.592280 0.344771
v -1.765307 0.606588 0.359079
v -1.765307 0.592280 0.359079
v -1.779615 0.606588 0.344771
v -1.779615 0.592280 0.344771
v -1.779615 0.606588 0.359079
v -1.779615 0.592280 0.359079
v -1.765307 0.631076 0.359079
v -1.779615 0.631076 0.359079
v -1.765307 0.631076 0.344771
v -1.779615 0.631076 0.344771
v -1.765307 0.643993 0.359079
v -1.779615 0.643993 0.359079
v -1.765307 0.643993 0.344771
v -1.779615 0.643993 0.344771
v -1.765307 0.668481 0.359079
v -1.779615 0.668481 0.359079
v -1.765307 0.668481 0.344771
v -1.779615 0.668481 0.344771
v -1.765307 0.680052 0.359079
v -1.779615 0.680052 0.359079
v -1.765307 0.680052 0.344771
v -1.779615 0.680052 0.344771
v -1.765307 0.709114 0.359079
v -1.779615 0.709114 0.359079
v -1.765307 0.709114 0.344771
v -1.779615 0.709114 0.344771
v -1.765307 0.720775 0.359079
v -1.779615 0.720775 0.359079
v -1.765307 0.720775 0.344771
v -1.779615 0.720775 0.344771
v -1.765307 0.745218 0.359079
v -1.779615 0.745218 0.359079
v -1.765307 0.745218 0.344771
v -1.779615 0.745218 0.344771
v -1.765307 0.757551 0.359079
v -1.779615 0.757551 0.359079
v -1.765307 0.757551 0.344771
v -1.779615 0.757551 0.344771
v 1.982678 0.509277 0.825469
v 1.982678 0.632413 0.825469
v 1.982678 0.509277 0.408109
v 1.982678 0.632413 0.408109
v 2.075969 0.509277 0.825469
v 2.075969 0.632413 0.825469
v 2.075969 0.509277 0.408109
v 2.075969 0.632413 0.408109
v 2.084505 0.623990 0.430867
v 2.084505 0.517700 0.430867
v 2.084505 0.517700 0.802711
v 2.084505 0.623990 0.802711
v 1.982678 0.509277 0.615241
v 1.982678 0.632413 0.615241
v 2.075969 0.509277 0.615240
v 2.075969 0.632413 0.615240
v 2.084505 0.517700 0.615409
v 2.084505 0.623990 0.615409
v 1.982678 0.570845 0.838248
v 1.982678 0.570845 0.391296
v 2.075969 0.570845 0.391296
v 2.075969 0.570845 0.838248
v 2.084505 0.570845 0.420485
v 2.084505 0.570845 0.817567
v 2.084505 0.570845 0.615409
v 1.982678 0.570845 0.615241
v 2.056349 0.570173 0.409737
v 2.056349 0.457542 0.409737
v 2.035526 0.556706 0.244991
v 2.035526 0.471009 0.244991
v 2.062167 0.396255 0.856969
v 2.075727 0.457542 0.886102
v 2.000722 0.309112 0.409737
v 2.000723 0.309112 0.848935
v 2.084909 0.406662 0.409737
v 2.075727 0.457542 0.409737
v 1.996345 0.289882 0.409737
v 1.996345 0.289882 0.870759
v 2.062167 0.396255 0.023529
v 2.000722 0.309112 0.023529
v 2.084909 0.406662 0.882339
v 2.062167 0.396255 0.409737
v 2.059793 0.396255 0.409737
v 1.964602 0.309112 0.409737
v 2.059793 0.396255 0.023529
v 1.964602 0.309112 0.023529
v 1.964602 0.309112 0.848935
v 2.059793 0.396255 0.856969
v -1.709126 0.585304 0.882231
v -1.709126 0.611223 0.882231
v -1.713885 0.580184 0.846684
v -1.713885 0.615731 0.846684
v -1.678408 0.579152 0.882231
v -1.678366 0.621066 0.882231
v -1.678338 0.573064 0.846684
v -1.678338 0.627105 0.846684
v -1.639305 0.615731 0.846684
v -1.639305 0.580184 0.846684
v -1.643991 0.585429 0.882231
v -1.643991 0.611049 0.882231
v -1.713885 0.580184 0.876186
v -1.713885 0.615731 0.876186
v -1.678338 0.573064 0.876186
v -1.678338 0.627105 0.876186
v -1.639305 0.615731 0.876186
v -1.639305 0.580184 0.876186
v -1.723073 0.597957 0.876186
v -1.723073 0.597957 0.846684
v -1.678338 0.600085 0.846684
v -1.629579 0.597957 0.846684
v -1.629579 0.597957 0.876186
v -1.719270 0.598264 0.882231
v -1.633255 0.598239 0.882231
v -1.678226 0.618978 0.879028
v -1.715279 0.598323 0.879028
v -1.706091 0.610062 0.879028
v -1.706091 0.586583 0.879028
v -1.678264 0.581010 0.879028
v -1.637362 0.598300 0.879028
v -1.647088 0.586696 0.879028
v -1.647088 0.609904 0.879028
v -1.677081 0.598872 0.881218
v 1.882899 0.585304 0.882229
v 1.882899 0.611223 0.882229
v 1.878140 0.580184 0.846682
v 1.878140 0.615731 0.846682
v 1.913617 0.579152 0.882229
v 1.913659 0.621066 0.882229
v 1.913687 0.573064 0.846682
v 1.913687 0.627105 0.846682
v 1.952720 0.615731 0.846682
v 1.952720 0.580184 0.846682
v 1.948034 0.585429 0.882228
v 1.948034 0.611049 0.882228
v 1.878140 0.580184 0.876184
v 1.878140 0.615731 0.876184
v 1.913687 0.573064 0.876184
v 1.913687 0.627105 0.876184
v 1.952720 0.615731 0.876183
v 1.952720 0.580184 0.876183
v 1.868952 0.597957 0.876184
v 1.868952 0.597957 0.846682
v 1.913687 0.600085 0.846682
v 1.962446 0.597957 0.846682
v 1.962446 0.597957 0.876183
v 1.872755 0.598264 0.882229
v 1.958770 0.598239 0.882228
v 1.913799 0.618978 0.879025
v 1.876746 0.598323 0.879025
v 1.885934 0.610062 0.879025
v 1.885934 0.586583 0.879025
v 1.913761 0.581010 0.879025
v 1.954663 0.598300 0.879025
v 1.944937 0.586696 0.879025
v 1.944937 0.609904 0.879025
v 1.914944 0.598872 0.881216
v 0.153493 0.660266 0.895629
v 0.153493 0.687114 0.895629
v 0.153606 0.660266 0.868782
v 0.153606 0.687114 0.868782
v 0.180436 0.660266 0.873074
v 0.180436 0.687114 0.873074
v 0.180548 0.660266 0.846227
v 0.180548 0.687114 0.846226
v 0.062910 0.660266 0.868401
v 0.062797 0.660266 0.895249
v 0.062797 0.687114 0.895249
v 0.062910 0.687114 0.868401
v 0.038700 0.660266 0.845631
v 0.038587 0.660266 0.872479
v 0.038587 0.687114 0.872479
v 0.038700 0.687114 0.845631
v -0.517140 0.730891 0.957038
v -0.517140 0.818318 0.957038
v -0.511804 0.749336 0.892236
v -0.516868 0.806427 0.892215
v -0.490869 0.745909 0.957219
v -0.490869 0.803256 0.957227
v -0.498330 0.749336 0.892292
v -0.490659 0.794071 0.907153
v -0.517429 0.741603 1.025869
v -0.517429 0.806427 1.025869
v -0.491095 0.793940 1.011151
v -0.491095 0.754302 1.011151
v -0.531275 0.774015 0.956979
v -0.519194 0.766282 0.892205
v -0.498330 0.766282 0.892292
v -0.490869 0.774015 0.957149
v -0.531564 0.774015 1.025810
v -0.491095 0.774015 1.011151
v -0.531003 0.774015 0.892155
v -0.516868 0.741603 0.892215
v -0.490659 0.754182 0.907153
v -0.490659 0.774015 0.907153
v -0.518957 0.740159 0.835783
v -0.511567 0.723213 0.835814
v -0.498093 0.723213 0.835871
v -0.498093 0.740159 0.835871
v -0.490597 0.774015 0.892325
v -0.490597 0.741603 0.892325
v -0.490869 0.730891 0.957149
v -0.490597 0.806427 0.892325
v -0.490869 0.818318 0.957149
v -0.491158 0.774015 1.025980
v -0.491158 0.741603 1.025980
v -0.491158 0.806427 1.025980
v 0.928416 0.660266 0.895629
v 0.928416 0.687114 0.895629
v 0.928529 0.660266 0.868781
v 0.928529 0.687114 0.868781
v 0.955359 0.660266 0.873073
v 0.955359 0.687114 0.873073
v 0.955472 0.660266 0.846226
v 0.955472 0.687114 0.846226
v 0.837833 0.660266 0.868401
v 0.837720 0.660266 0.895248
v 0.837720 0.687114 0.895248
v 0.837833 0.687114 0.868401
v 0.813623 0.660266 0.845631
v 0.813511 0.660266 0.872478
v 0.813511 0.687114 0.872478
v 0.813623 0.687114 0.845631
v 0.278188 0.800081 0.821870
v -0.479024 0.805254 0.785799
v -0.104193 1.252628 0.555440
v 0.279339 1.255176 0.588331
v -0.267590 1.044410 0.671973
v 0.278768 1.050472 0.702756
v 0.234448 1.044555 0.691063
v -0.239144 1.033569 0.696717
v 0.233862 0.791434 0.811480
v -0.452913 0.791434 0.811481
v 0.235026 1.251723 0.575257
v -0.068473 1.251723 0.575257
v 1.006484 0.778749 0.832018
v 0.254516 0.778749 0.832018
v 0.641864 1.275796 0.576804
v 0.255145 1.050519 0.702731
v 0.255773 1.275796 0.576804
v 1.081322 0.778749 0.832018
v 0.674244 1.275796 0.576804
v 0.858692 1.038138 0.709153
v 0.824172 1.045338 0.692700
v 1.006483 0.794900 0.811839
v 0.641862 1.249995 0.578300
v 0.858690 1.032957 0.699122
v 0.278766 1.045290 0.692725
v 0.278187 0.794900 0.811840
v 0.279337 1.249995 0.578300
v 1.036826 0.794900 0.811839
v 0.662787 1.249995 0.578300
v 0.273848 1.406837 0.389124
v 0.273848 1.327819 0.365307
v 0.304435 1.339148 0.371391
v 0.350896 1.327819 0.397221
v 0.374516 1.327819 0.432571
v 0.382811 1.327819 0.474269
v 0.374516 1.327819 0.515968
v 0.350896 1.327819 0.551318
v 0.315546 1.327819 0.574938
v 0.273848 1.327819 0.583232
v 0.232150 1.327819 0.574938
v 0.196800 1.327819 0.551318
v 0.173180 1.327819 0.515968
v 0.164885 1.327819 0.474270
v 0.173179 1.327819 0.432571
v 0.196800 1.327819 0.397221
v 0.243261 1.339148 0.371391
v 0.334054 1.406837 0.414063
v 0.352512 1.406837 0.441686
v 0.358993 1.406837 0.474269
v 0.352512 1.406837 0.506853
v 0.334055 1.406837 0.534476
v 0.306432 1.406837 0.552933
v 0.273848 1.406837 0.559415
v 0.241264 1.406837 0.552933
v 0.213641 1.406837 0.534476
v 0.195184 1.406837 0.506853
v 0.188703 1.406837 0.474270
v 0.195184 1.406837 0.441686
v 0.213641 1.406837 0.414063
v 0.241264 1.406837 0.395606
v 0.273848 1.267808 0.403299
v 0.301007 1.267808 0.408701
v 0.301007 1.327819 0.408701
v 0.273848 1.327819 0.403299
v 0.324032 1.267808 0.424086
v 0.324032 1.327819 0.424086
v 0.339416 1.267808 0.447110
v 0.339416 1.327819 0.447110
v 0.344819 1.267808 0.474269
v 0.344819 1.327819 0.474269
v 0.339416 1.267808 0.501429
v 0.339416 1.327819 0.501429
v 0.324032 1.267808 0.524453
v 0.324032 1.327819 0.524453
v 0.301007 1.267808 0.539838
v 0.301007 1.327819 0.539838
v 0.273848 1.267808 0.545240
v 0.273848 1.327819 0.545240
v 0.246689 1.267808 0.539838
v 0.246689 1.327819 0.539838
v 0.223664 1.267808 0.524453
v 0.223664 1.327819 0.524453
v 0.208280 1.267808 0.501429
v 0.208280 1.327819 0.501429
v 0.202877 1.267808 0.474269
v 0.202877 1.327819 0.474269
v 0.208279 1.267808 0.447110
v 0.208279 1.327819 0.447110
v 0.223664 1.267808 0.424086
v 0.223664 1.327819 0.424086
v 0.246689 1.267808 0.408701
v 0.246689 1.327819 0.408701
v 0.273848 1.406837 0.365307
v 0.243261 1.395508 0.371391
v 0.196800 1.406837 0.397221
v 0.173179 1.406837 0.432571
v 0.164885 1.406837 0.474270
v 0.173180 1.406837 0.515968
v 0.196800 1.406837 0.551318
v 0.232150 1.406837 0.574938
v 0.273848 1.406837 0.583232
v 0.315546 1.406837 0.574938
v 0.350896 1.406837 0.551318
v 0.374516 1.406837 0.515968
v 0.382811 1.406837 0.474269
v 0.374516 1.406837 0.432571
v 0.350896 1.406837 0.397221
v 0.304435 1.395508 0.371391
v 0.273848 1.509156 0.389124
v 0.241264 1.509156 0.395606
v 0.213641 1.509156 0.414063
v 0.195184 1.509156 0.441686
v 0.188703 1.509156 0.474270
v 0.195184 1.509156 0.506853
v 0.213641 1.509156 0.534476
v 0.241264 1.509156 0.552933
v 0.273848 1.509156 0.559415
v 0.306431 1.509156 0.552933
v 0.334055 1.509156 0.534476
v 0.352512 1.509156 0.506853
v 0.358993 1.509156 0.474269
v 0.352512 1.509156 0.441686
v 0.334054 1.509156 0.414063
v 0.306431 1.509156 0.395606
v 0.273848 1.528140 0.474269
v 0.315546 1.327819 0.373601
v 0.315546 1.406837 0.373601
v 0.273848 1.395508 0.365307
v 0.232150 1.406837 0.373601
v 0.273848 1.339148 0.365307
v 0.232150 1.327819 0.373601
v 0.304434 1.395508 0.095299
v 0.273848 1.395508 0.094392
v 0.273848 1.339148 0.094392
v 0.304434 1.339148 0.095299
v 0.243261 1.339148 0.095299
v 0.243261 1.395508 0.095299
v 0.314937 1.405184 0.074945
v 0.273848 1.329472 0.066432
v 0.240363 1.329472 0.067171
v 0.232758 1.405184 0.074945
v 0.273848 1.405184 0.074038
v 0.307332 1.329472 0.067171
v 2.062167 0.396255 -0.023532
v 2.000722 0.309112 -0.023532
v 2.059793 0.396255 -0.023532
v 1.964602 0.309112 -0.023532
v 0.273847 1.329472 -0.074039
v 0.232758 1.329472 -0.074946
v -0.255808 1.050519 0.702731
v -0.079398 1.275796 0.576804
v -0.495905 0.778749 0.832019
v -0.534030 0.827240 0.407950
v -0.122913 1.307688 0.231836
v -0.317040 1.038466 0.320787
v -0.520866 0.815187 0.407950
v -0.131883 1.270520 0.231804
v -0.254427 1.032357 0.671973
v -0.091030 1.240575 0.555440
v -0.465861 0.793201 0.785799
v 1.412403 0.802862 0.409737
v 1.369194 0.778749 0.832018
v 0.783537 1.307688 0.231835
v 0.740328 1.275796 0.576804
v 1.054761 1.050519 0.702730
v 1.091059 1.041663 0.320786
v 1.378021 0.815712 0.408944
v 0.804304 1.277349 0.232434
v 1.058290 1.037852 0.669526
v 1.338999 0.793565 0.785154
v 0.764314 1.247845 0.551858
v 0.910216 0.188038 0.412023
v 1.228658 0.664621 0.412022
v 1.360562 0.638384 0.412022
v 1.472384 0.563666 0.412022
v 1.547101 0.451844 0.412022
v 1.573338 0.319941 0.412022
v 1.547101 0.188038 0.412022
v 0.883979 0.319941 0.412023
v 0.910216 0.451844 0.412022
v 0.984933 0.563667 0.412022
v 1.096756 0.638384 0.412022
v -1.546062 0.188038 0.412024
v -1.227619 0.664621 0.412024
v -1.095716 0.638384 0.412024
v -0.983894 0.563666 0.412024
v -0.909177 0.451844 0.412024
v -0.882940 0.319941 0.412024
v -0.909177 0.188038 0.412024
v -1.572299 0.319941 0.412024
v -1.546062 0.451844 0.412024
v -1.471344 0.563667 0.412024
v -1.359522 0.638384 0.412024
v 0.273848 1.528140 0.399401
v 0.245197 1.528140 0.405100
v 0.220908 1.528140 0.421329
v 0.204678 1.528140 0.445618
v 0.198979 1.528140 0.474270
v 0.204678 1.528140 0.502921
v 0.220908 1.528140 0.527210
v 0.245197 1.528140 0.543439
v 0.273848 1.528140 0.549138
v 0.302499 1.528140 0.543439
v 0.326788 1.528140 0.527210
v 0.343017 1.528140 0.502920
v 0.348717 1.528140 0.474269
v 0.343017 1.528140 0.445618
v 0.326788 1.528140 0.421329
v 0.302499 1.528140 0.405100
v 0.232758 1.329472 0.074945
v 0.314937 1.329472 0.074945
v 0.273848 1.329472 0.074038
v 0.273848 1.306056 0.066432
v 0.240363 1.306056 0.067171
v 0.307332 1.306056 0.067171
v -0.468874 0.187986 -0.858972
v -0.452915 0.797440 -0.823127
v -0.475347 0.447316 -0.886016
v 1.345909 0.802421 -0.785156
v -0.145047 1.282573 -0.231804
v 1.967785 0.769609 -0.409740
v -1.733543 0.187974 -0.858967
v -1.790281 0.737720 -0.815060
v -1.733543 0.187974 -0.409737
v -0.556903 0.802862 -0.409738
v 1.967784 0.745495 -0.832020
v 1.967784 0.289882 -0.870761
v 0.641863 1.307688 -0.231836
v 0.254515 0.187974 -0.409739
v -0.068475 1.257729 -0.586904
v 0.771225 1.256702 -0.551859
v 0.255773 1.307688 -0.231836
v 0.811215 1.286205 -0.232435
v 0.254515 0.187974 -0.858969
v 0.233860 0.797440 -0.823127
v 1.967785 0.289882 -0.409740
v 0.235024 1.257729 -0.586904
v -1.790281 0.759423 -0.434975
v 1.384932 0.824568 -0.408946
v -0.466570 0.187974 -0.409738
v 1.006483 0.800081 -0.821871
v 0.641863 1.255176 -0.588331
v -1.790281 0.453259 -0.886102
v 2.056349 0.457542 -0.886105
v -1.861944 0.235151 -0.465346
v 0.254515 0.446100 -0.886103
v 2.056349 0.471009 -0.244994
v -1.909419 0.369926 -0.473384
v -1.228522 0.778749 -0.832018
v -1.228522 0.802862 -0.409738
v -0.488017 0.564553 -0.873749
v -1.790281 0.699973 -0.434975
v 1.006483 0.716692 -0.858969
v 2.056349 0.707273 -0.409740
v 2.056349 0.570173 -0.873607
v -1.790281 0.694730 -0.833730
v 1.472252 0.707064 -0.858970
v 0.254515 0.716692 -0.858969
v -1.228522 0.716692 -0.858968
v -0.467306 0.319480 -0.873749
v -1.790281 0.318484 -0.873605
v 2.056349 0.415485 -0.882342
v -1.790281 0.318484 -0.409737
v 0.254515 0.319362 -0.873606
v -0.239146 1.039574 -0.708363
v 1.065199 1.046708 -0.669527
v 0.234446 1.050561 -0.702710
v 0.306431 1.406837 -0.395606
v -1.227620 0.188038 -0.412022
v -1.227620 0.664621 -0.897659
v -1.095717 0.638383 -0.897659
v -0.983895 0.563666 -0.897659
v -0.909178 0.451844 -0.897659
v -0.882941 0.319941 -0.897659
v -0.909178 0.188038 -0.897659
v -1.546062 0.188038 -0.897659
v -1.572300 0.319941 -0.897658
v -1.546062 0.451844 -0.897659
v -1.471345 0.563666 -0.897659
v -1.359523 0.638384 -0.897659
v -1.060089 0.802862 -0.409738
v -1.056038 0.778749 -0.832018
v -1.056038 0.713081 -0.858968
v -1.409744 0.778749 -0.832018
v -1.409744 0.802862 -0.409737
v -1.409744 0.710673 -0.858968
v 1.228658 0.188038 -0.412024
v 1.228658 0.664621 -0.897660
v 1.360561 0.638383 -0.897660
v 1.472383 0.563666 -0.897660
v 1.547100 0.451844 -0.897660
v 1.573337 0.319941 -0.897661
v 1.547100 0.188038 -0.897660
v 0.910215 0.188038 -0.897660
v 0.883978 0.319941 -0.897660
v 0.910215 0.451844 -0.897660
v 0.984932 0.563666 -0.897660
v 1.096755 0.638384 -0.897660
v 1.036826 0.800081 -0.821871
v 0.662788 1.255176 -0.588331
v 0.681186 1.307688 -0.231836
v 1.239367 0.716692 -0.858969
v 0.877782 1.050519 -0.702732
v 2.056349 0.556706 -0.244994
v 2.056349 0.683439 -0.858970
v -0.525989 0.716692 -0.858968
v 0.254515 0.564781 -0.873606
v -1.790281 0.588123 -0.434975
v -1.790281 0.588123 -0.843004
v 2.056349 0.638383 -0.858970
v 0.254515 0.638384 -0.858969
v -0.504986 0.638384 -0.858972
v -1.790281 0.635960 -0.833729
v 2.056349 0.643432 -0.409740
v -1.790281 0.630792 -0.434975
v 1.510000 0.564062 -0.897659
v 1.075297 0.656998 -0.897656
v 1.381194 0.652850 -0.897657
v 1.046880 0.638384 -0.897659
v 0.848844 0.319898 -0.897659
v 1.233180 0.686610 -0.897652
v 0.872521 0.188033 -0.897659
v 1.577592 0.188034 -0.897660
v 0.872517 0.451412 -0.897659
v 1.608202 0.319513 -0.897659
v 1.414583 0.638383 -0.897659
v 0.942455 0.563749 -0.897659
v 1.581472 0.452204 -0.897659
v 1.474330 0.638383 -0.858986
v 1.541163 0.564389 -0.874179
v 1.622956 0.188029 -0.858986
v 1.634104 0.319195 -0.874179
v 1.595325 0.452349 -0.885760
v 0.980260 0.638384 -0.858985
v 0.825072 0.319869 -0.877642
v 0.824118 0.188027 -0.858985
v 0.863554 0.451309 -0.890497
v 0.913621 0.563805 -0.877642
v 1.053079 0.676271 -0.858979
v 1.412019 0.674461 -0.858980
v -1.427530 0.638384 -0.897656
v -1.612180 0.319675 -0.897655
v -1.524954 0.563535 -0.897655
v -0.867312 0.451157 -0.897657
v -0.846174 0.319875 -0.897657
v -1.587609 0.188027 -0.897655
v -1.082216 0.665029 -0.897652
v -1.228097 0.692162 -0.897649
v -1.587616 0.452085 -0.897655
v -1.376273 0.664501 -0.897652
v -0.936175 0.563792 -0.897657
v -1.038083 0.638384 -0.897657
v -0.871336 0.188031 -0.897657
v -0.854309 0.450943 -0.885757
v -0.822277 0.319833 -0.874176
v -0.904775 0.563874 -0.874176
v -0.972374 0.638384 -0.858983
v -0.828522 0.188023 -0.858983
v -1.501153 0.635477 -0.858980
v -1.630889 0.319550 -0.877638
v -1.552825 0.563467 -0.877638
v -1.628743 0.188016 -0.858980
v -1.595233 0.452129 -0.890493
v -1.393660 0.691613 -0.858974
v -1.068337 0.692420 -0.858974
v 0.255773 1.260574 -0.476213
v -1.790281 0.756222 -0.379816
v -1.790281 0.762030 -0.832018
v -1.790281 0.699973 -0.379816
v -1.790281 0.699973 -0.858967
v -1.790281 0.562885 -0.873605
v -1.790281 0.592806 -0.379816
v -1.790281 0.630792 -0.379816
v -1.790281 0.638384 -0.858967
v -1.765172 0.694730 -0.833730
v -1.765172 0.699973 -0.434975
v -1.765172 0.635960 -0.833729
v -1.765172 0.630792 -0.434975
v -1.765172 0.759423 -0.434975
v -1.765172 0.737720 -0.815060
v -1.765172 0.588123 -0.843004
v -1.765172 0.588123 -0.434975
v -1.790281 0.786143 -0.409737
v -1.790281 0.699973 -0.409737
v -1.790281 0.562885 -0.409737
v -1.790281 0.630792 -0.409737
v -1.770981 0.699973 -0.379816
v -1.770980 0.630792 -0.379816
v -1.770981 0.756222 -0.379816
v -1.770980 0.592806 -0.379816
v -1.861944 0.479552 -0.409737
v -1.909419 0.369926 -0.409737
v -1.861944 0.479552 -0.873604
v -1.909419 0.369926 -0.940652
v -1.861944 0.235151 -0.873604
v -1.861944 0.235151 -0.409737
v -1.808146 0.479552 -0.409737
v -1.808147 0.235151 -0.873605
v -1.808146 0.235151 -0.409737
v -1.808147 0.479552 -0.873605
v -1.808147 0.369926 -0.940652
v -1.808146 0.436952 -0.434420
v -1.790281 0.520286 -0.434420
v -1.790281 0.520285 -0.734170
v -1.790281 0.449446 -0.742246
v -1.790281 0.362354 -0.734170
v -1.790281 0.362354 -0.434420
v -1.808146 0.436952 -0.734170
v -1.808146 0.366112 -0.742246
v -1.808147 0.279021 -0.734170
v -1.808146 0.279021 -0.434420
v -1.861944 0.479552 -0.465346
v -1.808146 0.235151 -0.465346
v -1.808146 0.479552 -0.465346
v -1.808146 0.279021 -0.470355
v -1.808146 0.436952 -0.470354
v -1.716405 0.245670 -0.434420
v -1.716405 0.469189 -0.434420
v -1.871894 0.529480 -0.409737
v -1.773926 0.529480 -0.409737
v -1.939085 0.374327 -0.409737
v -1.939085 0.374327 -0.473384
v -1.871894 0.183580 -0.409737
v -1.871894 0.183580 -0.465346
v -1.871894 0.529480 -0.465346
v -1.716405 0.152727 -0.409737
v -1.716405 0.152727 -0.465346
v -1.773927 0.529480 -0.465346
v -1.716405 0.245670 -0.470355
v -1.716405 0.469189 -0.470355
v -1.802989 0.666253 -0.742876
v -1.753765 0.666253 -0.677578
v -1.784666 0.637595 -0.812063
v -1.753765 0.641264 -0.682548
v -1.753765 0.613299 -0.795829
v -1.753765 0.620080 -0.696703
v -1.784666 0.613299 -0.795829
v -1.753765 0.605925 -0.717887
v -1.753765 0.597066 -0.771534
v -1.753765 0.600954 -0.742876
v -1.784666 0.597066 -0.771534
v -1.753765 0.605925 -0.767865
v -1.753765 0.591366 -0.742876
v -1.753765 0.620080 -0.789049
v -1.784666 0.591366 -0.742876
v -1.753765 0.641264 -0.803204
v -1.753765 0.597066 -0.714218
v -1.753765 0.666253 -0.808174
v -1.784666 0.597066 -0.714218
v -1.753765 0.691241 -0.803204
v -1.753765 0.613299 -0.689923
v -1.753765 0.712426 -0.789049
v -1.784666 0.613299 -0.689923
v -1.753765 0.726581 -0.767865
v -1.753765 0.666253 -0.667989
v -1.753765 0.731551 -0.742876
v -1.753765 0.637595 -0.673689
v -1.753765 0.726581 -0.717887
v -1.784666 0.637595 -0.673689
v -1.753765 0.712426 -0.696703
v -1.784666 0.666253 -0.667989
v -1.753765 0.691241 -0.682548
v -1.784666 0.666253 -0.677578
v -1.784666 0.641264 -0.682548
v -1.784666 0.620080 -0.696703
v -1.784666 0.605925 -0.717887
v -1.784666 0.600954 -0.742876
v -1.784666 0.605925 -0.767865
v -1.784666 0.620080 -0.789049
v -1.784666 0.641264 -0.803204
v -1.784666 0.666253 -0.808174
v -1.784666 0.691241 -0.803204
v -1.784666 0.712426 -0.789049
v -1.784666 0.726581 -0.767865
v -1.784666 0.731551 -0.742876
v -1.784666 0.726581 -0.717887
v -1.784666 0.712426 -0.696703
v -1.784666 0.691241 -0.682548
v -1.797590 0.666253 -0.707493
v -1.797590 0.652712 -0.710186
v -1.797590 0.641233 -0.717856
v -1.797590 0.633563 -0.729335
v -1.797590 0.630869 -0.742876
v -1.797590 0.633563 -0.756417
v -1.797590 0.641233 -0.767896
v -1.797590 0.652712 -0.775566
v -1.797590 0.666253 -0.778259
v -1.797590 0.679793 -0.775566
v -1.797590 0.691272 -0.767896
v -1.797590 0.698943 -0.756417
v -1.797590 0.701636 -0.742876
v -1.797590 0.698943 -0.729336
v -1.797590 0.691272 -0.717856
v -1.797590 0.679793 -0.710186
v -1.753765 0.637595 -0.812063
v -1.784666 0.666253 -0.817763
v -1.753765 0.666253 -0.817763
v -1.784666 0.694911 -0.812063
v -1.753765 0.694911 -0.812063
v -1.784666 0.719206 -0.795829
v -1.753765 0.719206 -0.795829
v -1.784666 0.735439 -0.771534
v -1.753765 0.735439 -0.771534
v -1.784666 0.741140 -0.742876
v -1.753765 0.741140 -0.742876
v -1.784666 0.735439 -0.714218
v -1.753765 0.735439 -0.714218
v -1.784666 0.719206 -0.689923
v -1.753765 0.719206 -0.689923
v -1.784666 0.694911 -0.673689
v -1.753765 0.694911 -0.673689
v -1.802989 0.666253 -0.563682
v -1.753764 0.666253 -0.498384
v -1.784666 0.637595 -0.632869
v -1.753764 0.641264 -0.503354
v -1.753764 0.613300 -0.616635
v -1.753764 0.620080 -0.517509
v -1.784665 0.613300 -0.616635
v -1.753764 0.605925 -0.538693
v -1.753764 0.597066 -0.592340
v -1.753764 0.600954 -0.563682
v -1.784665 0.597066 -0.592340
v -1.753764 0.605925 -0.588671
v -1.753764 0.591366 -0.563682
v -1.753764 0.620080 -0.609855
v -1.784665 0.591366 -0.563682
v -1.753765 0.641264 -0.624010
v -1.753764 0.597066 -0.535024
v -1.753765 0.666253 -0.628980
v -1.784665 0.597066 -0.535024
v -1.753765 0.691241 -0.624010
v -1.753764 0.613300 -0.510729
v -1.753764 0.712426 -0.609855
v -1.784665 0.613300 -0.510729
v -1.753764 0.726581 -0.588671
v -1.753764 0.666253 -0.488795
v -1.753764 0.731551 -0.563682
v -1.753764 0.637595 -0.494495
v -1.753764 0.726581 -0.538693
v -1.784665 0.637595 -0.494495
v -1.753764 0.712426 -0.517509
v -1.784665 0.666253 -0.488795
v -1.753764 0.691241 -0.503354
v -1.784665 0.666253 -0.498384
v -1.784665 0.641264 -0.503354
v -1.784665 0.620080 -0.517509
v -1.784665 0.605925 -0.538693
v -1.784665 0.600954 -0.563682
v -1.784665 0.605925 -0.588671
v -1.784665 0.620080 -0.609855
v -1.784666 0.641264 -0.624010
v -1.784666 0.666253 -0.628980
v -1.784666 0.691241 -0.624010
v -1.784665 0.712426 -0.609855
v -1.784665 0.726581 -0.588671
v -1.784665 0.731551 -0.563682
v -1.784665 0.726581 -0.538693
v -1.784665 0.712426 -0.517509
v -1.784665 0.691241 -0.503354
v -1.797590 0.666253 -0.528299
v -1.797590 0.652712 -0.530992
v -1.797590 0.641233 -0.538662
v -1.797590 0.633563 -0.550141
v -1.797590 0.630869 -0.563682
v -1.797590 0.633563 -0.577223
v -1.797590 0.641233 -0.588702
v -1.797590 0.652712 -0.596372
v -1.797590 0.666253 -0.599065
v -1.797590 0.679793 -0.596372
v -1.797590 0.691272 -0.588702
v -1.797590 0.698943 -0.577223
v -1.797590 0.701636 -0.563682
v -1.797590 0.698943 -0.550141
v -1.797590 0.691272 -0.538662
v -1.797590 0.679793 -0.530992
v -1.753765 0.637595 -0.632869
v -1.784666 0.666253 -0.638569
v -1.753765 0.666253 -0.638569
v -1.784666 0.694911 -0.632869
v -1.753765 0.694911 -0.632869
v -1.784665 0.719206 -0.616635
v -1.753764 0.719206 -0.616635
v -1.784665 0.735439 -0.592340
v -1.753764 0.735439 -0.592340
v -1.784665 0.741140 -0.563682
v -1.753764 0.741140 -0.563682
v -1.784665 0.735439 -0.535024
v -1.753764 0.735439 -0.535024
v -1.784665 0.719206 -0.510729
v -1.753764 0.719206 -0.510729
v -1.784665 0.694911 -0.494495
v -1.753764 0.694911 -0.494495
v -1.799755 0.452596 -0.860300
v -1.799755 0.449017 -0.725291
v -1.799755 0.555479 -0.848571
v -1.799755 0.326110 -0.848571
v -1.799755 0.326110 -0.413234
v -1.799754 0.555479 -0.413234
v -1.799755 0.515500 -0.717712
v -1.799755 0.367283 -0.717712
v -1.799755 0.367283 -0.436399
v -1.799754 0.515500 -0.436399
v -1.839389 0.152727 -0.409737
v -1.839389 0.152727 -0.465346
v -1.765307 0.606588 -0.344769
v -1.765307 0.592280 -0.344769
v -1.765307 0.606588 -0.359077
v -1.765307 0.592280 -0.359077
v -1.779615 0.606588 -0.344769
v -1.779615 0.592280 -0.344769
v -1.779615 0.606588 -0.359077
v -1.779615 0.592280 -0.359077
v -1.765307 0.631076 -0.359077
v -1.779615 0.631076 -0.359077
v -1.765307 0.631076 -0.344769
v -1.779615 0.631076 -0.344769
v -1.765307 0.643993 -0.359077
v -1.779615 0.643993 -0.359077
v -1.765307 0.643993 -0.344769
v -1.779615 0.643993 -0.344769
v -1.765307 0.668481 -0.359077
v -1.779615 0.668481 -0.359077
v -1.765307 0.668481 -0.344769
v -1.779615 0.668481 -0.344769
v -1.765307 0.680052 -0.359077
v -1.779615 0.680052 -0.359077
v -1.765307 0.680052 -0.344769
v -1.779615 0.680052 -0.344769
v -1.765307 0.709114 -0.359077
v -1.779615 0.709114 -0.359077
v -1.765307 0.709114 -0.344769
v -1.779615 0.709114 -0.344769
v -1.765307 0.720775 -0.359077
v -1.779615 0.720775 -0.359077
v -1.765307 0.720775 -0.344769
v -1.779615 0.720775 -0.344769
v -1.765307 0.745218 -0.359077
v -1.779615 0.745218 -0.359077
v -1.765307 0.745218 -0.344769
v -1.779615 0.745218 -0.344769
v -1.765307 0.757551 -0.359077
v -1.779615 0.757551 -0.359077
v -1.765307 0.757551 -0.344769
v -1.779615 0.757551 -0.344769
v 1.982677 0.509277 -0.825471
v 1.982677 0.632413 -0.825471
v 1.982678 0.509277 -0.408112
v 1.982678 0.632413 -0.408112
v 2.075968 0.509277 -0.825471
v 2.075968 0.632413 -0.825471
v 2.075969 0.509277 -0.408112
v 2.075969 0.632413 -0.408112
v 2.084504 0.623990 -0.430870
v 2.084504 0.517700 -0.430870
v 2.084504 0.517700 -0.802713
v 2.084504 0.623990 -0.802713
v 1.982677 0.509277 -0.615243
v 1.982677 0.632413 -0.615243
v 2.075968 0.509277 -0.615243
v 2.075968 0.632413 -0.615243
v 2.084504 0.517700 -0.615412
v 2.084504 0.623990 -0.615412
v 1.982677 0.570845 -0.838251
v 1.982678 0.570845 -0.391298
v 2.075969 0.570845 -0.391298
v 2.075968 0.570845 -0.838251
v 2.084504 0.570845 -0.420488
v 2.084504 0.570845 -0.817569
v 2.084504 0.570845 -0.615412
v 1.982677 0.570845 -0.615243
v 2.056349 0.570173 -0.409740
v 2.056349 0.457542 -0.409740
v 2.035526 0.556706 -0.244994
v 2.035526 0.471009 -0.244994
v 2.062166 0.396255 -0.856972
v 2.075726 0.457542 -0.886105
v 2.000722 0.309112 -0.409740
v 2.000722 0.309112 -0.848937
v 2.084908 0.406662 -0.409740
v 2.075726 0.457542 -0.409740
v 1.996344 0.289882 -0.409740
v 1.996344 0.289882 -0.870761
v 2.062167 0.396255 -0.023532
v 2.000722 0.309112 -0.023532
v 2.084908 0.406662 -0.882342
v 2.062167 0.396255 -0.409740
v 2.059793 0.396255 -0.409740
v 1.964602 0.309112 -0.409740
v 2.059793 0.396255 -0.023532
v 1.964602 0.309112 -0.023532
v 1.964602 0.309112 -0.848937
v 2.059793 0.396255 -0.856972
v 1.992098 0.209868 -0.560451
v 1.894604 0.198953 -0.569055
v 1.992098 0.202999 -0.570731
v 1.894604 0.196207 -0.582858
v 1.992098 0.200587 -0.582858
v 1.894604 0.198953 -0.596660
v 1.992098 0.202999 -0.594984
v 1.894604 0.206771 -0.608361
v 1.992098 0.209868 -0.605265
v 1.894604 0.218473 -0.616180
v 1.992098 0.220149 -0.612133
v 1.894604 0.232275 -0.618925
v 1.992098 0.232275 -0.614546
v 1.894604 0.246078 -0.616180
v 1.992098 0.244402 -0.612133
v 1.894604 0.257779 -0.608361
v 1.992098 0.254682 -0.605265
v 1.894604 0.265597 -0.596660
v 1.992098 0.261551 -0.594984
v 1.894604 0.268343 -0.582858
v 1.992098 0.263963 -0.582858
v 1.894604 0.265597 -0.569055
v 1.992098 0.261551 -0.570731
v 1.992098 0.254682 -0.560451
v 2.060090 0.232275 -0.564462
v 2.060090 0.225235 -0.565862
v 2.060090 0.219267 -0.569850
v 2.060090 0.215280 -0.575818
v 2.060090 0.213879 -0.582858
v 2.060090 0.215280 -0.589898
v 2.060090 0.219267 -0.595866
v 2.060090 0.225235 -0.599853
v 2.060090 0.232275 -0.601254
v 2.060090 0.239315 -0.599853
v 2.060090 0.245283 -0.595866
v 2.060090 0.249270 -0.589898
v 2.060090 0.250671 -0.582858
v 2.060090 0.249270 -0.575818
v 2.060090 0.245283 -0.569850
v 2.060090 0.239315 -0.565862
v 2.060090 0.214778 -0.565361
v 2.060090 0.209414 -0.573388
v 2.060090 0.207530 -0.582858
v 2.060090 0.209414 -0.592327
v 2.060090 0.214778 -0.600355
v 2.060090 0.222806 -0.605719
v 2.060090 0.232275 -0.607602
v 2.060090 0.241744 -0.605719
v 2.060090 0.249772 -0.600355
v 2.060090 0.255136 -0.592327
v 2.060090 0.257020 -0.582858
v 2.060090 0.255136 -0.573388
v 2.060090 0.249772 -0.565361
v 1.986186 0.232275 -0.582858
v 1.645655 0.241734 -0.564211
v 1.645655 0.236018 -0.572766
v 1.645655 0.234011 -0.582857
v 1.645655 0.236018 -0.592948
v 1.645655 0.241734 -0.601503
v 1.645655 0.250289 -0.607220
v 1.645655 0.260380 -0.609227
v 1.645655 0.270471 -0.607220
v 1.645655 0.279026 -0.601503
v 1.645655 0.284742 -0.592948
v 1.645655 0.286749 -0.582857
v 1.645655 0.284742 -0.572766
v 1.645655 0.279026 -0.564211
v 1.812796 0.248464 -0.564212
v 1.812796 0.254181 -0.572766
v 1.812796 0.256188 -0.582858
v 1.812796 0.254181 -0.592949
v 1.812796 0.248464 -0.601503
v 1.812796 0.239910 -0.607220
v 1.812796 0.229819 -0.609227
v 1.812796 0.219728 -0.607220
v 1.812796 0.211173 -0.601503
v 1.812796 0.205457 -0.592949
v 1.812796 0.203449 -0.582858
v 1.812796 0.205457 -0.572766
v 1.812796 0.211173 -0.564212
v -1.709127 0.585304 -0.882229
v -1.709127 0.611223 -0.882229
v -1.713886 0.580184 -0.846682
v -1.713886 0.615730 -0.846682
v -1.678409 0.579152 -0.882229
v -1.678367 0.621066 -0.882229
v -1.678339 0.573064 -0.846682
v -1.678339 0.627105 -0.846682
v -1.639306 0.615730 -0.846682
v -1.639306 0.580184 -0.846682
v -1.643993 0.585429 -0.882229
v -1.643993 0.611049 -0.882229
v -1.713886 0.580184 -0.876184
v -1.713886 0.615730 -0.876184
v -1.678339 0.573064 -0.876184
v -1.678339 0.627105 -0.876184
v -1.639306 0.615730 -0.876184
v -1.639306 0.580184 -0.876184
v -1.723074 0.597957 -0.876184
v -1.723074 0.597957 -0.846682
v -1.678339 0.600085 -0.846682
v -1.629580 0.597957 -0.846682
v -1.629580 0.597957 -0.876184
v -1.719271 0.598263 -0.882229
v -1.633256 0.598239 -0.882229
v -1.678227 0.618978 -0.879025
v -1.715280 0.598322 -0.879025
v -1.706092 0.610062 -0.879025
v -1.706092 0.586583 -0.879025
v -1.678265 0.581010 -0.879025
v -1.637363 0.598300 -0.879025
v -1.647089 0.586696 -0.879025
v -1.647089 0.609904 -0.879025
v -1.677083 0.598872 -0.881216
v 1.882898 0.585304 -0.882231
v 1.882898 0.611223 -0.882231
v 1.878139 0.580184 -0.846684
v 1.878139 0.615730 -0.846684
v 1.913616 0.579152 -0.882231
v 1.913658 0.621066 -0.882231
v 1.913686 0.573064 -0.846684
v 1.913686 0.627105 -0.846684
v 1.952719 0.615730 -0.846684
v 1.952719 0.580184 -0.846684
v 1.948032 0.585429 -0.882231
v 1.948032 0.611049 -0.882231
v 1.878139 0.580184 -0.876186
v 1.878139 0.615730 -0.876186
v 1.913686 0.573064 -0.876186
v 1.913686 0.627105 -0.876186
v 1.952719 0.615730 -0.876186
v 1.952719 0.580184 -0.876186
v 1.868951 0.597957 -0.876186
v 1.868951 0.597957 -0.846684
v 1.913686 0.600085 -0.846684
v 1.962445 0.597957 -0.846684
v 1.962445 0.597957 -0.876186
v 1.872754 0.598263 -0.882231
v 1.958769 0.598239 -0.882231
v 1.913798 0.618978 -0.879028
v 1.876745 0.598322 -0.879028
v 1.885933 0.610062 -0.879028
v 1.885933 0.586583 -0.879028
v 1.913760 0.581010 -0.879028
v 1.954662 0.598300 -0.879028
v 1.944936 0.586696 -0.879028
v 1.944936 0.609904 -0.879028
v 1.914942 0.598872 -0.881218
v 0.153492 0.660266 -0.895629
v 0.153492 0.687114 -0.895629
v 0.153604 0.660266 -0.868782
v 0.153604 0.687114 -0.868782
v 0.180435 0.660266 -0.873074
v 0.180435 0.687114 -0.873074
v 0.180547 0.660266 -0.846227
v 0.180547 0.687114 -0.846227
v 0.062908 0.660266 -0.868401
v 0.062796 0.660266 -0.895249
v 0.062796 0.687114 -0.895249
v 0.062908 0.687114 -0.868401
v 0.038699 0.660266 -0.845631
v 0.038586 0.660266 -0.872479
v 0.038586 0.687114 -0.872479
v 0.038699 0.687114 -0.845631
v -0.517141 0.730891 -0.957038
v -0.517141 0.818318 -0.957038
v -0.511805 0.749336 -0.892235
v -0.516869 0.806427 -0.892214
v -0.490870 0.745909 -0.957219
v -0.490870 0.803256 -0.957226
v -0.498331 0.749336 -0.892292
v -0.490660 0.794071 -0.907153
v -0.517430 0.741603 -1.025869
v -0.517430 0.806427 -1.025869
v -0.491097 0.793940 -1.011151
v -0.491097 0.754302 -1.011151
v -0.531276 0.774015 -0.956979
v -0.519195 0.766281 -0.892204
v -0.498331 0.766281 -0.892292
v -0.490870 0.774015 -0.957148
v -0.531565 0.774015 -1.025809
v -0.491097 0.774015 -1.011151
v -0.531004 0.774015 -0.892155
v -0.516869 0.741603 -0.892214
v -0.490660 0.754182 -0.907153
v -0.490660 0.774015 -0.907153
v -0.518958 0.740159 -0.835782
v -0.511568 0.723213 -0.835813
v -0.498094 0.723213 -0.835870
v -0.498094 0.740159 -0.835870
v -0.490598 0.774015 -0.892324
v -0.490598 0.741603 -0.892324
v -0.490870 0.730891 -0.957148
v -0.490598 0.806427 -0.892324
v -0.490870 0.818318 -0.957148
v -0.491159 0.774015 -1.025979
v -0.491159 0.741603 -1.025979
v -0.491159 0.806427 -1.025979
v 0.928415 0.660266 -0.895630
v 0.928415 0.687114 -0.895630
v 0.928528 0.660266 -0.868782
v 0.928528 0.687114 -0.868782
v 0.955358 0.660266 -0.873075
v 0.955358 0.687114 -0.873075
v 0.955471 0.660266 -0.846227
v 0.955471 0.687114 -0.846227
v 0.837832 0.660266 -0.868402
v 0.837719 0.660266 -0.895249
v 0.837719 0.687114 -0.895249
v 0.837832 0.687114 -0.868402
v 0.813622 0.660266 -0.845632
v 0.813510 0.660266 -0.872479
v 0.813510 0.687114 -0.872479
v 0.813622 0.687114 -0.845632
v 0.278187 0.800081 -0.821871
v -0.479025 0.805254 -0.785798
v -0.104194 1.252628 -0.555440
v 0.279338 1.255176 -0.588331
v -0.267591 1.044410 -0.671972
v 0.278767 1.050472 -0.702756
v 0.234447 1.044555 -0.691063
v -0.239145 1.033569 -0.696717
v 0.233861 0.791434 -0.811481
v -0.452914 0.791434 -0.811481
v 0.235025 1.251723 -0.575258
v -0.068474 1.251723 -0.575257
v 1.006483 0.778749 -0.832019
v 0.254515 0.778749 -0.832019
v 0.641863 1.275796 -0.576805
v 0.255144 1.050519 -0.702731
v 0.255773 1.275796 -0.576805
v 1.081321 0.778749 -0.832019
v 0.674243 1.275796 -0.576805
v 0.858691 1.038138 -0.709154
v 0.824171 1.045338 -0.692701
v 1.006481 0.794900 -0.811841
v 0.641861 1.249995 -0.578301
v 0.858689 1.032957 -0.699124
v 0.278765 1.045290 -0.692726
v 0.278186 0.794900 -0.811840
v 0.279337 1.249995 -0.578301
v 1.036824 0.794900 -0.811841
v 0.662786 1.249995 -0.578301
v 0.273847 1.406837 -0.389125
v 0.273847 1.327819 -0.365307
v 0.304434 1.339148 -0.371391
v 0.350895 1.327819 -0.397222
v 0.374516 1.327819 -0.432572
v 0.382810 1.327819 -0.474270
v 0.374516 1.327819 -0.515968
v 0.350895 1.327819 -0.551318
v 0.315545 1.327819 -0.574938
v 0.273847 1.327819 -0.583233
v 0.232149 1.327819 -0.574938
v 0.196799 1.327819 -0.551318
v 0.173179 1.327819 -0.515968
v 0.164885 1.327819 -0.474270
v 0.173179 1.327819 -0.432572
v 0.196799 1.327819 -0.397222
v 0.243260 1.339148 -0.371391
v 0.334054 1.406837 -0.414063
v 0.352511 1.406837 -0.441686
v 0.358992 1.406837 -0.474270
v 0.352511 1.406837 -0.506853
v 0.334054 1.406837 -0.534477
v 0.306431 1.406837 -0.552934
v 0.273847 1.406837 -0.559415
v 0.241264 1.406837 -0.552934
v 0.213641 1.406837 -0.534477
v 0.195183 1.406837 -0.506853
v 0.188702 1.406837 -0.474270
v 0.195183 1.406837 -0.441686
v 0.213641 1.406837 -0.414063
v 0.241264 1.406837 -0.395606
v 0.273847 1.267808 -0.403299
v 0.301007 1.267808 -0.408702
v 0.301007 1.327819 -0.408702
v 0.273847 1.327819 -0.403299
v 0.324031 1.267808 -0.424086
v 0.324031 1.327819 -0.424086
v 0.339416 1.267808 -0.447111
v 0.339416 1.327819 -0.447111
v 0.344818 1.267808 -0.474270
v 0.344818 1.327819 -0.474270
v 0.339416 1.267808 -0.501429
v 0.339416 1.327819 -0.501429
v 0.324031 1.267808 -0.524454
v 0.324031 1.327819 -0.524454
v 0.301006 1.267808 -0.539838
v 0.301006 1.327819 -0.539838
v 0.273847 1.267808 -0.545241
v 0.273847 1.327819 -0.545241
v 0.246688 1.267808 -0.539838
v 0.246688 1.327819 -0.539838
v 0.223663 1.267808 -0.524454
v 0.223663 1.327819 -0.524454
v 0.208279 1.267808 -0.501429
v 0.208279 1.327819 -0.501429
v 0.202877 1.267808 -0.474270
v 0.202877 1.327819 -0.474270
v 0.208279 1.267808 -0.447111
v 0.208279 1.327819 -0.447111
v 0.223663 1.267808 -0.424086
v 0.223663 1.327819 -0.424086
v 0.246688 1.267808 -0.408702
v 0.246688 1.327819 -0.408702
v 0.273847 1.406837 -0.365307
v 0.243260 1.395508 -0.371391
v 0.196799 1.406837 -0.397222
v 0.173179 1.406837 -0.432572
v 0.164885 1.406837 -0.474270
v 0.173179 1.406837 -0.515968
v 0.196799 1.406837 -0.551318
v 0.232149 1.406837 -0.574938
v 0.273847 1.406837 -0.583233
v 0.315545 1.406837 -0.574938
v 0.350895 1.406837 -0.551318
v 0.374516 1.406837 -0.515968
v 0.382810 1.406837 -0.474270
v 0.374516 1.406837 -0.432572
v 0.350895 1.406837 -0.397222
v 0.304434 1.395508 -0.371391
v 0.273847 1.509156 -0.389125
v 0.241264 1.509156 -0.395606
v 0.213641 1.509156 -0.414063
v 0.195183 1.509156 -0.441686
v 0.188702 1.509156 -0.474270
v 0.195183 1.509156 -0.506853
v 0.213641 1.509156 -0.534477
v 0.241264 1.509156 -0.552934
v 0.273847 1.509156 -0.559415
v 0.306431 1.509156 -0.552934
v 0.334054 1.509156 -0.534477
v 0.352511 1.509156 -0.506853
v 0.358992 1.509156 -0.474270
v 0.352511 1.509156 -0.441686
v 0.334054 1.509156 -0.414063
v 0.306431 1.509156 -0.395606
v 0.273847 1.528140 -0.474270
v 0.315545 1.327819 -0.373602
v 0.315545 1.406837 -0.373602
v 0.273847 1.395508 -0.365307
v 0.232149 1.406837 -0.373602
v 0.273847 1.339148 -0.365307
v 0.232149 1.327819 -0.373602
v 0.304434 1.395508 -0.095299
v 0.273847 1.395508 -0.094392
v 0.273847 1.339148 -0.094392
v 0.304434 1.339148 -0.095299
v 0.243261 1.339148 -0.095299
v 0.243261 1.395508 -0.095299
v 0.314937 1.405184 -0.074946
v 0.273847 1.329472 -0.066432
v 0.240363 1.329472 -0.067171
v 0.232758 1.405184 -0.074946
v 0.273847 1.405184 -0.074039
v 0.307332 1.329472 -0.067171
v 0.910216 0.188038 -0.000001
v -0.466570 0.187974 0.000000
v -0.563354 0.827625 0.000000
v 1.385218 0.824524 -0.000001
v -1.790281 0.786143 0.000001
v -1.733542 0.187974 0.000001
v 1.967785 0.769609 -0.000001
v 1.967785 0.289882 -0.000001
v -0.145050 1.287502 0.000000
v 0.810879 1.290347 -0.000001
v 0.255773 1.312616 -0.000000
v 0.254515 0.187974 -0.000000
v 0.641864 1.312616 -0.000000
v 1.547101 0.188038 -0.000001
v 2.056349 0.457542 -0.000001
v -1.546062 0.188038 0.000001
v -0.909177 0.188038 0.000001
v -1.228522 0.802862 0.000001
v 2.056349 0.707273 -0.000001
v -1.790281 0.699973 0.000001
v -1.790281 0.318484 0.000001
v -1.060088 0.802862 0.000001
v -1.409743 0.802862 0.000001
v 0.681238 1.312616 -0.000001
v 2.056349 0.570173 -0.000001
v -1.790281 0.562885 0.000001
v 2.056349 0.643432 -0.000001
v -1.790281 0.756222 0.000001
v -1.790281 0.592806 0.000001
v -1.790281 0.629774 0.000001
v -1.770980 0.756222 0.000001
v -1.770980 0.699973 0.000001
v -1.770980 0.629774 0.000001
v -1.770980 0.592806 0.000001
v -1.861943 0.479552 0.000001
v -1.909418 0.369926 0.000001
v -1.861944 0.235151 0.000001
v -1.808146 0.479552 0.000001
v -1.808146 0.235151 0.000001
v -1.790281 0.362354 0.000001
v -1.790281 0.520286 0.000001
v -1.808146 0.279021 0.000001
v -1.808146 0.436952 0.000001
v -1.799754 0.326110 0.000001
v -1.799754 0.555479 0.000001
v -1.799754 0.367283 0.000001
v -1.799754 0.515500 0.000001
v -1.765307 0.606588 0.000001
v -1.765307 0.592280 0.000001
v -1.779615 0.606588 0.000001
v -1.779615 0.592280 0.000001
v -1.779615 0.631076 0.000001
v -1.765307 0.631076 0.000001
v -1.779615 0.643993 0.000001
v -1.765307 0.643993 0.000001
v -1.779615 0.668481 0.000001
v -1.765307 0.668481 0.000001
v -1.779615 0.680052 0.000001
v -1.765307 0.680052 0.000001
v -1.779615 0.709114 0.000001
v -1.765307 0.709114 0.000001
v -1.779615 0.720775 0.000001
v -1.765307 0.720775 0.000001
v -1.779615 0.745218 0.000001
v -1.765307 0.745218 0.000001
v -1.765307 0.757551 0.000001
v -1.779615 0.757551 0.000001
v 2.056349 0.556706 -0.000001
v 2.056349 0.471009 -0.000001
v 2.035526 0.556706 -0.000001
v 2.035526 0.471009 -0.000001
v 1.996344 0.289882 -0.000001
v 2.084908 0.406662 -0.000001
v 2.075727 0.457542 -0.000001
v 2.062167 0.396255 0.023529
v 2.000722 0.309112 0.023529
v 2.059793 0.396255 0.023529
v 1.964602 0.309112 0.023529
v 1.894604 0.232275 -0.560029
v 1.992098 0.232275 -0.560029
v 1.894604 0.218473 -0.560029
v 1.992098 0.220149 -0.560029
v 1.894604 0.206771 -0.560029
v 1.992098 0.209868 -0.559607
v 1.894604 0.198953 -0.551002
v 1.992098 0.202999 -0.549326
v 1.894604 0.196207 -0.537200
v 1.992098 0.200587 -0.537200
v 1.894604 0.198953 -0.523397
v 1.992098 0.202999 -0.525073
v 1.894604 0.206771 -0.511696
v 1.992098 0.209868 -0.514793
v 1.894604 0.218473 -0.503877
v 1.992098 0.220149 -0.507924
v 1.894604 0.232275 -0.501132
v 1.992098 0.232275 -0.505512
v 1.894604 0.246078 -0.503877
v 1.992098 0.244402 -0.507924
v 1.894604 0.257779 -0.511696
v 1.992098 0.254682 -0.514793
v 1.894604 0.265597 -0.523397
v 1.992098 0.261551 -0.525073
v 1.894604 0.268343 -0.537200
v 1.992098 0.263963 -0.537200
v 1.894604 0.265597 -0.551002
v 1.992098 0.261551 -0.549326
v 1.894604 0.257779 -0.560029
v 1.992098 0.254682 -0.559607
v 1.894604 0.246078 -0.560029
v 1.992098 0.244402 -0.560029
v 2.060090 0.232275 -0.555596
v 2.060090 0.225235 -0.554195
v 2.060090 0.219267 -0.550207
v 2.060090 0.215280 -0.544240
v 2.060090 0.213879 -0.537200
v 2.060091 0.215280 -0.530160
v 2.060091 0.219267 -0.524192
v 2.060091 0.225235 -0.520204
v 2.060091 0.232275 -0.518804
v 2.060091 0.239315 -0.520204
v 2.060091 0.245283 -0.524192
v 2.060091 0.249270 -0.530160
v 2.060090 0.250671 -0.537200
v 2.060090 0.249270 -0.544240
v 2.060090 0.245283 -0.550207
v 2.060090 0.239315 -0.554195
v 2.060090 0.222806 -0.560029
v 2.060090 0.232275 -0.560029
v 2.060090 0.214778 -0.554697
v 2.060090 0.209414 -0.546669
v 2.060090 0.207530 -0.537200
v 2.060091 0.209414 -0.527730
v 2.060091 0.214778 -0.519703
v 2.060091 0.222806 -0.514339
v 2.060091 0.232275 -0.512455
v 2.060091 0.241744 -0.514339
v 2.060091 0.249772 -0.519703
v 2.060091 0.255136 -0.527730
v 2.060090 0.257020 -0.537200
v 2.060090 0.255136 -0.546669
v 2.060090 0.249772 -0.554697
v 2.060090 0.241744 -0.560029
v 1.986186 0.232275 -0.537200
v 1.645655 0.260380 -0.560029
v 1.645655 0.250289 -0.560029
v 1.645655 0.241734 -0.555846
v 1.645655 0.236018 -0.547291
v 1.645655 0.234011 -0.537200
v 1.645655 0.236018 -0.527109
v 1.645655 0.241734 -0.518554
v 1.645655 0.250289 -0.512838
v 1.645655 0.260380 -0.510830
v 1.645655 0.270471 -0.512838
v 1.645655 0.279026 -0.518554
v 1.645655 0.284742 -0.527109
v 1.645655 0.286749 -0.537200
v 1.645655 0.284742 -0.547291
v 1.645655 0.279026 -0.555846
v 1.645655 0.270471 -0.560029
v 1.812796 0.239910 -0.560029
v 1.812796 0.248464 -0.555846
v 1.812796 0.254181 -0.547291
v 1.812796 0.256188 -0.537200
v 1.812796 0.254181 -0.527109
v 1.812796 0.248464 -0.518554
v 1.812796 0.239910 -0.512838
v 1.812796 0.229819 -0.510830
v 1.812796 0.219728 -0.512838
v 1.812796 0.211173 -0.518554
v 1.812796 0.205457 -0.527109
v 1.812796 0.203449 -0.537200
v 1.812796 0.205457 -0.547291
v 1.812796 0.211173 -0.555846
v 1.812796 0.219728 -0.560029
v 1.812796 0.229819 -0.560029
v 0.273848 1.395508 -0.000000
v 0.273848 1.339148 -0.000000
v 0.304434 1.339148 -0.000000
v 0.304434 1.395508 -0.000000
v 0.243261 1.395508 -0.000000
v 0.243261 1.339148 -0.000000
v 0.314937 1.405184 -0.000000
v 0.307332 1.329472 -0.000000
v 0.273848 1.405184 -0.000000
v 0.232758 1.405184 -0.000000
v 0.240363 1.329472 -0.000000
v 0.273848 1.329472 0.074038
v 0.232758 1.329472 0.074945
v -0.255809 1.050519 -0.702731
v -0.079399 1.275796 -0.576804
v -0.495906 0.778749 -0.832018
v -0.534030 0.827240 -0.407950
v -0.585933 0.802862 0.000000
v -0.122913 1.307688 -0.231836
v -0.122913 1.312616 0.000000
v -0.317040 1.038466 -0.320787
v -0.520867 0.815187 -0.407950
v -0.352899 1.038466 0.000000
v -0.550191 0.815572 0.000000
v -0.131883 1.270520 -0.231804
v -0.131886 1.275449 0.000000
v -0.254428 1.032357 -0.671972
v -0.091031 1.240575 -0.555440
v -0.465862 0.793201 -0.785798
v 1.412402 0.802862 -0.409739
v 1.369192 0.778749 -0.832020
v 0.783537 1.307688 -0.231836
v 0.740327 1.275796 -0.576805
v 1.054760 1.050519 -0.702732
v 0.783859 1.312616 -0.000001
v 1.412724 0.802862 -0.000001
v 1.091059 1.041663 -0.320788
v 1.378021 0.815712 -0.408946
v 1.091381 1.041663 -0.000001
v 1.378307 0.815668 -0.000001
v 0.804304 1.277349 -0.232435
v 0.803969 1.281490 -0.000001
v 1.058289 1.037852 -0.669527
v 1.338998 0.793565 -0.785156
v 0.764314 1.247845 -0.551859
v 1.228658 0.188038 -0.000001
v -1.227619 0.188038 0.000001
v 0.910216 0.188038 -0.412024
v 1.228658 0.664621 -0.412024
v 1.360561 0.638384 -0.412024
v 1.472383 0.563666 -0.412024
v 1.547101 0.451844 -0.412024
v 1.573338 0.319941 -0.412024
v 1.547101 0.188038 -0.412024
v 0.883978 0.319941 -0.412024
v 0.910216 0.451844 -0.412024
v 0.984933 0.563667 -0.412024
v 1.096755 0.638384 -0.412024
v -1.546062 0.188038 -0.412022
v -1.227620 0.664621 -0.412022
v -1.095716 0.638384 -0.412022
v -0.983894 0.563666 -0.412022
v -0.909177 0.451844 -0.412023
v -0.882940 0.319941 -0.412022
v -0.909177 0.188038 -0.412022
v -1.572299 0.319941 -0.412022
v -1.546062 0.451844 -0.412022
v -1.471345 0.563667 -0.412022
v -1.359523 0.638384 -0.412022
v 0.273847 1.528140 -0.399401
v 0.245196 1.528140 -0.405100
v 0.220907 1.528140 -0.421330
v 0.204678 1.528140 -0.445619
v 0.198978 1.528140 -0.474270
v 0.204678 1.528140 -0.502921
v 0.220907 1.528140 -0.527210
v 0.245196 1.528140 -0.543440
v 0.273847 1.528140 -0.549139
v 0.302498 1.528140 -0.543440
v 0.326787 1.528140 -0.527210
v 0.343017 1.528140 -0.502921
v 0.348716 1.528140 -0.474270
v 0.343017 1.528140 -0.445619
v 0.326787 1.528140 -0.421330
v 0.302498 1.528140 -0.405100
v 1.986186 0.225235 -0.554195
v 1.986186 0.232275 -0.555595
v 1.986186 0.219267 -0.550207
v 1.986186 0.215280 -0.544240
v 1.986186 0.213879 -0.537200
v 1.986186 0.215280 -0.530160
v 1.986186 0.219267 -0.524192
v 1.986186 0.225235 -0.520204
v 1.986186 0.232275 -0.518804
v 1.986186 0.239315 -0.520204
v 1.986186 0.245283 -0.524192
v 1.986186 0.249270 -0.530160
v 1.986186 0.250671 -0.537200
v 1.986186 0.249270 -0.544240
v 1.986186 0.245283 -0.550207
v 1.986186 0.239315 -0.554195
v 1.986186 0.225235 -0.565863
v 1.986186 0.232275 -0.564462
v 1.986186 0.219267 -0.569850
v 1.986186 0.215280 -0.575818
v 1.986186 0.213879 -0.582858
v 1.986186 0.215280 -0.589898
v 1.986186 0.219267 -0.595866
v 1.986186 0.225235 -0.599853
v 1.986186 0.232275 -0.601253
v 1.986186 0.239315 -0.599853
v 1.986186 0.245283 -0.595866
v 1.986186 0.249270 -0.589898
v 1.986186 0.250671 -0.582858
v 1.986186 0.249270 -0.575818
v 1.986186 0.245283 -0.569850
v 1.986186 0.239315 -0.565863
v 0.314937 1.329472 -0.000000
v 0.273848 1.329472 -0.000000
v 0.232758 1.329472 -0.000000
v 0.232758 1.329472 -0.074946
v 0.314937 1.329472 -0.074946
v 0.273847 1.329472 -0.074039
v 0.273847 1.306056 -0.066432
v 0.273848 1.306056 -0.000000
v 0.307332 1.306056 -0.000000
v 0.240363 1.306056 -0.000000
v 0.240363 1.306056 -0.067171
v 0.307332 1.306056 -0.067171
v -1.226450 0.323183 -0.631108
v -1.226450 0.527948 -0.881129
v -1.148089 0.512361 -0.881130
v -1.081659 0.467973 -0.881130
v -1.037271 0.401543 -0.881130
v -1.021684 0.323182 -0.881130
v -1.037271 0.244822 -0.881130
v -1.081659 0.178391 -0.881130
v -1.148089 0.134004 -0.881130
v -1.226450 0.118417 -0.881129
v -1.304810 0.134004 -0.881129
v -1.371241 0.178391 -0.881129
v -1.415628 0.244822 -0.881129
v -1.431215 0.323182 -0.881129
v -1.415628 0.401543 -0.881129
v -1.371241 0.467974 -0.881129
v -1.304810 0.512361 -0.881129
v -1.226450 0.463135 -0.814437
v -1.172892 0.452481 -0.814437
v -1.127489 0.422144 -0.814437
v -1.097151 0.376740 -0.814437
v -1.086498 0.323182 -0.814437
v -1.097151 0.269625 -0.814437
v -1.127489 0.224221 -0.814437
v -1.172892 0.193883 -0.814437
v -1.226450 0.183230 -0.814437
v -1.280007 0.193883 -0.814437
v -1.325411 0.224221 -0.814437
v -1.355748 0.269625 -0.814437
v -1.366402 0.323182 -0.814437
v -1.355748 0.376740 -0.814437
v -1.325411 0.422144 -0.814437
v -1.280007 0.452481 -0.814437
v -1.226450 0.375867 -0.844133
v -1.206288 0.371857 -0.844133
v -1.189196 0.360436 -0.844134
v -1.177776 0.343344 -0.844134
v -1.173765 0.323182 -0.844134
v -1.177776 0.303021 -0.844134
v -1.189196 0.285929 -0.844134
v -1.206288 0.274508 -0.844133
v -1.226450 0.270498 -0.844133
v -1.246611 0.274508 -0.844133
v -1.263703 0.285929 -0.844133
v -1.275124 0.303021 -0.844133
v -1.279134 0.323182 -0.844133
v -1.275124 0.343344 -0.844133
v -1.263703 0.360436 -0.844133
v -1.246611 0.371857 -0.844133
v -1.226450 0.362102 -0.856115
v -1.211556 0.359139 -0.856115
v -1.198929 0.350703 -0.856115
v -1.190493 0.338076 -0.856115
v -1.187530 0.323182 -0.856115
v -1.190493 0.308289 -0.856115
v -1.198929 0.295662 -0.856115
v -1.211556 0.287225 -0.856115
v -1.226450 0.284263 -0.856115
v -1.241343 0.287225 -0.856115
v -1.253970 0.295662 -0.856115
v -1.262406 0.308289 -0.856115
v -1.265369 0.323182 -0.856115
v -1.262406 0.338076 -0.856115
v -1.253970 0.350703 -0.856115
v -1.241343 0.359139 -0.856115
v -1.226450 0.347181 -0.847027
v -1.217266 0.345355 -0.847027
v -1.209480 0.340152 -0.847027
v -1.204278 0.332366 -0.847027
v -1.202451 0.323182 -0.847027
v -1.204278 0.313998 -0.847027
v -1.209480 0.306213 -0.847027
v -1.217266 0.301010 -0.847027
v -1.226450 0.299184 -0.847027
v -1.235634 0.301010 -0.847027
v -1.243419 0.306213 -0.847027
v -1.248622 0.313998 -0.847027
v -1.250449 0.323182 -0.847027
v -1.248622 0.332366 -0.847027
v -1.243419 0.340152 -0.847027
v -1.235634 0.345355 -0.847027
v -1.226450 0.333273 -0.856704
v -1.222588 0.332505 -0.856704
v -1.219314 0.330318 -0.856704
v -1.217127 0.327044 -0.856704
v -1.216359 0.323182 -0.856704
v -1.217127 0.319321 -0.856704
v -1.219314 0.316047 -0.856704
v -1.222588 0.313860 -0.856704
v -1.226450 0.313092 -0.856704
v -1.230311 0.313860 -0.856704
v -1.233585 0.316047 -0.856704
v -1.235772 0.319321 -0.856704
v -1.236540 0.323182 -0.856704
v -1.235772 0.327044 -0.856704
v -1.233585 0.330318 -0.856704
v -1.230311 0.332505 -0.856704
v -1.120530 0.578896 -0.881130
v -1.102773 0.621764 -0.835621
v -1.226450 0.646365 -0.835621
v -1.226450 0.599965 -0.881129
v -1.030735 0.518897 -0.881130
v -0.997925 0.551707 -0.835621
v -0.970736 0.429102 -0.881130
v -0.927868 0.446859 -0.835621
v -0.949667 0.323182 -0.881130
v -0.903267 0.323182 -0.835621
v -0.970736 0.217262 -0.881130
v -0.927868 0.199506 -0.835621
v -1.030735 0.127468 -0.881130
v -0.997925 0.094658 -0.835621
v -1.120530 0.067469 -0.881130
v -1.102773 0.024601 -0.835621
v -1.226450 0.046400 -0.881129
v -1.226450 -0.000000 -0.835621
v -1.332370 0.067469 -0.881129
v -1.350126 0.024601 -0.835621
v -1.422164 0.127468 -0.881129
v -1.454974 0.094658 -0.835621
v -1.482163 0.217262 -0.881129
v -1.525031 0.199506 -0.835621
v -1.503232 0.323182 -0.881129
v -1.549632 0.323182 -0.835621
v -1.482163 0.429102 -0.881129
v -1.525031 0.446859 -0.835621
v -1.422164 0.518897 -0.881129
v -1.454974 0.551707 -0.835621
v -1.332370 0.578896 -0.881129
v -1.350126 0.621764 -0.835621
v -1.226450 0.485589 -0.853253
v -1.288600 0.473227 -0.853253
v -1.164299 0.173138 -0.853253
v -1.341289 0.438022 -0.853253
v -1.111611 0.208343 -0.853253
v -1.376494 0.385333 -0.853253
v -1.076405 0.261032 -0.853253
v -1.388857 0.323182 -0.853253
v -1.064043 0.323182 -0.853253
v -1.376494 0.261032 -0.853253
v -1.076405 0.385333 -0.853253
v -1.341289 0.208343 -0.853253
v -1.111611 0.438021 -0.853253
v -1.164299 0.473227 -0.853253
v -1.288600 0.173138 -0.853253
v -1.226450 0.160776 -0.853253
v -1.226450 0.602488 -0.631108
v -1.226450 0.646365 -0.674142
v -1.102773 0.621764 -0.674142
v -1.119564 0.581227 -0.631108
v -0.997925 0.551707 -0.674142
v -1.028951 0.520681 -0.631108
v -0.927868 0.446859 -0.674142
v -0.968405 0.430068 -0.631108
v -0.903267 0.323182 -0.674142
v -0.947144 0.323183 -0.631108
v -0.927868 0.199506 -0.674142
v -0.968405 0.216297 -0.631108
v -0.997925 0.094658 -0.674142
v -1.028951 0.125684 -0.631108
v -1.102773 0.024601 -0.674142
v -1.119564 0.065138 -0.631108
v -1.226450 -0.000000 -0.674142
v -1.226450 0.043877 -0.631107
v -1.350126 0.024601 -0.674142
v -1.333335 0.065138 -0.631107
v -1.454974 0.094658 -0.674142
v -1.423948 0.125684 -0.631107
v -1.525031 0.199506 -0.674142
v -1.484494 0.216297 -0.631107
v -1.549632 0.323182 -0.674142
v -1.505755 0.323183 -0.631107
v -1.525031 0.446859 -0.674142
v -1.484494 0.430068 -0.631107
v -1.454974 0.551707 -0.674142
v -1.423948 0.520681 -0.631107
v -1.350126 0.621764 -0.674142
v -1.333335 0.581227 -0.631108
v 1.226449 0.323183 -0.631109
v 1.226449 0.527948 -0.881131
v 1.304809 0.512361 -0.881131
v 1.371239 0.467973 -0.881131
v 1.415627 0.401543 -0.881131
v 1.431214 0.323182 -0.881131
v 1.415627 0.244822 -0.881131
v 1.371239 0.178391 -0.881131
v 1.304809 0.134004 -0.881131
v 1.226449 0.118417 -0.881131
v 1.148088 0.134004 -0.881131
v 1.081658 0.178391 -0.881131
v 1.037270 0.244822 -0.881131
v 1.021683 0.323182 -0.881131
v 1.037270 0.401543 -0.881131
v 1.081658 0.467974 -0.881131
v 1.148088 0.512361 -0.881131
v 1.226449 0.463135 -0.814439
v 1.280006 0.452481 -0.814439
v 1.325410 0.422144 -0.814439
v 1.355747 0.376740 -0.814439
v 1.366401 0.323182 -0.814439
v 1.355747 0.269625 -0.814439
v 1.325410 0.224221 -0.814439
v 1.280006 0.193883 -0.814439
v 1.226449 0.183230 -0.814439
v 1.172891 0.193883 -0.814438
v 1.127487 0.224221 -0.814438
v 1.097150 0.269625 -0.814438
v 1.086496 0.323182 -0.814438
v 1.097150 0.376740 -0.814438
v 1.127487 0.422144 -0.814438
v 1.172891 0.452481 -0.814438
v 1.226449 0.375867 -0.844135
v 1.246610 0.371857 -0.844135
v 1.263702 0.360436 -0.844135
v 1.275123 0.343344 -0.844135
v 1.279133 0.323182 -0.844135
v 1.275123 0.303021 -0.844135
v 1.263702 0.285929 -0.844135
v 1.246610 0.274508 -0.844135
v 1.226449 0.270498 -0.844135
v 1.206287 0.274508 -0.844135
v 1.189195 0.285929 -0.844135
v 1.177774 0.303021 -0.844135
v 1.173764 0.323182 -0.844135
v 1.177774 0.343344 -0.844135
v 1.189195 0.360436 -0.844135
v 1.206287 0.371857 -0.844135
v 1.226449 0.362102 -0.856117
v 1.241342 0.359139 -0.856117
v 1.253969 0.350703 -0.856117
v 1.262405 0.338076 -0.856117
v 1.265368 0.323182 -0.856117
v 1.262405 0.308289 -0.856117
v 1.253969 0.295662 -0.856117
v 1.241342 0.287225 -0.856117
v 1.226449 0.284263 -0.856117
v 1.211555 0.287225 -0.856117
v 1.198928 0.295662 -0.856117
v 1.190492 0.308289 -0.856117
v 1.187529 0.323182 -0.856117
v 1.190492 0.338076 -0.856117
v 1.198928 0.350703 -0.856117
v 1.211555 0.359139 -0.856117
v 1.226449 0.347181 -0.847028
v 1.235633 0.345355 -0.847028
v 1.243418 0.340152 -0.847028
v 1.248621 0.332366 -0.847028
v 1.250447 0.323182 -0.847028
v 1.248621 0.313998 -0.847028
v 1.243418 0.306213 -0.847028
v 1.235633 0.301010 -0.847028
v 1.226449 0.299184 -0.847028
v 1.217265 0.301010 -0.847028
v 1.209479 0.306213 -0.847028
v 1.204276 0.313998 -0.847028
v 1.202450 0.323182 -0.847028
v 1.204276 0.332366 -0.847028
v 1.209479 0.340152 -0.847028
v 1.217265 0.345355 -0.847028
v 1.226449 0.333273 -0.856706
v 1.230310 0.332505 -0.856706
v 1.233584 0.330318 -0.856706
v 1.235771 0.327044 -0.856706
v 1.236539 0.323182 -0.856706
v 1.235771 0.319321 -0.856706
v 1.233584 0.316047 -0.856706
v 1.230310 0.313860 -0.856706
v 1.226449 0.313092 -0.856706
v 1.222587 0.313860 -0.856706
v 1.219313 0.316047 -0.856706
v 1.217126 0.319321 -0.856706
v 1.216358 0.323182 -0.856706
v 1.217126 0.327044 -0.856706
v 1.219313 0.330318 -0.856706
v 1.222587 0.332505 -0.856706
v 1.332368 0.578896 -0.881131
v 1.350125 0.621764 -0.835622
v 1.226449 0.646365 -0.835622
v 1.226449 0.599965 -0.881131
v 1.422163 0.518897 -0.881131
v 1.454973 0.551707 -0.835622
v 1.482162 0.429102 -0.881131
v 1.525030 0.446859 -0.835622
v 1.503231 0.323182 -0.881131
v 1.549631 0.323182 -0.835622
v 1.482162 0.217262 -0.881131
v 1.525030 0.199506 -0.835622
v 1.422163 0.127468 -0.881131
v 1.454973 0.094658 -0.835622
v 1.332368 0.067469 -0.881131
v 1.350125 0.024601 -0.835622
v 1.226449 0.046400 -0.881131
v 1.226449 -0.000000 -0.835622
v 1.120528 0.067469 -0.881131
v 1.102772 0.024601 -0.835622
v 1.030734 0.127468 -0.881131
v 0.997924 0.094658 -0.835622
v 0.970735 0.217262 -0.881131
v 0.927867 0.199506 -0.835622
v 0.949666 0.323182 -0.881131
v 0.903266 0.323182 -0.835622
v 0.970735 0.429102 -0.881131
v 0.927867 0.446859 -0.835622
v 1.030734 0.518897 -0.881131
v 0.997924 0.551707 -0.835622
v 1.120528 0.578896 -0.881131
v 1.102772 0.621764 -0.835622
v 1.226449 0.485589 -0.853254
v 1.164298 0.473227 -0.853254
v 1.288599 0.173138 -0.853254
v 1.111610 0.438022 -0.853254
v 1.341287 0.208343 -0.853254
v 1.076404 0.385333 -0.853254
v 1.376493 0.261032 -0.853254
v 1.064042 0.323182 -0.853254
v 1.388855 0.323182 -0.853254
v 1.076404 0.261032 -0.853254
v 1.376493 0.385333 -0.853254
v 1.111610 0.208343 -0.853254
v 1.341287 0.438021 -0.853254
v 1.288599 0.473227 -0.853254
v 1.164298 0.173138 -0.853254
v 1.226449 0.160776 -0.853254
v 1.226449 0.602488 -0.631109
v 1.226449 0.646365 -0.674143
v 1.350125 0.621764 -0.674143
v 1.333334 0.581227 -0.631109
v 1.454973 0.551707 -0.674143
v 1.423947 0.520681 -0.631109
v 1.525030 0.446859 -0.674144
v 1.484493 0.430068 -0.631109
v 1.549631 0.323182 -0.674144
v 1.505754 0.323183 -0.631109
v 1.525030 0.199506 -0.674144
v 1.484493 0.216297 -0.631109
v 1.454973 0.094658 -0.674143
v 1.423947 0.125684 -0.631109
v 1.350125 0.024601 -0.674143
v 1.333334 0.065138 -0.631109
v 1.226449 -0.000000 -0.674143
v 1.226449 0.043877 -0.631109
v 1.102772 0.024601 -0.674143
v 1.119563 0.065138 -0.631109
v 0.997924 0.094658 -0.674143
v 1.028950 0.125684 -0.631109
v 0.927867 0.199506 -0.674143
v 0.968404 0.216297 -0.631109
v 0.903266 0.323182 -0.674143
v 0.947143 0.323183 -0.631109
v 0.927867 0.446859 -0.674143
v 0.968404 0.430068 -0.631109
v 0.997924 0.551707 -0.674143
v 1.028950 0.520681 -0.631109
v 1.102772 0.621764 -0.674143
v 1.119563 0.581227 -0.631109
v -1.226449 0.323183 0.631109
v -1.226449 0.527948 0.881131
v -1.148088 0.512361 0.881131
v -1.081658 0.467974 0.881131
v -1.037270 0.401543 0.881131
v -1.021683 0.323183 0.881131
v -1.037270 0.244822 0.881131
v -1.081658 0.178392 0.881131
v -1.148088 0.134004 0.881131
v -1.226449 0.118417 0.881131
v -1.304809 0.134004 0.881131
v -1.371240 0.178391 0.881131
v -1.415627 0.244822 0.881131
v -1.431214 0.323183 0.881131
v -1.415627 0.401543 0.881131
v -1.371240 0.467974 0.881131
v -1.304809 0.512361 0.881131
v -1.226449 0.463135 0.814439
v -1.172891 0.452481 0.814438
v -1.127487 0.422144 0.814438
v -1.097150 0.376740 0.814438
v -1.086496 0.323183 0.814438
v -1.097150 0.269625 0.814438
v -1.127487 0.224221 0.814438
v -1.172891 0.193884 0.814438
v -1.226449 0.183230 0.814439
v -1.280006 0.193884 0.814439
v -1.325410 0.224221 0.814439
v -1.355747 0.269625 0.814439
v -1.366401 0.323183 0.814439
v -1.355747 0.376740 0.814439
v -1.325410 0.422144 0.814439
v -1.280006 0.452481 0.814439
v -1.226449 0.375867 0.844135
v -1.206287 0.371857 0.844135
v -1.189195 0.360436 0.844135
v -1.177774 0.343344 0.844135
v -1.173764 0.323183 0.844135
v -1.177774 0.303021 0.844135
v -1.189195 0.285929 0.844135
v -1.206287 0.274508 0.844135
v -1.226449 0.270498 0.844135
v -1.246610 0.274508 0.844135
v -1.263702 0.285929 0.844135
v -1.275123 0.303021 0.844135
v -1.279133 0.323183 0.844135
v -1.275123 0.343344 0.844135
v -1.263702 0.360436 0.844135
v -1.246610 0.371857 0.844135
v -1.226449 0.362102 0.856117
v -1.211555 0.359139 0.856117
v -1.198928 0.350703 0.856117
v -1.190492 0.338076 0.856117
v -1.187529 0.323183 0.856117
v -1.190492 0.308289 0.856117
v -1.198928 0.295662 0.856117
v -1.211555 0.287226 0.856117
v -1.226449 0.284263 0.856117
v -1.241342 0.287226 0.856117
v -1.253969 0.295662 0.856117
v -1.262405 0.308289 0.856117
v -1.265368 0.323183 0.856117
v -1.262405 0.338076 0.856117
v -1.253969 0.350703 0.856117
v -1.241342 0.359139 0.856117
v -1.226449 0.347181 0.847028
v -1.217265 0.345355 0.847028
v -1.209479 0.340152 0.847028
v -1.204277 0.332366 0.847028
v -1.202450 0.323183 0.847028
v -1.204277 0.313999 0.847028
v -1.209479 0.306213 0.847028
v -1.217265 0.301010 0.847028
v -1.226449 0.299184 0.847028
v -1.235633 0.301010 0.847028
v -1.243418 0.306213 0.847028
v -1.248621 0.313999 0.847028
v -1.250447 0.323183 0.847028
v -1.248621 0.332366 0.847028
v -1.243418 0.340152 0.847028
v -1.235633 0.345355 0.847028
v -1.226449 0.333273 0.856706
v -1.222587 0.332505 0.856706
v -1.219313 0.330318 0.856706
v -1.217126 0.327044 0.856706
v -1.216358 0.323183 0.856706
v -1.217126 0.319321 0.856706
v -1.219313 0.316047 0.856706
v -1.222587 0.313860 0.856706
v -1.226449 0.313092 0.856706
v -1.230310 0.313860 0.856706
v -1.233584 0.316047 0.856706
v -1.235771 0.319321 0.856706
v -1.236539 0.323183 0.856706
v -1.235771 0.327044 0.856706
v -1.233584 0.330318 0.856706
v -1.230310 0.332505 0.856706
v -1.120529 0.578896 0.881131
v -1.102772 0.621764 0.835622
v -1.226449 0.646365 0.835622
v -1.226449 0.599965 0.881131
v -1.030734 0.518897 0.881131
v -0.997924 0.551707 0.835622
v -0.970735 0.429103 0.881131
v -0.927867 0.446859 0.835622
v -0.949666 0.323183 0.881131
v -0.903266 0.323183 0.835622
v -0.970735 0.217263 0.881131
v -0.927867 0.199506 0.835622
v -1.030734 0.127468 0.881131
v -0.997924 0.094658 0.835622
v -1.120529 0.067469 0.881131
v -1.102772 0.024601 0.835622
v -1.226449 0.046400 0.881131
v -1.226449 0.000000 0.835622
v -1.332369 0.067469 0.881131
v -1.350125 0.024601 0.835622
v -1.422163 0.127468 0.881131
v -1.454973 0.094658 0.835622
v -1.482162 0.217262 0.881131
v -1.525030 0.199506 0.835622
v -1.503231 0.323183 0.881131
v -1.549631 0.323183 0.835622
v -1.482162 0.429103 0.881131
v -1.525030 0.446859 0.835622
v -1.422163 0.518897 0.881131
v -1.454973 0.551707 0.835622
v -1.332369 0.578896 0.881131
v -1.350125 0.621764 0.835622
v -1.226449 0.485589 0.853254
v -1.288599 0.473227 0.853254
v -1.164298 0.173138 0.853254
v -1.341287 0.438022 0.853254
v -1.111610 0.208344 0.853254
v -1.376493 0.385333 0.853254
v -1.076404 0.261032 0.853254
v -1.388855 0.323183 0.853254
v -1.064042 0.323183 0.853254
v -1.376493 0.261032 0.853254
v -1.076404 0.385333 0.853254
v -1.341287 0.208343 0.853254
v -1.111610 0.438022 0.853254
v -1.164298 0.473227 0.853254
v -1.288599 0.173138 0.853254
v -1.226449 0.160776 0.853254
v -1.226449 0.602488 0.631109
v -1.226449 0.646365 0.674143
v -1.102772 0.621764 0.674143
v -1.119563 0.581227 0.631109
v -0.997924 0.551707 0.674143
v -1.028950 0.520681 0.631109
v -0.927867 0.446859 0.674143
v -0.968404 0.430068 0.631109
v -0.903266 0.323183 0.674143
v -0.947143 0.323183 0.631109
v -0.927867 0.199506 0.674143
v -0.968404 0.216297 0.631109
v -0.997924 0.094658 0.674143
v -1.028950 0.125684 0.631109
v -1.102772 0.024601 0.674143
v -1.119563 0.065138 0.631109
v -1.226449 0.000000 0.674143
v -1.226449 0.043877 0.631109
v -1.350125 0.024601 0.674143
v -1.333334 0.065138 0.631109
v -1.454973 0.094658 0.674143
v -1.423947 0.125684 0.631109
v -1.525030 0.199506 0.674143
v -1.484493 0.216297 0.631109
v -1.549631 0.323183 0.674143
v -1.505754 0.323183 0.631109
v -1.525030 0.446859 0.674143
v -1.484493 0.430068 0.631109
v -1.454973 0.551707 0.674143
v -1.423947 0.520681 0.631109
v -1.350125 0.621764 0.674143
v -1.333334 0.581227 0.631109
v 1.226450 0.323183 0.631108
v 1.226450 0.527948 0.881129
v 1.304810 0.512361 0.881129
v 1.371241 0.467974 0.881129
v 1.415628 0.401543 0.881129
v 1.431215 0.323183 0.881129
v 1.415628 0.244822 0.881129
v 1.371241 0.178392 0.881129
v 1.304810 0.134004 0.881129
v 1.226450 0.118417 0.881129
v 1.148089 0.134004 0.881130
v 1.081659 0.178391 0.881130
v 1.037271 0.244822 0.881130
v 1.021684 0.323183 0.881130
v 1.037271 0.401543 0.881130
v 1.081659 0.467974 0.881130
v 1.148089 0.512361 0.881130
v 1.226450 0.463135 0.814437
v 1.280007 0.452481 0.814437
v 1.325411 0.422144 0.814437
v 1.355749 0.376740 0.814437
v 1.366402 0.323183 0.814437
v 1.355749 0.269625 0.814437
v 1.325411 0.224221 0.814437
v 1.280007 0.193884 0.814437
v 1.226450 0.183230 0.814437
v 1.172892 0.193884 0.814437
v 1.127488 0.224221 0.814437
v 1.097151 0.269625 0.814437
v 1.086497 0.323183 0.814437
v 1.097151 0.376740 0.814437
v 1.127488 0.422144 0.814437
v 1.172892 0.452481 0.814437
v 1.226450 0.375867 0.844134
v 1.246611 0.371857 0.844134
v 1.263703 0.360436 0.844134
v 1.275124 0.343344 0.844134
v 1.279134 0.323183 0.844134
v 1.275124 0.303021 0.844134
v 1.263703 0.285929 0.844134
v 1.246611 0.274508 0.844134
v 1.226450 0.270498 0.844134
v 1.206288 0.274508 0.844134
v 1.189196 0.285929 0.844134
v 1.177776 0.303021 0.844134
v 1.173765 0.323183 0.844134
v 1.177776 0.343344 0.844134
v 1.189196 0.360436 0.844134
v 1.206288 0.371857 0.844134
v 1.226450 0.362102 0.856115
v 1.241343 0.359139 0.856115
v 1.253970 0.350703 0.856115
v 1.262407 0.338076 0.856115
v 1.265369 0.323183 0.856115
v 1.262407 0.308289 0.856115
v 1.253970 0.295662 0.856115
v 1.241343 0.287226 0.856115
v 1.226450 0.284263 0.856115
v 1.211556 0.287226 0.856115
v 1.198929 0.295662 0.856116
v 1.190493 0.308289 0.856116
v 1.187530 0.323183 0.856116
v 1.190493 0.338076 0.856116
v 1.198929 0.350703 0.856116
v 1.211556 0.359139 0.856115
v 1.226450 0.347181 0.847027
v 1.235634 0.345355 0.847027
v 1.243419 0.340152 0.847027
v 1.248622 0.332366 0.847027
v 1.250448 0.323183 0.847027
v 1.248622 0.313999 0.847027
v 1.243419 0.306213 0.847027
v 1.235634 0.301010 0.847027
v 1.226450 0.299184 0.847027
v 1.217266 0.301010 0.847027
v 1.209480 0.306213 0.847027
v 1.204278 0.313999 0.847027
v 1.202451 0.323183 0.847027
v 1.204278 0.332366 0.847027
v 1.209480 0.340152 0.847027
v 1.217266 0.345355 0.847027
v 1.226450 0.333273 0.856704
v 1.230311 0.332505 0.856704
v 1.233585 0.330318 0.856704
v 1.235772 0.327044 0.856704
v 1.236540 0.323183 0.856704
v 1.235772 0.319321 0.856704
v 1.233585 0.316047 0.856704
v 1.230311 0.313860 0.856704
v 1.226450 0.313092 0.856704
v 1.222588 0.313860 0.856704
v 1.219314 0.316047 0.856704
v 1.217127 0.319321 0.856704
v 1.216359 0.323183 0.856704
v 1.217127 0.327044 0.856704
v 1.219314 0.330318 0.856704
v 1.222588 0.332505 0.856704
v 1.332370 0.578896 0.881129
v 1.350126 0.621764 0.835621
v 1.226450 0.646365 0.835621
v 1.226450 0.599965 0.881129
v 1.422164 0.518897 0.881129
v 1.454974 0.551707 0.835621
v 1.482163 0.429103 0.881129
v 1.525031 0.446859 0.835621
v 1.503232 0.323183 0.881129
v 1.549632 0.323183 0.835621
v 1.482163 0.217263 0.881129
v 1.525031 0.199506 0.835621
v 1.422164 0.127468 0.881129
v 1.454974 0.094658 0.835621
v 1.332370 0.067469 0.881129
v 1.350126 0.024601 0.835621
v 1.226450 0.046400 0.881129
v 1.226450 0.000000 0.835621
v 1.120530 0.067469 0.881130
v 1.102773 0.024601 0.835621
v 1.030735 0.127468 0.881130
v 0.997925 0.094658 0.835621
v 0.970736 0.217262 0.881130
v 0.927868 0.199506 0.835621
v 0.949668 0.323183 0.881130
v 0.903267 0.323183 0.835621
v 0.970736 0.429103 0.881130
v 0.927868 0.446859 0.835621
v 1.030735 0.518897 0.881130
v 0.997925 0.551707 0.835621
v 1.120530 0.578896 0.881130
v 1.102773 0.621764 0.835621
v 1.226450 0.485589 0.853253
v 1.164299 0.473227 0.853253
v 1.288600 0.173138 0.853253
v 1.111611 0.438022 0.853253
v 1.341289 0.208344 0.853252
v 1.076405 0.385333 0.853253
v 1.376494 0.261032 0.853252
v 1.064043 0.323183 0.853253
v 1.388856 0.323183 0.853252
v 1.076405 0.261032 0.853253
v 1.376494 0.385333 0.853252
v 1.111611 0.208343 0.853253
v 1.341289 0.438022 0.853252
v 1.288600 0.473227 0.853253
v 1.164299 0.173138 0.853253
v 1.226450 0.160776 0.853253
v 1.226450 0.602488 0.631108
v 1.226450 0.646365 0.674142
v 1.350126 0.621764 0.674142
v 1.333335 0.581227 0.631108
v 1.454974 0.551707 0.674142
v 1.423948 0.520681 0.631107
v 1.525031 0.446859 0.674142
v 1.484494 0.430068 0.631107
v 1.549632 0.323183 0.674142
v 1.505755 0.323183 0.631107
v 1.525031 0.199506 0.674142
v 1.484494 0.216297 0.631107
v 1.454974 0.094658 0.674142
v 1.423948 0.125684 0.631107
v 1.350126 0.024601 0.674142
v 1.333335 0.065138 0.631107
v 1.226450 0.000000 0.674142
v 1.226450 0.043877 0.631108
v 1.102773 0.024601 0.674142
v 1.119564 0.065138 0.631108
v 0.997925 0.094658 0.674142
v 1.028951 0.125684 0.631108
v 0.927868 0.199506 0.674142
v 0.968405 0.216297 0.631108
v 0.903267 0.323183 0.674142
v 0.947144 0.323183 0.631108
v 0.927868 0.446859 0.674142
v 0.968405 0.430068 0.631108
v 0.997925 0.551707 0.674142
v 1.028951 0.520681 0.631108
v 1.102773 0.621764 0.674142
v 1.119564 0.581227 0.631108
vt 0.954081 0.885972
vt 0.934152 0.947311
vt 0.955652 0.939892
vt 0.888812 0.960857
vt 0.735578 0.254062
vt 0.953894 0.885971
vt 0.905217 0.939554
vt 0.428474 0.473933
vt 0.451407 0.463304
vt 0.952113 0.905867
vt 0.414014 0.627405
vt 0.945047 0.887115
vt 0.734084 0.307781
vt 0.427315 0.666423
vt 0.915404 0.252603
vt 0.849596 0.951568
vt 0.733718 0.305946
vt 0.944371 0.883725
vt 0.952528 0.904815
vt 0.892389 0.892080
vt 0.964872 0.892269
vt 0.925668 0.879516
vt 0.882202 0.925020
vt 0.953914 0.923248
vt 0.836537 0.215173
vt 0.935986 0.926338
vt 0.895559 0.947167
vt 0.885896 0.957404
vt 0.947666 0.938466
vt 0.840873 0.216045
vt 0.714496 0.213173
vt 0.743853 0.225973
vt 0.414025 0.644881
vt 0.807789 0.309016
vt 0.894397 0.885923
vt 0.879720 0.959328
vt 0.891557 0.879766
vt 0.949933 0.889752
vt 0.885357 0.259338
vt 0.902952 0.219851
vt 0.905202 0.932457
vt 0.885051 0.245964
vt 0.920770 0.948158
vt 0.933433 0.948049
vt 0.955663 0.925097
vt 0.933430 0.893330
vt 0.265604 0.928014
vt 0.920360 0.157231
vt 0.947655 0.938769
vt 0.955085 0.940457
vt 0.901170 0.938193
vt 0.750640 0.295958
vt 0.952528 0.904213
vt 0.742079 0.936238
vt 0.742079 0.936635
vt 0.854524 0.920920
vt 0.819334 0.312525
vt 0.898387 0.946282
vt 0.898389 0.946957
vt 0.914987 0.254693
vt 0.952949 0.945056
vt 0.902701 0.909099
vt 0.932218 0.894568
vt 0.954016 0.942470
vt 0.951996 0.905281
vt 0.934726 0.894442
vt 0.917966 0.960550
vt 0.965505 0.876720
vt 0.849577 0.230824
vt 0.912395 0.934181
vt 0.940435 0.915424
vt 0.771161 0.304464
vt 0.893172 0.943706
vt 0.924652 0.164182
vt 0.433990 0.674721
vt 0.894397 0.885678
vt 0.925797 0.304402
vt 0.886090 0.958460
vt 0.932972 0.947311
vt 0.947538 0.938691
vt 0.934730 0.894081
vt 0.935983 0.927364
vt 0.950843 0.946339
vt 0.418270 0.484873
vt 0.925797 0.280633
vt 0.905986 0.233956
vt 0.751424 0.254062
vt 0.734126 0.278159
vt 0.915371 0.302163
vt 0.921586 0.943476
vt 0.953792 0.901909
vt 0.426299 0.471541
vt 0.450643 0.465145
vt 0.265527 0.079492
vt 0.929385 0.925529
vt 0.926821 0.935831
vt 0.423198 0.487245
vt 0.932853 0.947311
vt 0.088239 0.038319
vt 0.905407 0.234240
vt 0.885473 0.957404
vt 0.730046 0.303558
vt 0.280935 0.949756
vt 0.898252 0.943684
vt 0.876802 0.914528
vt 0.715761 0.169997
vt 0.730378 0.191395
vt 0.715376 0.225973
vt 0.715761 0.108541
vt 0.374463 0.693368
vt 0.845119 0.216529
vt 0.370812 0.603696
vt 0.734084 0.306827
vt 0.417506 0.487272
vt 0.950853 0.943864
vt 0.880863 0.135619
vt 0.921558 0.945270
vt 0.816727 0.171213
vt 0.929248 0.926105
vt 0.895636 0.947436
vt 0.715761 0.188585
vt 0.845169 0.113092
vt 0.492338 0.153691
vt 0.721518 0.931674
vt 0.885670 0.236084
vt 0.932686 0.894072
vt 0.418918 0.484855
vt 0.919252 0.957713
vt 0.952173 0.905567
vt 0.825070 0.172637
vt 0.416835 0.482028
vt 0.947772 0.931062
vt 0.953813 0.921575
vt 0.752955 0.310498
vt 0.723152 0.932846
vt 0.900363 0.891863
vt 0.940255 0.909324
vt 0.952950 0.946752
vt 0.900403 0.932918
vt 0.448764 0.589443
vt 0.897242 0.946367
vt 0.902025 0.909773
vt 0.905248 0.912903
vt 0.947977 0.903313
vt 0.933930 0.894804
vt 0.857733 0.290953
vt 0.932686 0.892219
vt 0.953053 0.937742
vt 0.953894 0.888440
vt 0.953979 0.900244
vt 0.885670 0.237099
vt 0.896609 0.233943
vt 0.888786 0.959038
vt 0.420472 0.154608
vt 0.825780 0.171864
vt 0.262210 0.936459
vt 0.426299 0.473936
vt 0.933752 0.947311
vt 0.884414 0.949124
vt 0.424439 0.486802
vt 0.941198 0.942501
vt 0.595233 0.038311
vt 0.931293 0.893952
vt 0.953929 0.939007
vt 0.932317 0.894072
vt 0.953914 0.925037
vt 0.852105 0.310429
vt 0.733776 0.306888
vt 0.271704 0.947275
vt 0.715761 0.134655
vt 0.925489 0.118351
vt 0.386219 0.672569
vt 0.910612 0.909336
vt 0.913853 0.946448
vt 0.486968 0.654755
vt 0.842482 0.232422
vt 0.965191 0.944327
vt 0.952175 0.919520
vt 0.753833 0.310498
vt 0.952173 0.905451
vt 0.933954 0.947311
vt 0.913875 0.943832
vt 0.905265 0.939083
vt 0.952073 0.905211
vt 0.954017 0.943151
vt 0.931137 0.927365
vt 0.898012 0.942661
vt 0.905040 0.258195
vt 0.903584 0.908734
vt 0.933821 0.947311
vt 0.873262 0.117480
vt 0.784474 0.296300
vt 0.952993 0.938479
vt 0.958807 0.908388
vt 0.933892 0.947311
vt 0.869041 0.203667
vt 0.871795 0.950214
vt 0.845170 0.192033
vt 0.895779 0.233831
vt 0.845170 0.215047
vt 0.869165 0.280760
vt 0.838991 0.309002
vt 0.931694 0.891940
vt 0.885775 0.232851
vt 0.934931 0.926893
vt 0.950947 0.890688
vt 0.876604 0.914518
vt 0.854687 0.922195
vt 0.770328 0.304464
vt 0.718697 0.932497
vt 0.858023 0.961254
vt 0.731204 0.309701
vt 0.948810 0.884606
vt 0.934171 0.918928
vt 0.915820 0.254693
vt 0.771707 0.305913
vt 0.255239 0.931434
vt 0.953793 0.925038
vt 0.931076 0.892863
vt 0.904208 0.922670
vt 0.729694 0.300621
vt 0.916921 0.958127
vt 0.898562 0.944880
vt 0.871883 0.939627
vt 0.386219 0.670130
vt 0.919163 0.960190
vt 0.888809 0.959491
vt 0.751802 0.297118
vt 0.780164 0.274656
vt 0.965409 0.924321
vt 0.906982 0.947566
vt 0.832892 0.194316
vt 0.840861 0.191260
vt 0.925333 0.156185
vt 0.427710 0.474378
vt 0.429122 0.473936
vt 0.788784 0.295444
vt 0.932652 0.948050
vt 0.854020 0.279962
vt 0.416265 0.487747
vt 0.924391 0.211206
vt 0.895579 0.947522
vt 0.198568 0.038327
vt 0.947814 0.938564
vt 0.885670 0.243479
vt 0.947586 0.938519
vt 0.963882 0.870161
vt 0.915377 0.299728
vt 0.871178 0.946529
vt 0.904226 0.939554
vt 0.921952 0.942821
vt 0.942382 0.881479
vt 0.883360 0.949124
vt 0.870993 0.950882
vt 0.943053 0.886580
vt 0.914761 0.251642
vt 0.733457 0.308488
vt 0.826326 0.105123
vt 0.926125 0.304400
vt 0.903383 0.299728
vt 0.807113 0.305625
vt 0.436310 0.640463
vt 0.924124 0.223631
vt 0.909347 0.929081
vt 0.904756 0.931674
vt 0.914233 0.943676
vt 0.921995 0.944481
vt 0.901256 0.941656
vt 0.885670 0.243577
vt 0.895429 0.264927
vt 0.953754 0.927383
vt 0.954080 0.901908
vt 0.906463 0.910654
vt 0.421392 0.667410
vt 0.951939 0.946752
vt 0.885775 0.236080
vt 0.416742 0.484886
vt 0.880782 0.245964
vt 0.885252 0.925020
vt 0.950471 0.946313
vt 0.932853 0.948049
vt 0.896087 0.947623
vt 0.859278 0.942655
vt 0.923071 0.157648
vt 0.902124 0.927633
vt 0.929385 0.927941
vt 0.933233 0.948049
vt 0.953841 0.902723
vt 0.845256 0.310106
vt 0.873262 0.131366
vt 0.905040 0.257772
vt 0.471085 0.654755
vt 0.901257 0.942337
vt 0.743853 0.212178
vt 0.941458 0.915424
vt 0.900867 0.930477
vt 0.400979 0.683831
vt 0.698205 0.935331
vt 0.891490 0.945585
vt 0.938150 0.932410
vt 0.743853 0.148595
vt 0.915653 0.299728
vt 0.255205 0.894874
vt 0.731265 0.309394
vt 0.900472 0.957485
vt 0.915208 0.300887
vt 0.947607 0.930994
vt 0.905261 0.938528
vt 0.952314 0.905451
vt 0.933433 0.947311
vt 0.897752 0.231452
vt 0.951030 0.943876
vt 0.952014 0.905376
vt 0.953995 0.884298
vt 0.931573 0.893330
vt 0.920787 0.947132
vt 0.842772 0.948857
vt 0.875640 0.916259
vt 0.952338 0.905965
vt 0.965409 0.922410
vt 0.954138 0.925039
vt 0.879474 0.957802
vt 0.925120 0.118352
vt 0.607360 0.119664
vt 0.262210 0.928014
vt 0.914761 0.253563
vt 0.429122 0.471541
vt 0.906550 0.133305
vt 0.869374 0.949853
vt 0.931293 0.892340
vt 0.719659 0.933809
vt 0.729265 0.310776
vt 0.879720 0.957802
vt 0.904865 0.944664
vt 0.953670 0.887762
vt 0.420498 0.117995
vt 0.080315 0.119398
vt 0.229124 0.914242
vt 0.958761 0.945757
vt 0.954017 0.939001
vt 0.953894 0.884297
vt 0.832857 0.134024
vt 0.952522 0.904090
vt 0.947877 0.930976
vt 0.774068 0.289354
vt 0.905162 0.923939
vt 0.909894 0.929081
vt 0.933288 0.893671
vt 0.807847 0.308073
vt 0.423483 0.654395
vt 0.897241 0.946367
vt 0.807847 0.307242
vt 0.958858 0.947184
vt 0.896079 0.231826
vt 0.916539 0.252377
vt 0.715761 0.214653
vt 0.714496 0.133257
vt 0.423483 0.652594
vt 0.954166 0.900246
vt 0.874459 0.271735
vt 0.697819 0.931392
vt 0.914965 0.274967
vt 0.902777 0.945618
vt 0.803658 0.308073
vt 0.953789 0.942486
vt 0.947814 0.938614
vt 0.901354 0.133920
vt 0.449920 0.464821
vt 0.843499 0.948951
vt 0.886780 0.288670
vt 0.842178 0.246746
vt 0.954009 0.925718
vt 0.868736 0.273874
vt 0.922033 0.943508
vt 0.908164 0.961901
vt 0.948809 0.921355
vt 0.423962 0.489640
vt 0.950684 0.944533
vt 0.858268 0.942655
vt 0.892189 0.886169
vt 0.952299 0.919262
vt 0.885357 0.245964
vt 0.413318 0.621890
vt 0.902008 0.347490
vt 0.806230 0.305260
vt 0.892889 0.885923
vt 0.818824 0.312933
vt 0.742773 0.936238
vt 0.742773 0.936635
vt 0.899325 0.943728
vt 0.925261 0.253986
vt 0.900336 0.946367
vt 0.954165 0.929173
vt 0.732098 0.305213
vt 0.952491 0.905737
vt 0.885775 0.235075
vt 0.897241 0.942913
vt 0.914987 0.250512
vt 0.892389 0.886169
vt 0.919866 0.953546
vt 0.740426 0.311626
vt 0.736566 0.310879
vt 0.951860 0.923380
vt 0.896010 0.947809
vt 0.906156 0.910715
vt 0.884788 0.959908
vt 0.809201 0.185572
vt 0.277765 0.890978
vt 0.855681 0.280649
vt 0.895722 0.947866
vt 0.933491 0.947311
vt 0.965429 0.924831
vt 0.929079 0.926514
vt 0.904346 0.923939
vt 0.921845 0.946963
vt 0.816729 0.155211
vt 0.418918 0.484903
vt 0.900403 0.946540
vt 0.849307 0.960855
vt 0.846134 0.310106
vt 0.925797 0.305393
vt 0.965429 0.921842
vt 0.719535 0.934430
vt 0.913853 0.940425
vt 0.729687 0.303055
vt 0.931714 0.893671
vt 0.913628 0.251419
vt 0.897241 0.943684
vt 0.909815 0.908466
vt 0.887728 0.954613
vt 0.949937 0.890688
vt 0.771161 0.308645
vt 0.818856 0.310138
vt 0.891557 0.885678
vt 0.952782 0.904090
vt 0.439892 0.633036
vt 0.904478 0.909041
vt 0.952491 0.905281
vt 0.950482 0.945495
vt 0.950948 0.943870
vt 0.905837 0.909947
vt 0.965114 0.956932
vt 0.870182 0.949546
vt 0.947666 0.938712
vt 0.863496 0.931175
vt 0.960795 0.866071
vt 0.932652 0.947312
vt 0.874269 0.286494
vt 0.754912 0.926505
vt 0.714496 0.109883
vt 0.929079 0.926956
vt 0.417506 0.482034
vt 0.947594 0.931164
vt 0.989915 0.966404
vt 0.805275 0.310055
vt 0.959660 0.907705
vt 0.870174 0.949853
vt 0.888574 0.959038
vt 0.845119 0.110395
vt 0.880844 0.130083
vt 0.293036 0.911723
vt 0.267159 0.936472
vt 0.426469 0.474381
vt 0.854960 0.284268
vt 0.822396 0.881755
vt 0.416095 0.484903
vt 0.910652 0.259116
vt 0.919730 0.960190
vt 0.885670 0.230824
vt 0.772520 0.307739
vt 0.750792 0.295958
vt 0.941465 0.918088
vt 0.423962 0.487246
vt 0.928984 0.925929
vt 0.924652 0.133268
vt 0.431249 0.652006
vt 0.900363 0.882163
vt 0.863496 0.930020
vt 0.953840 0.943163
vt 0.900718 0.957485
vt 0.901659 0.910654
vt 0.373371 0.589168
vt 0.916366 0.251961
vt 0.852921 0.259746
vt 0.897093 0.883863
vt 0.887624 0.954515
vt 0.891557 0.886169
vt 0.951939 0.943298
vt 0.858023 0.961673
vt 0.940189 0.905399
vt 0.887624 0.943887
vt 0.423235 0.668234
vt 0.963882 0.871611
vt 0.907923 0.120972
vt 0.918685 0.960702
vt 0.953977 0.941496
vt 0.934214 0.947311
vt 0.902714 0.232730
vt 0.416095 0.484855
vt 0.438362 0.638021
vt 0.888257 0.958041
vt 0.951861 0.919364
vt 0.952418 0.905456
vt 0.952073 0.905807
vt 0.947567 0.938614
vt 0.452819 0.464713
vt 0.452309 0.465476
vt 0.733042 0.305271
vt 0.870995 0.950214
vt 0.953469 0.941532
vt 0.963882 0.868795
vt 0.869371 0.950215
vt 0.854128 0.311032
vt 0.373371 0.621683
vt 0.884879 0.958459
vt 0.730495 0.305532
vt 0.934474 0.947311
vt 0.430088 0.643848
vt 0.488319 0.117755
vt 0.926543 0.933374
vt 0.838114 0.313632
vt 0.893508 0.885923
vt 0.952890 0.904213
vt 0.933173 0.948049
vt 0.953727 0.923249
vt 0.453290 0.488512
vt 0.922034 0.946977
vt 0.733042 0.309336
vt 0.857607 0.203667
vt 0.449585 0.591360
vt 0.886412 0.288668
vt 0.935852 0.918928
vt 0.948444 0.886441
vt 0.892889 0.885923
vt 0.728463 0.313725
vt 0.371632 0.592677
vt 0.876470 0.286550
vt 0.849260 0.923537
vt 0.887501 0.313462
vt 0.947777 0.904563
vt 0.934341 0.947311
vt 0.932972 0.948049
vt 0.940189 0.910591
vt 0.400583 0.674794
vt 0.885766 0.303703
vt 0.917399 0.957562
vt 0.898253 0.946367
vt 0.955085 0.939894
vt 0.954080 0.900244
vt 0.849439 0.236073
vt 0.958757 0.947279
vt 0.934272 0.947311
vt 0.863533 0.190294
vt 0.923071 0.171270
vt 0.769610 0.306329
vt 0.934738 0.895111
vt 0.401338 0.686164
vt 0.881140 0.953427
vt 0.933752 0.948049
vt 0.817717 0.310365
vt 0.903645 0.909041
vt 0.904539 0.913528
vt 0.897779 0.944673
vt 0.453290 0.494625
vt 0.940189 0.906603
vt 0.947589 0.938436
vt 0.953541 0.940708
vt 0.923373 0.155813
vt 0.448764 0.591360
vt 0.836530 0.111487
vt 0.953685 0.924065
vt 0.900609 0.876251
vt 0.808155 0.308134
vt 0.942261 0.933357
vt 0.852434 0.924627
vt 0.952740 0.955000
vt 0.931573 0.892961
vt 0.414025 0.649388
vt 0.944005 0.884606
vt 0.952949 0.945982
vt 0.892162 0.945577
vt 0.413333 0.645453
vt 0.836563 0.135671
vt 0.721888 0.931729
vt 0.902701 0.913164
vt 0.439660 0.633036
vt 0.733776 0.307719
vt 0.730321 0.305271
vt 0.770869 0.901813
vt 0.870174 0.950576
vt 0.827854 0.878865
vt 0.370812 0.671016
vt 0.427358 0.670706
vt 0.895559 0.947623
vt 0.729848 0.302902
vt 0.734103 0.302953
vt 0.414023 0.627115
vt 0.733718 0.308662
vt 0.428474 0.471539
vt 0.895158 0.144009
vt 0.451299 0.462761
vt 0.940189 0.905968
vt 0.902025 0.912489
vt 0.933430 0.892961
vt 0.818224 0.309940
vt 0.921827 0.947603
vt 0.916921 0.960038
vt 0.953727 0.921575
vt 0.947798 0.930859
vt 0.919730 0.958279
vt 0.954015 0.887761
vt 0.934012 0.948049
vt 0.904527 0.134688
vt 0.400979 0.688400
vt 0.941909 0.907743
vt 0.896649 0.933660
vt 0.910559 0.905068
vt 0.929909 0.928158
vt 0.817094 0.155755
vt 0.894151 0.885923
vt 0.947743 0.903072
vt 0.939068 0.880448
vt 0.373545 0.650977
vt 0.734757 0.302957
vt 0.770970 0.305422
vt 0.920522 0.946448
vt 0.740781 0.313044
vt 0.895668 0.232689
vt 0.400979 0.686218
vt 0.900621 0.930477
vt 0.430766 0.639559
vt 0.948810 0.885560
vt 0.770869 0.904188
vt 0.896010 0.947353
vt 0.933433 0.947311
vt 0.939068 0.879516
vt 0.936144 0.886899
vt 0.953857 0.941505
vt 0.374597 0.690738
vt 0.926551 0.934193
vt 0.954911 0.921396
vt 0.906982 0.934960
vt 0.888574 0.958793
vt 0.895823 0.947395
vt 0.773211 0.285049
vt 0.940189 0.910019
vt 0.953914 0.925717
vt 0.595546 0.079159
vt 0.921058 0.157231
vt 0.774995 0.285049
vt 0.926737 0.931688
vt 0.940542 0.908577
vt 0.886202 0.300695
vt 0.891481 0.959170
vt 0.724296 0.930481
vt 0.876802 0.915296
vt 0.948502 0.884667
vt 0.728727 0.305775
vt 0.885670 0.244588
vt 0.825780 0.208246
vt 0.823765 0.881756
vt 0.897308 0.231826
vt 0.885473 0.959596
vt 0.293188 0.923243
vt 0.947516 0.931047
vt 0.896010 0.947436
vt 0.893172 0.945577
vt 0.897056 0.233736
vt 0.924652 0.109305
vt 0.851613 0.245502
vt 0.892389 0.885678
vt 0.898476 0.942389
vt 0.698205 0.932549
vt 0.903645 0.913221
vt 0.891244 0.945166
vt 0.894397 0.892080
vt 0.960513 0.907855
vt 0.887501 0.260106
vt 0.276173 0.918310
vt 0.904756 0.931573
vt 0.904208 0.940648
vt 0.953253 0.937741
vt 0.953840 0.925719
vt 0.950842 0.948013
vt 0.954127 0.927383
vt 0.239887 0.883391
vt 0.285352 0.883412
vt 0.905202 0.931664
vt 0.901257 0.938187
vt 0.904842 0.257182
vt 0.277604 0.883412
vt 0.925393 0.126001
vt 0.743853 0.201786
vt 0.743853 0.121631
vt 0.827843 0.117542
vt 0.886870 0.313462
vt 0.907303 0.192417
vt 0.836549 0.193263
vt 0.885670 0.231361
vt 0.414024 0.644488
vt 0.719535 0.930128
vt 0.700211 0.934855
vt 0.944313 0.885499
vt 0.939413 0.932410
vt 0.916590 0.250831
vt 0.921827 0.948713
vt 0.954169 0.924065
vt 0.888812 0.958041
vt 0.859278 0.941658
vt 0.931307 0.926956
vt 0.730379 0.212178
vt 0.370812 0.620997
vt 0.880844 0.117482
vt 0.841806 0.227783
vt 0.807528 0.306474
vt 0.924340 0.133268
vt 0.803658 0.307242
vt 0.914441 0.251961
vt 0.871883 0.910828
vt 0.827843 0.146388
vt 0.845170 0.135115
vt 0.751802 0.295811
vt 0.416265 0.482012
vt 0.414007 0.631260
vt 0.947793 0.938436
vt 0.885054 0.957404
vt 0.852982 0.313389
vt 0.751604 0.294798
vt 0.751802 0.296155
vt 0.931714 0.892621
vt 0.954127 0.925720
vt 0.887720 0.933173
vt 0.933491 0.948049
vt 0.920783 0.157231
vt 0.450182 0.465453
vt 0.734757 0.254062
vt 0.932913 0.948050
vt 0.947646 0.931087
vt 0.921936 0.243671
vt 0.247176 0.915999
vt 0.787034 0.294009
vt 0.947761 0.938484
vt 0.904756 0.932558
vt 0.952472 0.905832
vt 0.904753 0.931302
vt 0.953773 0.887761
vt 0.803977 0.306474
vt 0.730453 0.169997
vt 0.436310 0.642902
vt 0.370812 0.678617
vt 0.430766 0.647637
vt 0.915653 0.283878
vt 0.401338 0.687537
vt 0.951938 0.944113
vt 0.941465 0.914631
vt 0.899325 0.944670
vt 0.954116 0.929853
vt 0.953755 0.903699
vt 0.871794 0.949546
vt 0.953979 0.901907
vt 0.952472 0.905376
vt 0.904208 0.938528
vt 0.959105 0.909070
vt 0.886408 0.958458
vt 0.952740 0.956310
vt 0.954166 0.901909
vt 0.400979 0.687819
vt 0.714496 0.132023
vt 0.832891 0.132998
vt 0.413318 0.631103
vt 0.840832 0.136717
vt 0.908164 0.947566
vt 0.925333 0.164182
vt 0.947594 0.883311
vt 0.887728 0.941863
vt 0.835856 0.270390
vt 0.952148 0.905509
vt 0.953941 0.927381
vt 0.965976 0.922410
vt 0.955085 0.941083
vt 0.285352 0.893883
vt 0.906115 0.133305
vt 0.903661 0.208268
vt 0.780846 0.293797
vt 0.451984 0.462761
vt 0.724296 0.933261
vt 0.893087 0.886169
vt 0.854848 0.919917
vt 0.697756 0.935331
vt 0.842178 0.231605
vt 0.893508 0.885923
vt 0.886662 0.176500
vt 0.914441 0.253244
vt 0.941456 0.916360
vt 0.879474 0.958698
vt 0.925249 0.209116
vt 0.858397 0.946602
vt 0.751802 0.294965
vt 0.258853 0.890978
vt 0.905304 0.923668
vt 0.897093 0.911066
vt 0.845119 0.136514
vt 0.940455 0.918088
vt 0.904478 0.913221
vt 0.894151 0.879766
vt 0.734757 0.278159
vt 0.965505 0.892269
vt 0.390719 0.672569
vt 0.436310 0.639443
vt 0.252357 0.895137
vt 0.952243 0.905097
vt 0.902912 0.231601
vt 0.908358 0.120972
vt 0.953884 0.904378
vt 0.917966 0.960551
vt 0.933710 0.892340
vt 0.828390 0.105122
vt 0.450643 0.463813
vt 0.929909 0.925312
vt 0.911334 0.283878
vt 0.884788 0.957092
vt 0.947727 0.938769
vt 0.265683 0.118342
vt 0.593964 0.078262
vt 0.935983 0.925312
vt 0.932782 0.948049
vt 0.743527 0.275995
vt 0.885775 0.244591
vt 0.915629 0.253735
vt 0.947621 0.930961
vt 0.904337 0.940101
vt 0.729280 0.306827
vt 0.243228 0.876209
vt 0.471085 0.646146
vt 0.436310 0.641678
vt 0.430470 0.666668
vt 0.432558 0.680042
vt 0.887728 0.942878
vt 0.729280 0.307781
vt 0.898112 0.945038
vt 0.414005 0.638126
vt 0.895924 0.947866
vt 0.953739 0.925718
vt 0.751213 0.295958
vt 0.825070 0.196408
vt 0.905265 0.937973
vt 0.953793 0.884298
vt 0.715761 0.105121
vt 0.816729 0.192211
vt 0.947786 0.930994
vt 0.825070 0.197398
vt 0.250446 0.905244
vt 0.852135 0.314178
vt 0.869374 0.950576
vt 0.900117 0.892108
vt 0.891557 0.892080
vt 0.964363 0.957700
vt 0.940255 0.906666
vt 0.902323 0.352950
vt 0.924977 0.275936
vt 0.880844 0.131366
vt 0.938743 0.933807
vt 0.896898 0.232689
vt 0.448286 0.681883
vt 0.738496 0.313313
vt 0.933043 0.947311
vt 0.934931 0.925783
vt 0.904212 0.939083
vt 0.729848 0.304687
vt 0.902905 0.945347
vt 0.953641 0.940701
vt 0.902912 0.233727
vt 0.854319 0.920920
vt 0.902680 0.271317
vt 0.919044 0.164509
vt 0.452640 0.465145
vt 0.933027 0.893931
vt 0.897009 0.233831
vt 0.947732 0.931192
vt 0.849307 0.958038
vt 0.888257 0.960857
vt 0.934214 0.948049
vt 0.876299 0.273535
vt 0.421221 0.654395
vt 0.292652 0.896728
vt 0.775716 0.281426
vt 0.838991 0.313632
vt 0.903660 0.219165
vt 0.809891 0.184514
vt 0.933892 0.948049
vt 0.854020 0.288573
vt 0.730453 0.148595
vt 0.941198 0.943690
vt 0.929248 0.927365
vt 0.947607 0.931029
vt 0.886157 0.957092
vt 0.940255 0.905966
vt 0.934929 0.927364
vt 0.952148 0.905965
vt 0.933930 0.894081
vt 0.737531 0.310879
vt 0.729265 0.305938
vt 0.900720 0.894598
vt 0.913628 0.253787
vt 0.373371 0.579731
vt 0.414025 0.626674
vt 0.892189 0.885923
vt 0.252357 0.904921
vt 0.372133 0.672537
vt 0.939414 0.933807
vt 0.803716 0.306300
vt 0.930476 0.925312
vt 0.904842 0.258342
vt 0.950805 0.944541
vt 0.805336 0.309748
vt 0.731204 0.304906
vt 0.852982 0.310429
vt 0.922034 0.942827
vt 0.905814 0.233079
vt 0.902286 0.912315
vt 0.257453 0.936471
vt 0.816729 0.171888
vt 0.809891 0.185197
vt 0.893087 0.879766
vt 0.906864 0.233079
vt 0.947543 0.930909
vt 0.924124 0.211226
vt 0.244856 0.887182
vt 0.940445 0.918088
vt 0.875792 0.915098
vt 0.400583 0.673030
vt 0.932804 0.918928
vt 0.771707 0.307196
vt 0.898252 0.945553
vt 0.902286 0.909947
vt 0.724296 0.934430
vt 0.743853 0.132023
vt 0.885357 0.230824
vt 0.924974 0.211225
vt 0.954052 0.924064
vt 0.729319 0.301780
vt 0.930414 0.925623
vt 0.840861 0.135936
vt 0.888583 0.933174
vt 0.954234 0.902725
vt 0.414023 0.619217
vt 0.788784 0.274656
vt 0.947871 0.938553
vt 0.895924 0.947395
vt 0.891985 0.176918
vt 0.809201 0.171913
vt 0.947660 0.930831
vt 0.906885 0.257182
vt 0.953582 0.941524
vt 0.427592 0.670989
vt 0.863543 0.176511
vt 0.952373 0.905411
vt 0.873481 0.259338
vt 0.892889 0.892080
vt 0.954912 0.919364
vt 0.950944 0.889752
vt 0.845419 0.259746
vt 0.427592 0.666700
vt 0.885051 0.231641
vt 0.964872 0.905642
vt 0.906982 0.961901
vt 0.910591 0.879516
vt 0.381237 0.661609
vt 0.400583 0.671193
vt 0.914138 0.947191
vt 0.418178 0.487731
vt 0.370812 0.686218
vt 0.863533 0.203667
vt 0.938861 0.902661
vt 0.952243 0.905984
vt 0.950926 0.944550
vt 0.722356 0.934046
vt 0.933309 0.891940
vt 0.752213 0.281218
vt 0.818468 0.311515
vt 0.896230 0.944611
vt 0.840868 0.110934
vt 0.836487 0.105121
vt 0.450974 0.463483
vt 0.879720 0.958000
vt 0.900363 0.867480
vt 0.954117 0.902723
vt 0.751802 0.295388
vt 0.873262 0.134715
vt 0.932782 0.947311
vt 0.955096 0.925097
vt 0.902025 0.949293
vt 0.418918 0.482463
vt 0.952173 0.905907
vt 0.934738 0.893775
vt 0.933632 0.948049
vt 0.729645 0.305946
vt 0.936144 0.886592
vt 0.777771 0.291744
vt 0.952993 0.937741
vt 0.284513 0.924256
vt 0.895842 0.266053
vt 0.728727 0.310930
vt 0.916047 0.251642
vt 0.893179 0.946370
vt 0.893508 0.892080
vt 0.940455 0.914631
vt 0.413318 0.654789
vt 0.947452 0.903242
vt 0.732098 0.309394
vt 0.768650 0.306970
vt 0.845419 0.246258
vt 0.879474 0.958000
vt 0.438130 0.638415
vt 0.918553 0.959984
vt 0.869012 0.273018
vt 0.931618 0.926452
vt 0.806169 0.309748
vt 0.729848 0.300776
vt 0.948444 0.883725
vt 0.879474 0.957161
vt 0.416742 0.484873
vt 0.455028 0.495110
vt 0.875640 0.913938
vt 0.879773 0.947511
vt 0.873481 0.272712
vt 0.432723 0.652006
vt 0.730379 0.201786
vt 0.923071 0.164509
vt 0.428382 0.474379
vt 0.905422 0.913164
vt 0.857733 0.277582
vt 0.954101 0.923249
vt 0.894397 0.879766
vt 0.416095 0.482463
vt 0.953804 0.904379
vt 0.870994 0.949853
vt 0.371358 0.579731
vt 0.752109 0.926505
vt 0.953716 0.929173
vt 0.380994 0.660389
vt 0.898452 0.942518
vt 0.774068 0.280744
vt 0.894151 0.885923
vt 0.856462 0.292223
vt 0.433811 0.674721
vt 0.400224 0.674508
vt 0.913309 0.253018
vt 0.920239 0.933568
vt 0.887624 0.956640
vt 0.900336 0.943728
vt 0.743853 0.191395
vt 0.401338 0.684447
vt 0.414025 0.622166
vt 0.849556 0.231666
vt 0.900870 0.911142
vt 0.875640 0.915098
vt 0.949948 0.891481
vt 0.906463 0.911608
vt 0.894151 0.892080
vt 0.869382 0.949546
vt 0.945221 0.883311
vt 0.924702 0.267820
vt 0.905088 0.939694
vt 0.855681 0.287886
vt 0.896058 0.231724
vt 0.426963 0.666700
vt 0.720330 0.930769
vt 0.953707 0.884298
vt 0.930476 0.928158
vt 0.825157 0.148774
vt 0.906885 0.258058
vt 0.285553 0.905345
vt 0.905397 0.233079
vt 0.884414 0.950704
vt 0.742773 0.934707
vt 0.900263 0.911066
vt 0.455028 0.488512
vt 0.933693 0.948049
vt 0.951860 0.919364
vt 0.803351 0.307181
vt 0.770519 0.307687
vt 0.898530 0.944774
vt 0.894397 0.886169
vt 0.879720 0.959117
vt 0.947465 0.903306
vt 0.827843 0.211609
vt 0.828930 0.230674
vt 0.826867 0.227784
vt 0.904824 0.233277
vt 0.953830 0.940688
vt 0.915178 0.251470
vt 0.422434 0.489640
vt 0.940189 0.909387
vt 0.895924 0.946923
vt 0.915820 0.250512
vt 0.897732 0.944769
vt 0.848747 0.959404
vt 0.902732 0.303279
vt 0.892889 0.879766
vt 0.914138 0.933568
vt 0.924549 0.275936
vt 0.897241 0.944611
vt 0.893508 0.885678
vt 0.900854 0.876251
vt 0.887624 0.941761
vt 0.892162 0.943706
vt 0.905422 0.909099
vt 0.851613 0.259746
vt 0.732868 0.305532
vt 0.918553 0.958072
vt 0.933113 0.948049
vt 0.804392 0.305625
vt 0.854694 0.919761
vt 0.897288 0.231724
vt 0.888254 0.959491
vt 0.905837 0.912315
vt 0.950756 0.946333
vt 0.921503 0.218044
vt 0.904208 0.940101
vt 0.917498 0.253018
vt 0.892189 0.885678
vt 0.904539 0.908734
vt 0.888303 0.925020
vt 0.426946 0.473933
vt 0.427710 0.473932
vt 0.414016 0.644221
vt 0.944313 0.884667
vt 0.866973 0.293217
vt 0.952068 0.905912
vt 0.426963 0.666423
vt 0.873549 0.939750
vt 0.947655 0.938409
vt 0.486007 0.038240
vt 0.751347 0.279710
vt 0.722480 0.930365
vt 0.891727 0.958593
vt 0.901690 0.134688
vt 0.951938 0.945982
vt 0.904362 0.938935
vt 0.952014 0.905832
vt 0.892159 0.944641
vt 0.900472 0.963396
vt 0.430134 0.639694
vt 0.924648 0.288627
vt 0.836557 0.191741
vt 0.958858 0.945854
vt 0.945047 0.883050
vt 0.965191 0.929729
vt 0.875640 0.915296
vt 0.373801 0.649607
vt 0.416835 0.487731
vt 0.293372 0.909061
vt 0.921745 0.946956
vt 0.874876 0.941210
vt 0.729848 0.302562
vt 0.720757 0.934430
vt 0.892389 0.885923
vt 0.944005 0.885560
vt 0.897807 0.233837
vt 0.276173 0.942081
vt 0.864426 0.273018
vt 0.933710 0.893952
vt 0.962946 0.870162
vt 0.772520 0.305371
vt 0.901749 0.231452
vt 0.948809 0.919364
vt 0.845169 0.133880
vt 0.231126 0.925215
vt 0.924652 0.156185
vt 0.838114 0.309002
vt 0.883360 0.949594
vt 0.453363 0.464138
vt 0.372192 0.684252
vt 0.931618 0.927018
vt 0.852135 0.309548
vt 0.885775 0.237201
vt 0.952418 0.905106
vt 0.935852 0.913828
vt 0.930824 0.927677
vt 0.731011 0.302403
vt 0.953750 0.902725
vt 0.947796 0.938659
vt 0.380990 0.661734
vt 0.897839 0.233943
vt 0.949948 0.888024
vt 0.891481 0.958672
vt 0.883360 0.950704
vt 0.947747 0.930936
vt 0.946885 0.882685
vt 0.770519 0.305422
vt 0.948809 0.923380
vt 0.939421 0.916360
vt 0.900117 0.873637
vt 0.842896 0.948152
vt 0.891769 0.885678
vt 0.895668 0.192059
vt 0.898792 0.942866
vt 0.948502 0.885499
vt 0.926627 0.933369
vt 0.885670 0.241554
vt 0.903878 0.257762
vt 0.885670 0.231944
vt 0.896067 0.947267
vt 0.846766 0.236320
vt 0.879474 0.957382
vt 0.953941 0.929852
vt 0.934341 0.948049
vt 0.750640 0.297118
vt 0.770970 0.307687
vt 0.947515 0.904728
vt 0.731011 0.303558
vt 0.939424 0.917295
vt 0.897093 0.898461
vt 0.947796 0.938519
vt 0.840835 0.190485
vt 0.860804 0.275533
vt 0.946824 0.887173
vt 0.869441 0.289905
vt 0.964792 0.870162
vt 0.898851 0.942774
vt 0.731265 0.305213
vt 0.896159 0.234101
vt 0.845170 0.111736
vt 0.887501 0.301065
vt 0.852921 0.232049
vt 0.904865 0.943666
vt 0.413333 0.648854
vt 0.898128 0.232853
vt 0.952314 0.905567
vt 0.229094 0.925215
vt 0.772839 0.306139
vt 0.947307 0.904500
vt 0.904865 0.942539
vt 0.413333 0.625639
vt 0.271704 0.943935
vt 0.897242 0.945553
vt 0.846766 0.259746
vt 0.456766 0.494625
vt 0.898389 0.932369
vt 0.443364 0.604781
vt 0.832840 0.213858
vt 0.917974 0.169235
vt 0.852105 0.313389
vt 0.902952 0.219168
vt 0.278745 0.901542
vt 0.950554 0.946319
vt 0.729587 0.307719
vt 0.920774 0.948713
vt 0.951029 0.944557
vt 0.903702 0.944823
vt 0.952413 0.905807
vt 0.905304 0.932558
vt 0.877138 0.303703
vt 0.921212 0.231392
vt 0.413318 0.619217
vt 0.961243 0.865551
vt 0.904208 0.923668
vt 0.911612 0.208268
vt 0.452640 0.463813
vt 0.452820 0.464246
vt 0.887474 0.932927
vt 0.752109 0.934501
vt 0.809201 0.184515
vt 0.729587 0.306888
vt 0.920774 0.947603
vt 0.953941 0.928197
vt 0.257522 0.919100
vt 0.925261 0.240668
vt 0.836571 0.135246
vt 0.827854 0.879798
vt 0.949937 0.888817
vt 0.417506 0.482488
vt 0.884414 0.949594
vt 0.924974 0.192436
vt 0.934012 0.947311
vt 0.953878 0.900244
vt 0.954122 0.886788
vt 0.418918 0.487296
vt 0.824054 0.882688
vt 0.699518 0.936075
vt 0.914217 0.254375
vt 0.924974 0.200522
vt 0.486968 0.650434
vt 0.401338 0.687847
vt 0.807789 0.306300
vt 0.896649 0.945797
vt 0.390719 0.673617
vt 0.945930 0.887480
vt 0.953803 0.928197
vt 0.933374 0.948049
vt 0.291352 0.942036
vt 0.905113 0.938935
vt 0.904309 0.931664
vt 0.840470 0.307175
vt 0.868736 0.280760
vt 0.904337 0.940508
vt 0.915002 0.300888
vt 0.952243 0.905034
vt 0.904208 0.939554
vt 0.953253 0.938479
vt 0.901070 0.939874
vt 0.848752 0.960855
vt 0.953840 0.927382
vt 0.432558 0.666668
vt 0.836524 0.259964
vt 0.199041 0.078921
vt 0.924648 0.280631
vt 0.902875 0.909359
vt 0.939435 0.914631
vt 0.906098 0.909773
vt 0.729144 0.310930
vt 0.433990 0.674370
vt 0.914217 0.250831
vt 0.252357 0.919100
vt 0.721475 0.930898
vt 0.877138 0.287852
vt 0.838959 0.312841
vt 0.886636 0.154538
vt 0.921686 0.943483
vt 0.951996 0.905737
vt 0.947516 0.930976
vt 0.373371 0.646472
vt 0.771931 0.308327
vt 0.845170 0.214051
vt 0.769558 0.304782
vt 0.943724 0.881479
vt 0.899326 0.946367
vt 0.730379 0.132023
vt 0.832895 0.195702
vt 0.920239 0.947191
vt 0.876630 0.915098
vt 0.905113 0.938121
vt 0.738496 0.312035
vt 0.953846 0.929852
vt 0.953718 0.941514
vt 0.934081 0.948049
vt 0.854128 0.312187
vt 0.904345 0.931290
vt 0.952073 0.905351
vt 0.871883 0.924202
vt 0.451876 0.463304
vt 0.917987 0.958072
vt 0.873262 0.154547
vt 0.192672 0.154475
vt 0.374354 0.691958
vt 0.941483 0.942504
vt 0.738496 0.310879
vt 0.952014 0.905186
vt 0.931076 0.893429
vt 0.844515 0.313943
vt 0.424610 0.487246
vt 0.964566 0.871612
vt 0.729906 0.308488
vt 0.900125 0.945797
vt 0.925762 0.109305
vt 0.413318 0.638126
vt 0.873262 0.176500
vt 0.730379 0.111239
vt 0.911334 0.299728
vt 0.413955 0.654789
vt 0.720330 0.933809
vt 0.876299 0.287374
vt 0.730046 0.302403
vt 0.934214 0.947311
vt 0.885473 0.959908
vt 0.947871 0.938625
vt 0.888583 0.932928
vt 0.952068 0.905106
vt 0.885473 0.957092
vt 0.885775 0.241452
vt 0.953123 0.938480
vt 0.952472 0.905642
vt 0.816729 0.197987
vt 0.453101 0.465453
vt 0.932785 0.891723
vt 0.737531 0.313313
vt 0.924708 0.202725
vt 0.954032 0.886787
vt 0.960838 0.909016
vt 0.905591 0.146620
vt 0.901154 0.941663
vt 0.947621 0.938694
vt 0.742079 0.934707
vt 0.898252 0.944611
vt 0.868736 0.294662
vt 0.953458 0.940714
vt 0.845393 0.309313
vt 0.921947 0.946970
vt 0.729017 0.308606
vt 0.919047 0.139101
vt 0.714496 0.212178
vt 0.888303 0.911398
vt 0.925343 0.200523
vt 0.431810 0.643950
vt 0.370812 0.646472
vt 0.827843 0.171863
vt 0.825780 0.117543
vt 0.401338 0.684708
vt 0.897389 0.234101
vt 0.905161 0.927614
vt 0.933374 0.947311
vt 0.431810 0.639443
vt 0.952113 0.905607
vt 0.951030 0.948026
vt 0.931694 0.894352
vt 0.784474 0.294518
vt 0.853163 0.313466
vt 0.953766 0.929853
vt 0.936944 0.885563
vt 0.919044 0.157648
vt 0.775716 0.288672
vt 0.934730 0.894804
vt 0.895826 0.233736
vt 0.895579 0.947066
vt 0.952068 0.905562
vt 0.905162 0.927614
vt 0.952413 0.905351
vt 0.424610 0.489640
vt 0.904842 0.257762
vt 0.753091 0.314251
vt 0.921806 0.943492
vt 0.953813 0.923248
vt 0.698512 0.936086
vt 0.893730 0.886169
vt 0.700211 0.936075
vt 0.925329 0.288627
vt 0.400224 0.673024
vt 0.932804 0.913828
vt 0.900363 0.876251
vt 0.940445 0.916360
vt 0.901659 0.911608
vt 0.728463 0.310930
vt 0.844515 0.309313
vt 0.933939 0.893775
vt 0.933561 0.947311
vt 0.885057 0.959596
vt 0.904208 0.931561
vt 0.886780 0.312378
vt 0.952338 0.905509
vt 0.952373 0.905151
vt 0.736566 0.315090
vt 0.257522 0.904921
vt 0.947715 0.938466
vt 0.947714 0.930922
vt 0.892425 0.197436
vt 0.913875 0.944116
vt 0.730321 0.309336
vt 0.965191 0.956932
vt 0.958655 0.946482
vt 0.947768 0.883050
vt 0.952175 0.919158
vt 0.447654 0.684138
vt 0.873481 0.287852
vt 0.879474 0.959328
vt 0.257891 0.937058
vt 0.874459 0.259338
vt 0.953719 0.888441
vt 0.838082 0.309881
vt 0.936944 0.886231
vt 0.753091 0.309622
vt 0.954042 0.925719
vt 0.900263 0.884125
vt 0.751630 0.295958
vt 0.921658 0.945277
vt 0.947660 0.931192
vt 0.413333 0.622571
vt 0.418270 0.487278
vt 0.947543 0.931114
vt 0.449920 0.464138
vt 0.903280 0.219165
vt 0.864426 0.295518
vt 0.947785 0.931029
vt 0.860116 0.294662
vt 0.953194 0.937742
vt 0.905088 0.940101
vt 0.905217 0.940648
vt 0.249365 0.883391
vt 0.903660 0.229069
vt 0.947510 0.938625
vt 0.953979 0.904377
vt 0.941458 0.917295
vt 0.862531 0.931175
vt 0.835567 0.270390
vt 0.881452 0.303703
vt 0.732160 0.309701
vt 0.371899 0.705283
vt 0.900472 0.154044
vt 0.832895 0.131441
vt 0.719941 0.929744
vt 0.898253 0.942913
vt 0.936944 0.886899
vt 0.896087 0.947167
vt 0.953878 0.901908
vt 0.374043 0.649762
vt 0.836541 0.111736
vt 0.947747 0.931087
vt 0.431810 0.640463
vt 0.929971 0.927847
vt 0.752213 0.309622
vt 0.954169 0.928199
vt 0.947278 0.904560
vt 0.869041 0.190294
vt 0.265582 0.945580
vt 0.258853 0.928014
vt 0.427710 0.471538
vt 0.697819 0.936086
vt 0.914233 0.944116
vt 0.870171 0.950215
vt 0.924124 0.202706
vt 0.921475 0.945264
vt 0.840851 0.307172
vt 0.903280 0.229073
vt 0.892126 0.131153
vt 0.852921 0.246258
vt 0.869184 0.176511
vt 0.836549 0.113092
vt 0.832875 0.112872
vt 0.414009 0.650025
vt 0.257587 0.937058
vt 0.849260 0.952336
vt 0.941378 0.906007
vt 0.939408 0.902723
vt 0.947621 0.938484
vt 0.924273 0.267820
vt 0.854128 0.313466
vt 0.952299 0.919527
vt 0.952163 0.904815
vt 0.924340 0.119024
vt 0.952427 0.905281
vt 0.944632 0.886267
vt 0.933561 0.948049
vt 0.879474 0.958498
vt 0.915931 0.192417
vt 0.453363 0.464821
vt 0.885051 0.245850
vt 0.951860 0.921396
vt 0.913853 0.934311
vt 0.887942 0.933173
vt 0.952472 0.905186
vt 0.933927 0.894442
vt 0.772839 0.306970
vt 0.952415 0.956160
vt 0.896067 0.947522
vt 0.959660 0.909070
vt 0.947594 0.930859
vt 0.373371 0.705283
vt 0.899326 0.942913
vt 0.845170 0.203667
vt 0.950947 0.888817
vt 0.905248 0.909359
vt 0.400979 0.684500
vt 0.853163 0.231232
vt 0.719067 0.932442
vt 0.940448 0.917295
vt 0.843499 0.947429
vt 0.933288 0.892621
vt 0.919866 0.954346
vt 0.884562 0.958458
vt 0.951572 0.919520
vt 0.885670 0.245703
vt 0.952418 0.905562
vt 0.920239 0.940430
vt 0.896231 0.942913
vt 0.840846 0.110324
vt 0.257899 0.933949
vt 0.231126 0.914242
vt 0.948183 0.886267
vt 0.853062 0.952336
vt 0.921736 0.944463
vt 0.832651 0.230673
vt 0.897241 0.944611
vt 0.730495 0.309076
vt 0.809201 0.160973
vt 0.907026 0.283878
vt 0.196568 0.118314
vt 0.090148 0.079022
vt 0.091493 0.080437
vt 0.595697 0.037787
vt 0.619445 0.152921
vt 0.603903 0.118364
vt 0.905986 0.233079
vt 0.902025 0.945618
vt 0.941483 0.943693
vt 0.860804 0.293003
vt 0.948183 0.883899
vt 0.714496 0.111239
vt 0.752213 0.314251
vt 0.905304 0.931561
vt 0.864426 0.274813
vt 0.840859 0.214908
vt 0.931137 0.926105
vt 0.896376 0.946540
vt 0.880782 0.272712
vt 0.891235 0.958672
vt 0.903364 0.305113
vt 0.386219 0.669110
vt 0.885670 0.254787
vt 0.878092 0.948345
vt 0.952163 0.904213
vt 0.952299 0.919791
vt 0.386219 0.673617
vt 0.413318 0.649407
vt 0.887501 0.176511
vt 0.955096 0.924531
vt 0.959660 0.908388
vt 0.950943 0.948020
vt 0.728463 0.308618
vt 0.945991 0.882992
vt 0.751424 0.267435
vt 0.733457 0.306120
vt 0.845119 0.190455
vt 0.750614 0.254062
vt 0.258865 0.883391
vt 0.920787 0.949183
vt 0.953707 0.885972
vt 0.838082 0.312841
vt 0.875640 0.914518
vt 0.859149 0.942926
vt 0.888383 0.933174
vt 0.919163 0.958279
vt 0.873549 0.910828
vt 0.876223 0.915296
vt 0.735962 0.272888
vt 0.901749 0.233886
vt 0.771879 0.306780
vt 0.911612 0.192417
vt 0.832889 0.105121
vt 0.919044 0.171270
vt 0.809890 0.172682
vt 0.768650 0.306139
vt 0.879720 0.958498
vt 0.895579 0.947723
vt 0.900625 0.949041
vt 0.933954 0.948049
vt 0.954079 0.928197
vt 0.903383 0.283878
vt 0.904346 0.927614
vt 0.921501 0.231392
vt 0.885775 0.231941
vt 0.904226 0.937503
vt 0.921857 0.942814
vt 0.885894 0.959596
vt 0.898128 0.231837
vt 0.808155 0.307181
vt 0.947586 0.938659
vt 0.954101 0.921575
vt 0.904212 0.937973
vt 0.954645 0.939891
vt 0.916590 0.254375
vt 0.837717 0.230673
vt 0.891769 0.885923
vt 0.904667 0.942389
vt 0.854848 0.922043
vt 0.898100 0.945172
vt 0.431810 0.642902
vt 0.818195 0.312752
vt 0.904667 0.944823
vt 0.374597 0.693178
vt 0.715761 0.146391
vt 0.873262 0.135606
vt 0.904976 0.233079
vt 0.902714 0.231452
vt 0.896147 0.234234
vt 0.919252 0.960702
vt 0.917179 0.253787
vt 0.952373 0.905867
vt 0.947728 0.903152
vt 0.952415 0.954850
vt 0.939414 0.930767
vt 0.917399 0.960550
vt 0.953645 0.939027
vt 0.933303 0.947311
vt 0.952950 0.943299
vt 0.953941 0.929171
vt 0.249376 0.893862
vt 0.730379 0.121631
vt 0.925618 0.192418
vt 0.427039 0.474379
vt 0.426946 0.471539
vt 0.450464 0.464245
vt 0.450182 0.463506
vt 0.952014 0.905642
vt 0.870507 0.946529
vt 0.954089 0.925718
vt 0.900718 0.963396
vt 0.915178 0.253735
vt 0.936944 0.886592
vt 0.420493 0.038361
vt 0.840859 0.192407
vt 0.903584 0.913528
vt 0.806939 0.309430
vt 0.891481 0.958174
vt 0.933821 0.948049
vt 0.730453 0.225973
vt 0.947793 0.938742
vt 0.903878 0.258342
vt 0.933632 0.947311
vt 0.917488 0.958127
vt 0.952413 0.905667
vt 0.917966 0.957562
vt 0.942932 0.928275
vt 0.919044 0.146667
vt 0.846766 0.245502
vt 0.900375 0.930477
vt 0.840859 0.134736
vt 0.906338 0.259116
vt 0.370812 0.592152
vt 0.436310 0.643950
vt 0.414021 0.649736
vt 0.899325 0.945597
vt 0.870994 0.950576
vt 0.879803 0.271735
vt 0.901895 0.944349
vt 0.885670 0.232950
vt 0.940494 0.906108
vt 0.751223 0.296155
vt 0.954069 0.888441
vt 0.819334 0.311342
vt 0.803977 0.308842
vt 0.740152 0.312863
vt 0.921662 0.946950
vt 0.880782 0.259338
vt 0.932785 0.894568
vt 0.950991 0.945530
vt 0.836813 0.259964
vt 0.944371 0.886441
vt 0.770745 0.306555
vt 0.849596 0.924365
vt 0.873481 0.303703
vt 0.732868 0.309076
vt 0.947761 0.938694
vt 0.942932 0.933357
vt 0.954062 0.929172
vt 0.836517 0.215625
vt 0.423870 0.486801
vt 0.418748 0.487747
vt 0.933173 0.947311
vt 0.885775 0.245601
vt 0.932712 0.948049
vt 0.390719 0.670130
vt 0.869012 0.289904
vt 0.931401 0.927541
vt 0.853012 0.314178
vt 0.934932 0.926338
vt 0.950681 0.943851
vt 0.905161 0.931290
vt 0.272054 0.947275
vt 0.940435 0.917295
vt 0.804566 0.309430
vt 0.946824 0.882992
vt 0.925393 0.109306
vt 0.879803 0.259338
vt 0.914269 0.252828
vt 0.989967 0.966347
vt 0.887624 0.942882
vt 0.438362 0.638415
vt 0.940431 0.916360
vt 0.933927 0.893429
vt 0.413333 0.626172
vt 0.887728 0.943788
vt 0.965114 0.944327
vt 0.947646 0.930936
vt 0.905088 0.940508
vt 0.741291 0.312636
vt 0.905217 0.940101
vt 0.887474 0.933173
vt 0.892126 0.106557
vt 0.262210 0.945580
vt 0.895228 0.197436
vt 0.918685 0.957713
vt 0.931401 0.925929
vt 0.902008 0.352569
vt 0.961080 0.865714
vt 0.751604 0.295958
vt 0.882202 0.911398
vt 0.862531 0.930020
vt 0.954015 0.923248
vt 0.400224 0.670512
vt 0.950742 0.948006
vt 0.891490 0.945166
vt 0.832864 0.193375
vt 0.257522 0.895137
vt 0.439892 0.632598
vt 0.918795 0.167296
vt 0.836348 0.230673
vt 0.900625 0.943130
vt 0.431810 0.641678
vt 0.374150 0.692000
vt 0.892126 0.130096
vt 0.769782 0.307196
vt 0.893508 0.879766
vt 0.900336 0.942913
vt 0.891235 0.959170
vt 0.741291 0.311453
vt 0.947678 0.930922
vt 0.752955 0.313458
vt 0.832895 0.211612
vt 0.807113 0.309690
vt 0.916046 0.253563
vt 0.769782 0.305913
vt 0.940255 0.910653
vt 0.887728 0.956538
vt 0.743853 0.105121
vt 0.917974 0.167296
vt 0.928767 0.927018
vt 0.898069 0.231929
vt 0.452309 0.463483
vt 0.931000 0.927941
vt 0.239896 0.896739
vt 0.845256 0.313066
vt 0.915532 0.302010
vt 0.414019 0.621413
vt 0.891769 0.892080
vt 0.698512 0.931392
vt 0.952243 0.905509
vt 0.934474 0.948049
vt 0.953669 0.942494
vt 0.902952 0.231681
vt 0.952113 0.905411
vt 0.734126 0.290556
vt 0.936144 0.885869
vt 0.734918 0.261629
vt 0.910652 0.274967
vt 0.924440 0.240668
vt 0.945991 0.887173
vt 0.915629 0.251470
vt 0.954912 0.923380
vt 0.400224 0.675402
vt 0.449586 0.589443
vt 0.943053 0.886561
vt 0.768969 0.307739
vt 0.893730 0.892080
vt 0.902714 0.233886
vt 0.426893 0.670854
vt 0.853163 0.284267
vt 0.893730 0.879766
vt 0.960639 0.865714
vt 0.879474 0.956741
vt 0.736513 0.315147
vt 0.950582 0.944525
vt 0.729144 0.313725
vt 0.374597 0.690277
vt 0.905986 0.233277
vt 0.885835 0.300693
vt 0.964363 0.928901
vt 0.422434 0.487246
vt 0.891481 0.958593
vt 0.933309 0.894352
vt 0.926647 0.935162
vt 0.924195 0.155813
vt 0.451984 0.466198
vt 0.876213 0.915098
vt 0.939424 0.915424
vt 0.952175 0.919883
vt 0.917488 0.960038
vt 0.380739 0.660385
vt 0.895722 0.947395
vt 0.836549 0.214051
vt 0.873262 0.130081
vt 0.279233 0.949756
vt 0.904359 0.938528
vt 0.885357 0.240608
vt 0.952259 0.904090
vt 0.817603 0.311688
vt 0.952338 0.905053
vt 0.947844 0.938691
vt 0.845393 0.313943
vt 0.871795 0.950576
vt 0.892169 0.942913
vt 0.954036 0.929852
vt 0.876299 0.272712
vt 0.421221 0.653571
vt 0.381237 0.662142
vt 0.768969 0.305371
vt 0.845419 0.232049
vt 0.902124 0.922400
vt 0.879720 0.956741
vt 0.879720 0.957382
vt 0.876299 0.271735
vt 0.421221 0.652594
vt 0.901947 0.927633
vt 0.904667 0.943668
vt 0.853163 0.311032
vt 0.921823 0.948158
vt 0.952173 0.905111
vt 0.934152 0.948049
vt 0.900475 0.894598
vt 0.291352 0.930203
vt 0.902680 0.272000
vt 0.906864 0.233956
vt 0.858268 0.941658
vt 0.895823 0.946903
vt 0.898032 0.942764
vt 0.955652 0.940457
vt 0.933954 0.947311
vt 0.857617 0.176511
vt 0.932913 0.947311
vt 0.879720 0.958698
vt 0.413318 0.626780
vt 0.904309 0.932457
vt 0.920469 0.954346
vt 0.947732 0.930831
vt 0.951860 0.921355
vt 0.895668 0.176510
vt 0.893087 0.885923
vt 0.907763 0.257182
vt 0.911864 0.934489
vt 0.940445 0.914631
vt 0.960513 0.909165
vt 0.904337 0.939694
vt 0.917987 0.959984
vt 0.852434 0.951568
vt 0.896839 0.231929
vt 0.921928 0.943500
vt 0.902680 0.274967
vt 0.959105 0.907706
vt 0.722356 0.929744
vt 0.721475 0.933678
vt 0.952073 0.905667
vt 0.900375 0.936388
vt 0.953995 0.885971
vt 0.953776 0.924064
vt 0.953935 0.943156
vt 0.884414 0.951175
vt 0.734757 0.290556
vt 0.885051 0.259338
vt 0.439660 0.632598
vt 0.447654 0.681883
vt 0.769610 0.306780
vt 0.374597 0.693677
vt 0.897241 0.945553
vt 0.882202 0.918260
vt 0.907026 0.299728
vt 0.892169 0.946370
vt 0.950655 0.946326
vt 0.952243 0.905465
vt 0.931976 0.893931
vt 0.730046 0.304837
vt 0.888383 0.932928
vt 0.953989 0.888441
vt 0.750640 0.294798
vt 0.817142 0.191588
vt 0.907763 0.258058
vt 0.950875 0.945522
vt 0.857607 0.190294
vt 0.845170 0.190294
vt 0.845180 0.176510
vt 0.923374 0.157189
vt 0.873262 0.173584
vt 0.825780 0.123458
vt 0.827843 0.129087
vt 0.836549 0.133879
vt 0.886662 0.173584
vt 0.885496 0.190294
vt 0.896499 0.231580
vt 0.963198 0.868796
vt 0.864426 0.293723
vt 0.932218 0.891723
vt 0.947772 0.930961
vt 0.905040 0.257349
vt 0.924195 0.157189
vt 0.730453 0.105121
vt 0.914965 0.259116
vt 0.880782 0.231302
vt 0.427358 0.666933
vt 0.294280 0.912263
vt 0.916539 0.252828
vt 0.891769 0.886169
vt 0.916366 0.253244
vt 0.893087 0.885678
vt 0.944632 0.883899
vt 0.896067 0.947066
vt 0.886157 0.959908
vt 0.953799 0.888441
vt 0.953914 0.924063
vt 0.952059 0.905281
vt 0.953194 0.938480
vt 0.729848 0.303560
vt 0.947567 0.938564
vt 0.926821 0.931683
vt 0.960838 0.907705
vt 0.885775 0.243676
vt 0.900117 0.885951
vt 0.915931 0.208268
vt 0.281086 0.961276
vt 0.895228 0.205432
vt 0.258874 0.945580
vt 0.825158 0.171190
vt 0.924391 0.192417
vt 0.903878 0.257182
vt 0.750640 0.296155
vt 0.929562 0.927677
vt 0.953569 0.942501
vt 0.719659 0.930770
vt 0.905279 0.937503
vt 0.241163 0.909018
vt 0.952243 0.905553
vt 0.953911 0.942477
vt 0.947849 0.931114
vt 0.892126 0.133310
vt 0.486968 0.646146
vt 0.804566 0.305886
vt 0.842772 0.948153
vt 0.950958 0.888024
vt 0.941909 0.902661
vt 0.723152 0.930882
vt 0.906098 0.912489
vt 0.771387 0.307515
vt 0.900867 0.936388
vt 0.871794 0.950882
vt 0.955663 0.924531
vt 0.947798 0.931164
vt 0.961243 0.866234
vt 0.423198 0.486801
vt 0.413333 0.645915
vt 0.952314 0.905111
vt 0.934929 0.925312
vt 0.953828 0.939014
vt 0.901749 0.232730
vt 0.079911 0.120755
vt 0.934081 0.947311
vt 0.929562 0.925792
vt 0.736719 0.272191
vt 0.891985 0.205432
vt 0.452617 0.463023
vt 0.450666 0.463023
vt 0.928767 0.926452
vt 0.260148 0.901404
vt 0.933027 0.892360
vt 0.935985 0.926893
vt 0.904754 0.923927
vt 0.870507 0.941428
vt 0.902680 0.259116
vt 0.881452 0.287852
vt 0.771931 0.304783
vt 0.919866 0.952824
vt 0.942261 0.928275
vt 0.893730 0.885678
vt 0.853061 0.938962
vt 0.917498 0.252187
vt 0.919470 0.139101
vt 0.776510 0.277094
vt 0.947715 0.938712
vt 0.953979 0.902723
vt 0.903702 0.942389
vt 0.953756 0.886787
vt 0.953742 0.940694
vt 0.947714 0.931101
vt 0.901102 0.940691
vt 0.933927 0.892863
vt 0.422526 0.486801
vt 0.933303 0.948049
vt 0.885670 0.235174
vt 0.886412 0.312376
vt 0.953894 0.886786
vt 0.827843 0.204008
vt 0.901354 0.176510
vt 0.451299 0.466198
vt 0.903280 0.219848
vt 0.904756 0.923656
vt 0.895823 0.947886
vt 0.904345 0.927614
vt 0.921759 0.945284
vt 0.930414 0.927847
vt 0.904754 0.927533
vt 0.239887 0.931480
vt 0.904208 0.932558
vt 0.853012 0.309549
vt 0.901895 0.945347
vt 0.856462 0.276313
vt 0.840470 0.284761
vt 0.926668 0.934185
vt 0.888184 0.933174
vt 0.832882 0.212840
vt 0.842482 0.260119
vt 0.806230 0.310055
vt 0.920469 0.952824
vt 0.740813 0.310249
vt 0.743853 0.169997
vt 0.720330 0.933277
vt 0.721475 0.929744
vt 0.723151 0.933405
vt 0.734757 0.307279
vt 0.933433 0.948049
vt 0.931000 0.925529
vt 0.904756 0.932457
vt 0.859149 0.946602
vt 0.947589 0.938742
vt 0.246809 0.931457
vt 0.921058 0.164509
vt 0.784474 0.275582
vt 0.869441 0.273019
vt 0.896898 0.231837
vt 0.887942 0.932927
vt 0.952113 0.905151
vt 0.954081 0.884298
vt 0.954203 0.903699
vt 0.936944 0.885869
vt 0.952314 0.905907
vt 0.400583 0.671664
vt 0.806169 0.305567
vt 0.243228 0.887182
vt 0.989168 0.962997
vt 0.900472 0.173594
vt 0.884547 0.203667
vt 0.940448 0.915424
vt 0.862531 0.932454
vt 0.373371 0.670160
vt 0.900624 0.917054
vt 0.954035 0.925038
vt 0.780847 0.276302
vt 0.921685 0.942802
vt 0.953746 0.943170
vt 0.933043 0.948049
vt 0.952059 0.905737
vt 0.965976 0.924321
vt 0.950658 0.948000
vt 0.870993 0.949546
vt 0.903280 0.219169
vt 0.965114 0.929729
vt 0.903661 0.192417
vt 0.450464 0.464713
vt 0.915532 0.299884
vt 0.952427 0.905737
vt 0.953668 0.943175
vt 0.952413 0.905211
vt 0.960689 0.866234
vt 0.950599 0.945503
vt 0.896898 0.232853
vt 0.964566 0.868796
vt 0.421221 0.668234
vt 0.952373 0.905607
vt 0.960689 0.864869
vt 0.722762 0.934430
vt 0.900609 0.882163
vt 0.822396 0.882388
vt 0.925762 0.126000
vt 0.880844 0.105123
vt 0.443364 0.607038
vt 0.413318 0.644838
vt 0.879474 0.959117
vt 0.989967 0.962129
vt 0.843499 0.948152
vt 0.920522 0.934311
vt 0.418748 0.482012
vt 0.896010 0.946980
vt 0.737531 0.312035
vt 0.871178 0.941428
vt 0.729524 0.301779
vt 0.734523 0.307280
vt 0.958527 0.946482
vt 0.897547 0.232814
vt 0.805336 0.305567
vt 0.900871 0.943130
vt 0.892189 0.892080
vt 0.863496 0.932454
vt 0.825780 0.147370
vt 0.891557 0.885923
vt 0.900363 0.885951
vt 0.840851 0.284758
vt 0.939435 0.918088
vt 0.417506 0.487726
vt 0.921213 0.218044
vt 0.888786 0.958793
vt 0.884414 0.950149
vt 0.947849 0.930909
vt 0.906156 0.911547
vt 0.292640 0.883412
vt 0.954042 0.927382
vt 0.925618 0.209117
vt 0.450974 0.465476
vt 0.835432 0.277976
vt 0.953858 0.903698
vt 0.835720 0.277976
vt 0.876223 0.916259
vt 0.887720 0.932927
vt 0.932712 0.947311
vt 0.902732 0.305113
vt 0.770328 0.308645
vt 0.920469 0.953546
vt 0.896230 0.945553
vt 0.825780 0.129088
vt 0.924977 0.259116
vt 0.390719 0.669110
vt 0.946885 0.887480
vt 0.430088 0.647637
vt 0.471085 0.650434
vt 0.905155 0.133920
vt 0.935985 0.925783
vt 0.735769 0.311749
vt 0.952068 0.905456
vt 0.897377 0.234234
vt 0.845170 0.231232
vt 0.892889 0.886169
vt 0.922225 0.243671
vt 0.954074 0.904378
vt 0.832895 0.115530
vt 0.428952 0.474381
vt 0.453101 0.463506
vt 0.953685 0.928199
vt 0.963198 0.871612
vt 0.416742 0.482481
vt 0.853163 0.312187
vt 0.965995 0.921842
vt 0.731011 0.304837
vt 0.776510 0.293004
vt 0.784474 0.273799
vt 0.961243 0.864869
vt 0.885775 0.230925
vt 0.947877 0.931047
vt 0.421957 0.486802
vt 0.900621 0.936388
vt 0.244856 0.876209
vt 0.723151 0.930365
vt 0.909347 0.934181
vt 0.893179 0.942913
vt 0.888303 0.918260
vt 0.947940 0.903370
vt 0.885670 0.240543
vt 0.729645 0.308662
vt 0.965505 0.905642
vt 0.876802 0.916259
vt 0.714496 0.190165
vt 0.842482 0.246632
vt 0.908164 0.934960
vt 0.904362 0.938121
vt 0.901218 0.940682
vt 0.900983 0.939880
vt 0.897242 0.942913
vt 0.900720 0.888686
vt 0.953754 0.925720
vt 0.697756 0.932549
vt 0.893508 0.886169
vt 0.938743 0.930767
vt 0.869382 0.950882
vt 0.904824 0.234240
vt 0.827843 0.196407
vt 0.825780 0.196407
vt 0.845170 0.193264
vt 0.896244 0.143667
vt 0.953728 0.939021
vt 0.902905 0.944349
vt 0.751223 0.297118
vt 0.879720 0.957161
vt 0.754912 0.934501
vt 0.933939 0.895111
vt 0.622676 0.154419
vt 0.064824 0.154219
vt 0.840859 0.112236
vt 0.485700 0.078600
vt 0.265857 0.154742
vt 0.722480 0.933405
vt 0.735740 0.261628
vt 0.858397 0.942926
vt 0.953793 0.885971
vt 0.883360 0.950149
vt 0.905155 0.146620
vt 0.294909 0.923243
vt 0.900475 0.888686
vt 0.930824 0.925792
vt 0.896577 0.233837
vt 0.875064 0.285941
vt 0.805275 0.305260
vt 0.413333 0.623200
vt 0.924945 0.223631
vt 0.925668 0.880448
vt 0.430470 0.680042
vt 0.414026 0.621670
vt 0.426963 0.666933
vt 0.272096 0.944011
vt 0.931307 0.926514
vt 0.905110 0.938528
vt 0.900335 0.944670
vt 0.851613 0.236320
vt 0.770102 0.305594
vt 0.943724 0.886561
vt 0.952148 0.905053
vt 0.418270 0.484886
vt 0.907303 0.208268
vt 0.880844 0.134707
vt 0.064824 0.155370
vt 0.894151 0.886169
vt 0.400224 0.671500
vt 0.961080 0.866071
vt 0.921763 0.942808
vt 0.947727 0.938409
vt 0.723578 0.929744
vt 0.770869 0.906119
vt 0.873549 0.924202
vt 0.953123 0.937742
vt 0.953914 0.921574
vt 0.433811 0.674370
vt 0.853061 0.923915
vt 0.926125 0.280631
vt 0.921486 0.944445
vt 0.925329 0.280631
vt 0.842896 0.947429
vt 0.953894 0.887761
vt 0.951572 0.919883
vt 0.887624 0.955525
vt 0.918533 0.957562
vt 0.413333 0.648354
vt 0.934171 0.913828
vt 0.896230 0.943684
vt 0.951938 0.945056
vt 0.900854 0.882163
vt 0.902875 0.912903
vt 0.900263 0.898461
vt 0.885051 0.230824
vt 0.444185 0.607038
vt 0.892126 0.117496
vt 0.444185 0.604781
vt 0.257587 0.933949
vt 0.881140 0.948345
vt 0.953639 0.886788
vt 0.947797 0.904629
vt 0.928984 0.927541
vt 0.885775 0.242567
vt 0.842772 0.947529
vt 0.945221 0.886855
vt 0.893170 0.944641
vt 0.743853 0.111239
vt 0.816730 0.172659
vt 0.924340 0.109842
vt 0.732160 0.304906
vt 0.753833 0.313458
vt 0.960390 0.865552
vt 0.740181 0.310051
vt 0.936144 0.885563
vt 0.807528 0.308842
vt 0.902777 0.949293
vt 0.438130 0.638021
vt 0.921875 0.944473
vt 0.932913 0.948049
vt 0.947768 0.887115
vt 0.873262 0.105121
vt 0.279084 0.961276
vt 0.898940 0.153274
vt 0.895636 0.947353
vt 0.904753 0.927695
vt 0.886870 0.301065
vt 0.918533 0.960551
vt 0.954154 0.904379
vt 0.091639 0.039825
vt 0.934412 0.948049
vt 0.900125 0.933660
vt 0.423314 0.667410
vt 0.953941 0.925718
vt 0.885670 0.242564
vt 0.900624 0.911142
vt 0.751604 0.295378
vt 0.933113 0.947311
vt 0.891310 0.134326
vt 0.954015 0.921575
vt 0.905986 0.234240
vt 0.885357 0.254787
vt 0.852434 0.938962
vt 0.373800 0.650982
vt 0.426915 0.670620
vt 0.879474 0.956496
vt 0.940255 0.905337
vt 0.739674 0.310476
vt 0.874354 0.273535
vt 0.943053 0.881479
vt 0.840853 0.216892
vt 0.892889 0.885678
vt 0.887728 0.955528
vt 0.952418 0.905912
vt 0.898387 0.933322
vt 0.903280 0.231678
vt 0.932913 0.947312
vt 0.771562 0.901813
vt 0.876802 0.914951
vt 0.965995 0.924831
vt 0.804392 0.309690
vt 0.924945 0.211225
vt 0.914269 0.252377
vt 0.876604 0.913938
vt 0.905304 0.922670
vt 0.897729 0.231580
vt 0.873262 0.155454
vt 0.832899 0.113781
vt 0.921599 0.944453
vt 0.901947 0.922400
vt 0.895579 0.947267
vt 0.931976 0.892360
vt 0.920522 0.940425
vt 0.885775 0.243577
vt 0.911864 0.929081
vt 0.947678 0.931101
vt 0.955085 0.939891
vt 0.780164 0.295443
vt 0.879720 0.956496
vt 0.720330 0.931313
vt 0.887501 0.259116
vt 0.750627 0.267377
vt 0.926743 0.935837
vt 0.729906 0.306120
vt 0.699518 0.934855
vt 0.917179 0.251419
vt 0.910612 0.905125
vt 0.860116 0.273874
vt 0.954100 0.903698
vt 0.901967 0.911547
vt 0.769558 0.308327
vt 0.840875 0.105122
vt 0.950958 0.891481
vt 0.891769 0.879766
vt 0.952890 0.904815
vt 0.878092 0.953427
vt 0.896231 0.946367
vt 0.901967 0.910715
vt 0.885252 0.911398
vt 0.858269 0.961673
vt 0.905407 0.233277
vt 0.933954 0.948049
vt 0.950737 0.945512
vt 0.953792 0.900246
vt 0.953690 0.925039
vt 0.858269 0.961254
vt 0.770102 0.307515
vt 0.934272 0.948049
vt 0.842178 0.260119
vt 0.921058 0.171819
vt 0.895668 0.205432
vt 0.451876 0.465655
vt 0.450666 0.465936
vt 0.846134 0.313066
vt 0.905304 0.933556
vt 0.825780 0.198850
vt 0.803351 0.308134
vt 0.870182 0.950882
vt 0.924440 0.253986
vt 0.838959 0.309881
vt 0.953819 0.929172
vt 0.373371 0.606427
vt 0.953819 0.925718
vt 0.901175 0.942343
vt 0.924549 0.259116
vt 0.416095 0.487296
vt 0.933693 0.947311
vt 0.455028 0.482150
vt 0.900336 0.945597
vt 0.456766 0.488512
vt 0.964872 0.876720
vt 0.896067 0.947723
vt 0.951572 0.919158
vt 0.456766 0.482489
vt 0.371605 0.603295
vt 0.809201 0.187728
vt 0.373371 0.686286
vt 0.902323 0.347175
vt 0.900117 0.867480
vt 0.891985 0.192059
vt 0.423483 0.653571
vt 0.900363 0.892108
vt 0.374424 0.690540
vt 0.903364 0.303279
vt 0.448286 0.684139
vt 0.953053 0.938480
vt 0.902912 0.232729
vt 0.947844 0.938487
vt 0.739560 0.311799
vt 0.929971 0.925623
vt 0.914138 0.940430
vt 0.926749 0.935155
vt 0.934214 0.948049
vt 0.423198 0.489640
vt 0.895722 0.946923
vt 0.904756 0.922670
vt 0.952243 0.905921
vt 0.845121 0.106974
vt 0.892425 0.205432
vt 0.896522 0.231452
vt 0.954118 0.887762
vt 0.893730 0.885923
vt 0.919467 0.146667
vt 0.913309 0.252187
vt 0.904756 0.933544
vt 0.951861 0.923380
vt 0.934412 0.947311
vt 0.848752 0.958038
vt 0.255239 0.909018
vt 0.953979 0.903697
vt 0.876802 0.914105
vt 0.888184 0.932928
vt 0.897242 0.943684
vt 0.947594 0.886855
vt 0.771562 0.906119
vt 0.894397 0.885923
vt 0.945930 0.882685
vt 0.894151 0.885678
vt 0.891244 0.945585
vt 0.842896 0.948951
vt 0.896376 0.932918
vt 0.947508 0.904812
vt 0.964363 0.944327
vt 0.771662 0.904188
vt 0.924652 0.119088
vt 0.421786 0.487246
vt 0.743328 0.276998
vt 0.777771 0.278354
vt 0.947538 0.938487
vt 0.891727 0.958174
vt 0.947620 0.931062
vt 0.771879 0.306329
vt 0.909894 0.934489
vt 0.936144 0.886231
vt 0.932317 0.892219
vt 0.284512 0.942058
vt 0.883360 0.951175
vt 0.239887 0.921574
vt 0.926125 0.305390
vt 0.886662 0.155444
vt 0.420497 0.078919
vt 0.918795 0.169234
vt 0.451407 0.465655
vt 0.933233 0.947311
vt 0.417506 0.484880
vt 0.265367 0.039168
vt 0.896317 0.232814
vt 0.893087 0.892080
vt 0.912395 0.929081
vt 0.849302 0.959404
vt 0.950759 0.943857
vt 0.895636 0.946980
vt 0.921840 0.949183
vt 0.803716 0.309016
vt 0.900117 0.891863
vt 0.941378 0.902723
vt 0.939408 0.906007
vt 0.879773 0.953327
vt 0.453290 0.482489
vt 0.940255 0.910021
vt 0.827843 0.123457
vt 0.942382 0.886580
vt 0.370812 0.598067
vt 0.885252 0.918260
vt 0.374043 0.649133
vt 0.876604 0.915098
vt 0.895636 0.947809
vt 0.905279 0.939554
vt 0.871795 0.949853
vt 0.750640 0.295378
vt 0.714496 0.191395
vt 0.954645 0.941080
vt 0.952949 0.944113
vt 0.900870 0.917054
vt 0.418178 0.482028
vt 0.418270 0.482481
vt 0.809805 0.171235
vt 0.906338 0.274967
vt 0.925249 0.192417
vt 0.771387 0.305594
vt 0.452617 0.465936
vt 0.809805 0.161329
vt 0.416742 0.487278
vt 0.421786 0.489640
vt 0.921840 0.947132
vt 0.921847 0.945290
vt 0.938861 0.907743
vt 0.910591 0.880448
vt 0.400583 0.674383
vt 0.806939 0.305886
vt 0.900871 0.949041
vt 0.947510 0.938553
vt 0.836563 0.192033
vt 0.430766 0.643848
vt 0.903702 0.943668
vt 0.900363 0.873637
vt 0.885766 0.287852
vt 0.880782 0.259338
vt 0.943053 0.881479
vt 0.885051 0.259338
vt 0.885357 0.230824
vt 0.893730 0.885923
vt 0.893087 0.885923
vt 0.892389 0.885923
vt 0.892189 0.885923
vt 0.891769 0.885923
vt 0.891557 0.885923
vt 0.900621 0.936388
vt 0.900621 0.930477
vt 0.874876 0.941210
vt 0.874876 0.941210
vt 0.900609 0.876251
vt 0.900609 0.882163
vt 0.874876 0.941210
vt 0.874876 0.941210
vt 0.874876 0.941210
vt 0.885252 0.918260
vt 0.885252 0.911398
vt 0.885252 0.925020
vt 0.917966 0.957562
vt 0.417506 0.484880
vt 0.904756 0.931674
vt 0.904309 0.931664
vt 0.904309 0.932457
vt 0.905202 0.931664
vt 0.905202 0.932457
vt 0.730453 0.169997
vt 0.715761 0.169997
vt 0.715761 0.188585
vt 0.714496 0.190165
vt 0.714496 0.191395
vt 0.730378 0.191395
vt 0.827843 0.171863
vt 0.827843 0.146388
vt 0.825780 0.147370
vt 0.825780 0.171864
vt 0.730379 0.212178
vt 0.730453 0.225973
vt 0.880844 0.130083
vt 0.880844 0.117482
vt 0.370812 0.603696
vt 0.370812 0.620997
vt 0.373371 0.621683
vt 0.373371 0.606427
vt 0.371605 0.603295
vt 0.857607 0.190294
vt 0.857617 0.176511
vt 0.845180 0.176510
vt 0.845170 0.190294
vt 0.925668 0.879516
vt 0.925668 0.880448
vt 0.886662 0.176500
vt 0.901354 0.176510
vt 0.900472 0.173594
vt 0.886662 0.173584
vt 0.939413 0.932410
vt 0.938150 0.932410
vt 0.938743 0.933807
vt 0.939414 0.933807
vt 0.880844 0.105123
vt 0.827843 0.211609
vt 0.825780 0.208246
vt 0.826867 0.227784
vt 0.828930 0.230674
vt 0.892126 0.117496
vt 0.892126 0.106557
vt 0.720330 0.933277
vt 0.721475 0.933678
vt 0.721475 0.930898
vt 0.720330 0.931313
vt 0.924549 0.275936
vt 0.924977 0.275936
vt 0.924702 0.267820
vt 0.924273 0.267820
vt 0.885835 0.300693
vt 0.886202 0.300695
vt 0.886780 0.288670
vt 0.886412 0.288668
vt 0.925393 0.126001
vt 0.925762 0.126000
vt 0.925489 0.118351
vt 0.925120 0.118352
vt 0.964872 0.892269
vt 0.965505 0.892269
vt 0.965505 0.876720
vt 0.964872 0.876720
vt 0.892126 0.130096
vt 0.730453 0.148595
vt 0.715761 0.146391
vt 0.827843 0.196407
vt 0.825780 0.196407
vt 0.836563 0.135671
vt 0.840832 0.136717
vt 0.840861 0.135936
vt 0.836571 0.135246
vt 0.827843 0.204008
vt 0.825780 0.198850
vt 0.880844 0.131366
vt 0.892126 0.131153
vt 0.924974 0.200522
vt 0.925343 0.200523
vt 0.925618 0.192418
vt 0.925249 0.192417
vt 0.730379 0.201786
vt 0.900472 0.154044
vt 0.886662 0.155444
vt 0.924195 0.155813
vt 0.923373 0.155813
vt 0.923374 0.157189
vt 0.924195 0.157189
vt 0.919044 0.146667
vt 0.919467 0.146667
vt 0.714496 0.212178
vt 0.714496 0.213173
vt 0.715761 0.214653
vt 0.715376 0.225973
vt 0.730379 0.132023
vt 0.714496 0.132023
vt 0.714496 0.133257
vt 0.715761 0.134655
vt 0.734757 0.278159
vt 0.734126 0.278159
vt 0.869041 0.190294
vt 0.863533 0.190294
vt 0.730453 0.105121
vt 0.715761 0.105121
vt 0.715761 0.108541
vt 0.714496 0.109883
vt 0.714496 0.111239
vt 0.730379 0.111239
vt 0.730379 0.121631
vt 0.845169 0.133880
vt 0.840859 0.134736
vt 0.845170 0.135115
vt 0.869184 0.176511
vt 0.863543 0.176511
vt 0.840859 0.112236
vt 0.840868 0.110934
vt 0.836541 0.111736
vt 0.836549 0.113092
vt 0.825780 0.129088
vt 0.827843 0.129087
vt 0.827843 0.123457
vt 0.825780 0.123458
vt 0.943053 0.881479
vt 0.942382 0.881479
vt 0.925329 0.280631
vt 0.924648 0.280631
vt 0.871178 0.941428
vt 0.870507 0.941428
vt 0.825780 0.117543
vt 0.827843 0.117542
vt 0.828390 0.105122
vt 0.826326 0.105123
vt 0.895668 0.192059
vt 0.895668 0.176510
vt 0.891985 0.176918
vt 0.891985 0.192059
vt 0.845119 0.110395
vt 0.840846 0.110324
vt 0.845170 0.111736
vt 0.823765 0.881756
vt 0.824054 0.882688
vt 0.827854 0.879798
vt 0.827854 0.878865
vt 0.880782 0.231302
vt 0.880782 0.245964
vt 0.885051 0.245964
vt 0.885051 0.230824
vt 0.910591 0.879516
vt 0.910591 0.880448
vt 0.832895 0.131441
vt 0.832891 0.132998
vt 0.836549 0.133879
vt 0.835567 0.270390
vt 0.835856 0.270390
vt 0.836813 0.259964
vt 0.836524 0.259964
vt 0.926125 0.280631
vt 0.925797 0.280633
vt 0.925797 0.304402
vt 0.926125 0.304400
vt 0.925762 0.109305
vt 0.925393 0.109306
vt 0.924977 0.259116
vt 0.924549 0.259116
vt 0.471085 0.650434
vt 0.486968 0.650434
vt 0.486968 0.646146
vt 0.471085 0.646146
vt 0.386219 0.670130
vt 0.390719 0.670130
vt 0.390719 0.669110
vt 0.386219 0.669110
vt 0.902680 0.259116
vt 0.902680 0.274967
vt 0.906338 0.274967
vt 0.906338 0.259116
vt 0.910652 0.274967
vt 0.910652 0.259116
vt 0.914965 0.274967
vt 0.914965 0.259116
vt 0.374043 0.649762
vt 0.374043 0.649133
vt 0.373801 0.649607
vt 0.836530 0.111487
vt 0.832875 0.112872
vt 0.832899 0.113781
vt 0.915653 0.299728
vt 0.915653 0.283878
vt 0.911334 0.283878
vt 0.911334 0.299728
vt 0.907026 0.283878
vt 0.907026 0.299728
vt 0.903383 0.283878
vt 0.903383 0.299728
vt 0.386219 0.673617
vt 0.390719 0.673617
vt 0.390719 0.672569
vt 0.386219 0.672569
vt 0.471085 0.654755
vt 0.486968 0.654755
vt 0.885496 0.190294
vt 0.887501 0.176511
vt 0.381237 0.661609
vt 0.380994 0.660389
vt 0.380739 0.660385
vt 0.380990 0.661734
vt 0.370812 0.592152
vt 0.370812 0.598067
vt 0.371632 0.592677
vt 0.431810 0.641678
vt 0.436310 0.641678
vt 0.436310 0.640463
vt 0.431810 0.640463
vt 0.436310 0.639443
vt 0.431810 0.639443
vt 0.873481 0.287852
vt 0.873481 0.303703
vt 0.877138 0.303703
vt 0.877138 0.287852
vt 0.881452 0.303703
vt 0.881452 0.287852
vt 0.885766 0.303703
vt 0.885766 0.287852
vt 0.915931 0.208268
vt 0.915931 0.192417
vt 0.911612 0.192417
vt 0.911612 0.208268
vt 0.907303 0.192417
vt 0.907303 0.208268
vt 0.903661 0.192417
vt 0.903661 0.208268
vt 0.431810 0.643950
vt 0.436310 0.643950
vt 0.436310 0.642902
vt 0.431810 0.642902
vt 0.816729 0.192211
vt 0.816729 0.197987
vt 0.880844 0.134707
vt 0.809201 0.185572
vt 0.809201 0.187728
vt 0.892126 0.133310
vt 0.374354 0.691958
vt 0.374150 0.692000
vt 0.374463 0.693368
vt 0.374597 0.693178
vt 0.840853 0.216892
vt 0.845119 0.216529
vt 0.845170 0.215047
vt 0.840873 0.216045
vt 0.836517 0.215625
vt 0.836537 0.215173
vt 0.832840 0.213858
vt 0.832882 0.212840
vt 0.370812 0.686218
vt 0.371899 0.705283
vt 0.373371 0.705283
vt 0.373371 0.686286
vt 0.372192 0.684252
vt 0.370812 0.671016
vt 0.370812 0.678617
vt 0.372133 0.672537
vt 0.845119 0.190455
vt 0.840835 0.190485
vt 0.840861 0.191260
vt 0.845170 0.192033
vt 0.836557 0.191741
vt 0.836563 0.192033
vt 0.832864 0.193375
vt 0.832892 0.194316
vt 0.373371 0.670160
vt 0.373371 0.646472
vt 0.370812 0.646472
vt 0.252357 0.904921
vt 0.257522 0.904921
vt 0.257522 0.895137
vt 0.255205 0.894874
vt 0.252357 0.895137
vt 0.432558 0.666668
vt 0.430470 0.666668
vt 0.430766 0.643848
vt 0.430766 0.639559
vt 0.430134 0.639694
vt 0.430088 0.643848
vt 0.414005 0.638126
vt 0.414007 0.631260
vt 0.413318 0.631103
vt 0.413318 0.638126
vt 0.444185 0.604781
vt 0.443364 0.604781
vt 0.443364 0.607038
vt 0.444185 0.607038
vt 0.413318 0.649407
vt 0.414009 0.650025
vt 0.414021 0.649736
vt 0.413333 0.648854
vt 0.413333 0.645915
vt 0.414025 0.644881
vt 0.414024 0.644488
vt 0.413333 0.645453
vt 0.413318 0.626780
vt 0.414014 0.627405
vt 0.414023 0.627115
vt 0.413333 0.626172
vt 0.413318 0.621890
vt 0.413333 0.622571
vt 0.414026 0.621670
vt 0.414019 0.621413
vt 0.432723 0.652006
vt 0.431249 0.652006
vt 0.433990 0.674370
vt 0.433811 0.674370
vt 0.433811 0.674721
vt 0.433990 0.674721
vt 0.439892 0.632598
vt 0.439660 0.632598
vt 0.439660 0.633036
vt 0.439892 0.633036
vt 0.845170 0.214051
vt 0.840859 0.214908
vt 0.836549 0.214051
vt 0.832895 0.211612
vt 0.374597 0.690738
vt 0.374424 0.690540
vt 0.836549 0.193263
vt 0.840859 0.192407
vt 0.374597 0.690277
vt 0.414025 0.649388
vt 0.413333 0.648354
vt 0.401338 0.686164
vt 0.400979 0.686218
vt 0.400979 0.687819
vt 0.401338 0.687537
vt 0.374597 0.693677
vt 0.845170 0.193264
vt 0.832895 0.195702
vt 0.414016 0.644221
vt 0.413318 0.644838
vt 0.413318 0.654789
vt 0.413955 0.654789
vt 0.832651 0.230673
vt 0.836348 0.230673
vt 0.837717 0.230673
vt 0.841806 0.227783
vt 0.832857 0.134024
vt 0.401338 0.684708
vt 0.400979 0.684500
vt 0.401338 0.684447
vt 0.400979 0.683831
vt 0.400979 0.688400
vt 0.401338 0.687847
vt 0.840875 0.105122
vt 0.836487 0.105121
vt 0.373545 0.650977
vt 0.373800 0.650982
vt 0.413333 0.623200
vt 0.414025 0.622166
vt 0.832895 0.115530
vt 0.414025 0.626674
vt 0.413333 0.625639
vt 0.845169 0.113092
vt 0.400583 0.673030
vt 0.400224 0.673024
vt 0.400224 0.674508
vt 0.400583 0.674383
vt 0.400583 0.671193
vt 0.400224 0.670512
vt 0.400224 0.671500
vt 0.400583 0.671664
vt 0.381237 0.662142
vt 0.845119 0.136514
vt 0.734757 0.302957
vt 0.734103 0.302953
vt 0.734523 0.307280
vt 0.734757 0.307279
vt 0.413318 0.619217
vt 0.414023 0.619217
vt 0.832889 0.105121
vt 0.845121 0.106974
vt 0.373371 0.589168
vt 0.373371 0.579731
vt 0.371358 0.579731
vt 0.400224 0.675402
vt 0.400583 0.674794
vt 0.874354 0.273535
vt 0.873481 0.272712
vt 0.874269 0.286494
vt 0.875064 0.285941
vt 0.876299 0.273535
vt 0.876299 0.272712
vt 0.876299 0.287374
vt 0.876470 0.286550
vt 0.902008 0.352569
vt 0.902323 0.352950
vt 0.902323 0.347175
vt 0.902008 0.347490
vt 0.423483 0.654395
vt 0.423483 0.653571
vt 0.421221 0.653571
vt 0.421221 0.654395
vt 0.421392 0.667410
vt 0.421221 0.668234
vt 0.423235 0.668234
vt 0.423314 0.667410
vt 0.426915 0.670620
vt 0.426893 0.670854
vt 0.427592 0.670989
vt 0.427358 0.670706
vt 0.427358 0.666933
vt 0.427592 0.666700
vt 0.426963 0.666700
vt 0.426963 0.666933
vt 0.293036 0.911723
vt 0.293188 0.923243
vt 0.294909 0.923243
vt 0.294280 0.912263
vt 0.271704 0.943935
vt 0.271704 0.947275
vt 0.272054 0.947275
vt 0.272096 0.944011
vt 0.279084 0.961276
vt 0.281086 0.961276
vt 0.280935 0.949756
vt 0.279233 0.949756
vt 0.924124 0.223631
vt 0.924945 0.223631
vt 0.924945 0.211225
vt 0.924124 0.211226
vt 0.438362 0.638021
vt 0.438130 0.638021
vt 0.438130 0.638415
vt 0.438362 0.638415
vt 0.449586 0.589443
vt 0.448764 0.589443
vt 0.448764 0.591360
vt 0.449585 0.591360
vt 0.925261 0.240668
vt 0.924440 0.240668
vt 0.924440 0.253986
vt 0.925261 0.253986
vt 0.918795 0.167296
vt 0.917974 0.167296
vt 0.917974 0.169235
vt 0.918795 0.169234
vt 0.874459 0.271735
vt 0.876299 0.271735
vt 0.879803 0.271735
vt 0.880782 0.272712
vt 0.421221 0.652594
vt 0.423483 0.652594
vt 0.426963 0.666423
vt 0.427315 0.666423
vt 0.243228 0.876209
vt 0.244856 0.876209
vt 0.257587 0.933949
vt 0.257899 0.933949
vt 0.231126 0.914242
vt 0.229124 0.914242
vt 0.903364 0.303279
vt 0.902732 0.303279
vt 0.902732 0.305113
vt 0.903364 0.305113
vt 0.448286 0.681883
vt 0.447654 0.681883
vt 0.447654 0.684138
vt 0.448286 0.684139
vt 0.886870 0.313462
vt 0.887501 0.313462
vt 0.935852 0.918928
vt 0.934171 0.918928
vt 0.721475 0.929744
vt 0.720330 0.930769
vt 0.932804 0.918928
vt 0.723151 0.930365
vt 0.723578 0.929744
vt 0.722356 0.929744
vt 0.722480 0.930365
vt 0.943724 0.881479
vt 0.943053 0.881479
vt 0.943053 0.886561
vt 0.943724 0.886561
vt 0.939414 0.930767
vt 0.938743 0.930767
vt 0.849577 0.230824
vt 0.849556 0.231666
vt 0.852921 0.232049
vt 0.853163 0.231232
vt 0.885670 0.240543
vt 0.885357 0.240608
vt 0.941909 0.907743
vt 0.941378 0.906007
vt 0.940494 0.906108
vt 0.940542 0.908577
vt 0.842482 0.246632
vt 0.842178 0.246746
vt 0.941909 0.902661
vt 0.941378 0.902723
vt 0.909347 0.934181
vt 0.909894 0.934489
vt 0.723152 0.932846
vt 0.724296 0.933261
vt 0.724296 0.930481
vt 0.723152 0.930882
vt 0.719659 0.933809
vt 0.719535 0.934430
vt 0.720757 0.934430
vt 0.720330 0.933809
vt 0.938861 0.907743
vt 0.939408 0.906007
vt 0.939408 0.902723
vt 0.938861 0.902661
vt 0.911864 0.934489
vt 0.723151 0.933405
vt 0.724296 0.934430
vt 0.924652 0.119088
vt 0.924340 0.119024
vt 0.912395 0.934181
vt 0.842482 0.232422
vt 0.842178 0.231605
vt 0.924652 0.109305
vt 0.924340 0.109842
vt 0.719659 0.930770
vt 0.719535 0.930128
vt 0.718697 0.932497
vt 0.719067 0.932442
vt 0.879773 0.947511
vt 0.879773 0.953327
vt 0.881140 0.953427
vt 0.881140 0.948345
vt 0.878092 0.948345
vt 0.878092 0.953427
vt 0.942932 0.928275
vt 0.942261 0.928275
vt 0.942261 0.933357
vt 0.942932 0.933357
vt 0.700211 0.936075
vt 0.700211 0.934855
vt 0.699518 0.934855
vt 0.699518 0.936075
vt 0.771562 0.901813
vt 0.770869 0.901813
vt 0.770869 0.904188
vt 0.771662 0.904188
vt 0.770869 0.906119
vt 0.771562 0.906119
vt 0.698512 0.936086
vt 0.698205 0.935331
vt 0.697756 0.935331
vt 0.697819 0.936086
vt 0.698205 0.932549
vt 0.697756 0.932549
vt 0.697819 0.931392
vt 0.698512 0.931392
vt 0.742079 0.934707
vt 0.742079 0.936238
vt 0.742773 0.936238
vt 0.742773 0.934707
vt 0.722480 0.933405
vt 0.722356 0.934046
vt 0.722762 0.934430
vt 0.721888 0.931729
vt 0.721518 0.931674
vt 0.719941 0.929744
vt 0.804566 0.309430
vt 0.804392 0.309690
vt 0.805275 0.310055
vt 0.805336 0.309748
vt 0.948183 0.886267
vt 0.948444 0.886441
vt 0.948810 0.885560
vt 0.948502 0.885499
vt 0.944313 0.884667
vt 0.944005 0.884606
vt 0.944005 0.885560
vt 0.944313 0.885499
vt 0.803658 0.307242
vt 0.803351 0.307181
vt 0.803351 0.308134
vt 0.803658 0.308073
vt 0.807528 0.308842
vt 0.807789 0.309016
vt 0.808155 0.308134
vt 0.807847 0.308073
vt 0.945221 0.886855
vt 0.945047 0.887115
vt 0.945930 0.887480
vt 0.945991 0.887173
vt 0.946824 0.882992
vt 0.946885 0.882685
vt 0.945930 0.882685
vt 0.945991 0.882992
vt 0.806939 0.305886
vt 0.807113 0.305625
vt 0.806230 0.305260
vt 0.806169 0.305567
vt 0.803977 0.308842
vt 0.803716 0.309016
vt 0.948810 0.884606
vt 0.948502 0.884667
vt 0.944371 0.886441
vt 0.944632 0.886267
vt 0.803977 0.306474
vt 0.803716 0.306300
vt 0.806939 0.309430
vt 0.807113 0.309690
vt 0.946885 0.887480
vt 0.946824 0.887173
vt 0.806169 0.309748
vt 0.807847 0.307242
vt 0.807528 0.306474
vt 0.805336 0.305567
vt 0.804566 0.305886
vt 0.945047 0.883050
vt 0.945221 0.883311
vt 0.807789 0.306300
vt 0.940448 0.917295
vt 0.940455 0.918088
vt 0.941465 0.918088
vt 0.941458 0.917295
vt 0.914441 0.253244
vt 0.913628 0.253787
vt 0.914217 0.254375
vt 0.914761 0.253563
vt 0.914269 0.252828
vt 0.913309 0.253018
vt 0.914269 0.252377
vt 0.913309 0.252187
vt 0.914441 0.251961
vt 0.913628 0.251419
vt 0.914761 0.251642
vt 0.914217 0.250831
vt 0.915178 0.251470
vt 0.914987 0.250512
vt 0.915629 0.251470
vt 0.915820 0.250512
vt 0.916047 0.251642
vt 0.916590 0.250831
vt 0.916366 0.251961
vt 0.917179 0.251419
vt 0.916539 0.252377
vt 0.917498 0.252187
vt 0.916539 0.252828
vt 0.917498 0.253018
vt 0.916366 0.253244
vt 0.917179 0.253787
vt 0.916046 0.253563
vt 0.916590 0.254375
vt 0.915629 0.253735
vt 0.915820 0.254693
vt 0.915178 0.253735
vt 0.914987 0.254693
vt 0.915404 0.252603
vt 0.940445 0.916360
vt 0.941456 0.916360
vt 0.940448 0.915424
vt 0.941458 0.915424
vt 0.940455 0.914631
vt 0.941465 0.914631
vt 0.896230 0.945553
vt 0.896231 0.946367
vt 0.897241 0.946367
vt 0.897241 0.945553
vt 0.896230 0.944611
vt 0.897241 0.944611
vt 0.896230 0.943684
vt 0.897241 0.943684
vt 0.896231 0.942913
vt 0.897241 0.942913
vt 0.949937 0.890688
vt 0.949948 0.891481
vt 0.950958 0.891481
vt 0.950947 0.890688
vt 0.949933 0.889752
vt 0.950944 0.889752
vt 0.949937 0.888817
vt 0.950947 0.888817
vt 0.949948 0.888024
vt 0.950958 0.888024
vt 0.951938 0.945982
vt 0.951939 0.946752
vt 0.952950 0.946752
vt 0.952949 0.945982
vt 0.951938 0.945056
vt 0.952949 0.945056
vt 0.951939 0.943298
vt 0.951938 0.944113
vt 0.952949 0.944113
vt 0.952950 0.943299
vt 0.805275 0.305260
vt 0.947594 0.883311
vt 0.947768 0.883050
vt 0.808155 0.307181
vt 0.944632 0.883899
vt 0.944371 0.883725
vt 0.947594 0.886855
vt 0.947768 0.887115
vt 0.806230 0.310055
vt 0.804392 0.305625
vt 0.948183 0.883899
vt 0.948444 0.883725
vt 0.730495 0.309076
vt 0.730321 0.309336
vt 0.731204 0.309701
vt 0.731265 0.309394
vt 0.905837 0.912315
vt 0.906098 0.912489
vt 0.906463 0.911608
vt 0.906156 0.911547
vt 0.901967 0.910715
vt 0.901659 0.910654
vt 0.901659 0.911608
vt 0.901967 0.911547
vt 0.729587 0.306888
vt 0.729280 0.306827
vt 0.729280 0.307781
vt 0.729587 0.307719
vt 0.733457 0.308488
vt 0.733718 0.308662
vt 0.734084 0.307781
vt 0.733776 0.307719
vt 0.902875 0.912903
vt 0.902701 0.913164
vt 0.903584 0.913528
vt 0.903645 0.913221
vt 0.904478 0.909041
vt 0.904539 0.908734
vt 0.903584 0.908734
vt 0.903645 0.909041
vt 0.732868 0.305532
vt 0.733042 0.305271
vt 0.732160 0.304906
vt 0.732098 0.305213
vt 0.729906 0.308488
vt 0.729645 0.308662
vt 0.906463 0.910654
vt 0.906156 0.910715
vt 0.902025 0.912489
vt 0.902286 0.912315
vt 0.729906 0.306120
vt 0.729645 0.305946
vt 0.732868 0.309076
vt 0.733042 0.309336
vt 0.904539 0.913528
vt 0.904478 0.913221
vt 0.732098 0.309394
vt 0.733776 0.306888
vt 0.733457 0.306120
vt 0.731265 0.305213
vt 0.730495 0.305532
vt 0.902701 0.909099
vt 0.902875 0.909359
vt 0.733718 0.305946
vt 0.892162 0.945577
vt 0.892169 0.946370
vt 0.893179 0.946370
vt 0.893172 0.945577
vt 0.769782 0.307196
vt 0.768969 0.307739
vt 0.769558 0.308327
vt 0.770102 0.307515
vt 0.769610 0.306780
vt 0.768650 0.306970
vt 0.769610 0.306329
vt 0.768650 0.306139
vt 0.769782 0.305913
vt 0.768969 0.305371
vt 0.770102 0.305594
vt 0.769558 0.304782
vt 0.770519 0.305422
vt 0.770328 0.304464
vt 0.770970 0.305422
vt 0.771161 0.304464
vt 0.771387 0.305594
vt 0.771931 0.304783
vt 0.771707 0.305913
vt 0.772520 0.305371
vt 0.771879 0.306329
vt 0.772839 0.306139
vt 0.771879 0.306780
vt 0.772839 0.306970
vt 0.771707 0.307196
vt 0.772520 0.307739
vt 0.771387 0.307515
vt 0.771931 0.308327
vt 0.770970 0.307687
vt 0.771161 0.308645
vt 0.770519 0.307687
vt 0.770328 0.308645
vt 0.770745 0.306555
vt 0.892159 0.944641
vt 0.893170 0.944641
vt 0.892162 0.943706
vt 0.893172 0.943706
vt 0.892169 0.942913
vt 0.893179 0.942913
vt 0.897242 0.945553
vt 0.897242 0.946367
vt 0.898253 0.946367
vt 0.898252 0.945553
vt 0.897241 0.944611
vt 0.898252 0.944611
vt 0.897242 0.943684
vt 0.898252 0.943684
vt 0.897242 0.942913
vt 0.898253 0.942913
vt 0.939424 0.917295
vt 0.939435 0.918088
vt 0.940445 0.918088
vt 0.940435 0.917295
vt 0.939421 0.916360
vt 0.940431 0.916360
vt 0.939424 0.915424
vt 0.940435 0.915424
vt 0.939435 0.914631
vt 0.940445 0.914631
vt 0.899325 0.945597
vt 0.899326 0.946367
vt 0.900336 0.946367
vt 0.900336 0.945597
vt 0.899325 0.944670
vt 0.900335 0.944670
vt 0.899326 0.942913
vt 0.899325 0.943728
vt 0.900336 0.943728
vt 0.900336 0.942913
vt 0.731204 0.304906
vt 0.905248 0.909359
vt 0.905422 0.909099
vt 0.734084 0.306827
vt 0.902286 0.909947
vt 0.902025 0.909773
vt 0.905248 0.912903
vt 0.905422 0.913164
vt 0.732160 0.309701
vt 0.730321 0.305271
vt 0.905837 0.909947
vt 0.906098 0.909773
vt 0.851613 0.236320
vt 0.851613 0.245502
vt 0.852921 0.246258
vt 0.845419 0.232049
vt 0.846766 0.236320
vt 0.849439 0.236073
vt 0.845419 0.246258
vt 0.846766 0.245502
vt 0.885670 0.231361
vt 0.885357 0.230824
vt 0.845170 0.231232
vt 0.885357 0.245964
vt 0.885051 0.245850
vt 0.728727 0.310930
vt 0.729265 0.310776
vt 0.729017 0.308606
vt 0.728463 0.308618
vt 0.885357 0.230824
vt 0.885051 0.231641
vt 0.729265 0.305938
vt 0.728727 0.305775
vt 0.742079 0.936635
vt 0.742773 0.936635
vt 0.900117 0.891863
vt 0.900117 0.892108
vt 0.900363 0.892108
vt 0.900363 0.891863
vt 0.894397 0.885678
vt 0.894151 0.885678
vt 0.894397 0.885923
vt 0.894151 0.885923
vt 0.879720 0.956496
vt 0.879474 0.956496
vt 0.879474 0.956741
vt 0.879720 0.956741
vt 0.891490 0.945585
vt 0.891490 0.945166
vt 0.891244 0.945166
vt 0.891244 0.945585
vt 0.894397 0.886169
vt 0.894397 0.885923
vt 0.894151 0.885923
vt 0.894151 0.886169
vt 0.893730 0.885678
vt 0.893508 0.885678
vt 0.893508 0.885923
vt 0.893730 0.885923
vt 0.893730 0.885923
vt 0.893730 0.886169
vt 0.879474 0.957161
vt 0.879720 0.957161
vt 0.858269 0.961673
vt 0.858269 0.961254
vt 0.858023 0.961254
vt 0.858023 0.961673
vt 0.893508 0.885923
vt 0.893508 0.886169
vt 0.900363 0.876251
vt 0.900609 0.876251
vt 0.879474 0.957382
vt 0.879720 0.957382
vt 0.893087 0.885678
vt 0.892889 0.885678
vt 0.892889 0.885923
vt 0.893087 0.885923
vt 0.879474 0.957802
vt 0.879720 0.957802
vt 0.893087 0.885923
vt 0.893087 0.886169
vt 0.891481 0.959170
vt 0.891481 0.958672
vt 0.891235 0.958672
vt 0.891235 0.959170
vt 0.892889 0.885923
vt 0.892889 0.886169
vt 0.900624 0.911142
vt 0.900870 0.911142
vt 0.879474 0.958000
vt 0.879720 0.958000
vt 0.879474 0.958498
vt 0.879474 0.958698
vt 0.879720 0.958698
vt 0.879720 0.958498
vt 0.892389 0.885678
vt 0.892389 0.885923
vt 0.892389 0.885923
vt 0.892389 0.886169
vt 0.892189 0.885678
vt 0.891769 0.885678
vt 0.891769 0.885923
vt 0.892189 0.885923
vt 0.892189 0.885923
vt 0.892189 0.886169
vt 0.900625 0.943130
vt 0.900871 0.943130
vt 0.900621 0.936388
vt 0.900375 0.936388
vt 0.891769 0.885923
vt 0.891769 0.886169
vt 0.891727 0.958593
vt 0.891727 0.958174
vt 0.891481 0.958174
vt 0.891481 0.958593
vt 0.879474 0.959117
vt 0.879720 0.959117
vt 0.879474 0.959328
vt 0.879720 0.959328
vt 0.891557 0.885678
vt 0.891557 0.885923
vt 0.891557 0.885923
vt 0.891557 0.886169
vt 0.900117 0.867480
vt 0.900363 0.867480
vt 0.900867 0.936388
vt 0.900621 0.936388
vt 0.900475 0.888686
vt 0.900720 0.888686
vt 0.874876 0.941210
vt 0.874876 0.941210
vt 0.900609 0.876251
vt 0.900854 0.876251
vt 0.874876 0.941210
vt 0.874876 0.941210
vt 0.900472 0.957485
vt 0.900718 0.957485
vt 0.902124 0.927633
vt 0.901947 0.927633
vt 0.921058 0.164509
vt 0.921058 0.171819
vt 0.923071 0.171270
vt 0.923071 0.164509
vt 0.951860 0.921396
vt 0.954911 0.921396
vt 0.954912 0.919364
vt 0.951861 0.919364
vt 0.920239 0.940430
vt 0.920522 0.940425
vt 0.920522 0.934311
vt 0.920239 0.933568
vt 0.951860 0.921355
vt 0.948809 0.921355
vt 0.948809 0.923380
vt 0.951860 0.923380
vt 0.885252 0.918260
vt 0.885252 0.911398
vt 0.882202 0.911398
vt 0.882202 0.918260
vt 0.888303 0.918260
vt 0.888303 0.911398
vt 0.885252 0.911398
vt 0.885252 0.918260
vt 0.455028 0.488512
vt 0.455028 0.495110
vt 0.456766 0.494625
vt 0.456766 0.488512
vt 0.898389 0.932369
vt 0.898387 0.933322
vt 0.900125 0.933660
vt 0.900403 0.932918
vt 0.898389 0.946957
vt 0.898387 0.946282
vt 0.896649 0.945797
vt 0.896376 0.946540
vt 0.914138 0.940430
vt 0.913853 0.940425
vt 0.913853 0.946448
vt 0.914138 0.947191
vt 0.914138 0.933568
vt 0.913853 0.934311
vt 0.455028 0.482150
vt 0.456766 0.482489
vt 0.888303 0.925020
vt 0.885252 0.925020
vt 0.885252 0.925020
vt 0.882202 0.925020
vt 0.920239 0.947191
vt 0.920522 0.946448
vt 0.921058 0.157231
vt 0.923071 0.157648
vt 0.919044 0.157648
vt 0.919044 0.164509
vt 0.453290 0.482489
vt 0.453290 0.488512
vt 0.900403 0.946540
vt 0.900125 0.945797
vt 0.896376 0.932918
vt 0.896649 0.933660
vt 0.453290 0.494625
vt 0.951860 0.919364
vt 0.948809 0.919364
vt 0.951861 0.923380
vt 0.954912 0.923380
vt 0.919044 0.171270
vt 0.895228 0.197436
vt 0.892425 0.197436
vt 0.754912 0.926505
vt 0.752109 0.926505
vt 0.925333 0.156185
vt 0.924652 0.156185
vt 0.729144 0.310930
vt 0.728463 0.310930
vt 0.728463 0.313725
vt 0.729144 0.313725
vt 0.871883 0.924202
vt 0.871883 0.939627
vt 0.873549 0.939750
vt 0.873549 0.924202
vt 0.989915 0.966404
vt 0.989967 0.966347
vt 0.989967 0.962129
vt 0.989168 0.962997
vt 0.965114 0.944327
vt 0.965191 0.944327
vt 0.965191 0.929729
vt 0.965114 0.929729
vt 0.822396 0.881755
vt 0.822396 0.882388
vt 0.852434 0.938962
vt 0.853061 0.938962
vt 0.853061 0.923915
vt 0.852434 0.924627
vt 0.852434 0.951568
vt 0.849596 0.951568
vt 0.849260 0.923537
vt 0.849596 0.924365
vt 0.964363 0.944327
vt 0.965114 0.956932
vt 0.964363 0.928901
vt 0.900263 0.911066
vt 0.900263 0.898461
vt 0.897093 0.898461
vt 0.897093 0.911066
vt 0.900263 0.884125
vt 0.897093 0.883863
vt 0.906982 0.947566
vt 0.908164 0.947566
vt 0.908164 0.934960
vt 0.906982 0.934960
vt 0.965191 0.956932
vt 0.909815 0.908466
vt 0.910612 0.909336
vt 0.910612 0.905125
vt 0.910559 0.905068
vt 0.906982 0.961901
vt 0.908164 0.961901
vt 0.740781 0.313044
vt 0.740426 0.311626
vt 0.739560 0.311799
vt 0.740152 0.312863
vt 0.740181 0.310051
vt 0.739674 0.310476
vt 0.741291 0.311453
vt 0.740813 0.310249
vt 0.897308 0.231826
vt 0.897729 0.231580
vt 0.741291 0.312636
vt 0.897807 0.233837
vt 0.897547 0.232814
vt 0.897389 0.234101
vt 0.897056 0.233736
vt 0.896898 0.232689
vt 0.898069 0.231929
vt 0.898128 0.232853
vt 0.818824 0.312933
vt 0.818468 0.311515
vt 0.817603 0.311688
vt 0.818195 0.312752
vt 0.818224 0.309940
vt 0.817717 0.310365
vt 0.819334 0.311342
vt 0.818856 0.310138
vt 0.896079 0.231826
vt 0.896499 0.231580
vt 0.819334 0.312525
vt 0.896577 0.233837
vt 0.896317 0.232814
vt 0.896159 0.234101
vt 0.895826 0.233736
vt 0.895668 0.232689
vt 0.896839 0.231929
vt 0.896898 0.232853
vt 0.918553 0.959984
vt 0.918553 0.958072
vt 0.917987 0.958072
vt 0.917987 0.959984
vt 0.917966 0.960551
vt 0.918533 0.960551
vt 0.955652 0.940457
vt 0.955652 0.939892
vt 0.955085 0.939891
vt 0.955085 0.940457
vt 0.965429 0.921842
vt 0.965409 0.922410
vt 0.965976 0.922410
vt 0.965995 0.921842
vt 0.919163 0.958279
vt 0.919730 0.958279
vt 0.919252 0.957713
vt 0.918685 0.957713
vt 0.917966 0.957562
vt 0.917399 0.957562
vt 0.916921 0.958127
vt 0.917488 0.958127
vt 0.916921 0.960038
vt 0.917399 0.960550
vt 0.917966 0.960550
vt 0.917488 0.960038
vt 0.965409 0.924321
vt 0.965976 0.924321
vt 0.919163 0.960190
vt 0.919730 0.960190
vt 0.955663 0.925097
vt 0.955663 0.924531
vt 0.955096 0.924531
vt 0.955096 0.925097
vt 0.918685 0.960702
vt 0.919252 0.960702
vt 0.918533 0.957562
vt 0.917966 0.957562
vt 0.965429 0.924831
vt 0.965995 0.924831
vt 0.963882 0.870161
vt 0.963882 0.868795
vt 0.963198 0.868796
vt 0.962946 0.870162
vt 0.960390 0.865552
vt 0.961243 0.865551
vt 0.961243 0.864869
vt 0.960689 0.864869
vt 0.262210 0.928014
vt 0.262210 0.936459
vt 0.267159 0.936472
vt 0.265604 0.928014
vt 0.888809 0.959491
vt 0.888812 0.958041
vt 0.888257 0.958041
vt 0.888254 0.959491
vt 0.848752 0.958038
vt 0.848747 0.959404
vt 0.849302 0.959404
vt 0.849307 0.958038
vt 0.888812 0.960857
vt 0.888257 0.960857
vt 0.959660 0.908388
vt 0.958807 0.908388
vt 0.959105 0.909070
vt 0.959660 0.909070
vt 0.262210 0.945580
vt 0.265582 0.945580
vt 0.963882 0.871611
vt 0.964566 0.871612
vt 0.964792 0.870162
vt 0.848752 0.960855
vt 0.849307 0.960855
vt 0.963198 0.871612
vt 0.257453 0.936471
vt 0.258874 0.945580
vt 0.959660 0.907705
vt 0.959105 0.907706
vt 0.258853 0.928014
vt 0.941483 0.943693
vt 0.941483 0.942504
vt 0.941198 0.942501
vt 0.941198 0.943690
vt 0.964566 0.868796
vt 0.960639 0.865714
vt 0.960689 0.866234
vt 0.960795 0.866071
vt 0.961243 0.866234
vt 0.961080 0.866071
vt 0.961080 0.865714
vt 0.913875 0.943832
vt 0.913875 0.944116
vt 0.914233 0.944116
vt 0.914233 0.943676
vt 0.955085 0.941083
vt 0.955085 0.939894
vt 0.954645 0.939891
vt 0.954645 0.941080
vt 0.952415 0.954850
vt 0.952415 0.956160
vt 0.952740 0.956310
vt 0.952740 0.955000
vt 0.960838 0.909016
vt 0.960838 0.907705
vt 0.960513 0.907855
vt 0.960513 0.909165
vt 0.885473 0.957404
vt 0.885473 0.957092
vt 0.884788 0.957092
vt 0.885054 0.957404
vt 0.884562 0.958458
vt 0.884879 0.958459
vt 0.886090 0.958460
vt 0.886408 0.958458
vt 0.886157 0.957092
vt 0.885896 0.957404
vt 0.885057 0.959596
vt 0.884788 0.959908
vt 0.885473 0.959908
vt 0.885473 0.959596
vt 0.885894 0.959596
vt 0.886157 0.959908
vt 0.838082 0.309881
vt 0.838082 0.312841
vt 0.838959 0.312841
vt 0.838959 0.309881
vt 0.838991 0.309002
vt 0.838114 0.309002
vt 0.906864 0.233079
vt 0.905986 0.233079
vt 0.905986 0.233956
vt 0.906864 0.233956
vt 0.852135 0.309548
vt 0.852105 0.310429
vt 0.852982 0.310429
vt 0.853012 0.309549
vt 0.752955 0.310498
vt 0.753833 0.310498
vt 0.753091 0.309622
vt 0.752213 0.309622
vt 0.844515 0.313943
vt 0.845393 0.313943
vt 0.846134 0.313066
vt 0.845256 0.313066
vt 0.846134 0.310106
vt 0.845393 0.309313
vt 0.844515 0.309313
vt 0.845256 0.310106
vt 0.852105 0.313389
vt 0.852982 0.313389
vt 0.752955 0.313458
vt 0.753833 0.313458
vt 0.907763 0.258058
vt 0.907763 0.257182
vt 0.906885 0.257182
vt 0.906885 0.258058
vt 0.752213 0.314251
vt 0.753091 0.314251
vt 0.838114 0.313632
vt 0.838991 0.313632
vt 0.852135 0.314178
vt 0.853012 0.314178
vt 0.825158 0.171190
vt 0.825157 0.148774
vt 0.809805 0.161329
vt 0.809201 0.160973
vt 0.809201 0.171913
vt 0.809805 0.171235
vt 0.817094 0.155755
vt 0.816729 0.155211
vt 0.816727 0.171213
vt 0.816729 0.171888
vt 0.246809 0.931457
vt 0.247176 0.915999
vt 0.239887 0.921574
vt 0.239887 0.931480
vt 0.255239 0.931434
vt 0.255239 0.909018
vt 0.840470 0.307175
vt 0.840851 0.307172
vt 0.840851 0.284758
vt 0.840470 0.284761
vt 0.868736 0.280760
vt 0.869165 0.280760
vt 0.869441 0.273019
vt 0.869012 0.273018
vt 0.869012 0.289904
vt 0.869441 0.289905
vt 0.903280 0.229073
vt 0.903660 0.229069
vt 0.903660 0.219165
vt 0.903280 0.219169
vt 0.825070 0.196408
vt 0.825070 0.172637
vt 0.809890 0.172682
vt 0.809201 0.184515
vt 0.809891 0.184514
vt 0.816730 0.172659
vt 0.825070 0.197398
vt 0.809891 0.185197
vt 0.817142 0.191588
vt 0.284513 0.924256
vt 0.284512 0.942058
vt 0.291352 0.942036
vt 0.291352 0.930203
vt 0.895429 0.264927
vt 0.895842 0.266053
vt 0.902680 0.272000
vt 0.902680 0.271317
vt 0.887501 0.259116
vt 0.887501 0.260106
vt 0.276173 0.918310
vt 0.276173 0.942081
vt 0.925797 0.305393
vt 0.926125 0.305390
vt 0.903280 0.219848
vt 0.902952 0.219851
vt 0.902952 0.231681
vt 0.903280 0.231678
vt 0.925249 0.209116
vt 0.925618 0.209117
vt 0.903280 0.219165
vt 0.902952 0.219168
vt 0.936944 0.885869
vt 0.936944 0.885563
vt 0.936144 0.885563
vt 0.936144 0.885869
vt 0.933939 0.893775
vt 0.933930 0.894081
vt 0.934730 0.894081
vt 0.934738 0.893775
vt 0.884414 0.949124
vt 0.883360 0.949124
vt 0.883360 0.949594
vt 0.884414 0.949594
vt 0.933309 0.894352
vt 0.933027 0.893931
vt 0.932686 0.894072
vt 0.932785 0.894568
vt 0.936944 0.886592
vt 0.936944 0.886231
vt 0.936144 0.886231
vt 0.936144 0.886592
vt 0.884414 0.950704
vt 0.883360 0.950704
vt 0.883360 0.951175
vt 0.884414 0.951175
vt 0.936944 0.886899
vt 0.936144 0.886899
vt 0.920770 0.948158
vt 0.921823 0.948158
vt 0.921827 0.947603
vt 0.920774 0.947603
vt 0.931694 0.891940
vt 0.931976 0.892360
vt 0.932317 0.892219
vt 0.932218 0.891723
vt 0.869374 0.950576
vt 0.869382 0.950882
vt 0.870182 0.950882
vt 0.870174 0.950576
vt 0.935985 0.925783
vt 0.934931 0.925783
vt 0.934932 0.926338
vt 0.935986 0.926338
vt 0.869371 0.950215
vt 0.870171 0.950215
vt 0.904226 0.939554
vt 0.905279 0.939554
vt 0.905265 0.939083
vt 0.904212 0.939083
vt 0.933927 0.892863
vt 0.933430 0.892961
vt 0.933430 0.893330
vt 0.933927 0.893429
vt 0.869374 0.949853
vt 0.870174 0.949853
vt 0.904212 0.937973
vt 0.905265 0.937973
vt 0.905279 0.937503
vt 0.904226 0.937503
vt 0.931076 0.893429
vt 0.931573 0.893330
vt 0.931573 0.892961
vt 0.931076 0.892863
vt 0.869382 0.949546
vt 0.870182 0.949546
vt 0.884414 0.950149
vt 0.883360 0.950149
vt 0.871795 0.949853
vt 0.871794 0.949546
vt 0.870993 0.949546
vt 0.870994 0.949853
vt 0.920774 0.948713
vt 0.921827 0.948713
vt 0.871795 0.950214
vt 0.870995 0.950214
vt 0.935983 0.925312
vt 0.934929 0.925312
vt 0.932218 0.894568
vt 0.932317 0.894072
vt 0.931976 0.893931
vt 0.931694 0.894352
vt 0.871795 0.950576
vt 0.870994 0.950576
vt 0.935985 0.926893
vt 0.934931 0.926893
vt 0.934929 0.927364
vt 0.935983 0.927364
vt 0.871794 0.950882
vt 0.870993 0.950882
vt 0.933930 0.894804
vt 0.933939 0.895111
vt 0.934738 0.895111
vt 0.934730 0.894804
vt 0.920787 0.949183
vt 0.921840 0.949183
vt 0.932785 0.891723
vt 0.932686 0.892219
vt 0.933027 0.892360
vt 0.933309 0.891940
vt 0.933927 0.894442
vt 0.934726 0.894442
vt 0.921840 0.947132
vt 0.920787 0.947132
vt 0.933710 0.893952
vt 0.933288 0.893671
vt 0.416095 0.484903
vt 0.416095 0.487296
vt 0.416742 0.487278
vt 0.416742 0.484886
vt 0.931293 0.892340
vt 0.931714 0.892621
vt 0.902777 0.945618
vt 0.902905 0.945347
vt 0.901895 0.945347
vt 0.902025 0.945618
vt 0.931714 0.893671
vt 0.931293 0.893952
vt 0.933288 0.892621
vt 0.933710 0.892340
vt 0.929562 0.927677
vt 0.929385 0.927941
vt 0.929909 0.928158
vt 0.929971 0.927847
vt 0.929248 0.927365
vt 0.928984 0.927541
vt 0.929079 0.926956
vt 0.928767 0.927018
vt 0.929079 0.926514
vt 0.928767 0.926452
vt 0.929248 0.926105
vt 0.928984 0.925929
vt 0.929562 0.925792
vt 0.929385 0.925529
vt 0.929971 0.925623
vt 0.929909 0.925312
vt 0.930414 0.925623
vt 0.930476 0.925312
vt 0.930824 0.925792
vt 0.931000 0.925529
vt 0.931137 0.926105
vt 0.931401 0.925929
vt 0.931307 0.926514
vt 0.931618 0.926452
vt 0.931307 0.926956
vt 0.931618 0.927018
vt 0.931137 0.927365
vt 0.931401 0.927541
vt 0.930824 0.927677
vt 0.931000 0.927941
vt 0.930414 0.927847
vt 0.930476 0.928158
vt 0.426946 0.473933
vt 0.427039 0.474379
vt 0.427710 0.474378
vt 0.427710 0.473932
vt 0.418918 0.484855
vt 0.418918 0.482463
vt 0.418270 0.482481
vt 0.418270 0.484873
vt 0.417506 0.487272
vt 0.417506 0.484880
vt 0.417506 0.484880
vt 0.417506 0.482488
vt 0.416742 0.482481
vt 0.416742 0.484873
vt 0.418270 0.487278
vt 0.418270 0.484886
vt 0.416095 0.482463
vt 0.416095 0.484855
vt 0.418918 0.487296
vt 0.418918 0.484903
vt 0.424610 0.489640
vt 0.424610 0.487246
vt 0.423962 0.487246
vt 0.423962 0.489640
vt 0.426299 0.471541
vt 0.426299 0.473936
vt 0.426946 0.471539
vt 0.423198 0.487245
vt 0.423198 0.489640
vt 0.427710 0.471538
vt 0.422434 0.487246
vt 0.422434 0.489640
vt 0.428474 0.473933
vt 0.428474 0.471539
vt 0.421786 0.487246
vt 0.421786 0.489640
vt 0.429122 0.473936
vt 0.429122 0.471541
vt 0.423198 0.486801
vt 0.422526 0.486801
vt 0.428382 0.474379
vt 0.421957 0.486802
vt 0.428952 0.474381
vt 0.416265 0.487747
vt 0.416835 0.487731
vt 0.418748 0.482012
vt 0.418178 0.482028
vt 0.417506 0.487726
vt 0.417506 0.482034
vt 0.416835 0.482028
vt 0.418178 0.487731
vt 0.416265 0.482012
vt 0.418748 0.487747
vt 0.424439 0.486802
vt 0.423870 0.486801
vt 0.426469 0.474381
vt 0.904362 0.938935
vt 0.905113 0.938935
vt 0.905110 0.938528
vt 0.905261 0.938528
vt 0.905113 0.938121
vt 0.904359 0.938528
vt 0.904208 0.938528
vt 0.904362 0.938121
vt 0.904753 0.931302
vt 0.904756 0.931573
vt 0.905304 0.931561
vt 0.905161 0.931290
vt 0.904345 0.931290
vt 0.904208 0.931561
vt 0.905162 0.927614
vt 0.905162 0.923939
vt 0.904754 0.923927
vt 0.904754 0.927533
vt 0.859149 0.946602
vt 0.859149 0.942926
vt 0.858397 0.942926
vt 0.858397 0.946602
vt 0.904753 0.927695
vt 0.905161 0.927614
vt 0.902777 0.949293
vt 0.902025 0.949293
vt 0.904346 0.923939
vt 0.904346 0.927614
vt 0.904345 0.927614
vt 0.904309 0.931664
vt 0.904309 0.931664
vt 0.904756 0.931674
vt 0.904756 0.931674
vt 0.904756 0.923656
vt 0.904208 0.923668
vt 0.904756 0.932457
vt 0.859278 0.942655
vt 0.858268 0.942655
vt 0.905304 0.923668
vt 0.921212 0.231392
vt 0.921501 0.231392
vt 0.906550 0.133305
vt 0.906115 0.133305
vt 0.924974 0.192436
vt 0.924391 0.192417
vt 0.924124 0.202706
vt 0.924708 0.202725
vt 0.921936 0.243671
vt 0.922225 0.243671
vt 0.908358 0.120972
vt 0.907923 0.120972
vt 0.887720 0.932927
vt 0.887720 0.933173
vt 0.888383 0.932928
vt 0.888383 0.933174
vt 0.901690 0.134688
vt 0.904527 0.134688
vt 0.735769 0.311749
vt 0.736513 0.315147
vt 0.736566 0.315090
vt 0.736566 0.310879
vt 0.933173 0.947311
vt 0.933173 0.948049
vt 0.933693 0.948049
vt 0.933693 0.947311
vt 0.904756 0.933544
vt 0.905304 0.933556
vt 0.736719 0.272191
vt 0.735962 0.272888
vt 0.743328 0.276998
vt 0.743527 0.275995
vt 0.751347 0.279710
vt 0.752213 0.281218
vt 0.751424 0.267435
vt 0.750627 0.267377
vt 0.734918 0.261629
vt 0.735740 0.261628
vt 0.285553 0.905345
vt 0.285352 0.893883
vt 0.277765 0.890978
vt 0.278745 0.901542
vt 0.292652 0.896728
vt 0.293372 0.909061
vt 0.924391 0.211206
vt 0.924974 0.211225
vt 0.920360 0.157231
vt 0.920783 0.157231
vt 0.886636 0.154538
vt 0.898940 0.153274
vt 0.891310 0.134326
vt 0.880863 0.135619
vt 0.895158 0.144009
vt 0.896244 0.143667
vt 0.249376 0.893862
vt 0.250446 0.905244
vt 0.260148 0.901404
vt 0.258853 0.890978
vt 0.239896 0.896739
vt 0.241163 0.909018
vt 0.886412 0.312376
vt 0.886780 0.312378
vt 0.855681 0.287886
vt 0.853163 0.284267
vt 0.854020 0.288573
vt 0.857733 0.290953
vt 0.856462 0.292223
vt 0.860804 0.293003
vt 0.860116 0.294662
vt 0.864426 0.293723
vt 0.864426 0.295518
vt 0.866973 0.293217
vt 0.868736 0.294662
vt 0.864426 0.274813
vt 0.868736 0.273874
vt 0.864426 0.273018
vt 0.860804 0.275533
vt 0.860116 0.273874
vt 0.857733 0.277582
vt 0.856462 0.276313
vt 0.855681 0.280649
vt 0.854020 0.279962
vt 0.854960 0.284268
vt 0.775716 0.288672
vt 0.773211 0.285049
vt 0.774068 0.289354
vt 0.777771 0.291744
vt 0.776510 0.293004
vt 0.780846 0.293797
vt 0.780164 0.295443
vt 0.784474 0.294518
vt 0.784474 0.296300
vt 0.787034 0.294009
vt 0.788784 0.295444
vt 0.784474 0.275582
vt 0.788784 0.274656
vt 0.784474 0.273799
vt 0.780847 0.276302
vt 0.780164 0.274656
vt 0.777771 0.278354
vt 0.776510 0.277094
vt 0.775716 0.281426
vt 0.774068 0.280744
vt 0.774995 0.285049
vt 0.451407 0.463304
vt 0.451984 0.462761
vt 0.451299 0.462761
vt 0.451876 0.463304
vt 0.452617 0.463023
vt 0.452309 0.463483
vt 0.453101 0.463506
vt 0.452640 0.463813
vt 0.453363 0.464138
vt 0.452820 0.464246
vt 0.453363 0.464821
vt 0.452819 0.464713
vt 0.453101 0.465453
vt 0.452640 0.465145
vt 0.452617 0.465936
vt 0.452309 0.465476
vt 0.451984 0.466198
vt 0.451876 0.465655
vt 0.451299 0.466198
vt 0.451407 0.465655
vt 0.450666 0.465936
vt 0.450974 0.465476
vt 0.450182 0.465453
vt 0.450643 0.465145
vt 0.449920 0.464821
vt 0.450464 0.464713
vt 0.449920 0.464138
vt 0.450464 0.464245
vt 0.450182 0.463506
vt 0.450643 0.463813
vt 0.450666 0.463023
vt 0.450974 0.463483
vt 0.905202 0.931664
vt 0.905202 0.931664
vn 0.000047 -1.000000 0.000003
vn 0.000065 -1.000000 -0.000001
vn 0.000045 -1.000000 0.000005
vn 0.000098 -1.000000 -0.000003
vn 0.000098 -1.000000 -0.000003
vn 0.000098 -1.000000 -0.000003
vn -0.000009 0.414023 0.910266
vn -0.001161 0.403195 0.915113
vn -0.000002 0.203453 0.979085
vn -0.000413 0.200744 0.979644
vn 0.157208 -0.987544 -0.006565
vn 0.118482 -0.992956 -0.000000
vn 0.118001 -0.993001 -0.004895
vn 0.118482 -0.992956 -0.000000
vn 0.000000 1.000000 -0.000000
vn 0.000000 1.000000 -0.000000
vn 0.000000 0.998392 0.056688
vn 0.000000 0.998392 0.056688
vn 0.000114 0.099082 0.995079
vn -0.000413 0.200744 0.979644
vn 0.000091 0.048458 0.998825
vn 0.000009 0.000219 1.000000
vn 0.000704 0.196811 0.980441
vn -0.021934 0.999353 0.028498
vn -0.043875 0.998630 0.028511
vn -0.021933 0.998134 0.056995
vn -0.043821 0.997415 0.056954
vn 0.118001 -0.993001 -0.004895
vn 0.118482 -0.992956 -0.000000
vn 0.000000 -1.000000 0.000000
vn 0.000000 -1.000000 0.000000
vn 0.572724 0.819444 0.022344
vn 0.569513 0.820741 0.045154
vn 0.572663 0.819474 0.022800
vn 0.569513 0.820741 0.045154
vn 0.000001 0.521757 0.853094
vn 0.000001 0.521757 0.853094
vn 0.000001 0.521757 0.853094
vn 0.000001 0.521757 0.853094
vn 0.000000 1.000000 -0.000000
vn -0.000000 1.000000 -0.000000
vn 0.000000 0.998392 0.056688
vn 0.000000 0.998474 0.055221
vn 0.005383 0.111738 0.993723
vn 0.019101 0.397152 0.917554
vn 0.008590 0.201666 0.979417
vn 0.007545 0.396240 0.918116
vn 0.000065 -1.000000 -0.000001
vn 0.000047 -1.000000 0.000003
vn 0.000049 -1.000000 0.000000
vn 0.000049 -1.000000 0.000000
vn 0.000000 0.998474 0.055221
vn 0.000000 0.995754 0.092057
vn 0.000000 0.998392 0.056688
vn 0.000000 0.995754 0.092057
vn -0.018233 0.027953 0.999443
vn -0.017941 -0.028435 0.999435
vn -0.022373 0.034300 0.999161
vn -0.028143 -0.044603 0.998608
vn 0.804035 -0.528415 0.272590
vn 0.804039 -0.528411 0.272588
vn 0.825435 -0.501677 0.258801
vn 0.825435 -0.501677 0.258801
vn 0.239318 -0.186753 -0.952812
vn 0.234241 -0.182792 -0.954839
vn 0.239283 -0.186726 -0.952826
vn 0.234241 -0.182792 -0.954839
vn 0.999997 -0.002081 0.000903
vn 0.999997 -0.002081 0.000903
vn 0.999997 -0.002240 0.000985
vn 0.999997 -0.002240 0.000985
vn -0.000000 1.000000 0.000000
vn 0.000000 1.000000 0.000000
vn -0.000000 1.000000 0.000000
vn 0.000000 1.000000 0.000000
vn 0.000000 0.998392 0.056688
vn 0.000000 0.998392 0.056688
vn 0.000000 0.995754 0.092056
vn 0.000000 0.995754 0.092057
vn 0.000047 -1.000000 0.000003
vn 0.000045 -1.000000 0.000005
vn -0.000071 -1.000000 0.000005
vn -0.000070 -1.000000 0.000011
vn -0.000004 0.203489 0.979077
vn 0.000001 0.414024 0.910266
vn -0.000002 0.203453 0.979085
vn -0.000009 0.414023 0.910266
vn 0.633937 0.248318 0.732436
vn 0.687034 -0.007955 0.726582
vn 0.650359 0.210305 0.729935
vn 0.686456 -0.018307 0.726941
vn 0.005555 0.345661 0.938343
vn 0.001103 0.413557 0.910478
vn -0.000004 0.203489 0.979077
vn 0.000001 0.414024 0.910266
vn 0.000000 0.998392 0.056688
vn 0.000000 0.998392 0.056688
vn 0.000000 0.995754 0.092056
vn 0.000000 0.995754 0.092056
vn -0.807128 -0.524471 0.271060
vn -0.785049 -0.550289 0.284395
vn -0.807184 -0.524404 0.271025
vn -0.785049 -0.550289 0.284395
vn 0.000000 -1.000000 0.000000
vn 0.000065 -1.000000 -0.000001
vn 0.000000 -1.000000 0.000000
vn 0.000049 -1.000000 0.000000
vn 0.057435 0.996554 0.059844
vn 0.057435 0.996554 0.059844
vn 0.058600 0.997804 0.030862
vn 0.058635 0.997829 0.029979
vn -0.000000 1.000000 -0.000000
vn 0.000000 1.000000 -0.000000
vn 0.000000 0.998392 0.056688
vn 0.000000 0.998392 0.056688
vn 0.000000 -0.203421 -0.979091
vn 0.000000 -0.398335 -0.917240
vn 0.000000 -0.203422 -0.979091
vn 0.000000 -0.398335 -0.917240
vn -0.675314 -0.737531 0.000000
vn -0.675314 -0.737531 0.000000
vn -0.675315 -0.737530 -0.000254
vn -0.675314 -0.737529 0.001505
vn 0.116277 -0.993169 -0.009719
vn 0.233390 -0.972188 -0.019508
vn 0.118001 -0.993001 -0.004895
vn 0.233390 -0.972188 -0.019508
vn 0.157208 -0.987544 -0.006565
vn 0.233390 -0.972188 -0.019508
vn 0.575572 0.817751 -0.000000
vn 0.575572 0.817751 -0.000000
vn 0.572663 0.819474 0.022800
vn 0.572724 0.819444 0.022344
vn 0.058600 0.997804 0.030862
vn 0.058635 0.997829 0.029979
vn 0.059785 0.998211 -0.000000
vn 0.059785 0.998211 -0.000000
vn -0.000072 -1.000000 0.000000
vn 0.000049 -1.000000 0.000000
vn -0.000071 -1.000000 0.000005
vn 0.000047 -1.000000 0.000003
vn -0.000071 -1.000000 0.000005
vn -0.000070 -1.000000 0.000011
vn -0.000092 -1.000000 0.000003
vn -0.000131 -1.000000 0.000007
vn -0.000131 -1.000000 0.000007
vn -0.000131 -1.000000 0.000007
vn 0.000000 1.000000 -0.000000
vn 0.000000 1.000000 -0.000000
vn 0.000000 1.000000 -0.000000
vn 0.000000 1.000000 -0.000000
vn -0.021951 0.999759 0.000000
vn -0.043892 0.999036 0.000000
vn -0.021934 0.999353 0.028498
vn -0.043875 0.998630 0.028511
vn -0.002515 -0.107576 0.994194
vn -0.003408 0.005029 0.999982
vn 0.000082 -0.103275 0.994653
vn 0.000085 0.004614 0.999989
vn 0.000000 1.000000 -0.000000
vn 0.000000 1.000000 -0.000000
vn 0.000000 0.999593 0.028516
vn 0.000000 0.999593 0.028516
vn 0.000340 -1.000000 0.000004
vn 0.000226 -1.000000 0.000002
vn 0.000338 -1.000000 0.000007
vn 0.000338 -1.000000 0.000007
vn 0.000338 -1.000000 0.000007
vn 0.000338 -1.000000 0.000007
vn 0.000000 -1.000000 0.000000
vn 0.000226 -1.000000 0.000002
vn 0.000000 -1.000000 0.000000
vn 0.000170 -1.000000 0.000000
vn 0.000057 -0.000010 1.000000
vn 0.000057 -0.000010 1.000000
vn 0.000057 0.000000 1.000000
vn 0.000057 0.000000 1.000000
vn 0.000000 0.999593 0.028516
vn 0.000000 0.998374 0.057009
vn 0.000000 0.999593 0.028516
vn 0.000000 0.998374 0.057009
vn -0.000075 0.000032 1.000000
vn -0.000080 0.000026 1.000000
vn -0.000087 0.000000 1.000000
vn -0.000087 -0.000000 1.000000
vn -0.001142 0.385731 0.922611
vn -0.001082 0.359894 0.932993
vn 0.001391 0.388923 0.921269
vn 0.000704 0.196811 0.980441
vn -0.000001 -1.000000 0.000000
vn -0.000001 -1.000000 0.000000
vn -0.000001 -1.000000 0.000000
vn -0.000001 -1.000000 0.000000
vn 0.000000 1.000000 0.000000
vn 0.000000 1.000000 0.000000
vn 0.000000 1.000000 0.000000
vn 0.000000 1.000000 0.000000
vn 0.000001 1.000000 -0.000000
vn 0.000001 1.000000 -0.000000
vn 0.000001 1.000000 -0.000000
vn 0.000001 1.000000 -0.000000
vn 0.000226 -1.000000 0.000002
vn 0.000340 -1.000000 0.000004
vn 0.000170 -1.000000 0.000000
vn 0.000341 -1.000000 0.000000
vn -0.010020 0.382645 0.923841
vn -0.013784 0.382628 0.923800
vn -0.005169 0.194852 0.980819
vn -0.006919 0.191780 0.981414
vn 1.000000 0.000000 -0.000000
vn 1.000000 0.000000 -0.000001
vn 1.000000 -0.000000 -0.000000
vn 1.000000 -0.000001 -0.000000
vn -0.003408 0.005029 0.999982
vn -0.002376 0.157996 0.987437
vn 0.000085 0.004614 0.999989
vn 0.000275 0.150454 0.988617
vn -0.694947 -0.120800 0.708842
vn -0.709352 0.004170 0.704842
vn -0.694947 -0.120800 0.708842
vn -0.708221 -0.010773 0.705909
vn -0.002515 -0.107576 0.994194
vn 0.000082 -0.103275 0.994653
vn -0.001686 -0.118338 0.992972
vn 0.000322 -0.112161 0.993690
vn -0.000092 -1.000000 0.000003
vn -0.000072 -1.000000 0.000000
vn -0.000071 -1.000000 0.000005
vn -0.000072 -1.000000 0.000000
vn -0.002941 -0.098923 0.995091
vn -0.013212 -0.085537 0.996247
vn -0.008223 -0.087175 0.996159
vn -0.014119 -0.083958 0.996369
vn -0.866826 -0.498610 0.000001
vn -0.795147 -0.606417 0.000001
vn -0.917083 -0.398696 0.000001
vn -0.917083 -0.398696 0.000001
vn -0.917083 -0.398696 0.000001
vn -0.795147 -0.606417 0.000001
vn -0.917083 -0.398697 0.000001
vn -0.795146 -0.606418 0.000000
vn 0.116277 -0.993169 -0.009719
vn 0.118001 -0.993001 -0.004895
vn 0.000000 -1.000000 -0.000000
vn 0.000000 -1.000000 0.000000
vn 0.000042 0.000049 1.000000
vn 0.000053 0.000023 1.000000
vn 0.000047 0.000037 1.000000
vn 0.000055 0.000018 1.000000
vn 0.788304 -0.615140 0.013425
vn 0.787683 -0.614658 0.041841
vn 0.788271 -0.615114 0.016208
vn 0.787683 -0.614658 0.041841
vn -0.000000 0.888463 -0.458949
vn -0.000000 0.888463 -0.458948
vn -0.000000 0.888463 -0.458949
vn -0.000000 0.888463 -0.458948
vn 0.999997 -0.002081 0.000903
vn 0.999998 -0.001922 0.000821
vn 0.999997 -0.002081 0.000903
vn 0.999998 -0.001922 0.000821
vn 0.804035 -0.528415 0.272590
vn 0.781543 -0.554428 0.286006
vn 0.804039 -0.528411 0.272588
vn 0.781543 -0.554428 0.286006
vn 0.000000 -1.000000 0.000000
vn -0.382683 -0.923880 0.000000
vn -0.000000 -1.000000 0.000000
vn -0.382683 -0.923880 0.000000
vn -0.382683 -0.923880 0.000000
vn -0.707107 -0.707107 0.000001
vn -0.382683 -0.923880 0.000000
vn -0.707107 -0.707107 0.000001
vn -0.707107 -0.707107 0.000001
vn -0.923880 -0.382683 0.000001
vn -0.707107 -0.707107 0.000001
vn -0.923880 -0.382683 0.000001
vn -0.923880 -0.382683 0.000001
vn -1.000000 -0.000000 0.000001
vn -0.923880 -0.382683 0.000001
vn -1.000000 -0.000000 0.000001
vn -1.000000 -0.000000 0.000001
vn -0.980785 0.195090 0.000001
vn -1.000000 -0.000000 0.000001
vn -0.980785 0.195090 0.000001
vn -0.000045 0.000237 1.000000
vn -0.000044 0.000251 1.000000
vn -0.000052 0.000095 1.000000
vn -0.658582 0.210940 0.722339
vn -0.639475 0.237318 0.731267
vn -0.524056 0.407082 0.748097
vn -0.486757 0.463626 0.740350
vn 0.980785 0.195090 -0.000001
vn 1.000000 0.000000 -0.000001
vn 0.980785 0.195090 -0.000001
vn 1.000000 0.000000 -0.000001
vn 1.000000 0.000000 -0.000001
vn 0.923880 -0.382683 -0.000001
vn 1.000000 0.000000 -0.000001
vn 0.923880 -0.382683 -0.000001
vn 0.923880 -0.382683 -0.000001
vn 0.707107 -0.707107 -0.000000
vn 0.923880 -0.382683 -0.000001
vn 0.707107 -0.707107 -0.000000
vn 0.707107 -0.707107 -0.000000
vn 0.382683 -0.923880 -0.000000
vn 0.707107 -0.707107 -0.000000
vn 0.382683 -0.923880 -0.000000
vn 0.382683 -0.923880 -0.000000
vn 0.000000 -1.000000 0.000000
vn 0.382683 -0.923880 -0.000000
vn -0.000000 -1.000000 0.000000
vn -0.001161 0.403195 0.915113
vn 0.001391 0.388923 0.921269
vn -0.000413 0.200744 0.979644
vn 0.000704 0.196811 0.980441
vn 0.000000 0.999593 0.028516
vn 0.000000 0.998374 0.057009
vn 0.000000 0.999537 0.030414
vn 0.000000 0.998374 0.057009
vn 0.000000 1.000000 -0.000000
vn 0.000000 0.999593 0.028516
vn 0.000000 1.000000 -0.000000
vn 0.000000 0.999537 0.030414
vn -0.001142 0.385731 0.922611
vn -0.010020 0.382645 0.923841
vn -0.001082 0.359894 0.932993
vn -0.005169 0.194852 0.980819
vn 0.000000 1.000000 -0.000000
vn -0.021951 0.999759 0.000000
vn 0.000000 0.999593 0.028516
vn -0.021934 0.999353 0.028498
vn 0.000000 0.999593 0.028516
vn -0.021934 0.999353 0.028498
vn 0.000000 0.998374 0.057009
vn -0.021933 0.998134 0.056995
vn 0.000040 0.000260 1.000000
vn 0.000000 0.000297 1.000000
vn 0.000041 0.000236 1.000000
vn 0.000001 0.000297 1.000000
vn -0.005169 0.194852 0.980819
vn -0.000016 0.000238 1.000000
vn -0.001082 0.359894 0.932993
vn -0.000000 -1.000000 0.000000
vn -0.382684 -0.923880 0.000000
vn -0.000000 -1.000000 0.000000
vn -0.382684 -0.923880 0.000000
vn -0.382684 -0.923880 0.000000
vn -0.707107 -0.707107 0.000001
vn -0.382684 -0.923880 0.000000
vn -0.707107 -0.707107 0.000001
vn -0.707107 -0.707107 0.000001
vn -0.923879 -0.382684 0.000001
vn -0.707107 -0.707107 0.000001
vn -0.923879 -0.382684 0.000001
vn -0.923879 -0.382684 0.000001
vn -1.000000 -0.000000 0.000001
vn -0.923879 -0.382684 0.000001
vn -1.000000 -0.000000 0.000001
vn -1.000000 -0.000000 0.000001
vn -0.980785 0.195090 0.000001
vn -1.000000 -0.000000 0.000001
vn -0.980785 0.195090 0.000001
vn 0.980785 0.195090 -0.000001
vn 1.000000 0.000000 -0.000001
vn 0.980785 0.195090 -0.000001
vn 1.000000 0.000000 -0.000001
vn 1.000000 0.000000 -0.000001
vn 0.923880 -0.382684 -0.000001
vn 1.000000 0.000000 -0.000001
vn 0.923880 -0.382684 -0.000001
vn 0.923880 -0.382684 -0.000001
vn 0.707106 -0.707107 -0.000000
vn 0.923880 -0.382684 -0.000001
vn 0.707106 -0.707107 -0.000000
vn 0.707106 -0.707107 -0.000000
vn 0.382683 -0.923880 -0.000000
vn 0.707106 -0.707107 -0.000000
vn 0.382683 -0.923880 -0.000000
vn 0.382683 -0.923880 -0.000000
vn -0.000000 -1.000000 0.000000
vn 0.382683 -0.923880 -0.000000
vn -0.000000 -1.000000 0.000000
vn 0.007545 0.396240 0.918116
vn 0.000000 0.442837 0.896602
vn 0.001103 0.413557 0.910478
vn 0.000390 0.464558 0.885543
vn 0.000000 1.000000 -0.000000
vn -0.000000 1.000000 -0.000000
vn 0.000000 0.998475 0.055216
vn 0.000000 0.998392 0.056688
vn 0.000000 0.442837 0.896602
vn 0.000000 0.487929 0.872883
vn 0.000390 0.464558 0.885543
vn -0.002384 0.486020 0.873945
vn 0.000000 0.998475 0.055216
vn 0.000000 0.998392 0.056688
vn 0.000000 0.995754 0.092056
vn 0.000000 0.995754 0.092056
vn 0.008590 0.201666 0.979417
vn 0.007545 0.396240 0.918116
vn 0.005555 0.345661 0.938343
vn 0.001103 0.413557 0.910478
vn -0.000003 0.000293 1.000000
vn 0.000041 0.000236 1.000000
vn 0.000008 0.000293 1.000000
vn 0.000033 0.000236 1.000000
vn 0.660434 -0.022588 0.750544
vn 0.660999 -0.008343 0.750340
vn 0.649817 -0.146458 0.745847
vn 0.649817 -0.146458 0.745847
vn 0.614353 0.265898 0.742878
vn 0.660999 -0.008343 0.750340
vn 0.628543 0.227645 0.743715
vn 0.660434 -0.022588 0.750544
vn 0.502366 0.505466 0.701521
vn 0.614353 0.265898 0.742878
vn 0.535345 0.443843 0.718616
vn 0.628543 0.227645 0.743715
vn 0.000014 0.000252 1.000000
vn -0.000122 0.050429 0.998728
vn 0.008590 0.201666 0.979417
vn 0.005383 0.111738 0.993723
vn -0.000270 0.103150 0.994666
vn -0.000004 0.203489 0.979077
vn -0.000004 0.000197 1.000000
vn 0.005555 0.345661 0.938343
vn -0.627140 -0.108610 0.771298
vn -0.634972 0.002144 0.772532
vn -0.627140 -0.108610 0.771298
vn -0.634406 -0.012052 0.772906
vn -0.634406 -0.012052 0.772906
vn -0.634972 0.002144 0.772532
vn -0.604075 0.206872 0.769609
vn -0.589349 0.245735 0.769599
vn -0.604075 0.206872 0.769609
vn -0.589349 0.245735 0.769599
vn -0.508208 0.431923 0.745096
vn -0.471670 0.502719 0.724432
vn -0.000004 0.000197 1.000000
vn -0.000004 0.203489 0.979077
vn -0.000668 0.053981 0.998542
vn -0.000002 0.203453 0.979085
vn -0.000663 0.104620 0.994512
vn -1.000000 0.000001 0.000001
vn -1.000000 0.000001 0.000001
vn -1.000000 0.000001 0.000001
vn -1.000000 0.000001 0.000001
vn -1.000000 0.000001 0.000001
vn 1.000000 0.000000 -0.000001
vn 1.000000 0.000000 -0.000001
vn 1.000000 0.000000 -0.000001
vn 1.000000 0.000000 -0.000001
vn 1.000000 0.000000 -0.000001
vn 1.000000 0.000001 -0.000001
vn 1.000000 0.000000 -0.000000
vn 1.000000 0.000000 -0.000001
vn -0.002376 0.157996 0.987437
vn -0.000663 0.104620 0.994512
vn 0.000275 0.150454 0.988617
vn 0.000114 0.099082 0.995079
vn 0.000001 -0.000000 1.000000
vn 0.000001 -0.000000 1.000000
vn 0.000001 -0.000000 1.000000
vn 0.000001 -0.000000 1.000000
vn 1.000000 -0.000000 -0.000001
vn 1.000000 0.000000 -0.000001
vn 1.000000 0.000000 -0.000000
vn 1.000000 0.000000 -0.000001
vn 0.391166 0.663679 0.637589
vn 0.502366 0.505466 0.701521
vn 0.436493 0.607090 0.664015
vn 0.535345 0.443843 0.718616
vn -0.000039 0.000237 1.000000
vn -0.000030 0.000076 1.000000
vn -0.000031 0.000038 1.000000
vn -0.000034 0.000028 1.000000
vn -0.000663 0.104620 0.994512
vn -0.000002 0.203453 0.979085
vn 0.000114 0.099082 0.995079
vn -0.000413 0.200744 0.979644
vn 0.400386 0.646563 0.649343
vn 0.493655 0.501207 0.710701
vn 0.427977 0.598414 0.677301
vn 0.535624 0.435829 0.723298
vn -0.524056 0.407082 0.748097
vn -0.486757 0.463626 0.740350
vn -0.417377 0.572695 0.705562
vn -0.375628 0.653395 0.657251
vn 1.000000 0.000001 -0.000001
vn 1.000000 0.000000 -0.000001
vn 1.000000 0.000000 -0.000001
vn 1.000000 0.000000 -0.000001
vn 0.000000 0.000000 -1.000000
vn 0.000000 0.000000 -1.000000
vn 0.000000 0.000000 -1.000000
vn 0.000000 0.000000 -1.000000
vn 0.000000 -0.190330 -0.981720
vn 0.000000 -0.095603 -0.995420
vn 0.000000 -0.190330 -0.981720
vn 0.000000 -0.095604 -0.995420
vn 0.000037 0.000000 1.000000
vn 0.000037 0.000000 1.000000
vn 0.000036 -0.000007 1.000000
vn 0.000036 -0.000007 1.000000
vn 0.000037 0.000013 1.000000
vn 0.000032 0.000027 1.000000
vn 0.000035 0.000016 1.000000
vn 0.000030 0.000035 1.000000
vn -0.000035 0.000241 1.000000
vn -0.000039 0.000237 1.000000
vn 0.000008 0.000293 1.000000
vn -0.000003 0.000293 1.000000
vn -0.000038 0.000000 1.000000
vn -0.000038 0.000000 1.000000
vn -0.000037 0.000013 1.000000
vn -0.000036 0.000017 1.000000
vn -0.000035 0.000241 1.000000
vn -0.000030 0.000076 1.000000
vn -0.000039 0.000237 1.000000
vn 0.000032 0.000027 1.000000
vn 0.000029 0.000065 1.000000
vn 0.000030 0.000035 1.000000
vn 0.000041 0.000236 1.000000
vn -0.002788 0.809139 0.587611
vn 0.251728 0.747879 0.614256
vn 0.023283 0.806060 0.591376
vn 0.299884 0.726230 0.618595
vn 0.000037 0.000000 1.000000
vn 0.000037 0.000013 1.000000
vn 0.000037 0.000000 1.000000
vn 0.000035 0.000016 1.000000
vn 0.000029 0.000065 1.000000
vn 0.000033 0.000236 1.000000
vn 0.000041 0.000236 1.000000
vn -0.000038 0.000000 1.000000
vn -0.000038 -0.000007 1.000000
vn -0.000038 0.000000 1.000000
vn -0.000038 -0.000007 1.000000
vn -0.000037 0.000013 1.000000
vn -0.000036 0.000017 1.000000
vn -0.000034 0.000028 1.000000
vn -0.000031 0.000038 1.000000
vn -0.000668 0.053981 0.998542
vn -0.000663 0.104620 0.994512
vn -0.004142 0.183674 0.982978
vn -0.002376 0.157996 0.987437
vn -0.000122 0.050429 0.998728
vn -0.000691 0.172493 0.985011
vn -0.000270 0.103150 0.994666
vn -0.000759 0.156241 0.987719
vn -0.000691 0.172493 0.985011
vn -0.000422 0.030441 0.999536
vn -0.000759 0.156241 0.987719
vn -0.005250 -0.020629 0.999773
vn -0.000422 0.030441 0.999536
vn 0.000753 -0.096240 0.995358
vn -0.005250 -0.020629 0.999773
vn -0.008223 -0.087175 0.996159
vn -0.008223 -0.087175 0.996159
vn 0.000753 -0.096240 0.995358
vn -0.002941 -0.098923 0.995091
vn 0.001042 -0.104107 0.994566
vn -0.396192 0.662771 0.635427
vn -0.417555 0.606656 0.676473
vn -0.471670 0.502719 0.724432
vn -0.508208 0.431923 0.745096
vn -0.003408 0.005029 0.999982
vn -0.006880 0.029725 0.999534
vn -0.002376 0.157996 0.987437
vn -0.004142 0.183674 0.982978
vn -0.002515 -0.107576 0.994194
vn -0.005190 -0.109883 0.993931
vn -0.003408 0.005029 0.999982
vn -0.006880 0.029725 0.999534
vn -0.001686 -0.118338 0.992972
vn -0.003464 -0.125472 0.992091
vn -0.002515 -0.107576 0.994194
vn -0.005190 -0.109883 0.993931
vn 0.493655 0.501207 0.710701
vn 0.633937 0.248318 0.732436
vn 0.535624 0.435829 0.723298
vn 0.650359 0.210305 0.729935
vn -0.299509 0.745964 0.594838
vn -0.259498 0.769088 0.584093
vn 0.023283 0.806060 0.591376
vn -0.002788 0.809139 0.587611
vn -0.417555 0.606656 0.676473
vn -0.396192 0.662771 0.635427
vn -0.299509 0.745964 0.594838
vn -0.259498 0.769088 0.584093
vn 0.005555 0.345661 0.938343
vn 0.000014 0.000252 1.000000
vn 0.008590 0.201666 0.979417
vn 0.436493 0.607090 0.664015
vn 0.299884 0.726230 0.618595
vn 0.391166 0.663679 0.637589
vn 0.251728 0.747879 0.614256
vn 0.000549 -0.113110 0.993582
vn 0.000322 -0.112161 0.993690
vn 0.000117 -0.101832 0.994802
vn 0.000082 -0.103275 0.994653
vn -0.021121 0.033069 0.999230
vn -0.021543 0.013650 0.999675
vn -0.019513 -0.108809 0.993871
vn -0.019807 -0.107574 0.994000
vn -0.000044 0.000251 1.000000
vn -0.000045 0.000237 1.000000
vn 0.000000 0.000297 1.000000
vn 0.000001 0.000297 1.000000
vn -0.000064 0.000049 1.000000
vn -0.000057 0.000063 1.000000
vn -0.000052 0.000095 1.000000
vn -0.000045 0.000237 1.000000
vn 0.000422 0.166607 0.986023
vn 0.000252 0.025698 0.999670
vn 0.000275 0.150454 0.988617
vn 0.000085 0.004614 0.999989
vn 0.000057 0.000000 1.000000
vn 0.000055 0.000018 1.000000
vn 0.000057 0.000000 1.000000
vn 0.000053 0.000023 1.000000
vn -0.000080 0.000026 1.000000
vn -0.000075 0.000032 1.000000
vn -0.000064 0.000049 1.000000
vn -0.000057 0.000063 1.000000
vn 0.000047 0.000037 1.000000
vn 0.000039 0.000086 1.000000
vn 0.000042 0.000049 1.000000
vn 0.000041 0.000236 1.000000
vn -0.000087 -0.000000 1.000000
vn -0.000087 -0.000016 1.000000
vn -0.000087 0.000000 1.000000
vn -0.000087 -0.000016 1.000000
vn 0.000779 0.817954 0.575282
vn 0.259046 0.751630 0.606587
vn -0.000803 0.817941 0.575301
vn 0.271192 0.744728 0.609783
vn -0.237888 0.760038 0.604774
vn -0.260193 0.747597 0.611063
vn -0.375628 0.653395 0.657251
vn -0.417377 0.572695 0.705562
vn 0.000039 0.000086 1.000000
vn 0.000040 0.000260 1.000000
vn 0.000041 0.000236 1.000000
vn 0.676509 -0.122432 0.726186
vn 0.676509 -0.122432 0.726186
vn 0.687034 -0.007955 0.726582
vn 0.686456 -0.018307 0.726941
vn 0.000091 0.048458 0.998825
vn 0.000422 0.166607 0.986023
vn 0.000114 0.099082 0.995079
vn 0.000275 0.150454 0.988617
vn 0.000252 0.025698 0.999670
vn 0.000117 -0.101832 0.994802
vn 0.000085 0.004614 0.999989
vn 0.000082 -0.103275 0.994653
vn -0.639475 0.237318 0.731267
vn -0.658582 0.210940 0.722339
vn -0.709352 0.004170 0.704842
vn -0.708221 -0.010773 0.705909
vn -0.012867 0.170221 0.985322
vn -0.011052 0.185182 0.982642
vn -0.003266 0.111222 0.993790
vn -0.001774 0.060110 0.998190
vn -0.021543 0.013650 0.999675
vn -0.021121 0.033069 0.999230
vn -0.012867 0.170221 0.985322
vn -0.011052 0.185182 0.982642
vn -0.014641 -0.129270 0.991501
vn -0.019513 -0.108809 0.993871
vn -0.014641 -0.129270 0.991501
vn -0.019807 -0.107574 0.994000
vn -0.000016 0.000238 1.000000
vn -0.005169 0.194852 0.980819
vn -0.001774 0.060110 0.998190
vn -0.006919 0.191780 0.981414
vn -0.003266 0.111222 0.993790
vn 0.427977 0.598414 0.677301
vn 0.271192 0.744728 0.609783
vn 0.400386 0.646563 0.649343
vn 0.259046 0.751630 0.606587
vn -0.260193 0.747597 0.611063
vn -0.237888 0.760038 0.604774
vn -0.000803 0.817941 0.575301
vn 0.000779 0.817954 0.575282
vn -0.001082 0.359894 0.932993
vn 0.000009 0.000219 1.000000
vn 0.000704 0.196811 0.980441
vn -1.000000 -0.000003 0.000000
vn -1.000000 -0.000003 0.000000
vn -1.000000 -0.000003 0.000000
vn -1.000000 -0.000001 0.000000
vn -1.000000 -0.000001 0.000000
vn -1.000000 -0.000003 0.000000
vn -1.000000 -0.000001 0.000000
vn -1.000000 -0.000001 0.000000
vn -1.000000 -0.000002 0.000000
vn -1.000000 -0.000002 0.000000
vn -1.000000 -0.000003 0.000000
vn -1.000000 -0.000003 0.000000
vn -1.000000 0.000000 0.000000
vn -1.000000 0.000000 0.000000
vn -1.000000 0.000000 0.000000
vn -1.000000 0.000000 0.000000
vn -1.000000 -0.000001 0.000000
vn -1.000000 -0.000001 0.000000
vn -1.000000 -0.000001 0.000000
vn -1.000000 -0.000001 0.000000
vn -1.000000 -0.000002 0.000000
vn -1.000000 -0.000002 0.000000
vn -1.000000 -0.000002 0.000000
vn -1.000000 -0.000002 0.000000
vn -1.000000 -0.000002 0.000000
vn -1.000000 0.000000 0.000000
vn -1.000000 -0.000002 0.000000
vn -1.000000 0.000000 0.000000
vn -1.000000 -0.000001 0.000000
vn -1.000000 -0.000001 0.000000
vn -1.000000 0.000000 0.000000
vn -1.000000 0.000000 0.000000
vn -1.000000 -0.000001 0.000001
vn -1.000000 0.000003 0.000001
vn -1.000000 -0.000001 0.000001
vn -1.000000 0.000003 0.000001
vn -1.000000 0.000000 0.000001
vn -1.000000 -0.000002 0.000001
vn -1.000000 0.000000 0.000001
vn -1.000000 -0.000002 0.000001
vn -1.000000 -0.000002 0.000001
vn -1.000000 -0.000002 0.000001
vn -1.000000 -0.000001 0.000001
vn -1.000000 -0.000001 0.000001
vn 0.000001 -0.998374 -0.057009
vn 0.000001 -0.998374 -0.057009
vn 0.000001 -0.998374 -0.057009
vn 0.000001 -0.998374 -0.057009
vn 0.000001 -0.000000 1.000000
vn 0.000000 0.000000 1.000000
vn 0.000001 -0.000000 1.000000
vn 0.000000 0.000000 1.000000
vn 0.000000 -0.095603 -0.995420
vn 0.000000 -0.203421 -0.979091
vn 0.000000 -0.095604 -0.995420
vn 0.000000 -0.203422 -0.979091
vn 0.000000 1.000000 -0.000000
vn 0.000000 1.000000 -0.000000
vn 0.000000 1.000000 -0.000000
vn 0.000000 1.000000 -0.000000
vn 0.000000 0.000000 1.000000
vn 0.000001 -0.000000 1.000000
vn 0.000000 0.000000 1.000000
vn 0.000001 -0.000000 1.000000
vn -1.000000 0.000002 0.000001
vn -1.000000 0.000000 0.000000
vn -1.000000 0.000002 0.000001
vn -1.000000 -0.000001 0.000000
vn -1.000000 -0.000001 0.000000
vn -1.000000 -0.000001 0.000000
vn -1.000000 0.000000 0.000000
vn -1.000000 -0.000001 0.000000
vn -1.000000 -0.000000 0.000001
vn -1.000000 -0.000000 0.000001
vn -1.000000 0.000000 0.000000
vn -1.000000 0.000000 0.000000
vn -1.000000 -0.000001 0.000000
vn -1.000000 -0.000001 0.000000
vn -1.000000 -0.000001 0.000000
vn -1.000000 -0.000001 0.000000
vn -1.000000 -0.000001 0.000000
vn -1.000000 0.000000 0.000000
vn -1.000000 -0.000001 0.000000
vn -1.000000 0.000000 0.000000
vn -1.000000 -0.000001 0.000001
vn -1.000000 0.000000 0.000001
vn -1.000000 0.000000 0.000001
vn -1.000000 0.000001 0.000001
vn -1.000000 0.000000 0.000001
vn -1.000000 -0.000001 0.000001
vn -1.000000 0.000000 0.000001
vn -1.000000 -0.000001 0.000001
vn -1.000000 -0.000001 0.000001
vn -1.000000 -0.000001 0.000001
vn -1.000000 0.000000 0.000001
vn -1.000000 -0.000001 0.000001
vn 0.000000 0.000001 -1.000000
vn 0.000000 0.000001 -1.000000
vn 0.000000 0.000001 -1.000000
vn 0.000000 0.000001 -1.000000
vn 0.000000 0.000000 -1.000000
vn 0.000000 0.000001 -1.000000
vn 0.000000 0.000000 -1.000000
vn 0.000000 0.000001 -1.000000
vn 0.000000 -1.000000 0.000000
vn 0.000000 -1.000000 0.000000
vn 0.000000 -1.000000 0.000000
vn 0.000000 -1.000000 0.000000
vn -0.943195 -0.332241 0.000001
vn -0.943195 -0.332241 0.000001
vn -0.943194 -0.332241 0.000001
vn -0.943194 -0.332241 0.000001
vn -0.017941 -0.028435 0.999435
vn -0.022483 -0.035633 0.999112
vn -0.028143 -0.044603 0.998608
vn -0.024620 -0.039019 0.998935
vn -0.917646 0.397399 0.000001
vn -0.917646 0.397399 0.000001
vn -0.917646 0.397399 0.000000
vn -0.917646 0.397399 0.000000
vn -0.000002 0.000000 -1.000000
vn -0.000001 -0.000000 -1.000000
vn 0.112459 -0.172405 -0.978586
vn 0.126272 -0.193580 -0.972924
vn -0.000001 -1.000000 0.000000
vn -0.000001 -1.000000 0.000000
vn -0.000001 -1.000000 0.000000
vn -0.000001 -1.000000 0.000000
vn 0.000001 -0.445405 0.895329
vn 0.000001 -0.445405 0.895329
vn 0.000001 -0.445405 0.895329
vn 0.000001 -0.445405 0.895329
vn -0.938334 0.039160 0.343506
vn -0.984001 0.020179 0.177018
vn -0.938754 0.003922 0.344567
vn -0.982535 0.001768 0.186068
vn 0.450881 -0.892584 -0.000000
vn 0.450884 -0.892583 -0.000000
vn 0.450881 -0.892584 -0.000000
vn 0.450885 -0.892582 -0.000000
vn 1.000000 -0.000000 -0.000001
vn 1.000000 -0.000001 -0.000001
vn 1.000000 -0.000001 -0.000001
vn 1.000000 -0.000001 -0.000001
vn -0.795146 -0.606418 0.000000
vn -0.795147 -0.606417 0.000001
vn -0.627079 -0.778956 0.000000
vn -0.627078 -0.778957 0.000000
vn 1.000000 -0.000001 -0.000001
vn 1.000000 -0.000001 -0.000001
vn 1.000000 0.000000 -0.000001
vn 1.000000 -0.000001 -0.000001
vn 1.000000 0.000003 -0.000001
vn 1.000000 0.000001 -0.000001
vn 1.000000 0.000003 -0.000001
vn 1.000000 0.000001 -0.000001
vn 0.086514 -0.132631 -0.987383
vn 0.104812 -0.160683 -0.981425
vn 0.084972 0.134667 -0.987241
vn 0.130142 0.206252 -0.969806
vn 0.030718 0.022400 0.999277
vn -0.024977 0.038291 0.998955
vn 0.015979 0.011652 0.999804
vn -0.027114 0.041568 0.998768
vn 1.000000 0.000001 -0.000001
vn 1.000000 0.000000 -0.000001
vn 1.000000 -0.000000 -0.000001
vn 1.000000 -0.000001 -0.000001
vn 1.000000 0.000001 -0.000001
vn 1.000000 0.000001 -0.000001
vn 1.000000 -0.000000 -0.000001
vn 1.000000 -0.000001 -0.000001
vn 1.000000 -0.000001 -0.000001
vn 1.000000 -0.000001 -0.000001
vn 1.000000 -0.000000 -0.000001
vn 1.000000 -0.000001 -0.000001
vn 1.000000 -0.000001 -0.000001
vn -1.000000 0.000001 0.000001
vn -1.000000 0.000001 0.000001
vn -1.000000 0.000001 0.000001
vn -1.000000 0.000001 0.000001
vn 1.000000 -0.000000 -0.000001
vn 1.000000 0.000001 -0.000001
vn 1.000000 -0.000001 -0.000001
vn 1.000000 -0.000000 -0.000001
vn 0.084972 0.134667 -0.987241
vn 0.130142 0.206252 -0.969806
vn 0.101826 0.161376 -0.981626
vn 0.115976 0.183801 -0.976098
vn 0.461494 0.887144 -0.000000
vn 0.461494 0.887144 -0.000000
vn 0.461499 0.887141 -0.000000
vn 0.461499 0.887141 -0.000000
vn 1.000000 -0.000001 -0.000001
vn 1.000000 0.000000 -0.000001
vn 1.000000 -0.000001 -0.000001
vn 1.000000 -0.000000 -0.000001
vn -0.866826 -0.498610 0.000001
vn -0.627075 -0.778959 0.000000
vn -0.795147 -0.606417 0.000001
vn -0.627078 -0.778957 0.000000
vn 0.461499 0.887141 -0.000000
vn 0.461499 0.887141 -0.000000
vn 0.461499 0.887141 -0.000000
vn 0.461499 0.887141 -0.000000
vn 0.046466 -0.000464 0.998920
vn 0.047281 0.005047 0.998869
vn 0.024704 -0.020748 0.999480
vn 0.008222 -0.006906 0.999942
vn -0.917646 0.397399 0.000000
vn -0.917646 0.397399 0.000000
vn -0.917646 0.397399 0.000000
vn -0.917646 0.397399 0.000000
vn -0.943195 -0.332241 0.000000
vn -0.943195 -0.332241 0.000000
vn -0.943195 -0.332241 0.000000
vn -0.943195 -0.332241 0.000000
vn 0.000001 1.000000 -0.000000
vn 0.000001 1.000000 -0.000000
vn 0.000001 1.000000 -0.000000
vn 0.000001 1.000000 -0.000000
vn 0.000001 1.000000 -0.000000
vn 0.000001 1.000000 -0.000000
vn 0.000001 1.000000 -0.000000
vn 0.000001 1.000000 -0.000000
vn -0.943194 -0.332243 0.000002
vn -0.943194 -0.332243 0.000002
vn -0.840785 -0.541369 0.000002
vn -0.839153 -0.543895 0.000002
vn -0.917646 0.397399 0.000002
vn -0.917646 0.397399 0.000002
vn -0.917646 0.397399 0.000002
vn -0.917646 0.397399 0.000002
vn 0.723526 0.690297 -0.000002
vn 0.723526 0.690297 -0.000002
vn 0.723526 0.690297 -0.000002
vn 0.723526 0.690297 -0.000002
vn 1.000000 0.000001 -0.000003
vn 1.000000 -0.000001 -0.000003
vn 1.000000 0.000000 -0.000003
vn 1.000000 -0.000001 -0.000003
vn 1.000000 0.000002 -0.000003
vn 1.000000 0.000001 -0.000003
vn 1.000000 0.000002 -0.000003
vn 1.000000 0.000000 -0.000003
vn -0.000000 -1.000000 0.000000
vn -0.000000 -1.000000 0.000000
vn -0.000000 -1.000000 0.000000
vn -0.000000 -1.000000 0.000000
vn 0.115976 0.183801 -0.976098
vn -0.000000 0.000000 -1.000000
vn 0.101826 0.161376 -0.981626
vn -0.000000 -0.000000 -1.000000
vn -0.000000 0.000000 -1.000000
vn -0.018233 0.027953 0.999443
vn -0.022373 0.034300 0.999161
vn -0.024977 0.038291 0.998955
vn -0.027114 0.041568 0.998768
vn -0.000002 -0.000000 -1.000000
vn -0.000000 -0.000000 -1.000000
vn -0.000002 -0.000000 -1.000000
vn -0.000000 0.000000 -1.000000
vn -0.024620 -0.039019 0.998935
vn -0.022483 -0.035633 0.999112
vn 0.000000 -0.000000 1.000000
vn 0.008222 -0.006906 0.999942
vn 0.024704 -0.020748 0.999480
vn 0.086514 -0.132631 -0.987383
vn 0.112459 -0.172405 -0.978586
vn 0.104812 -0.160683 -0.981425
vn 0.126272 -0.193580 -0.972924
vn 0.046466 -0.000464 0.998920
vn 0.030718 0.022400 0.999277
vn 0.047281 0.005047 0.998869
vn 0.015979 0.011652 0.999804
vn -0.000002 -0.000000 -1.000000
vn -0.000002 -0.000000 -1.000000
vn -0.000002 0.000000 -1.000000
vn -0.000001 -0.000000 -1.000000
vn 1.000000 -0.000000 -0.000000
vn 1.000000 0.000003 -0.000000
vn 1.000000 0.000000 0.000000
vn 1.000000 0.000007 0.000000
vn -0.984032 0.177989 -0.000000
vn -0.984033 0.164437 0.068114
vn -1.000000 0.000000 0.000000
vn -1.000000 -0.000007 0.000000
vn -0.984032 -0.164440 -0.068114
vn -0.984032 -0.125859 -0.125858
vn -1.000000 0.000000 0.000000
vn -1.000000 0.000000 0.000000
vn 1.000000 -0.000002 -0.000000
vn 1.000000 -0.000001 -0.000000
vn 1.000000 -0.000003 0.000000
vn 1.000000 -0.000002 0.000000
vn 1.000000 -0.000000 -0.000001
vn 1.000000 -0.000000 -0.000001
vn 1.000000 0.000000 -0.000001
vn 1.000000 0.000000 -0.000001
vn -0.984032 -0.000000 -0.177991
vn -0.984032 0.068116 -0.164442
vn -1.000000 0.000000 0.000000
vn -1.000000 0.000002 0.000000
vn -0.984032 -0.068111 0.164445
vn -0.984032 -0.125857 0.125859
vn -1.000000 0.000007 0.000001
vn -1.000000 0.000003 0.000001
vn 1.000000 0.000001 -0.000001
vn 1.000000 0.000003 -0.000000
vn 1.000000 0.000003 -0.000001
vn 1.000000 0.000007 0.000000
vn 1.000000 0.000000 -0.000000
vn 1.000000 -0.000000 -0.000000
vn 1.000000 0.000002 0.000000
vn 1.000000 0.000000 0.000000
vn -0.984033 0.164437 0.068114
vn -0.984033 0.125854 0.125860
vn -1.000000 -0.000007 0.000000
vn -1.000000 -0.000010 0.000001
vn -0.984032 -0.125859 -0.125858
vn -0.984032 -0.068116 -0.164442
vn -1.000000 0.000000 0.000000
vn -1.000000 -0.000002 0.000000
vn 1.000000 0.000003 -0.000000
vn 1.000000 -0.000002 -0.000000
vn 1.000000 0.000007 0.000000
vn 1.000000 -0.000003 0.000000
vn 1.000000 -0.000004 -0.000000
vn 1.000000 -0.000000 -0.000001
vn 1.000000 -0.000007 0.000000
vn 1.000000 0.000000 -0.000001
vn -0.984032 0.068116 -0.164442
vn -0.984032 0.125858 -0.125859
vn -1.000000 0.000002 0.000000
vn -1.000000 0.000000 0.000000
vn 1.000000 0.000000 -0.000000
vn 1.000000 -0.000001 -0.000000
vn 1.000000 -0.000000 -0.000000
vn 1.000000 -0.000002 -0.000000
vn 1.000000 0.000003 -0.000000
vn 1.000000 -0.000000 -0.000000
vn 1.000000 -0.000000 -0.000000
vn 1.000000 0.000003 -0.000000
vn 1.000000 0.000001 -0.000001
vn 1.000000 -0.000001 -0.000001
vn 1.000000 -0.000003 -0.000000
vn 1.000000 -0.000000 -0.000001
vn 1.000000 -0.000000 -0.000001
vn 1.000000 -0.000004 -0.000000
vn 1.000000 -0.000000 -0.000000
vn 1.000000 0.000003 -0.000000
vn -0.984032 -0.125857 0.125859
vn -0.984032 -0.164441 0.068114
vn -1.000000 0.000003 0.000001
vn -1.000000 0.000000 0.000000
vn 1.000000 -0.000001 -0.000001
vn 1.000000 0.000001 -0.000001
vn 1.000000 -0.000002 -0.000001
vn 1.000000 0.000003 -0.000001
vn 0.000001 0.923879 -0.382684
vn 0.000001 0.923879 -0.382684
vn 0.000000 0.707108 -0.707106
vn 0.000000 0.707108 -0.707106
vn -0.956840 -0.111215 -0.268494
vn -0.956840 0.000002 -0.290617
vn -0.984032 -0.068116 -0.164442
vn -0.984032 -0.000000 -0.177991
vn -0.956840 -0.205499 -0.205495
vn -0.956840 -0.111215 -0.268494
vn -0.984032 -0.125859 -0.125858
vn -0.984032 -0.068116 -0.164442
vn -0.956841 -0.268490 -0.111214
vn -0.956840 -0.205499 -0.205495
vn -0.984032 -0.164440 -0.068114
vn -0.984032 -0.125859 -0.125858
vn -0.956841 -0.290613 -0.000000
vn -0.956841 -0.268490 -0.111214
vn -0.984032 -0.177990 -0.000000
vn -0.984032 -0.164440 -0.068114
vn -0.956840 -0.268493 0.111214
vn -0.956841 -0.290613 -0.000000
vn -0.984032 -0.164441 0.068114
vn -0.984032 -0.177990 -0.000000
vn -0.956840 -0.205497 0.205497
vn -0.956840 -0.268493 0.111214
vn -0.984032 -0.125857 0.125859
vn -0.984032 -0.164441 0.068114
vn -0.956839 -0.111213 0.268497
vn -0.956840 -0.205497 0.205497
vn -0.984032 -0.068111 0.164445
vn -0.984032 -0.125857 0.125859
vn -0.956839 -0.000001 0.290619
vn -0.956839 -0.111213 0.268497
vn -0.984032 0.000002 0.177994
vn -0.984032 -0.068111 0.164445
vn -0.956839 0.111215 0.268496
vn -0.956839 -0.000001 0.290619
vn -0.984032 0.068113 0.164444
vn -0.984032 0.000002 0.177994
vn -0.956839 0.205498 0.205497
vn -0.956839 0.111215 0.268496
vn -0.984033 0.125854 0.125860
vn -0.984032 0.068113 0.164444
vn -0.956841 0.268491 0.111214
vn -0.956839 0.205498 0.205497
vn -0.984033 0.164437 0.068114
vn -0.984033 0.125854 0.125860
vn -0.956841 0.290612 -0.000000
vn -0.956841 0.268491 0.111214
vn -0.984032 0.177989 -0.000000
vn -0.984033 0.164437 0.068114
vn -0.956841 0.268492 -0.111214
vn -0.956841 0.290612 -0.000000
vn -0.984033 0.164440 -0.068114
vn -0.984032 0.177989 -0.000000
vn -0.956840 0.205497 -0.205497
vn -0.956841 0.268492 -0.111214
vn -0.984032 0.125858 -0.125859
vn -0.984033 0.164440 -0.068114
vn -0.956840 0.111213 -0.268494
vn -0.956840 0.205497 -0.205497
vn -0.984032 0.068116 -0.164442
vn -0.984032 0.125858 -0.125859
vn -0.956840 0.000002 -0.290617
vn -0.956840 0.111213 -0.268494
vn -0.984032 -0.000000 -0.177991
vn -0.984032 0.068116 -0.164442
vn -1.000000 -0.000000 -0.000000
vn -0.956840 0.000002 -0.290617
vn -0.956840 -0.111215 -0.268494
vn -1.000000 -0.000000 -0.000000
vn -0.956840 -0.111215 -0.268494
vn -0.956840 -0.205499 -0.205495
vn -1.000000 -0.000000 -0.000000
vn -0.956840 -0.205499 -0.205495
vn -0.956841 -0.268490 -0.111214
vn -1.000000 -0.000000 -0.000000
vn -0.956841 -0.268490 -0.111214
vn -0.956841 -0.290613 -0.000000
vn -1.000000 -0.000000 -0.000000
vn -0.956841 -0.290613 -0.000000
vn -0.956840 -0.268493 0.111214
vn -1.000000 -0.000000 -0.000000
vn -0.956840 -0.268493 0.111214
vn -0.956840 -0.205497 0.205497
vn -1.000000 -0.000000 -0.000000
vn -0.956840 -0.205497 0.205497
vn -0.956839 -0.111213 0.268497
vn -1.000000 -0.000000 -0.000000
vn -0.956839 -0.111213 0.268497
vn -0.956839 -0.000001 0.290619
vn -1.000000 -0.000000 -0.000000
vn -0.956839 -0.000001 0.290619
vn -0.956839 0.111215 0.268496
vn -1.000000 -0.000000 -0.000000
vn -0.956839 0.111215 0.268496
vn -0.956839 0.205498 0.205497
vn -1.000000 -0.000000 -0.000000
vn -0.956839 0.205498 0.205497
vn -0.956841 0.268491 0.111214
vn -1.000000 -0.000000 -0.000000
vn -0.956841 0.268491 0.111214
vn -0.956841 0.290612 -0.000000
vn -1.000000 -0.000000 -0.000000
vn -0.956841 0.290612 -0.000000
vn -0.956841 0.268492 -0.111214
vn -1.000000 -0.000000 -0.000000
vn -0.956841 0.268492 -0.111214
vn -0.956840 0.205497 -0.205497
vn -1.000000 -0.000000 -0.000000
vn -0.956840 0.205497 -0.205497
vn -0.956840 0.111213 -0.268494
vn -1.000000 -0.000000 -0.000000
vn -0.956840 0.111213 -0.268494
vn -0.956840 0.000002 -0.290617
vn 0.000001 1.000000 -0.000000
vn 0.000001 1.000000 -0.000000
vn 0.000001 0.923879 -0.382684
vn 0.000001 0.923879 -0.382684
vn 0.000001 0.923879 0.382685
vn 0.000001 0.923879 0.382685
vn 0.000001 1.000000 -0.000000
vn 0.000001 1.000000 -0.000000
vn 0.000001 0.707108 0.707105
vn 0.000001 0.707108 0.707106
vn 0.000001 0.923879 0.382685
vn 0.000001 0.923879 0.382685
vn 0.000000 0.382683 0.923880
vn 0.000000 0.382683 0.923880
vn 0.000001 0.707108 0.707105
vn 0.000001 0.707108 0.707106
vn 0.000000 -0.000002 1.000000
vn 0.000000 -0.000002 1.000000
vn 0.000000 0.382683 0.923880
vn 0.000000 0.382683 0.923880
vn 0.000000 -0.382682 0.923880
vn 0.000000 -0.382682 0.923880
vn 0.000000 -0.000002 1.000000
vn 0.000000 -0.000002 1.000000
vn -0.000000 -0.707106 0.707108
vn -0.000000 -0.707106 0.707108
vn 0.000000 -0.382682 0.923880
vn 0.000000 -0.382682 0.923880
vn -0.000001 -0.923879 0.382684
vn -0.000001 -0.923879 0.382684
vn -0.000000 -0.707106 0.707108
vn -0.000000 -0.707106 0.707108
vn -0.000001 -1.000000 -0.000000
vn -0.000001 -1.000000 -0.000000
vn -0.000001 -0.923879 0.382684
vn -0.000001 -0.923879 0.382684
vn -0.000001 -0.923880 -0.382683
vn -0.000001 -0.923880 -0.382683
vn -0.000001 -1.000000 -0.000000
vn -0.000001 -1.000000 -0.000000
vn -0.000000 -0.707108 -0.707106
vn -0.000000 -0.707108 -0.707106
vn -0.000001 -0.923880 -0.382683
vn -0.000001 -0.923880 -0.382683
vn 0.000000 -0.382685 -0.923879
vn 0.000000 -0.382685 -0.923879
vn -0.000000 -0.707108 -0.707106
vn -0.000000 -0.707108 -0.707106
vn 0.000000 -0.000001 -1.000000
vn 0.000000 -0.000001 -1.000000
vn 0.000000 -0.382685 -0.923879
vn 0.000000 -0.382685 -0.923879
vn 0.000000 0.707108 -0.707106
vn 0.000000 0.707108 -0.707106
vn 0.000000 0.382684 -0.923879
vn 0.000000 0.382684 -0.923879
vn 0.000000 0.382684 -0.923879
vn 0.000000 0.382684 -0.923879
vn 0.000000 -0.000001 -1.000000
vn 0.000000 -0.000001 -1.000000
vn 1.000000 0.000003 -0.000000
vn 1.000000 -0.000000 -0.000000
vn 1.000000 0.000007 0.000000
vn 1.000000 -0.000000 0.000000
vn -0.984032 0.000002 0.177994
vn -0.984032 -0.068111 0.164445
vn -1.000000 0.000003 0.000000
vn -1.000000 0.000007 0.000001
vn 1.000000 -0.000000 -0.000001
vn 1.000000 -0.000003 -0.000000
vn 1.000000 0.000000 -0.000001
vn 1.000000 -0.000005 0.000000
vn -0.984032 -0.177990 -0.000000
vn -0.984032 -0.164440 -0.068114
vn -1.000000 0.000000 0.000000
vn -1.000000 0.000000 0.000000
vn -0.984033 0.164440 -0.068114
vn -0.984032 0.177989 -0.000000
vn -1.000000 0.000000 0.000000
vn -1.000000 0.000000 0.000000
vn 1.000000 0.000003 -0.000000
vn 1.000000 -0.000000 -0.000000
vn 1.000000 0.000007 0.000000
vn 1.000000 0.000000 0.000000
vn 1.000000 -0.000000 -0.000000
vn 1.000000 -0.000000 -0.000000
vn 1.000000 -0.000000 0.000000
vn 1.000000 -0.000000 0.000000
vn -0.984032 0.068113 0.164444
vn -0.984032 0.000002 0.177994
vn -1.000000 -0.000003 0.000001
vn -1.000000 0.000003 0.000000
vn 1.000000 -0.000003 -0.000000
vn 1.000000 -0.000001 -0.000001
vn 1.000000 -0.000005 0.000000
vn 1.000000 -0.000002 -0.000001
vn -0.984032 -0.164441 0.068114
vn -0.984032 -0.177990 -0.000000
vn -1.000000 0.000000 0.000000
vn -1.000000 0.000000 0.000000
vn -0.984032 0.125858 -0.125859
vn -0.984033 0.164440 -0.068114
vn -1.000000 0.000000 0.000000
vn -1.000000 0.000000 0.000000
vn -0.984032 -0.068116 -0.164442
vn -0.984032 -0.000000 -0.177991
vn -1.000000 -0.000002 0.000000
vn -1.000000 0.000000 0.000000
vn 1.000000 -0.000000 -0.000000
vn 1.000000 -0.000004 -0.000000
vn 1.000000 0.000000 0.000000
vn 1.000000 -0.000007 0.000000
vn 1.000000 -0.000000 -0.000000
vn 1.000000 0.000003 -0.000000
vn 1.000000 -0.000000 0.000000
vn 1.000000 0.000007 0.000000
vn 1.000000 -0.000001 -0.000000
vn 1.000000 0.000000 -0.000000
vn 1.000000 -0.000002 0.000000
vn 1.000000 0.000002 0.000000
vn -0.984033 0.125854 0.125860
vn -0.984032 0.068113 0.164444
vn -1.000000 -0.000010 0.000001
vn -1.000000 -0.000003 0.000001
vn 1.000000 0.000004 -0.000000
vn 1.000000 -0.000004 -0.000000
vn 1.000000 0.000007 0.000000
vn 1.000000 -0.000007 0.000000
vn -0.984032 0.177992 -0.000000
vn -0.984032 0.164443 0.068114
vn -1.000000 0.000000 0.000000
vn -1.000000 0.000000 0.000000
vn -0.984032 -0.164444 -0.068114
vn -0.984032 -0.125859 -0.125859
vn -1.000000 0.000000 0.000000
vn -1.000000 0.000000 0.000000
vn 1.000000 -0.000002 -0.000000
vn 1.000000 0.000001 -0.000000
vn 1.000000 -0.000003 0.000000
vn 1.000000 0.000002 0.000000
vn 1.000000 -0.000000 -0.000001
vn 1.000000 -0.000000 -0.000001
vn 1.000000 0.000000 -0.000001
vn 1.000000 0.000000 -0.000001
vn -0.984032 -0.000003 -0.177991
vn -0.984032 0.068115 -0.164442
vn -1.000000 -0.000002 0.000000
vn -1.000000 0.000002 0.000000
vn -0.984032 -0.068109 0.164444
vn -0.984032 -0.125854 0.125860
vn -1.000000 0.000005 0.000001
vn -1.000000 0.000007 0.000001
vn 1.000000 -0.000002 -0.000001
vn 1.000000 0.000004 -0.000000
vn 1.000000 -0.000003 -0.000001
vn 1.000000 0.000007 0.000000
vn 1.000000 0.000005 -0.000000
vn 1.000000 0.000004 -0.000000
vn 1.000000 0.000009 0.000000
vn 1.000000 0.000007 0.000000
vn -0.984032 0.164443 0.068114
vn -0.984032 0.125857 0.125861
vn -1.000000 0.000000 0.000000
vn -1.000000 -0.000003 0.000001
vn -0.984032 -0.125859 -0.125859
vn -0.984032 -0.068115 -0.164443
vn -1.000000 0.000000 0.000000
vn -1.000000 0.000000 0.000000
vn 1.000000 -0.000002 -0.000000
vn 1.000000 -0.000002 -0.000000
vn 1.000000 -0.000003 0.000000
vn 1.000000 -0.000003 0.000000
vn 1.000000 -0.000004 -0.000000
vn 1.000000 -0.000000 -0.000001
vn 1.000000 -0.000007 0.000000
vn 1.000000 0.000000 -0.000001
vn -0.984032 0.068115 -0.164442
vn -0.984032 0.125862 -0.125858
vn -1.000000 0.000002 0.000000
vn -1.000000 0.000003 0.000000
vn 1.000000 0.000005 -0.000000
vn 1.000000 0.000001 -0.000000
vn 1.000000 0.000004 -0.000000
vn 1.000000 -0.000002 -0.000000
vn 1.000000 -0.000002 -0.000000
vn 1.000000 0.000004 -0.000000
vn 1.000000 0.000008 -0.000000
vn 1.000000 0.000004 -0.000000
vn 1.000000 -0.000002 -0.000001
vn 1.000000 -0.000000 -0.000001
vn 1.000000 0.000002 -0.000000
vn 1.000000 -0.000000 -0.000001
vn 1.000000 -0.000000 -0.000001
vn 1.000000 -0.000004 -0.000000
vn 1.000000 -0.000008 -0.000000
vn 1.000000 -0.000004 -0.000000
vn -0.984032 -0.125854 0.125860
vn -0.984032 -0.164444 0.068114
vn -1.000000 0.000007 0.000001
vn -1.000000 0.000000 0.000000
vn 1.000000 -0.000000 -0.000001
vn 1.000000 -0.000002 -0.000001
vn 1.000000 -0.000000 -0.000001
vn 1.000000 -0.000003 -0.000001
vn 0.000001 0.923879 -0.382685
vn 0.000001 0.923879 -0.382685
vn 0.000000 0.707107 -0.707106
vn 0.000000 0.707107 -0.707106
vn -0.956840 -0.111217 -0.268494
vn -0.956839 -0.000000 -0.290617
vn -0.984032 -0.068115 -0.164443
vn -0.984032 -0.000003 -0.177991
vn -0.956840 -0.205498 -0.205497
vn -0.956840 -0.111217 -0.268494
vn -0.984032 -0.125859 -0.125859
vn -0.984032 -0.068115 -0.164443
vn -0.956839 -0.268496 -0.111214
vn -0.956840 -0.205498 -0.205497
vn -0.984032 -0.164444 -0.068114
vn -0.984032 -0.125859 -0.125859
vn -0.956839 -0.290619 -0.000000
vn -0.956839 -0.268496 -0.111214
vn -0.984032 -0.177993 -0.000000
vn -0.984032 -0.164444 -0.068114
vn -0.956840 -0.268496 0.111214
vn -0.956839 -0.290619 -0.000000
vn -0.984032 -0.164444 0.068114
vn -0.984032 -0.177993 -0.000000
vn -0.956840 -0.205495 0.205499
vn -0.956840 -0.268496 0.111214
vn -0.984032 -0.125854 0.125860
vn -0.984032 -0.164444 0.068114
vn -0.956840 -0.111210 0.268496
vn -0.956840 -0.205495 0.205499
vn -0.984032 -0.068109 0.164444
vn -0.984032 -0.125854 0.125860
vn -0.956839 -0.000001 0.290618
vn -0.956840 -0.111210 0.268496
vn -0.984032 0.000001 0.177993
vn -0.984032 -0.068109 0.164444
vn -0.956839 0.111213 0.268497
vn -0.956839 -0.000001 0.290618
vn -0.984032 0.068113 0.164445
vn -0.984032 0.000001 0.177993
vn -0.956840 0.205496 0.205498
vn -0.956839 0.111213 0.268497
vn -0.984032 0.125857 0.125861
vn -0.984032 0.068113 0.164445
vn -0.956840 0.268494 0.111214
vn -0.956840 0.205496 0.205498
vn -0.984032 0.164443 0.068114
vn -0.984032 0.125857 0.125861
vn -0.956839 0.290618 -0.000000
vn -0.956840 0.268494 0.111214
vn -0.984032 0.177992 -0.000000
vn -0.984032 0.164443 0.068114
vn -0.956839 0.268497 -0.111214
vn -0.956839 0.290618 -0.000000
vn -0.984032 0.164443 -0.068114
vn -0.984032 0.177992 -0.000000
vn -0.956840 0.205497 -0.205496
vn -0.956839 0.268497 -0.111214
vn -0.984032 0.125862 -0.125858
vn -0.984032 0.164443 -0.068114
vn -0.956840 0.111214 -0.268494
vn -0.956840 0.205497 -0.205496
vn -0.984032 0.068115 -0.164442
vn -0.984032 0.125862 -0.125858
vn -0.956839 -0.000000 -0.290617
vn -0.956840 0.111214 -0.268494
vn -0.984032 -0.000003 -0.177991
vn -0.984032 0.068115 -0.164442
vn -1.000000 -0.000000 -0.000000
vn -0.956839 -0.000000 -0.290617
vn -0.956840 -0.111217 -0.268494
vn -1.000000 -0.000000 -0.000000
vn -0.956840 -0.111217 -0.268494
vn -0.956840 -0.205498 -0.205497
vn -1.000000 -0.000000 -0.000000
vn -0.956840 -0.205498 -0.205497
vn -0.956839 -0.268496 -0.111214
vn -1.000000 -0.000000 -0.000000
vn -0.956839 -0.268496 -0.111214
vn -0.956839 -0.290619 -0.000000
vn -1.000000 -0.000000 -0.000000
vn -0.956839 -0.290619 -0.000000
vn -0.956840 -0.268496 0.111214
vn -1.000000 -0.000000 -0.000000
vn -0.956840 -0.268496 0.111214
vn -0.956840 -0.205495 0.205499
vn -1.000000 -0.000000 -0.000000
vn -0.956840 -0.205495 0.205499
vn -0.956840 -0.111210 0.268496
vn -1.000000 -0.000000 -0.000000
vn -0.956840 -0.111210 0.268496
vn -0.956839 -0.000001 0.290618
vn -1.000000 -0.000000 -0.000000
vn -0.956839 -0.000001 0.290618
vn -0.956839 0.111213 0.268497
vn -1.000000 -0.000000 -0.000000
vn -0.956839 0.111213 0.268497
vn -0.956840 0.205496 0.205498
vn -1.000000 -0.000000 -0.000000
vn -0.956840 0.205496 0.205498
vn -0.956840 0.268494 0.111214
vn -1.000000 -0.000000 -0.000000
vn -0.956840 0.268494 0.111214
vn -0.956839 0.290618 -0.000000
vn -1.000000 -0.000000 -0.000000
vn -0.956839 0.290618 -0.000000
vn -0.956839 0.268497 -0.111214
vn -1.000000 -0.000000 -0.000000
vn -0.956839 0.268497 -0.111214
vn -0.956840 0.205497 -0.205496
vn -1.000000 -0.000000 -0.000000
vn -0.956840 0.205497 -0.205496
vn -0.956840 0.111214 -0.268494
vn -1.000000 -0.000000 -0.000000
vn -0.956840 0.111214 -0.268494
vn -0.956839 -0.000000 -0.290617
vn 0.000001 1.000000 0.000000
vn 0.000001 1.000000 0.000000
vn 0.000001 0.923879 -0.382685
vn 0.000001 0.923879 -0.382685
vn 0.000001 0.923879 0.382685
vn 0.000001 0.923879 0.382685
vn 0.000001 1.000000 0.000000
vn 0.000001 1.000000 0.000000
vn 0.000000 0.707109 0.707105
vn 0.000000 0.707108 0.707105
vn 0.000001 0.923879 0.382685
vn 0.000001 0.923879 0.382685
vn 0.000000 0.382683 0.923880
vn 0.000000 0.382682 0.923880
vn 0.000000 0.707109 0.707105
vn 0.000000 0.707108 0.707105
vn 0.000000 -0.000003 1.000000
vn 0.000000 -0.000003 1.000000
vn 0.000000 0.382683 0.923880
vn 0.000000 0.382682 0.923880
vn 0.000000 -0.382683 0.923880
vn 0.000000 -0.382682 0.923880
vn 0.000000 -0.000003 1.000000
vn 0.000000 -0.000003 1.000000
vn 0.000000 -0.707107 0.707107
vn 0.000000 -0.707106 0.707107
vn 0.000000 -0.382683 0.923880
vn 0.000000 -0.382682 0.923880
vn -0.000000 -0.923879 0.382684
vn -0.000000 -0.923879 0.382684
vn 0.000000 -0.707107 0.707107
vn 0.000000 -0.707106 0.707107
vn -0.000001 -1.000000 0.000000
vn -0.000001 -1.000000 0.000000
vn -0.000000 -0.923879 0.382684
vn -0.000000 -0.923879 0.382684
vn -0.000001 -0.923879 -0.382684
vn -0.000001 -0.923879 -0.382684
vn -0.000001 -1.000000 0.000000
vn -0.000001 -1.000000 0.000000
vn -0.000001 -0.707107 -0.707107
vn -0.000001 -0.707107 -0.707107
vn -0.000001 -0.923879 -0.382684
vn -0.000001 -0.923879 -0.382684
vn 0.000000 -0.382685 -0.923879
vn 0.000000 -0.382685 -0.923879
vn -0.000001 -0.707107 -0.707107
vn -0.000001 -0.707107 -0.707107
vn 0.000000 -0.000001 -1.000000
vn 0.000000 -0.000001 -1.000000
vn 0.000000 -0.382685 -0.923879
vn 0.000000 -0.382685 -0.923879
vn 0.000000 0.707107 -0.707106
vn 0.000000 0.707107 -0.707106
vn 0.000000 0.382684 -0.923879
vn 0.000000 0.382684 -0.923879
vn 0.000000 0.382684 -0.923879
vn 0.000000 0.382684 -0.923879
vn 0.000000 -0.000001 -1.000000
vn 0.000000 -0.000001 -1.000000
vn 1.000000 0.000004 -0.000000
vn 1.000000 0.000008 -0.000000
vn 1.000000 0.000007 0.000000
vn 1.000000 0.000014 0.000000
vn -0.984032 0.000001 0.177993
vn -0.984032 -0.068109 0.164444
vn -1.000000 0.000002 0.000000
vn -1.000000 0.000005 0.000001
vn 1.000000 -0.000000 -0.000001
vn 1.000000 0.000002 -0.000000
vn 1.000000 0.000000 -0.000001
vn 1.000000 0.000003 0.000000
vn -0.984032 -0.177993 -0.000000
vn -0.984032 -0.164444 -0.068114
vn -1.000000 0.000000 0.000000
vn -1.000000 0.000000 0.000000
vn -0.984032 0.164443 -0.068114
vn -0.984032 0.177992 -0.000000
vn -1.000000 0.000000 0.000000
vn -1.000000 0.000000 0.000000
vn 1.000000 -0.000004 -0.000000
vn 1.000000 -0.000008 -0.000000
vn 1.000000 -0.000007 0.000000
vn 1.000000 -0.000014 0.000000
vn 1.000000 0.000008 -0.000000
vn 1.000000 0.000004 -0.000000
vn 1.000000 0.000014 0.000000
vn 1.000000 0.000007 0.000000
vn -0.984032 0.068113 0.164445
vn -0.984032 0.000001 0.177993
vn -1.000000 -0.000000 0.000001
vn -1.000000 0.000002 0.000000
vn 1.000000 0.000002 -0.000000
vn 1.000000 -0.000000 -0.000001
vn 1.000000 0.000003 0.000000
vn 1.000000 -0.000000 -0.000001
vn -0.984032 -0.164444 0.068114
vn -0.984032 -0.177993 -0.000000
vn -1.000000 0.000000 0.000000
vn -1.000000 0.000000 0.000000
vn -0.984032 0.125862 -0.125858
vn -0.984032 0.164443 -0.068114
vn -1.000000 0.000003 0.000000
vn -1.000000 0.000000 0.000000
vn -0.984032 -0.068115 -0.164443
vn -0.984032 -0.000003 -0.177991
vn -1.000000 0.000000 0.000000
vn -1.000000 -0.000002 0.000000
vn 1.000000 -0.000008 -0.000000
vn 1.000000 -0.000004 -0.000000
vn 1.000000 -0.000014 0.000000
vn 1.000000 -0.000007 0.000000
vn 1.000000 0.000004 -0.000000
vn 1.000000 -0.000002 -0.000000
vn 1.000000 0.000007 0.000000
vn 1.000000 -0.000003 0.000000
vn 1.000000 0.000001 -0.000000
vn 1.000000 0.000005 -0.000000
vn 1.000000 0.000002 0.000000
vn 1.000000 0.000009 0.000000
vn -0.984032 0.125857 0.125861
vn -0.984032 0.068113 0.164445
vn -1.000000 -0.000003 0.000001
vn -1.000000 -0.000000 0.000001
vn -0.984001 0.020179 0.177018
vn -1.000000 -0.000001 0.000001
vn -1.000000 -0.000003 0.000001
vn -1.000000 -0.000003 0.000001
vn -1.000000 -0.000000 0.000001
vn -1.000000 -0.000000 0.000001
vn -1.000000 -0.000001 0.000001
vn -1.000000 -0.000003 0.000001
vn -0.983454 -0.016725 0.180384
vn -0.982535 0.001768 0.186068
vn -1.000000 -0.000001 0.000001
vn -1.000000 0.000001 0.000001
vn -0.983454 -0.016725 0.180384
vn -1.000000 -0.000001 0.000001
vn -1.000000 -0.000003 0.000001
vn -1.000000 -0.000004 0.000001
vn -1.000000 -0.000002 0.000001
vn -1.000000 -0.000003 0.000001
vn -1.000000 -0.000002 0.000001
vn -1.000000 -0.000004 0.000001
vn -0.984001 0.020179 0.177018
vn -1.000000 -0.000003 0.000001
vn -0.982535 0.001768 0.186068
vn -1.000000 0.000001 0.000001
vn 0.450888 -0.892580 -0.000000
vn 0.450888 -0.892580 -0.000000
vn 0.450884 -0.892583 -0.000000
vn 0.450885 -0.892582 -0.000000
vn -0.937981 -0.032008 0.345207
vn -0.938754 0.003922 0.344567
vn -0.983454 -0.016725 0.180384
vn -0.982535 0.001768 0.186068
vn -0.615871 0.787847 0.000000
vn -0.615871 0.787847 0.000000
vn -0.615869 0.787849 0.000000
vn -0.615869 0.787848 0.000000
vn 0.872223 -0.055400 -0.485960
vn 0.873014 -0.005512 -0.487664
vn 0.872223 -0.055400 -0.485960
vn 0.873009 -0.004684 -0.487682
vn -0.615871 0.787847 0.000000
vn -0.615869 0.787849 0.000000
vn -0.615871 0.787847 0.000000
vn -0.615869 0.787848 0.000000
vn 0.871586 0.045265 -0.488149
vn 0.871586 0.045265 -0.488149
vn 0.873014 -0.005512 -0.487664
vn 0.873009 -0.004684 -0.487682
vn -0.688437 -0.725296 0.000001
vn -0.688437 -0.725296 0.000001
vn -0.839153 -0.543895 0.000002
vn -0.840785 -0.541369 0.000002
vn 0.000000 -1.000000 0.000000
vn 0.000000 -1.000000 0.000000
vn 0.000000 -1.000000 0.000000
vn 0.000000 -1.000000 0.000000
vn -1.000000 0.000000 0.000000
vn -1.000000 0.000000 0.000000
vn -1.000000 0.000000 0.000001
vn -1.000000 0.000000 0.000001
vn -1.000000 0.000000 0.000000
vn -1.000000 0.000000 0.000000
vn -1.000000 0.000000 0.000000
vn -1.000000 0.000000 0.000000
vn 0.000000 0.000000 1.000000
vn 0.000000 0.000000 1.000000
vn 0.000000 0.000000 1.000000
vn 0.000000 0.000000 1.000000
vn 0.000000 0.000000 -1.000000
vn 0.000000 0.000000 -1.000000
vn 0.000000 0.000000 -1.000000
vn 0.000000 0.000000 -1.000000
vn 1.000000 -0.000000 -0.000000
vn 1.000000 -0.000000 -0.000000
vn 1.000000 0.000000 0.000000
vn 1.000000 0.000000 0.000000
vn -1.000000 0.000000 0.000000
vn -1.000000 0.000000 0.000000
vn -1.000000 0.000000 0.000000
vn -1.000000 0.000000 0.000000
vn 1.000000 0.000000 0.000000
vn 1.000000 -0.000000 -0.000000
vn 1.000000 0.000000 0.000000
vn 1.000000 0.000004 -0.000000
vn 0.000000 0.000000 1.000000
vn 0.000000 0.000000 1.000000
vn 0.000000 0.000000 1.000000
vn 0.000000 0.000000 1.000000
vn -1.000000 0.000000 0.000000
vn -1.000000 0.000000 0.000000
vn -1.000000 0.000000 0.000000
vn -1.000000 0.000000 0.000000
vn 0.000000 0.000000 -1.000000
vn 0.000000 0.000000 -1.000000
vn 0.000000 0.000000 -1.000000
vn 0.000000 0.000000 -1.000000
vn 1.000000 0.000000 0.000000
vn 1.000000 0.000004 -0.000000
vn 1.000000 0.000000 0.000000
vn 1.000000 0.000004 -0.000000
vn 0.000000 1.000000 0.000000
vn 0.000000 1.000000 0.000000
vn 0.000000 1.000000 0.000000
vn 0.000000 1.000000 0.000000
vn 0.000000 0.000000 1.000000
vn 0.000000 0.000000 1.000000
vn 0.000000 0.000000 1.000000
vn 0.000000 0.000000 1.000000
vn -1.000000 0.000000 0.000000
vn -1.000000 0.000000 0.000000
vn -1.000000 0.000000 0.000000
vn -1.000000 0.000000 0.000000
vn 0.000000 0.000000 1.000000
vn 0.000000 0.000000 1.000000
vn 0.000000 0.000000 1.000000
vn 0.000000 0.000000 1.000000
vn -1.000000 0.000000 0.000000
vn -1.000000 0.000000 0.000000
vn -1.000000 0.000000 0.000000
vn -1.000000 0.000000 0.000000
vn 1.000000 0.000000 0.000000
vn 1.000000 0.000004 -0.000000
vn 1.000000 0.000000 0.000000
vn 1.000000 -0.000000 -0.000000
vn 0.000000 0.000000 -1.000000
vn 0.000000 0.000000 -1.000000
vn 0.000000 0.000000 -1.000000
vn 0.000000 0.000000 -1.000000
vn 1.000000 0.000000 0.000000
vn 1.000000 -0.000000 -0.000000
vn 1.000000 0.000000 0.000000
vn 1.000000 -0.000000 -0.000000
vn 0.000000 -1.000000 0.000000
vn 0.000000 -1.000000 0.000000
vn 0.000000 -1.000000 0.000000
vn 0.000000 -1.000000 0.000000
vn 0.000000 0.000000 1.000000
vn 0.000000 0.000000 1.000000
vn 0.000000 0.000000 1.000000
vn 0.000000 0.000000 1.000000
vn 0.000000 0.000000 1.000000
vn 0.000000 0.000000 1.000000
vn 0.000000 0.000000 1.000000
vn 0.000000 0.000000 1.000000
vn 0.000000 0.000000 1.000000
vn 0.000000 0.000000 1.000000
vn 0.000000 0.000000 1.000000
vn 0.000000 0.000000 1.000000
vn -1.000000 0.000000 0.000000
vn -1.000000 0.000000 0.000000
vn -1.000000 0.000000 0.000000
vn -1.000000 0.000000 0.000000
vn 1.000000 0.000000 0.000000
vn 1.000000 -0.000000 -0.000000
vn 1.000000 0.000000 0.000000
vn 1.000000 -0.000000 -0.000000
vn -1.000000 0.000000 0.000000
vn -1.000000 0.000000 0.000000
vn -1.000000 0.000000 0.000000
vn -1.000000 0.000000 0.000000
vn -1.000000 0.000000 0.000000
vn -1.000000 0.000000 0.000000
vn -1.000000 0.000000 0.000000
vn -1.000000 0.000000 0.000000
vn 1.000000 0.000000 0.000000
vn 1.000000 -0.000000 -0.000000
vn 1.000000 0.000000 0.000000
vn 1.000000 -0.000000 -0.000000
vn 0.000000 -1.000000 0.000000
vn 0.000000 -1.000000 0.000000
vn 0.000000 -1.000000 0.000000
vn 0.000000 -1.000000 0.000000
vn 0.000000 1.000000 0.000000
vn 0.000000 1.000000 0.000000
vn 0.000000 1.000000 0.000000
vn 0.000000 1.000000 0.000000
vn 1.000000 0.000000 0.000000
vn 1.000000 -0.000000 -0.000000
vn 1.000000 0.000000 0.000000
vn 1.000000 -0.000000 -0.000000
vn 0.000000 0.000000 -1.000000
vn 0.000000 0.000000 -1.000000
vn 0.000000 0.000000 -1.000000
vn 0.000000 0.000000 -1.000000
vn 0.000000 0.000000 1.000000
vn 0.000000 0.000000 1.000000
vn 0.000000 0.000000 1.000000
vn 0.000000 0.000000 1.000000
vn 1.000000 -0.000000 -0.000000
vn 1.000000 -0.000000 -0.000000
vn 1.000000 -0.000000 -0.000001
vn 1.000000 -0.000000 -0.000001
vn 0.000000 0.000000 1.000000
vn 0.000000 0.000000 1.000000
vn 0.000000 0.000000 1.000000
vn 0.000000 0.000000 1.000000
vn -1.000000 0.000000 0.000000
vn -1.000000 0.000000 0.000000
vn -1.000000 0.000000 0.000000
vn -1.000000 0.000000 0.000000
vn 1.000000 0.000000 0.000000
vn 1.000000 -0.000000 -0.000000
vn 1.000000 0.000000 0.000000
vn 1.000000 -0.000000 -0.000000
vn 0.000000 1.000000 0.000000
vn 0.000000 1.000000 0.000000
vn 0.000000 1.000000 0.000000
vn 0.000000 1.000000 0.000000
vn 0.000000 -1.000000 0.000000
vn 0.000000 -1.000000 0.000000
vn 0.000000 -1.000000 0.000000
vn 0.000000 -1.000000 0.000000
vn 0.000000 1.000000 0.000000
vn 0.000000 1.000000 0.000000
vn 0.000000 1.000000 0.000000
vn 0.000000 1.000000 0.000000
vn 0.000000 0.000000 1.000000
vn 0.000000 0.000000 1.000000
vn 0.000000 0.000000 1.000000
vn 0.000000 -1.000000 0.000000
vn 0.000000 -1.000000 0.000000
vn 0.000000 -1.000000 0.000000
vn 0.000000 -1.000000 0.000000
vn -1.000000 0.000000 0.000000
vn -1.000000 0.000000 0.000000
vn -1.000000 0.000000 0.000001
vn -1.000000 0.000000 0.000001
vn 1.000000 0.000004 -0.000000
vn 1.000000 0.000004 -0.000000
vn 1.000000 0.000012 -0.000001
vn 1.000000 0.000012 -0.000001
vn -1.000000 0.000000 0.000000
vn -1.000000 0.000000 0.000000
vn -1.000000 0.000000 0.000001
vn -1.000000 0.000000 0.000001
vn 0.000000 1.000000 0.000000
vn 0.000000 1.000000 0.000000
vn 0.000000 1.000000 0.000000
vn 1.000000 -0.000000 -0.000000
vn 1.000000 -0.000000 -0.000000
vn 1.000000 -0.000000 -0.000001
vn 1.000000 -0.000000 -0.000001
vn 1.000000 -0.000000 -0.000000
vn 1.000000 -0.000000 -0.000000
vn 1.000000 -0.000000 -0.000001
vn 1.000000 -0.000000 -0.000001
vn -1.000000 0.000000 0.000000
vn -1.000000 0.000000 0.000000
vn -1.000000 0.000000 0.000001
vn -1.000000 0.000000 0.000001
vn 0.000000 1.000000 0.000000
vn 0.000000 1.000000 0.000000
vn 0.000000 1.000000 0.000000
vn 0.000000 1.000000 0.000000
vn -1.000000 0.000000 0.000000
vn -1.000000 0.000000 0.000000
vn -1.000000 0.000000 0.000001
vn -1.000000 0.000000 0.000001
vn 1.000000 -0.000000 -0.000000
vn 1.000000 -0.000000 -0.000000
vn 1.000000 -0.000000 -0.000001
vn 1.000000 -0.000000 -0.000001
vn 0.000000 -1.000000 0.000000
vn 0.000000 -1.000000 0.000000
vn 0.000000 -1.000000 0.000000
vn 0.000000 -1.000000 0.000000
vn -1.000000 0.000000 0.000001
vn -1.000000 0.000001 0.000001
vn -1.000000 0.000000 0.000001
vn -1.000000 0.000000 0.000001
vn -0.000001 0.263447 -0.964674
vn -0.000001 0.263447 -0.964674
vn -0.000001 0.263447 -0.964674
vn -0.000001 0.263447 -0.964674
vn 0.702398 0.711785 -0.000000
vn 0.702398 0.711785 -0.000000
vn 0.702392 0.711790 -0.000000
vn 0.702393 0.711790 -0.000000
vn 0.000001 0.000000 1.000000
vn 0.000001 0.203241 0.979129
vn 0.000001 0.000000 1.000000
vn 0.000001 0.203241 0.979129
vn 0.000000 -1.000000 0.000000
vn 0.000000 -1.000000 0.000000
vn 0.000000 -1.000000 0.000000
vn 0.000000 -1.000000 0.000000
vn -0.000000 1.000000 -0.000000
vn -0.000000 1.000000 -0.000000
vn -0.000000 1.000000 -0.000000
vn -0.000000 1.000000 -0.000000
vn 1.000000 -0.000001 -0.000001
vn 0.984927 0.040511 0.168162
vn 1.000000 0.000000 -0.000001
vn 0.978084 0.000000 0.208212
vn 0.953399 0.000000 -0.301713
vn 0.950969 0.071345 -0.300944
vn 0.985299 0.000000 -0.170837
vn 0.987953 0.035698 -0.150578
vn 0.936190 0.000000 0.351494
vn 0.932852 -0.084375 0.350240
vn 0.978084 0.000000 0.208212
vn 0.984927 -0.040511 0.168162
vn 0.702387 -0.711795 -0.000001
vn 0.702387 -0.711795 -0.000001
vn 0.702393 -0.711790 -0.000000
vn 0.702393 -0.711790 -0.000000
vn 0.702398 -0.711784 0.000000
vn 0.702393 -0.711790 -0.000000
vn 0.702398 -0.711784 0.000000
vn 0.702393 -0.711790 -0.000000
vn 0.985299 0.000000 -0.170837
vn 0.987953 0.035698 -0.150578
vn 1.000000 0.000000 -0.000001
vn 1.000000 -0.000001 -0.000001
vn 0.000000 1.000000 0.000000
vn 0.000000 1.000000 0.000000
vn -0.000000 1.000000 -0.000000
vn -0.000000 1.000000 -0.000000
vn 0.000000 -1.000000 0.000000
vn 0.000000 -1.000000 0.000000
vn 0.000000 -1.000000 0.000000
vn 0.000000 -1.000000 0.000000
vn 0.702387 0.711795 -0.000001
vn 0.702392 0.711790 -0.000000
vn 0.702387 0.711795 -0.000001
vn 0.702393 0.711790 -0.000000
vn -1.000000 0.000000 0.000000
vn -1.000000 0.000000 0.000000
vn -1.000000 0.000000 0.000001
vn -1.000000 0.000000 0.000001
vn -1.000000 0.000000 0.000000
vn -1.000000 0.000000 0.000001
vn -1.000000 0.000000 0.000000
vn -1.000000 -0.000000 0.000001
vn 0.985299 0.000000 -0.170837
vn 1.000000 0.000000 -0.000001
vn 0.987953 -0.035698 -0.150578
vn 1.000000 0.000001 -0.000001
vn 0.936190 0.000000 0.351494
vn 0.978084 0.000000 0.208212
vn 0.932852 0.084375 0.350240
vn 0.984927 0.040511 0.168162
vn 0.953399 0.000000 -0.301713
vn 0.985299 0.000000 -0.170837
vn 0.950969 -0.071345 -0.300945
vn 0.987953 -0.035698 -0.150578
vn 1.000000 0.000001 -0.000001
vn 1.000000 0.000000 -0.000001
vn 0.984927 -0.040511 0.168162
vn 0.978084 0.000000 0.208212
vn 0.000001 -0.203241 0.979129
vn 0.000001 0.000000 1.000000
vn 0.000001 -0.203241 0.979129
vn 0.000001 0.000000 1.000000
vn -0.000001 -0.263447 -0.964674
vn -0.000001 -0.263447 -0.964674
vn -0.000001 -0.263447 -0.964674
vn -0.000001 -0.263447 -0.964674
vn -1.000000 -0.000000 0.000001
vn -1.000000 0.000000 0.000001
vn -1.000000 -0.000001 0.000001
vn -1.000000 0.000000 0.000001
vn 1.000000 0.000000 -0.000000
vn 1.000000 0.000000 -0.000000
vn 1.000000 -0.000000 -0.000000
vn 1.000000 0.000000 -0.000000
vn 1.000000 0.000000 -0.000001
vn 1.000000 0.000000 -0.000000
vn 1.000000 0.000000 -0.000001
vn 1.000000 -0.000000 -0.000000
vn 1.000000 -0.000000 -0.000001
vn 1.000000 -0.000000 -0.000001
vn 1.000000 0.000000 -0.000000
vn 1.000000 0.000000 -0.000000
vn 1.000000 0.000000 -0.000001
vn 1.000000 0.000000 -0.000001
vn 1.000000 0.000000 -0.000001
vn 1.000000 0.000000 -0.000001
vn 0.000000 -1.000000 0.000000
vn 0.000000 -1.000000 0.000000
vn 0.000000 -1.000000 0.000000
vn 0.000000 -1.000000 0.000000
vn 0.000000 0.000000 -1.000000
vn 0.000000 0.000000 -1.000000
vn 0.000000 0.000000 -1.000000
vn 0.000000 0.000000 -1.000000
vn 0.984103 0.177599 -0.000001
vn 0.984103 0.177599 -0.000001
vn 0.984103 0.177598 -0.000000
vn 0.984103 0.177598 -0.000000
vn 0.984103 0.177596 -0.000001
vn 0.984103 0.177596 -0.000001
vn 0.984103 0.177599 -0.000001
vn 0.984103 0.177599 -0.000001
vn 0.000000 0.091805 -0.995777
vn 0.000000 0.091805 -0.995777
vn 0.000000 0.091805 -0.995777
vn 0.000000 0.091805 -0.995777
vn 0.212951 -0.977063 -0.000000
vn 0.255605 -0.966781 -0.000000
vn 0.000000 -1.000000 0.000000
vn 0.000000 -1.000000 0.000000
vn -0.000000 1.000000 -0.000000
vn -0.000000 1.000000 0.000000
vn -0.000000 1.000000 -0.000000
vn -0.000000 1.000000 0.000000
vn -0.005250 -0.020629 0.999773
vn -0.008223 -0.087175 0.996159
vn -0.015132 -0.082193 0.996502
vn -0.014119 -0.083958 0.996369
vn 0.975054 -0.221970 -0.000001
vn 0.975056 -0.221960 -0.000001
vn 0.975054 -0.221970 -0.000001
vn 0.975056 -0.221960 -0.000001
vn 0.975054 -0.221970 -0.000001
vn 0.975054 -0.221970 -0.000001
vn 0.975051 -0.221980 -0.000001
vn 0.975051 -0.221980 -0.000001
vn 0.741238 -0.545267 0.391472
vn 0.741238 -0.545267 0.391472
vn 0.741238 -0.545267 0.391472
vn 0.741238 -0.545267 0.391472
vn 0.758527 -0.520240 -0.392413
vn 0.758527 -0.520240 -0.392413
vn 0.758527 -0.520240 -0.392413
vn 0.758527 -0.520240 -0.392413
vn 0.212951 -0.977063 -0.000000
vn 0.253981 -0.967209 -0.000000
vn 0.416133 -0.909304 -0.000000
vn 0.416131 -0.909305 -0.000000
vn 0.212951 -0.977063 -0.000000
vn 0.416133 -0.909304 -0.000000
vn 0.255605 -0.966781 -0.000000
vn 0.416135 -0.909303 -0.000000
vn 0.675237 -0.737601 -0.000000
vn 0.675237 -0.737601 -0.000000
vn 0.675236 -0.737602 -0.000000
vn 0.675236 -0.737602 -0.000000
vn 0.675236 -0.737602 -0.000000
vn 0.675236 -0.737602 -0.000000
vn 0.675236 -0.737602 -0.000000
vn 0.675236 -0.737602 -0.000000
vn -0.000000 1.000000 -0.000000
vn -0.000000 1.000000 -0.000000
vn -0.000000 1.000000 -0.000000
vn -0.000000 1.000000 -0.000000
vn 0.253981 -0.967209 -0.000000
vn 0.212951 -0.977063 -0.000000
vn 0.000000 -1.000000 0.000000
vn 0.000000 -1.000000 0.000000
vn 0.000001 0.000000 1.000000
vn 0.000001 0.000000 1.000000
vn 0.000001 0.000000 1.000000
vn 0.000001 0.000000 1.000000
vn 0.000000 1.000000 -0.000000
vn -0.000000 1.000000 -0.000000
vn 0.000000 1.000000 -0.000000
vn -0.000000 1.000000 -0.000000
vn -0.888312 0.459241 0.000000
vn -0.888312 0.459241 0.000000
vn -0.888312 0.459241 0.000000
vn -0.888312 0.459241 0.000000
vn 0.000001 0.000000 -1.000000
vn 0.000000 0.000000 -1.000000
vn -0.000000 -0.000000 -1.000000
vn -0.000001 -0.000000 -1.000000
vn 0.170061 0.849058 0.500180
vn 0.010731 0.864724 0.502132
vn 0.170061 0.849058 0.500180
vn 0.003561 0.864908 0.501918
vn -0.196392 -0.980525 0.000000
vn -0.008629 -0.999963 0.000000
vn -0.196392 -0.980525 0.000000
vn -0.008629 -0.999963 0.000000
vn -0.304772 0.952425 0.000000
vn -0.304772 0.952425 0.000000
vn -0.304772 0.952425 0.000000
vn -0.304772 0.952425 0.000000
vn 0.877248 0.480038 0.000000
vn 0.877248 0.480038 0.000000
vn 0.877248 0.480038 0.000000
vn 0.877248 0.480038 0.000000
vn -0.008629 -0.999963 0.000000
vn -0.008629 -0.999963 0.000000
vn 0.179442 -0.983769 0.000000
vn 0.179442 -0.983769 0.000000
vn 0.279777 0.960065 0.000000
vn 0.279777 0.960065 0.000000
vn 0.279777 0.960065 0.000000
vn 0.279777 0.960065 0.000000
vn -0.000001 -0.000000 -1.000000
vn -0.000002 -0.000000 -1.000000
vn -0.000000 -0.000000 -1.000000
vn -0.000002 0.000000 -1.000000
vn -0.665988 0.418924 0.617222
vn -0.665988 0.418924 0.617222
vn -0.665988 0.418924 0.617222
vn -0.665988 0.418924 0.617222
vn -0.007452 -0.704645 0.709521
vn -0.139903 -0.698500 0.701801
vn -0.005010 -0.704641 0.709546
vn -0.139903 -0.698500 0.701801
vn -0.011285 0.707424 0.706699
vn -0.007868 0.707439 0.706730
vn -0.220948 0.690463 0.688798
vn -0.220948 0.690463 0.688798
vn 0.639825 -0.428094 0.638247
vn 0.639825 -0.428094 0.638247
vn 0.639825 -0.428094 0.638247
vn 0.639825 -0.428094 0.638247
vn -0.007452 -0.704645 0.709521
vn -0.005010 -0.704641 0.709546
vn 0.127346 -0.698148 0.704537
vn 0.127346 -0.698148 0.704537
vn -0.011285 0.707424 0.706699
vn 0.201785 0.692430 0.692692
vn -0.007868 0.707439 0.706730
vn 0.201785 0.692430 0.692692
vn 0.656230 0.439070 0.613662
vn 0.656230 0.439070 0.613662
vn 0.656230 0.439070 0.613662
vn 0.656230 0.439070 0.613662
vn -0.648643 -0.408006 0.642490
vn -0.648643 -0.408006 0.642490
vn -0.648643 -0.408006 0.642490
vn -0.648643 -0.408006 0.642490
vn 0.000000 0.000000 -1.000000
vn -0.000000 -0.000000 -1.000000
vn -0.000002 0.000000 -1.000000
vn -0.000002 0.000000 -1.000000
vn 0.877248 -0.480038 0.000000
vn 0.877248 -0.480038 0.000000
vn 0.877248 -0.480038 0.000000
vn 0.877248 -0.480038 0.000000
vn 0.565336 -0.442500 0.696124
vn 0.565336 -0.442500 0.696124
vn 0.469719 -0.588193 0.658326
vn 0.388092 -0.685344 0.616189
vn 0.000001 0.000000 -1.000000
vn -0.000000 -0.000000 -1.000000
vn 0.000002 0.000000 -1.000000
vn 0.000000 0.000000 -1.000000
vn -0.888311 -0.459242 0.000000
vn -0.888311 -0.459242 0.000000
vn -0.888311 -0.459242 0.000000
vn -0.888311 -0.459242 0.000000
vn -0.455817 -0.601858 0.655743
vn 0.014932 -0.837367 0.546437
vn -0.367311 -0.704760 0.606956
vn 0.005568 -0.837634 0.546204
vn 0.046980 -0.063632 0.996867
vn 0.055066 -0.000204 0.998483
vn 0.000014 -0.003849 0.999993
vn 0.049793 0.062560 0.996798
vn -0.002101 0.108196 0.994127
vn 0.000014 -0.003849 0.999993
vn -0.057255 -0.000206 0.998360
vn -0.048562 -0.063060 0.996828
vn 0.000014 -0.003849 0.999993
vn -0.051503 0.061628 0.996770
vn -0.057255 -0.000206 0.998360
vn 0.000014 -0.003849 0.999993
vn -0.048562 -0.063060 0.996828
vn -0.001754 -0.121613 0.992576
vn 0.000014 -0.003849 0.999993
vn 0.055066 -0.000204 0.998483
vn 0.049793 0.062560 0.996798
vn 0.000014 -0.003849 0.999993
vn -0.001754 -0.121613 0.992576
vn 0.046980 -0.063632 0.996867
vn 0.000014 -0.003849 0.999993
vn -0.002101 0.108196 0.994127
vn -0.051503 0.061628 0.996770
vn 0.000014 -0.003849 0.999993
vn 0.469719 -0.588193 0.658326
vn 0.388092 -0.685344 0.616189
vn 0.014932 -0.837367 0.546437
vn 0.005568 -0.837634 0.546204
vn -0.543287 0.455340 0.705341
vn -0.543287 0.455340 0.705341
vn -0.543287 0.455340 0.705341
vn -0.543287 0.455340 0.705341
vn 0.558964 0.437512 0.704374
vn 0.558964 0.437512 0.704374
vn 0.558964 0.437512 0.704374
vn 0.558964 0.437512 0.704374
vn -0.156387 0.857364 0.490377
vn -0.156387 0.857364 0.490377
vn 0.010731 0.864724 0.502132
vn 0.003561 0.864908 0.501918
vn -0.549986 -0.460976 0.696431
vn -0.455817 -0.601858 0.655743
vn -0.549986 -0.460976 0.696431
vn -0.367311 -0.704760 0.606956
vn -0.888314 0.459236 0.000000
vn -0.888314 0.459236 0.000000
vn -0.888314 0.459236 0.000000
vn -0.888314 0.459236 0.000000
vn -0.000001 0.000000 -1.000000
vn -0.000002 0.000000 -1.000000
vn -0.000001 -0.000000 -1.000000
vn -0.000002 -0.000000 -1.000000
vn 0.170060 0.849051 0.500192
vn 0.010737 0.864720 0.502139
vn 0.170060 0.849051 0.500192
vn 0.003554 0.864904 0.501924
vn -0.196392 -0.980525 0.000000
vn -0.008629 -0.999963 0.000000
vn -0.196392 -0.980525 0.000000
vn -0.008629 -0.999963 0.000000
vn -0.304772 0.952425 0.000000
vn -0.304772 0.952425 0.000000
vn -0.304772 0.952425 0.000000
vn -0.304772 0.952425 0.000000
vn 0.877246 0.480041 0.000000
vn 0.877246 0.480041 0.000000
vn 0.877246 0.480041 0.000000
vn 0.877246 0.480041 0.000000
vn -0.008629 -0.999963 0.000000
vn -0.008629 -0.999963 0.000000
vn 0.179442 -0.983769 0.000000
vn 0.179442 -0.983769 0.000000
vn 0.279777 0.960065 0.000000
vn 0.279777 0.960065 0.000000
vn 0.279777 0.960065 0.000000
vn 0.279777 0.960065 0.000000
vn -0.000002 -0.000000 -1.000000
vn -0.000002 -0.000000 -1.000000
vn -0.000001 -0.000000 -1.000000
vn -0.000002 0.000000 -1.000000
vn -0.665988 0.418924 0.617222
vn -0.665988 0.418924 0.617222
vn -0.665988 0.418924 0.617222
vn -0.665988 0.418924 0.617222
vn -0.007452 -0.704643 0.709523
vn -0.139904 -0.698495 0.701806
vn -0.005010 -0.704640 0.709548
vn -0.139904 -0.698495 0.701806
vn -0.011284 0.707427 0.706696
vn -0.007867 0.707442 0.706727
vn -0.220949 0.690465 0.688796
vn -0.220949 0.690465 0.688796
vn 0.639830 -0.428085 0.638249
vn 0.639830 -0.428085 0.638249
vn 0.639830 -0.428085 0.638249
vn 0.639830 -0.428085 0.638249
vn -0.007452 -0.704643 0.709523
vn -0.005010 -0.704640 0.709548
vn 0.127347 -0.698149 0.704536
vn 0.127347 -0.698149 0.704536
vn -0.011284 0.707427 0.706696
vn 0.201788 0.692434 0.692688
vn -0.007867 0.707442 0.706727
vn 0.201788 0.692434 0.692688
vn 0.656242 0.439057 0.613658
vn 0.656242 0.439057 0.613658
vn 0.656242 0.439057 0.613658
vn 0.656242 0.439057 0.613658
vn -0.648634 -0.408009 0.642497
vn -0.648634 -0.408009 0.642497
vn -0.648634 -0.408009 0.642497
vn -0.648634 -0.408009 0.642497
vn -0.000001 0.000000 -1.000000
vn -0.000001 -0.000000 -1.000000
vn -0.000002 0.000000 -1.000000
vn -0.000002 0.000000 -1.000000
vn 0.877245 -0.480042 0.000000
vn 0.877245 -0.480042 0.000000
vn 0.877245 -0.480042 0.000000
vn 0.877245 -0.480042 0.000000
vn 0.565334 -0.442482 0.696137
vn 0.565334 -0.442482 0.696137
vn 0.469720 -0.588177 0.658340
vn 0.388088 -0.685335 0.616201
vn -0.000001 0.000000 -1.000000
vn -0.000001 -0.000000 -1.000000
vn 0.000000 0.000000 -1.000000
vn -0.000001 0.000000 -1.000000
vn -0.888314 -0.459238 0.000000
vn -0.888314 -0.459238 0.000000
vn -0.888314 -0.459238 0.000000
vn -0.888314 -0.459238 0.000000
vn -0.455832 -0.601854 0.655736
vn 0.014932 -0.837363 0.546444
vn -0.367320 -0.704759 0.606951
vn 0.005558 -0.837630 0.546210
vn 0.046979 -0.063632 0.996867
vn 0.055068 -0.000204 0.998483
vn 0.000014 -0.003850 0.999993
vn 0.049796 0.062559 0.996798
vn -0.002103 0.108195 0.994128
vn 0.000014 -0.003850 0.999993
vn -0.057255 -0.000206 0.998360
vn -0.048562 -0.063060 0.996828
vn 0.000014 -0.003850 0.999993
vn -0.051503 0.061628 0.996770
vn -0.057255 -0.000206 0.998360
vn 0.000014 -0.003850 0.999993
vn -0.048562 -0.063060 0.996828
vn -0.001754 -0.121613 0.992576
vn 0.000014 -0.003850 0.999993
vn 0.055068 -0.000204 0.998483
vn 0.049796 0.062559 0.996798
vn 0.000014 -0.003850 0.999993
vn -0.001754 -0.121613 0.992576
vn 0.046979 -0.063632 0.996867
vn 0.000014 -0.003850 0.999993
vn -0.002103 0.108195 0.994128
vn -0.051503 0.061628 0.996770
vn 0.000014 -0.003850 0.999993
vn 0.469720 -0.588177 0.658340
vn 0.388088 -0.685335 0.616201
vn 0.014932 -0.837363 0.546444
vn 0.005558 -0.837630 0.546210
vn -0.543275 0.455357 0.705339
vn -0.543275 0.455357 0.705339
vn -0.543275 0.455357 0.705339
vn -0.543275 0.455357 0.705339
vn 0.558953 0.437497 0.704392
vn 0.558953 0.437497 0.704392
vn 0.558953 0.437497 0.704392
vn 0.558953 0.437497 0.704392
vn -0.156387 0.857363 0.490378
vn -0.156387 0.857363 0.490378
vn 0.010737 0.864720 0.502139
vn 0.003554 0.864904 0.501924
vn -0.550002 -0.460975 0.696419
vn -0.455832 -0.601854 0.655736
vn -0.550002 -0.460975 0.696419
vn -0.367320 -0.704759 0.606951
vn 0.004196 -0.000002 -0.999991
vn 0.004196 -0.000002 -0.999991
vn 0.004196 -0.000002 -0.999991
vn 0.004196 -0.000002 -0.999991
vn -0.641909 -0.000002 -0.766781
vn -0.641909 -0.000002 -0.766781
vn -0.641909 -0.000002 -0.766781
vn -0.641909 -0.000002 -0.766781
vn 0.999991 0.000000 0.004196
vn 0.999991 0.000000 0.004196
vn 0.999991 0.000000 0.004196
vn 0.999991 0.000000 0.004196
vn 0.641909 0.000002 0.766781
vn 0.641909 0.000002 0.766781
vn 0.641909 0.000002 0.766781
vn 0.641909 0.000002 0.766781
vn 0.000000 -1.000000 0.000000
vn 0.000000 -1.000000 0.000000
vn 0.000000 -1.000000 -0.000001
vn 0.000000 -1.000000 -0.000001
vn 0.000000 1.000000 0.000000
vn 0.000000 1.000000 0.000000
vn 0.000000 1.000000 0.000000
vn 0.000000 1.000000 0.000000
vn 0.000000 1.000000 -0.000000
vn 0.000000 1.000000 -0.000001
vn 0.000000 1.000000 -0.000002
vn 0.000000 1.000000 -0.000002
vn -0.004196 0.000002 0.999991
vn -0.004196 0.000002 0.999991
vn -0.004196 0.000002 0.999991
vn -0.004196 0.000002 0.999991
vn 0.000000 1.000000 0.000000
vn 0.000000 1.000000 0.000000
vn 0.000000 1.000000 -0.000000
vn 0.000000 1.000000 -0.000001
vn 0.000000 -1.000000 -0.000001
vn 0.000000 -1.000000 -0.000001
vn 0.000000 -1.000000 -0.000000
vn 0.000000 -1.000000 -0.000001
vn -0.999991 -0.000000 -0.004196
vn -0.999991 -0.000000 -0.004196
vn -0.999991 -0.000000 -0.004196
vn -0.999991 -0.000000 -0.004196
vn 0.000000 -1.000000 -0.000001
vn 0.000000 -1.000000 0.000000
vn 0.000000 -1.000000 -0.000000
vn 0.000000 -1.000000 0.000000
vn 0.685116 -0.000002 -0.728434
vn 0.685116 -0.000002 -0.728434
vn 0.685116 -0.000002 -0.728434
vn 0.685116 -0.000002 -0.728434
vn -0.685113 0.000002 0.728437
vn -0.685113 0.000002 0.728437
vn -0.685113 0.000002 0.728437
vn -0.685113 0.000002 0.728437
vn -0.938303 0.345782 -0.004751
vn -0.937702 0.345608 -0.035632
vn -0.938302 0.345782 -0.004859
vn -0.937702 0.345608 -0.035632
vn 0.004196 0.000000 -0.999991
vn 0.004197 -0.000001 -0.999991
vn 0.004197 -0.000001 -0.999991
vn 0.004197 -0.000001 -0.999991
vn 0.999991 -0.000000 0.004195
vn 0.999991 -0.000000 0.004195
vn 0.999991 -0.000001 0.004196
vn 0.999991 -0.000002 0.004196
vn 0.000022 0.999987 -0.005175
vn 0.000022 0.999987 -0.005176
vn -0.000714 0.985405 0.170228
vn -0.000714 0.985405 0.170228
vn 0.000685 -0.986621 -0.163028
vn 0.000685 -0.986621 -0.163028
vn 0.000020 -0.999989 -0.004689
vn 0.000020 -0.999989 -0.004689
vn 0.000758 0.983590 -0.180418
vn 0.000758 0.983590 -0.180418
vn 0.000022 0.999987 -0.005175
vn 0.000022 0.999987 -0.005176
vn -0.004194 -0.000003 0.999991
vn -0.004194 -0.000003 0.999991
vn -0.004194 0.000000 0.999991
vn -0.004194 0.000000 0.999991
vn 0.999991 -0.000002 0.004196
vn 0.999991 -0.000002 0.004195
vn 0.999991 -0.000001 0.004196
vn 0.999991 -0.000000 0.004195
vn -0.936542 -0.350523 -0.004684
vn -0.936312 -0.350394 0.023336
vn -0.936542 -0.350523 -0.004772
vn -0.936312 -0.350394 0.023336
vn 0.000020 -0.999989 -0.004689
vn 0.000020 -0.999989 -0.004689
vn -0.000645 -0.988107 0.153768
vn -0.000645 -0.988107 0.153768
vn -0.938303 0.345782 -0.004751
vn -0.938302 0.345782 -0.004859
vn -0.938013 0.345628 0.025918
vn -0.938013 0.345628 0.025918
vn 0.999991 0.000001 0.004196
vn 0.999991 -0.000001 0.004196
vn 0.999991 0.000002 0.004196
vn 0.999991 -0.000000 0.004195
vn -0.004194 0.000003 0.999991
vn -0.004194 0.000000 0.999991
vn -0.004194 0.000003 0.999991
vn -0.004194 0.000000 0.999991
vn 0.999991 -0.000000 0.004195
vn 0.999991 -0.000001 0.004196
vn 0.999991 0.000000 0.004195
vn 0.999991 0.000001 0.004196
vn -0.001764 -0.907459 0.420137
vn -0.001764 -0.907459 0.420137
vn -0.001764 -0.907459 0.420137
vn -0.001764 -0.907459 0.420137
vn -0.936542 -0.350523 -0.004684
vn -0.936542 -0.350523 -0.004772
vn -0.936032 -0.350376 -0.032876
vn -0.936032 -0.350376 -0.032876
vn 0.004196 0.000005 -0.999991
vn 0.004196 0.000005 -0.999991
vn 0.004195 0.000001 -0.999991
vn 0.004196 0.000000 -0.999991
vn 0.004196 0.000005 -0.999991
vn 0.004197 0.000004 -0.999991
vn 0.004196 0.000005 -0.999991
vn 0.004197 0.000004 -0.999991
vn 0.004197 0.000004 -0.999991
vn 0.004196 -0.000001 -0.999991
vn 0.004197 0.000004 -0.999991
vn 0.004197 -0.000001 -0.999991
vn 0.004196 -0.000001 -0.999991
vn 0.004195 0.000001 -0.999991
vn 0.004197 -0.000001 -0.999991
vn 0.004196 0.000000 -0.999991
vn 0.004198 0.000001 -0.999991
vn 0.004198 0.000001 -0.999991
vn 0.004198 0.000001 -0.999991
vn 0.004198 0.000001 -0.999991
vn 0.001763 0.907460 -0.420134
vn 0.001763 0.907460 -0.420134
vn 0.001763 0.907460 -0.420134
vn 0.001763 0.907460 -0.420134
vn 0.999991 0.000000 0.004195
vn 0.999991 0.000000 0.004195
vn 0.999991 0.000000 0.004195
vn 0.999991 0.000000 0.004195
vn -0.902074 -0.393072 0.178205
vn -0.902074 -0.393072 0.178205
vn -0.902074 -0.393072 0.178205
vn -0.902074 -0.393072 0.178205
vn 0.999991 -0.000000 0.004195
vn 0.999991 0.000000 0.004195
vn 0.999991 0.000000 0.004194
vn 0.999991 0.000000 0.004194
vn 0.999991 0.000001 0.004196
vn 0.999991 0.000002 0.004196
vn 0.999991 0.000000 0.004195
vn 0.999991 0.000000 0.004194
vn 0.999991 -0.000002 0.004196
vn 0.999991 -0.000000 0.004195
vn 0.999991 -0.000002 0.004196
vn 0.999991 0.000000 0.004195
vn 0.999991 -0.000000 0.004195
vn 0.999991 0.000000 0.004194
vn 0.999991 0.000002 0.004196
vn 0.999991 0.000002 0.004195
vn 0.999991 -0.000002 0.004196
vn 0.999991 -0.000002 0.004196
vn 0.999991 -0.000002 0.004195
vn 0.999991 -0.000002 0.004195
vn 0.999991 0.000001 0.004196
vn 0.999991 0.000002 0.004196
vn 0.999991 0.000002 0.004196
vn 0.999991 0.000002 0.004195
vn 0.999991 -0.000000 0.004195
vn 0.999991 0.000000 0.004194
vn 0.999991 -0.000000 0.004195
vn 0.999991 0.000000 0.004195
vn 0.999991 -0.000000 0.004195
vn 0.999991 -0.000002 0.004195
vn 0.999991 0.000000 0.004194
vn 0.999991 -0.000002 0.004195
vn 0.004196 -0.000002 -0.999991
vn 0.004196 -0.000002 -0.999991
vn 0.004196 -0.000002 -0.999991
vn 0.004196 -0.000002 -0.999991
vn -0.641912 -0.000001 -0.766779
vn -0.641912 -0.000001 -0.766779
vn -0.641912 -0.000001 -0.766779
vn -0.641912 -0.000001 -0.766779
vn 0.999991 -0.000001 0.004194
vn 0.999991 -0.000001 0.004194
vn 0.999991 -0.000001 0.004194
vn 0.999991 -0.000001 0.004194
vn 0.641912 0.000001 0.766779
vn 0.641912 0.000001 0.766779
vn 0.641912 0.000001 0.766779
vn 0.641912 0.000001 0.766779
vn 0.000000 -1.000000 0.000000
vn 0.000000 -1.000000 0.000000
vn 0.000000 -1.000000 0.000000
vn 0.000000 -1.000000 0.000001
vn 0.000000 1.000000 0.000000
vn 0.000000 1.000000 0.000001
vn 0.000000 1.000000 0.000000
vn 0.000000 1.000000 0.000001
vn 0.000000 1.000000 0.000001
vn 0.000000 1.000000 0.000001
vn 0.000000 1.000000 0.000000
vn 0.000000 1.000000 0.000000
vn -0.004196 0.000002 0.999991
vn -0.004196 0.000002 0.999991
vn -0.004196 0.000002 0.999991
vn -0.004196 0.000002 0.999991
vn 0.000000 1.000000 0.000001
vn 0.000000 1.000000 0.000001
vn 0.000000 1.000000 0.000001
vn 0.000000 1.000000 0.000001
vn 0.000000 -1.000000 0.000000
vn 0.000000 -1.000000 0.000001
vn 0.000000 -1.000000 -0.000001
vn 0.000000 -1.000000 -0.000000
vn -0.999991 0.000001 -0.004194
vn -0.999991 0.000001 -0.004194
vn -0.999991 0.000001 -0.004194
vn -0.999991 0.000001 -0.004194
vn 0.000000 -1.000000 -0.000000
vn 0.000000 -1.000000 -0.000003
vn 0.000000 -1.000000 -0.000001
vn 0.000000 -1.000000 -0.000003
vn 0.685116 -0.000003 -0.728434
vn 0.685116 -0.000003 -0.728434
vn 0.685116 -0.000003 -0.728434
vn 0.685116 -0.000003 -0.728434
vn -0.685117 0.000003 0.728433
vn -0.685117 0.000003 0.728433
vn -0.685117 0.000003 0.728433
vn -0.685117 0.000003 0.728433
vn -0.000020 0.429592 0.903023
vn -0.003570 0.431854 0.901936
vn -0.000009 0.414023 0.910266
vn -0.001161 0.403195 0.915113
vn 0.003957 0.485198 0.874395
vn 0.000015 0.487931 0.872882
vn 0.003957 0.485198 0.874395
vn 0.000016 0.487931 0.872882
vn 0.000389 0.458472 0.888709
vn 0.003957 0.485198 0.874395
vn 0.000384 0.458456 0.888717
vn 0.003957 0.485198 0.874395
vn -0.000005 0.459010 0.888431
vn -0.000020 0.429592 0.903023
vn -0.000004 0.459007 0.888433
vn -0.000009 0.414023 0.910266
vn 0.000389 0.458472 0.888709
vn 0.000384 0.458456 0.888717
vn -0.003570 0.431854 0.901936
vn -0.001161 0.403195 0.915113
vn -0.000005 0.459010 0.888431
vn -0.000004 0.459007 0.888433
vn 0.000015 0.487931 0.872882
vn 0.000016 0.487931 0.872882
vn -0.000536 0.487335 0.873215
vn -0.000536 0.487335 0.873215
vn -0.000105 0.458864 0.888507
vn 0.000084 0.446235 0.894916
vn -0.000105 0.458864 0.888507
vn 0.000084 0.446235 0.894916
vn 0.000342 0.428840 0.903381
vn 0.000342 0.428840 0.903381
vn -0.000000 0.888777 -0.458339
vn -0.000000 0.888777 -0.458339
vn -0.000000 0.888777 -0.458339
vn -0.000000 0.888777 -0.458339
vn -0.999997 0.001967 -0.001125
vn -0.999997 0.002119 -0.001203
vn -0.999997 0.001968 -0.001125
vn -0.999997 0.002119 -0.001203
vn -0.999997 0.001967 -0.001125
vn -0.999997 0.001968 -0.001125
vn -0.999998 0.001816 -0.001046
vn -0.999998 0.001816 -0.001046
vn 0.000000 -0.888774 0.458345
vn 0.000000 -0.888774 0.458345
vn 0.000000 -0.888774 0.458345
vn 0.000000 -0.888774 0.458345
vn 0.000001 0.429592 0.903023
vn -0.000018 0.429589 0.903024
vn 0.000001 0.414024 0.910266
vn -0.000009 0.414023 0.910266
vn 0.000000 0.487933 0.872881
vn 0.000000 0.487933 0.872881
vn 0.000016 0.487930 0.872883
vn 0.000016 0.487931 0.872882
vn -0.000003 0.459004 0.888434
vn -0.000004 0.459007 0.888433
vn -0.000018 0.429589 0.903024
vn -0.000009 0.414023 0.910266
vn 0.000001 0.429592 0.903023
vn 0.000001 0.414024 0.910266
vn 0.004143 0.431732 0.901993
vn 0.001103 0.413557 0.910478
vn 0.000000 0.487933 0.872881
vn -0.003346 0.485248 0.874370
vn 0.000000 0.487933 0.872881
vn -0.002384 0.486020 0.873945
vn -0.000003 0.459004 0.888434
vn 0.000016 0.487930 0.872883
vn -0.000004 0.459007 0.888433
vn 0.000016 0.487931 0.872882
vn 0.000794 0.458401 0.888745
vn 0.004143 0.431732 0.901993
vn 0.000390 0.464558 0.885543
vn 0.001103 0.413557 0.910478
vn 0.000794 0.458401 0.888745
vn 0.000390 0.464558 0.885543
vn -0.003346 0.485248 0.874370
vn -0.002384 0.486020 0.873945
vn 0.003096 0.464394 0.885623
vn 0.002747 0.489576 0.871957
vn 0.000000 0.458960 0.888457
vn -0.000001 0.487925 0.872885
vn -0.005771 0.435496 0.900172
vn 0.009487 0.493600 0.869637
vn 0.003096 0.464394 0.885623
vn 0.002747 0.489576 0.871957
vn -0.008875 0.423418 0.905891
vn -0.005771 0.435496 0.900172
vn -0.006080 0.425367 0.905001
vn 0.003096 0.464394 0.885623
vn -0.006080 0.425367 0.905001
vn 0.003096 0.464394 0.885623
vn 0.000002 0.429588 0.903025
vn 0.000000 0.458960 0.888457
vn -0.000000 0.888463 -0.458948
vn 0.000000 0.888463 -0.458948
vn -0.000000 0.888463 -0.458948
vn 0.000000 0.888463 -0.458948
vn 0.000000 -0.888466 0.458942
vn 0.000000 -0.888465 0.458945
vn 0.000000 -0.888467 0.458942
vn 0.000000 -0.888465 0.458945
vn -0.807128 -0.524471 0.271060
vn -0.807184 -0.524404 0.271025
vn -0.828186 -0.497886 0.257328
vn -0.828186 -0.497886 0.257328
vn 0.000000 -0.888468 0.458938
vn 0.000000 -0.888466 0.458942
vn 0.000000 -0.888468 0.458938
vn 0.000000 -0.888467 0.458942
vn -0.923880 0.000000 -0.382683
vn -0.923880 0.000000 -0.382683
vn -0.707107 0.000000 -0.707106
vn -0.707107 0.000000 -0.707106
vn -0.707107 0.000000 -0.707106
vn -0.707107 0.000000 -0.707106
vn -0.382683 0.000000 -0.923880
vn -0.382683 0.000000 -0.923880
vn -0.707107 0.000000 -0.707107
vn -0.923880 0.000000 -0.382683
vn -0.707107 0.000000 -0.707107
vn -0.923880 0.000000 -0.382683
vn 0.000000 -1.000000 0.000000
vn 0.000000 -1.000000 0.000000
vn 0.000000 -1.000000 0.000000
vn 0.000000 -1.000000 0.000000
vn -0.923879 0.000000 0.382685
vn -0.923879 0.000000 0.382685
vn -1.000000 0.000000 -0.000000
vn -1.000000 0.000000 -0.000000
vn -0.923880 0.000000 0.382683
vn -0.707106 0.000000 0.707107
vn -0.923880 0.000000 0.382683
vn -0.707106 0.000000 0.707107
vn -0.707105 0.000000 0.707109
vn -0.707105 0.000000 0.707109
vn -0.923879 0.000000 0.382685
vn -0.923879 0.000000 0.382685
vn 0.000001 0.000000 1.000000
vn 0.382683 0.000000 0.923880
vn 0.000001 0.000000 1.000000
vn 0.382683 0.000000 0.923880
vn 0.000000 -1.000000 -0.000001
vn 0.000000 -1.000000 0.000001
vn 0.000000 -1.000000 -0.000001
vn 0.000000 -1.000000 0.000001
vn -0.382683 0.000000 0.923880
vn -0.382683 0.000000 0.923880
vn -0.707105 0.000000 0.707109
vn -0.707105 0.000000 0.707109
vn 0.923880 0.000000 0.382683
vn 1.000000 0.000000 -0.000001
vn 0.923880 0.000000 0.382683
vn 1.000000 0.000000 -0.000001
vn 0.000000 0.000000 1.000000
vn 0.000000 0.000000 1.000000
vn -0.382683 0.000000 0.923880
vn -0.382683 0.000000 0.923880
vn 0.707106 0.000000 -0.707108
vn 0.382683 -0.000000 -0.923880
vn 0.707106 0.000000 -0.707108
vn 0.382683 0.000000 -0.923880
vn 0.000000 -1.000000 0.000002
vn 0.000000 -1.000000 0.000000
vn 0.000000 -1.000000 0.000002
vn 0.000000 -1.000000 0.000000
vn 0.382683 0.000000 0.923880
vn 0.382683 0.000000 0.923880
vn 0.000000 0.000000 1.000000
vn 0.000000 0.000000 1.000000
vn -0.382685 -0.000001 -0.923879
vn -0.707107 0.000000 -0.707107
vn -0.382685 0.000001 -0.923879
vn -0.707107 0.000000 -0.707107
vn 0.000000 -1.000000 0.000002
vn 0.000000 -1.000000 0.000001
vn 0.000000 -1.000000 0.000002
vn 0.000000 -1.000000 0.000001
vn 0.707107 0.000000 0.707107
vn 0.707107 0.000000 0.707107
vn 0.382683 0.000000 0.923880
vn 0.382683 0.000000 0.923880
vn -1.000000 0.000000 0.000001
vn -0.923880 0.000000 0.382683
vn -1.000000 0.000000 0.000001
vn -0.923880 0.000000 0.382683
vn 0.923880 0.000000 0.382683
vn 0.923880 0.000000 0.382683
vn 0.707107 0.000000 0.707107
vn 0.707107 0.000000 0.707107
vn -0.382682 0.000000 0.923880
vn 0.000001 0.000000 1.000000
vn -0.382682 0.000000 0.923880
vn 0.000001 0.000000 1.000000
vn 1.000000 0.000000 -0.000001
vn 1.000000 0.000000 -0.000001
vn 0.923880 0.000000 0.382683
vn 0.923880 0.000000 0.382683
vn 0.707106 0.000000 0.707107
vn 0.923880 0.000000 0.382683
vn 0.707106 0.000000 0.707107
vn 0.923880 0.000000 0.382683
vn 0.000000 -1.000000 -0.000001
vn 0.000000 -1.000000 -0.000003
vn 0.000000 -1.000000 -0.000001
vn 0.000000 -1.000000 -0.000003
vn 0.923879 0.000000 -0.382684
vn 0.923879 0.000000 -0.382684
vn 1.000000 0.000000 -0.000001
vn 1.000000 0.000000 -0.000001
vn 0.923880 0.000000 -0.382683
vn 0.707106 0.000000 -0.707108
vn 0.923880 0.000000 -0.382683
vn 0.707106 0.000000 -0.707108
vn 0.707107 0.000000 -0.707107
vn 0.707107 0.000000 -0.707107
vn 0.923879 0.000000 -0.382684
vn 0.923879 0.000000 -0.382684
vn -0.923880 0.000000 -0.382683
vn -1.000000 0.000000 0.000001
vn -0.923880 0.000000 -0.382683
vn -1.000000 0.000000 0.000001
vn 0.382682 0.000000 -0.923880
vn 0.382682 0.000000 -0.923880
vn 0.707107 0.000000 -0.707107
vn 0.707107 0.000000 -0.707107
vn -0.707106 0.000000 0.707107
vn -0.382682 0.000000 0.923880
vn -0.707106 0.000000 0.707107
vn -0.382682 0.000000 0.923880
vn 0.000000 -1.000000 0.000001
vn 0.000000 -1.000000 -0.000001
vn 0.000000 -1.000000 0.000001
vn 0.000000 -1.000000 -0.000001
vn -0.000001 0.000000 -1.000000
vn -0.000001 0.000000 -1.000000
vn 0.382682 0.000000 -0.923880
vn 0.382682 0.000000 -0.923880
vn 0.382683 0.000000 0.923880
vn 0.707106 0.000000 0.707107
vn 0.382683 0.000000 0.923880
vn 0.707106 0.000000 0.707107
vn 0.000000 -1.000000 -0.000002
vn 0.000000 -1.000000 0.000000
vn 0.000000 -1.000000 -0.000002
vn 0.000000 -1.000000 0.000000
vn 1.000000 0.000000 -0.000001
vn 0.923880 0.000000 -0.382683
vn 1.000000 0.000000 -0.000001
vn 0.923880 0.000000 -0.382683
vn -0.707106 -0.000000 0.707107
vn -0.382682 -0.000000 0.923880
vn -0.686688 0.238571 0.686691
vn -0.371632 0.238571 0.897203
vn 0.000000 -1.000000 0.000000
vn 0.000000 -1.000000 -0.000001
vn 0.000000 -1.000000 0.000000
vn 0.000000 -1.000000 -0.000001
vn -1.000000 0.000000 -0.000000
vn -1.000000 0.000000 -0.000000
vn -0.923880 0.000000 -0.382683
vn -0.923880 0.000000 -0.382683
vn 0.964941 0.000000 0.262465
vn 0.964941 0.000000 0.262465
vn 0.979507 0.000000 0.201412
vn 0.979507 0.000000 0.201412
vn -0.382683 0.000000 -0.923880
vn -0.382683 0.000000 -0.923880
vn -0.000001 0.000000 -1.000000
vn -0.000001 0.000000 -1.000000
vn 0.000000 -1.000000 -0.000003
vn 0.000000 -1.000000 0.000001
vn 0.000000 -1.000000 -0.000003
vn 0.000000 -1.000000 0.000001
vn 0.000000 -1.000000 -0.000001
vn 0.000000 -1.000000 -0.000001
vn 0.000000 -1.000000 -0.000001
vn 0.000000 -1.000000 -0.000001
vn 0.000000 -1.000000 0.000001
vn 0.000000 -1.000000 0.000001
vn 0.000000 -1.000000 0.000001
vn 0.000000 -1.000000 0.000001
vn 0.000000 -1.000000 0.000001
vn 0.000000 -1.000000 0.000000
vn 0.000000 -1.000000 0.000001
vn 0.000000 -1.000000 0.000000
vn 0.000000 -1.000000 0.000000
vn 0.000000 -1.000000 -0.000002
vn 0.000000 -1.000000 0.000000
vn 0.000000 -1.000000 -0.000002
vn 0.000000 -1.000000 0.000000
vn 0.000000 -1.000000 -0.000001
vn 0.000000 -1.000000 0.000000
vn 0.000000 -1.000000 -0.000001
vn 0.000000 -1.000000 0.000001
vn 0.000000 -1.000000 0.000002
vn 0.000000 -1.000000 0.000001
vn 0.000000 -1.000000 0.000002
vn 0.000000 -1.000000 -0.000001
vn 0.000000 -1.000000 0.000002
vn 0.000000 -1.000000 -0.000001
vn 0.000000 -1.000000 0.000002
vn 0.000000 1.000000 0.000004
vn 0.000000 1.000000 -0.000002
vn 0.000000 1.000000 0.000004
vn 0.000000 1.000000 -0.000002
vn 0.000000 1.000000 0.000002
vn 0.000000 1.000000 0.000004
vn 0.000000 1.000000 0.000002
vn 0.000000 1.000000 0.000004
vn 0.000000 1.000000 -0.000001
vn 0.000000 1.000000 0.000002
vn 0.000000 1.000000 -0.000001
vn 0.000000 1.000000 0.000002
vn 0.000000 1.000000 0.000001
vn 0.000000 1.000000 -0.000001
vn 0.000000 1.000000 0.000001
vn 0.000000 1.000000 -0.000001
vn 0.000000 1.000000 0.000001
vn 0.000000 1.000000 0.000001
vn 0.000000 1.000000 0.000001
vn 0.000000 1.000000 0.000001
vn 0.000000 1.000000 0.000000
vn 0.000000 1.000000 0.000001
vn 0.000000 1.000000 0.000000
vn 0.000000 1.000000 0.000001
vn 0.000000 1.000000 0.000000
vn 0.000000 1.000000 0.000000
vn 0.000000 1.000000 0.000000
vn 0.000000 1.000000 0.000000
vn 0.000000 1.000000 0.000002
vn 0.000000 1.000000 0.000000
vn 0.000000 1.000000 0.000002
vn 0.000000 1.000000 0.000000
vn 0.000000 1.000000 0.000002
vn 0.000000 1.000000 0.000002
vn 0.000000 1.000000 0.000002
vn 0.000000 1.000000 0.000002
vn 0.000000 1.000000 -0.000002
vn 0.000000 1.000000 0.000002
vn 0.000000 1.000000 -0.000002
vn 0.000000 1.000000 0.000002
vn 0.000000 1.000000 -0.000000
vn 0.000000 1.000000 -0.000002
vn 0.000000 1.000000 -0.000000
vn 0.000000 1.000000 -0.000002
vn 0.000000 1.000000 0.000001
vn 0.000000 1.000000 -0.000000
vn 0.000000 1.000000 0.000001
vn 0.000000 1.000000 -0.000000
vn 0.000000 1.000000 0.000000
vn 0.000000 1.000000 0.000001
vn 0.000000 1.000000 0.000000
vn 0.000000 1.000000 0.000001
vn 0.000000 1.000000 0.000000
vn 0.000000 1.000000 0.000000
vn 0.000000 1.000000 0.000000
vn 0.000000 1.000000 0.000000
vn 0.000000 1.000000 -0.000002
vn 0.000000 1.000000 0.000000
vn 0.000000 1.000000 -0.000002
vn 0.000000 1.000000 0.000000
vn 0.000000 1.000000 -0.000002
vn 0.000000 1.000000 -0.000002
vn 0.000000 1.000000 -0.000002
vn 0.000000 1.000000 -0.000002
vn 0.897203 0.238570 0.371633
vn 0.971125 0.238570 -0.000000
vn 0.812483 0.476038 0.336541
vn 0.879425 0.476037 0.000000
vn 0.707106 0.000000 -0.707107
vn 0.382683 0.000000 -0.923880
vn 0.686689 0.238569 -0.686690
vn 0.371634 0.238569 -0.897203
vn -0.382682 -0.000000 0.923880
vn 0.000000 0.000000 1.000000
vn -0.371632 0.238571 0.897203
vn -0.000000 0.238571 0.971125
vn -0.000001 -0.000000 -1.000000
vn -0.382684 -0.000000 -0.923879
vn -0.000001 0.238569 -0.971126
vn -0.371634 0.238569 -0.897203
vn 0.382683 0.000000 -0.923880
vn -0.000001 -0.000000 -1.000000
vn 0.371634 0.238569 -0.897203
vn -0.000001 0.238569 -0.971126
vn 0.000000 0.000000 1.000000
vn 0.382684 0.000000 0.923879
vn -0.000000 0.238571 0.971125
vn 0.371633 0.238571 0.897203
vn -0.382684 -0.000000 -0.923879
vn -0.707107 -0.000000 -0.707107
vn -0.371634 0.238569 -0.897203
vn -0.686690 0.238569 -0.686689
vn 0.382684 0.000000 0.923879
vn 0.707108 0.000000 0.707106
vn 0.371633 0.238571 0.897203
vn 0.686690 0.238571 0.686689
vn -0.707107 -0.000000 -0.707107
vn -0.923880 -0.000000 -0.382683
vn -0.686690 0.238569 -0.686689
vn -0.897203 0.238570 -0.371633
vn 0.707108 0.000000 0.707106
vn 0.923880 0.000000 0.382682
vn 0.686690 0.238571 0.686689
vn 0.897203 0.238570 0.371633
vn -0.923880 -0.000000 -0.382683
vn -1.000000 -0.000000 0.000001
vn -0.897203 0.238570 -0.371633
vn -0.971125 0.238570 0.000001
vn 0.923880 0.000000 0.382682
vn 1.000000 0.000000 -0.000000
vn 0.897203 0.238570 0.371633
vn 0.971125 0.238570 -0.000000
vn -1.000000 -0.000000 0.000001
vn -0.923880 -0.000000 0.382683
vn -0.971125 0.238570 0.000001
vn -0.897203 0.238570 0.371633
vn 1.000000 0.000000 -0.000000
vn 0.923879 0.000000 -0.382684
vn 0.971125 0.238570 -0.000000
vn 0.897203 0.238570 -0.371634
vn -0.923880 -0.000000 0.382683
vn -0.707106 -0.000000 0.707107
vn -0.897203 0.238570 0.371633
vn -0.686688 0.238571 0.686691
vn 0.923879 0.000000 -0.382684
vn 0.707106 0.000000 -0.707107
vn 0.897203 0.238570 -0.371634
vn 0.686689 0.238569 -0.686690
vn -0.971125 0.238570 0.000001
vn -0.897203 0.238570 0.371633
vn -0.879425 0.476038 0.000001
vn -0.812482 0.476038 0.336541
vn 0.971125 0.238570 -0.000000
vn 0.897203 0.238570 -0.371634
vn 0.879425 0.476037 0.000000
vn 0.812483 0.476038 -0.336542
vn -0.897203 0.238570 0.371633
vn -0.686688 0.238571 0.686691
vn -0.812482 0.476038 0.336541
vn -0.621845 0.476040 0.621848
vn 0.897203 0.238570 -0.371634
vn 0.686689 0.238569 -0.686690
vn 0.812483 0.476038 -0.336542
vn 0.621848 0.476037 -0.621848
vn -0.686688 0.238571 0.686691
vn -0.371632 0.238571 0.897203
vn -0.621845 0.476040 0.621848
vn -0.336539 0.476040 0.812482
vn 0.686689 0.238569 -0.686690
vn 0.371634 0.238569 -0.897203
vn 0.621848 0.476037 -0.621848
vn 0.336542 0.476036 -0.812484
vn -0.371632 0.238571 0.897203
vn -0.000000 0.238571 0.971125
vn -0.336539 0.476040 0.812482
vn -0.000001 0.476041 0.879423
vn -0.000001 0.238569 -0.971126
vn -0.371634 0.238569 -0.897203
vn -0.000001 0.476036 -0.879426
vn -0.336542 0.476036 -0.812483
vn 0.371634 0.238569 -0.897203
vn -0.000001 0.238569 -0.971126
vn 0.336542 0.476036 -0.812484
vn -0.000001 0.476036 -0.879426
vn -0.000000 0.238571 0.971125
vn 0.371633 0.238571 0.897203
vn -0.000001 0.476041 0.879423
vn 0.336541 0.476040 0.812482
vn -0.371634 0.238569 -0.897203
vn -0.686690 0.238569 -0.686689
vn -0.336542 0.476036 -0.812483
vn -0.621848 0.476037 -0.621847
vn 0.371633 0.238571 0.897203
vn 0.686690 0.238571 0.686689
vn 0.336541 0.476040 0.812482
vn 0.621847 0.476040 0.621846
vn -0.686690 0.238569 -0.686689
vn -0.897203 0.238570 -0.371633
vn -0.621848 0.476037 -0.621847
vn -0.812483 0.476038 -0.336541
vn 0.686690 0.238571 0.686689
vn 0.897203 0.238570 0.371633
vn 0.621847 0.476040 0.621846
vn 0.812483 0.476038 0.336541
vn -0.897203 0.238570 -0.371633
vn -0.971125 0.238570 0.000001
vn -0.812483 0.476038 -0.336541
vn -0.879425 0.476038 0.000001
vn 0.195092 -0.000001 -0.980785
vn 0.195092 0.000001 -0.980785
vn 0.382683 -0.000000 -0.923880
vn 0.382683 0.000000 -0.923880
vn 0.000000 0.000002 -1.000000
vn -0.195093 0.000001 -0.980785
vn 0.000000 0.000002 -1.000000
vn -0.382685 0.000001 -0.923879
vn -0.000001 -0.000002 -1.000000
vn 0.195092 -0.000001 -0.980785
vn -0.000001 -0.000002 -1.000000
vn 0.382683 -0.000000 -0.923880
vn -0.195093 0.000001 -0.980785
vn -0.195093 -0.000001 -0.980785
vn -0.382685 0.000001 -0.923879
vn -0.382685 -0.000001 -0.923879
vn 0.000000 0.000002 -1.000000
vn 0.000000 0.000002 -1.000000
vn 0.195092 0.000001 -0.980785
vn 0.382683 0.000000 -0.923880
vn -0.000001 -0.000002 -1.000000
vn -0.000001 -0.000002 -1.000000
vn -0.195093 -0.000001 -0.980785
vn -0.382685 -0.000001 -0.923879
vn 0.000000 -0.974872 0.222765
vn 0.006124 -0.970266 0.241964
vn 0.000000 -0.976414 0.215905
vn 0.004728 -0.982381 0.186828
vn 0.000000 -0.974872 0.222765
vn 0.000000 -0.976414 0.215905
vn -0.006123 -0.970266 0.241962
vn -0.004728 -0.982381 0.186830
vn 0.000000 1.000000 0.000000
vn 0.000000 1.000000 0.000000
vn 0.006124 0.970266 0.241963
vn 0.000000 0.974872 0.222764
vn -1.000000 0.000000 0.000001
vn -1.000000 0.000000 0.000001
vn -0.964941 0.000000 0.262466
vn -0.964941 0.000000 0.262466
vn 0.000000 -1.000000 -0.000000
vn 0.006124 -0.970266 0.241964
vn 0.000000 -1.000000 -0.000000
vn 0.000000 -0.974872 0.222765
vn 1.000000 0.000000 -0.000001
vn 1.000000 0.000000 -0.000001
vn 0.964941 0.000000 0.262465
vn 0.964941 0.000000 0.262465
vn 0.000000 1.000000 0.000000
vn -0.006123 0.970266 0.241962
vn 0.000000 1.000000 0.000000
vn 0.000000 0.974872 0.222764
vn 0.000000 -1.000000 0.000000
vn 0.000000 -1.000000 -0.000000
vn -0.006123 -0.970266 0.241962
vn 0.000000 -0.974872 0.222765
vn -0.022067 0.000000 0.999757
vn 0.000001 0.000000 1.000000
vn -0.022067 0.000000 0.999757
vn 0.000001 0.000000 1.000000
vn -0.004728 0.982381 0.186830
vn 0.000000 1.000000 0.000000
vn 0.000000 0.976414 0.215907
vn 0.000000 1.000000 0.000000
vn 0.979507 0.000000 0.201412
vn 0.979507 0.000000 0.201412
vn 1.000000 0.000000 -0.000001
vn 1.000000 0.000000 -0.000001
vn -0.979506 -0.000000 0.201413
vn -0.979506 -0.000000 0.201413
vn -1.000000 -0.000000 0.000001
vn -1.000000 -0.000000 0.000001
vn 0.004728 0.982381 0.186831
vn 0.000000 0.976414 0.215907
vn 0.000000 1.000000 0.000000
vn 0.000000 1.000000 0.000000
vn 0.000000 0.974872 0.222764
vn 0.000000 0.976414 0.215907
vn 0.006124 0.970266 0.241963
vn 0.004728 0.982381 0.186831
vn 0.000000 0.974872 0.222764
vn -0.006123 0.970266 0.241962
vn 0.000000 0.976414 0.215907
vn -0.004728 0.982381 0.186830
vn -0.964941 0.000000 0.262466
vn -0.964941 0.000000 0.262466
vn -0.979506 -0.000000 0.201413
vn -0.979506 -0.000000 0.201413
vn -0.788178 0.615045 -0.022255
vn -0.788375 0.615195 0.000000
vn -0.788149 0.615023 -0.023830
vn -0.788375 0.615195 0.000000
vn 0.675315 0.737530 -0.000001
vn 0.674425 0.736559 -0.051307
vn 0.675315 0.737530 -0.000001
vn 0.674408 0.736541 -0.051784
vn -0.250602 -0.273688 -0.928598
vn -0.249343 -0.272313 -0.929340
vn -0.226845 -0.247743 -0.941894
vn -0.226845 -0.247743 -0.941894
vn -0.788178 0.615045 -0.022255
vn -0.788149 0.615023 -0.023830
vn -0.787553 0.614564 -0.045510
vn -0.787553 0.614564 -0.045510
vn 0.674425 0.736559 -0.051307
vn 0.674280 0.736401 -0.055310
vn 0.674408 0.736541 -0.051784
vn 0.674280 0.736401 -0.055310
vn 0.741238 -0.545268 -0.391472
vn 0.741238 -0.545268 -0.391472
vn 0.741238 -0.545268 -0.391472
vn 0.741238 -0.545268 -0.391472
vn -0.000001 -0.000000 -1.000000
vn -0.000001 -0.000000 -1.000000
vn -0.000001 -0.000000 -1.000000
vn -0.000001 -0.000000 -1.000000
vn 0.000000 -1.000000 0.000000
vn 0.000000 -1.000000 0.000000
vn 0.000000 -1.000000 0.000000
vn 0.000000 -1.000000 0.000000
vn -0.723316 0.675865 0.141494
vn -0.723314 0.675867 0.141493
vn -0.739415 0.656258 0.150305
vn -0.739415 0.656258 0.150305
vn -0.721943 0.685019 0.097712
vn -0.721934 0.685023 0.097751
vn -0.709707 0.690551 0.139484
vn -0.709707 0.690551 0.139484
vn -0.721943 0.685019 0.097712
vn -0.733167 0.680049 0.000000
vn -0.721934 0.685023 0.097751
vn -0.733167 0.680049 0.000000
vn -0.747798 0.658562 0.084227
vn -0.747799 0.658562 0.084220
vn -0.750207 0.661203 0.000001
vn -0.750207 0.661203 0.000001
vn -0.747798 0.658562 0.084227
vn -0.739415 0.656258 0.150305
vn -0.747799 0.658562 0.084220
vn -0.739415 0.656258 0.150305
vn -0.723316 0.675865 0.141494
vn -0.709707 0.690551 0.139484
vn -0.723314 0.675867 0.141493
vn -0.709707 0.690551 0.139484
vn -0.720066 0.678821 0.143903
vn -0.740424 0.655519 0.148548
vn -0.734097 0.671121 0.103435
vn -0.746721 0.658618 0.092902
vn -0.734097 0.671121 0.103435
vn -0.746721 0.658618 0.092902
vn -0.743709 0.668504 0.000000
vn -0.750801 0.660529 0.000000
vn -0.718948 0.686484 0.108878
vn -0.734097 0.671121 0.103435
vn -0.737183 0.675693 0.000000
vn -0.743709 0.668504 0.000000
vn -0.705495 0.694630 0.140590
vn -0.720066 0.678821 0.143903
vn -0.718948 0.686484 0.108878
vn -0.734097 0.671121 0.103435
vn -0.272787 -0.297916 -0.914786
vn -0.272787 -0.297916 -0.914786
vn -0.250602 -0.273688 -0.928598
vn -0.249343 -0.272313 -0.929340
vn -0.675315 -0.737530 -0.000254
vn -0.675314 -0.737529 0.001505
vn -0.675218 -0.737422 0.017001
vn -0.675218 -0.737422 0.017001
vn 0.612750 0.788411 0.054275
vn 0.617840 0.780055 0.098935
vn 0.612750 0.788411 0.054273
vn 0.617840 0.780055 0.098935
vn 0.615620 0.783776 0.081896
vn 0.615647 0.783773 0.081718
vn 0.582982 0.804876 0.110934
vn 0.582985 0.804873 0.110939
vn 0.596457 0.798464 0.081818
vn 0.582982 0.804876 0.110934
vn 0.596483 0.798444 0.081824
vn 0.582985 0.804873 0.110939
vn 0.615620 0.783776 0.081896
vn 0.624539 0.780993 -0.000000
vn 0.615647 0.783773 0.081718
vn 0.624540 0.780993 -0.000000
vn 0.619335 0.785127 -0.000000
vn 0.612750 0.788411 0.054275
vn 0.619335 0.785127 -0.000000
vn 0.612750 0.788411 0.054273
vn 0.596457 0.798464 0.081818
vn 0.596483 0.798444 0.081824
vn 0.617840 0.780055 0.098935
vn 0.617840 0.780055 0.098935
vn 0.614571 0.787398 0.048028
vn 0.582153 0.806451 0.103604
vn 0.612853 0.788617 0.049945
vn 0.601956 0.792831 0.095230
vn 0.637313 0.770605 -0.000000
vn 0.614571 0.787398 0.048028
vn 0.628023 0.778195 -0.000000
vn 0.612853 0.788617 0.049945
vn 0.628023 0.778195 -0.000000
vn 0.612853 0.788617 0.049945
vn 0.618652 0.785665 -0.000000
vn 0.617874 0.784627 0.050912
vn 0.612853 0.788617 0.049945
vn 0.601956 0.792831 0.095230
vn 0.617874 0.784627 0.050912
vn 0.616237 0.782510 0.089047
vn 0.239318 -0.186753 -0.952812
vn 0.239283 -0.186726 -0.952826
vn 0.244349 -0.190677 -0.950756
vn 0.244349 -0.190677 -0.950756
vn 0.788375 -0.615195 -0.000001
vn 0.788304 -0.615140 0.013425
vn 0.788375 -0.615195 -0.000001
vn 0.788271 -0.615114 0.016208
vn 0.157208 -0.987544 -0.006565
vn 0.000000 -1.000000 0.000000
vn 0.118482 -0.992956 -0.000000
vn 0.000000 -1.000000 0.000000
vn -0.000092 -1.000000 0.000003
vn 0.000000 -1.000000 0.000000
vn -0.000072 -1.000000 0.000000
vn 0.000000 -1.000000 0.000000
vn 0.000001 0.000000 1.000000
vn 0.000001 0.000000 1.000000
vn 0.000001 0.000000 1.000000
vn 0.000001 0.000000 1.000000
vn 0.000000 0.000000 1.000000
vn 0.000001 0.000000 1.000000
vn 0.000001 0.000000 1.000000
vn 0.000000 0.000000 1.000000
vn 0.000000 0.000000 1.000000
vn 0.000001 0.000000 1.000000
vn 0.000001 0.000000 1.000000
vn 0.000000 0.000000 1.000000
vn 0.000001 0.000000 1.000000
vn 0.000001 -0.000000 1.000000
vn 0.000001 0.000000 1.000000
vn 0.000001 0.000000 1.000000
vn 0.000001 0.000000 1.000000
vn 0.000001 0.000000 1.000000
vn 0.000001 0.000000 1.000000
vn 0.000001 0.000000 1.000000
vn 0.000001 0.000000 1.000000
vn 0.000001 0.000000 1.000000
vn 0.000001 0.000000 1.000000
vn 0.000001 0.000000 1.000000
vn 0.000001 0.000000 1.000000
vn 0.000001 0.000000 1.000000
vn 0.000001 0.000000 1.000000
vn 0.000001 0.000000 1.000000
vn 0.000001 0.000000 1.000000
vn 0.000001 0.000000 1.000000
vn 0.000001 0.000000 1.000000
vn 0.000001 0.000000 1.000000
vn 0.000001 0.000000 1.000000
vn 0.000001 0.000000 1.000000
vn 0.000001 0.000000 1.000000
vn 0.000001 0.000000 1.000000
vn 0.000001 0.000000 1.000000
vn 0.000000 0.000000 1.000000
vn 0.000001 0.000000 1.000000
vn 0.000001 0.000000 1.000000
vn 0.000001 0.000000 1.000000
vn 0.000000 0.000000 1.000000
vn 0.000001 0.000000 1.000000
vn 0.000001 -0.000000 1.000000
vn 0.000001 0.000000 1.000000
vn 0.000001 0.000000 1.000000
vn 0.000001 0.000000 1.000000
vn 0.000001 0.000000 1.000000
vn 0.000001 0.000000 1.000000
vn 0.000001 0.000000 1.000000
vn 0.000001 0.000000 1.000000
vn 0.000001 0.000000 1.000000
vn 0.000000 0.000000 1.000000
vn 0.000001 0.000000 1.000000
vn 0.000001 0.000000 1.000000
vn 0.000000 0.000000 1.000000
vn 0.000000 0.000000 1.000000
vn 0.000001 0.000000 1.000000
vn 0.000001 0.000000 1.000000
vn 0.000000 0.000000 1.000000
vn 0.000000 1.000000 -0.000000
vn 0.000000 1.000000 0.000000
vn 0.000000 1.000000 0.000000
vn 0.000000 1.000000 -0.000000
vn 0.000000 1.000000 0.000000
vn 0.000000 1.000000 0.000001
vn 0.000000 1.000000 -0.000000
vn 0.000000 1.000000 0.000001
vn 0.000000 1.000000 -0.000002
vn 0.000000 1.000000 -0.000000
vn 0.000000 1.000000 -0.000002
vn 0.000000 1.000000 -0.000001
vn 0.000000 1.000000 -0.000000
vn 0.000000 1.000000 -0.000001
vn 0.000000 1.000000 -0.000000
vn 0.000000 1.000000 -0.000000
vn 0.000000 1.000000 -0.000000
vn 0.000000 1.000000 -0.000002
vn 0.000000 1.000000 -0.000000
vn 0.000000 1.000000 -0.000002
vn 0.000000 1.000000 0.000002
vn 0.000000 1.000000 -0.000000
vn 0.000000 1.000000 0.000002
vn 0.000000 1.000000 -0.000000
vn 0.000000 1.000000 -0.000000
vn 0.000000 1.000000 -0.000000
vn 0.000000 1.000000 -0.000002
vn 0.000000 1.000000 -0.000000
vn 0.000000 1.000000 -0.000002
vn 0.000000 1.000000 0.000000
vn 0.000000 1.000000 -0.000000
vn 0.000000 1.000000 0.000000
vn 0.000000 1.000000 -0.000001
vn 0.000000 1.000000 -0.000000
vn 0.000000 1.000000 -0.000001
vn 0.000000 1.000000 0.000001
vn 0.000000 1.000000 -0.000000
vn 0.000000 1.000000 0.000001
vn 0.000000 1.000000 0.000000
vn 0.000000 1.000000 -0.000000
vn 0.000000 1.000000 0.000000
vn 0.000000 1.000000 -0.000000
vn 0.000000 1.000000 -0.000000
vn 0.000000 1.000000 -0.000000
vn 0.000000 1.000000 0.000002
vn 0.000000 1.000000 -0.000000
vn 0.000000 1.000000 0.000002
vn 0.000000 1.000000 0.000000
vn 0.000000 -1.000000 -0.000001
vn 0.000000 -1.000000 -0.000007
vn 0.000000 -1.000000 -0.000001
vn 0.004728 -0.982381 0.186828
vn 0.000000 -1.000000 -0.000001
vn 0.000000 -1.000000 -0.000001
vn 0.000000 -1.000000 -0.000000
vn -0.004728 -0.982381 0.186830
vn 0.000000 -1.000000 -0.000006
vn 0.000000 -0.976414 0.215905
vn 0.000000 -1.000000 -0.000007
vn 0.004728 -0.982381 0.186828
vn 0.000000 -1.000000 -0.000006
vn 0.000000 -1.000000 -0.000000
vn 0.000000 -0.976414 0.215905
vn -0.004728 -0.982381 0.186830
vn 0.000000 -1.000000 0.000000
vn 0.000000 -1.000000 -0.000001
vn 0.000000 -1.000000 0.000000
vn 0.000000 -1.000000 -0.000001
vn 0.000000 -1.000000 -0.000002
vn 0.000000 -1.000000 -0.000002
vn 0.000000 -1.000000 -0.000001
vn 0.000000 -1.000000 -0.000001
vn 1.000000 0.000000 -0.000001
vn 1.000000 0.000000 -0.000001
vn 1.000000 0.000000 -0.000001
vn 1.000000 0.000000 -0.000001
vn 0.000001 0.000000 1.000000
vn 0.022069 0.000000 0.999756
vn 0.000001 0.000000 1.000000
vn 0.022069 0.000000 0.999756
vn -1.000000 0.000000 0.000000
vn -1.000000 0.000000 0.000000
vn -1.000000 0.000000 0.000000
vn -1.000000 0.000000 0.000000
vn 0.000047 -1.000000 -0.000003
vn 0.000045 -1.000000 -0.000005
vn 0.000065 -1.000000 0.000001
vn 0.000098 -1.000000 0.000003
vn 0.000098 -1.000000 0.000003
vn 0.000098 -1.000000 0.000003
vn -0.000414 0.200743 -0.979644
vn -0.001162 0.403195 -0.915114
vn -0.000003 0.203452 -0.979085
vn -0.000010 0.414024 -0.910266
vn 0.157208 -0.987544 0.006565
vn 0.118001 -0.993001 0.004895
vn 0.118482 -0.992956 -0.000000
vn 0.118482 -0.992956 -0.000000
vn 0.000000 1.000000 -0.000000
vn -0.000000 0.998392 -0.056688
vn 0.000000 1.000000 -0.000000
vn -0.000000 0.998392 -0.056688
vn 0.000113 0.099081 -0.995079
vn 0.000090 0.048456 -0.998825
vn -0.000414 0.200743 -0.979644
vn 0.000008 0.000216 -1.000000
vn 0.000702 0.196810 -0.980441
vn -0.021934 0.999353 -0.028498
vn -0.021933 0.998133 -0.056996
vn -0.043875 0.998630 -0.028511
vn -0.043821 0.997415 -0.056955
vn 0.118001 -0.993001 0.004895
vn 0.000000 -1.000000 0.000000
vn 0.118482 -0.992956 -0.000000
vn 0.000000 -1.000000 0.000000
vn 0.569513 0.820741 -0.045155
vn 0.569513 0.820741 -0.045155
vn 0.572662 0.819474 -0.022800
vn 0.572723 0.819444 -0.022345
vn 0.000001 0.521757 -0.853094
vn 0.000001 0.521757 -0.853094
vn 0.000001 0.521757 -0.853094
vn 0.000001 0.521757 -0.853094
vn 0.000000 1.000000 -0.000000
vn -0.000000 0.998392 -0.056688
vn -0.000000 1.000000 -0.000000
vn -0.000000 0.998474 -0.055221
vn 0.007544 0.396241 -0.918116
vn 0.019100 0.397153 -0.917554
vn 0.008588 0.201666 -0.979417
vn 0.005381 0.111736 -0.993723
vn 0.000049 -1.000000 0.000000
vn 0.000047 -1.000000 -0.000003
vn 0.000049 -1.000000 0.000000
vn 0.000065 -1.000000 0.000001
vn -0.000000 0.995754 -0.092056
vn -0.000000 0.995754 -0.092056
vn -0.000000 0.998392 -0.056688
vn -0.000000 0.998474 -0.055221
vn -0.018234 0.027953 -0.999443
vn -0.022374 0.034300 -0.999161
vn -0.017943 -0.028435 -0.999435
vn -0.028145 -0.044604 -0.998608
vn 0.825432 -0.501677 -0.258808
vn 0.804036 -0.528412 -0.272592
vn 0.825432 -0.501677 -0.258808
vn 0.804033 -0.528416 -0.272594
vn 0.239319 -0.186753 0.952811
vn 0.239285 -0.186726 0.952826
vn 0.234242 -0.182792 0.954839
vn 0.234242 -0.182792 0.954839
vn 0.999997 -0.002241 -0.000985
vn 0.999997 -0.002082 -0.000903
vn 0.999997 -0.002241 -0.000985
vn 0.999997 -0.002082 -0.000903
vn -0.000000 1.000000 -0.000000
vn -0.000000 1.000000 -0.000000
vn 0.000000 1.000000 0.000000
vn 0.000000 1.000000 0.000000
vn -0.000000 0.998392 -0.056688
vn -0.000000 0.995754 -0.092056
vn -0.000000 0.998392 -0.056688
vn -0.000000 0.995754 -0.092056
vn -0.000070 -1.000000 -0.000011
vn 0.000045 -1.000000 -0.000005
vn -0.000071 -1.000000 -0.000005
vn 0.000047 -1.000000 -0.000003
vn -0.000005 0.203488 -0.979077
vn -0.000003 0.203452 -0.979085
vn -0.000001 0.414025 -0.910266
vn -0.000010 0.414024 -0.910266
vn 0.686455 -0.018307 -0.726942
vn 0.687033 -0.007956 -0.726583
vn 0.650356 0.210305 -0.729937
vn 0.633934 0.248318 -0.732439
vn 0.005554 0.345662 -0.938343
vn -0.000005 0.203488 -0.979077
vn 0.001102 0.413557 -0.910478
vn -0.000001 0.414025 -0.910266
vn -0.000000 0.998392 -0.056688
vn -0.000000 0.995754 -0.092056
vn -0.000000 0.998392 -0.056688
vn -0.000000 0.995754 -0.092056
vn -0.807131 -0.524469 -0.271057
vn -0.807186 -0.524402 -0.271023
vn -0.785050 -0.550289 -0.284392
vn -0.785050 -0.550289 -0.284392
vn 0.000000 -1.000000 0.000000
vn 0.000000 -1.000000 0.000000
vn 0.000065 -1.000000 0.000001
vn 0.000049 -1.000000 0.000000
vn 0.057435 0.996554 -0.059844
vn 0.058600 0.997804 -0.030862
vn 0.057435 0.996554 -0.059844
vn 0.058635 0.997829 -0.029980
vn -0.000000 1.000000 -0.000000
vn -0.000000 0.998392 -0.056688
vn 0.000000 1.000000 -0.000000
vn -0.000000 0.998392 -0.056688
vn 0.000003 -0.203421 0.979091
vn 0.000003 -0.203422 0.979091
vn 0.000003 -0.398338 0.917239
vn 0.000003 -0.398338 0.917239
vn -0.675314 -0.737529 -0.001504
vn -0.675314 -0.737531 0.000000
vn -0.675315 -0.737530 0.000254
vn -0.675314 -0.737531 0.000000
vn 0.116277 -0.993169 0.009719
vn 0.118001 -0.993001 0.004895
vn 0.233389 -0.972188 0.019507
vn 0.157208 -0.987544 0.006565
vn 0.233389 -0.972188 0.019507
vn 0.233389 -0.972188 0.019507
vn 0.575572 0.817751 -0.000000
vn 0.572662 0.819474 -0.022800
vn 0.575572 0.817751 -0.000000
vn 0.572723 0.819444 -0.022345
vn 0.058600 0.997804 -0.030862
vn 0.059785 0.998211 -0.000000
vn 0.058635 0.997829 -0.029980
vn 0.059785 0.998211 -0.000000
vn -0.000072 -1.000000 0.000000
vn -0.000071 -1.000000 -0.000005
vn 0.000049 -1.000000 0.000000
vn 0.000047 -1.000000 -0.000003
vn -0.000071 -1.000000 -0.000005
vn -0.000092 -1.000000 -0.000002
vn -0.000070 -1.000000 -0.000011
vn -0.000131 -1.000000 -0.000007
vn -0.000131 -1.000000 -0.000007
vn -0.000131 -1.000000 -0.000007
vn 0.000000 1.000000 -0.000000
vn 0.000000 1.000000 -0.000000
vn 0.000000 1.000000 0.000000
vn 0.000000 1.000000 0.000000
vn -0.021951 0.999759 0.000000
vn -0.021934 0.999353 -0.028498
vn -0.043892 0.999036 0.000000
vn -0.043875 0.998630 -0.028511
vn -0.002517 -0.107576 -0.994194
vn 0.000081 -0.103276 -0.994653
vn -0.003409 0.005029 -0.999982
vn 0.000084 0.004614 -0.999989
vn 0.000000 1.000000 -0.000000
vn -0.000000 0.999593 -0.028516
vn 0.000000 1.000000 -0.000000
vn -0.000000 0.999593 -0.028516
vn 0.000340 -1.000000 -0.000003
vn 0.000338 -1.000000 -0.000007
vn 0.000226 -1.000000 -0.000002
vn 0.000338 -1.000000 -0.000007
vn 0.000338 -1.000000 -0.000007
vn 0.000338 -1.000000 -0.000007
vn 0.000000 -1.000000 0.000000
vn 0.000000 -1.000000 0.000000
vn 0.000226 -1.000000 -0.000002
vn 0.000170 -1.000000 0.000000
vn 0.000053 -0.000010 -1.000000
vn 0.000055 0.000000 -1.000000
vn 0.000053 -0.000010 -1.000000
vn 0.000055 0.000001 -1.000000
vn -0.000000 0.998374 -0.057009
vn -0.000000 0.998374 -0.057009
vn -0.000000 0.999593 -0.028516
vn -0.000000 0.999593 -0.028516
vn -0.000086 -0.000000 -1.000000
vn -0.000080 0.000026 -1.000000
vn -0.000086 0.000000 -1.000000
vn -0.000077 0.000032 -1.000000
vn 0.000702 0.196810 -0.980441
vn -0.001084 0.359894 -0.932993
vn 0.001390 0.388924 -0.921269
vn -0.001143 0.385732 -0.922610
vn -0.000001 -1.000000 0.000000
vn -0.000001 -1.000000 0.000000
vn -0.000001 -1.000000 0.000000
vn -0.000001 -1.000000 0.000000
vn 0.000000 1.000000 0.000000
vn 0.000000 1.000000 0.000000
vn 0.000000 1.000000 0.000000
vn 0.000000 1.000000 0.000000
vn 0.000001 1.000000 -0.000000
vn 0.000001 1.000000 -0.000000
vn 0.000001 1.000000 -0.000000
vn 0.000001 1.000000 -0.000000
vn 0.000341 -1.000000 0.000000
vn 0.000340 -1.000000 -0.000003
vn 0.000170 -1.000000 0.000000
vn 0.000226 -1.000000 -0.000002
vn -0.010021 0.382645 -0.923841
vn -0.005171 0.194853 -0.980819
vn -0.013785 0.382628 -0.923800
vn -0.006920 0.191779 -0.981414
vn 1.000000 0.000000 -0.000000
vn 1.000000 0.000001 -0.000001
vn 1.000000 0.000000 -0.000000
vn 1.000000 0.000000 -0.000000
vn -0.003409 0.005029 -0.999982
vn 0.000084 0.004614 -0.999989
vn -0.002377 0.157996 -0.987437
vn 0.000274 0.150455 -0.988617
vn -0.708222 -0.010774 -0.705908
vn -0.709353 0.004170 -0.704841
vn -0.694946 -0.120800 -0.708842
vn -0.694946 -0.120800 -0.708842
vn 0.000321 -0.112161 -0.993690
vn 0.000081 -0.103276 -0.994653
vn -0.001687 -0.118338 -0.992972
vn -0.002517 -0.107576 -0.994194
vn -0.000072 -1.000000 0.000000
vn -0.000072 -1.000000 0.000000
vn -0.000071 -1.000000 -0.000005
vn -0.000092 -1.000000 -0.000002
vn -0.014116 -0.083958 -0.996369
vn -0.013212 -0.085537 -0.996247
vn -0.008222 -0.087175 -0.996159
vn -0.002942 -0.098923 -0.995091
vn -0.917082 -0.398698 0.000001
vn -0.795146 -0.606419 0.000001
vn -0.917082 -0.398698 0.000001
vn -0.866826 -0.498611 0.000001
vn -0.917082 -0.398698 0.000001
vn -0.917083 -0.398697 0.000001
vn -0.795146 -0.606419 0.000001
vn -0.795146 -0.606418 0.000000
vn 0.116277 -0.993169 0.009719
vn 0.000000 -1.000000 0.000000
vn 0.118001 -0.993001 0.004895
vn 0.000000 -1.000000 0.000000
vn 0.000043 0.000049 -1.000000
vn 0.000048 0.000037 -1.000000
vn 0.000053 0.000024 -1.000000
vn 0.000054 0.000019 -1.000000
vn 0.788303 -0.615141 -0.013425
vn 0.788270 -0.615116 -0.016209
vn 0.787683 -0.614658 -0.041841
vn 0.787683 -0.614658 -0.041841
vn 0.000000 0.888458 0.458957
vn 0.000000 0.888458 0.458957
vn 0.000001 0.888459 0.458956
vn 0.000001 0.888459 0.458956
vn 0.999997 -0.002082 -0.000903
vn 0.999997 -0.002082 -0.000903
vn 0.999998 -0.001923 -0.000821
vn 0.999998 -0.001923 -0.000821
vn 0.804033 -0.528416 -0.272594
vn 0.804036 -0.528412 -0.272592
vn 0.781541 -0.554431 -0.286007
vn 0.781541 -0.554431 -0.286007
vn -0.000000 -1.000000 0.000000
vn -0.000000 -1.000000 0.000000
vn -0.382684 -0.923879 0.000000
vn -0.382684 -0.923879 0.000000
vn -0.382684 -0.923879 0.000000
vn -0.382684 -0.923879 0.000000
vn -0.707107 -0.707107 0.000001
vn -0.707107 -0.707107 0.000001
vn -0.707107 -0.707107 0.000001
vn -0.707107 -0.707107 0.000001
vn -0.923880 -0.382683 0.000001
vn -0.923880 -0.382683 0.000001
vn -0.923880 -0.382683 0.000001
vn -0.923880 -0.382683 0.000001
vn -1.000000 -0.000000 0.000001
vn -1.000000 -0.000000 0.000001
vn -1.000000 -0.000000 0.000001
vn -1.000000 -0.000000 0.000001
vn -0.980785 0.195090 0.000001
vn -0.980785 0.195090 0.000001
vn -0.000045 0.000232 -1.000000
vn -0.000051 0.000092 -1.000000
vn -0.000043 0.000244 -1.000000
vn -0.658581 0.210940 -0.722340
vn -0.524052 0.407082 -0.748100
vn -0.639473 0.237318 -0.731269
vn -0.486755 0.463625 -0.740352
vn 0.980785 0.195091 -0.000001
vn 0.980785 0.195091 -0.000001
vn 1.000000 0.000000 -0.000001
vn 1.000000 0.000000 -0.000001
vn 1.000000 0.000000 -0.000001
vn 1.000000 0.000000 -0.000001
vn 0.923880 -0.382684 -0.000001
vn 0.923880 -0.382684 -0.000001
vn 0.923880 -0.382684 -0.000001
vn 0.923880 -0.382684 -0.000001
vn 0.707106 -0.707107 -0.000000
vn 0.707106 -0.707107 -0.000000
vn 0.707106 -0.707107 -0.000000
vn 0.707106 -0.707107 -0.000000
vn 0.382683 -0.923880 -0.000000
vn 0.382683 -0.923880 -0.000000
vn 0.382683 -0.923880 -0.000000
vn 0.382683 -0.923880 -0.000000
vn -0.000000 -1.000000 0.000000
vn -0.000000 -1.000000 0.000000
vn -0.001162 0.403195 -0.915114
vn -0.000414 0.200743 -0.979644
vn 0.001390 0.388924 -0.921269
vn 0.000702 0.196810 -0.980441
vn -0.000000 0.998374 -0.057009
vn -0.000000 0.998374 -0.057009
vn -0.000000 0.999537 -0.030414
vn -0.000000 0.999593 -0.028516
vn -0.000000 0.999537 -0.030414
vn -0.000000 0.999593 -0.028516
vn 0.000000 1.000000 -0.000000
vn 0.000000 1.000000 -0.000000
vn -0.001143 0.385732 -0.922610
vn -0.001084 0.359894 -0.932993
vn -0.010021 0.382645 -0.923841
vn -0.005171 0.194853 -0.980819
vn 0.000000 1.000000 -0.000000
vn -0.000000 0.999593 -0.028516
vn -0.021951 0.999759 0.000000
vn -0.021934 0.999353 -0.028498
vn -0.000000 0.999593 -0.028516
vn -0.000000 0.998374 -0.057009
vn -0.021934 0.999353 -0.028498
vn -0.021933 0.998133 -0.056996
vn 0.000000 0.000294 -1.000000
vn -0.000001 0.000294 -1.000000
vn 0.000039 0.000233 -1.000000
vn 0.000038 0.000256 -1.000000
vn -0.005171 0.194853 -0.980819
vn -0.001084 0.359894 -0.932993
vn -0.000016 0.000240 -1.000000
vn -0.000000 -1.000000 0.000000
vn -0.000000 -1.000000 0.000000
vn -0.382683 -0.923880 0.000000
vn -0.382683 -0.923880 0.000000
vn -0.382683 -0.923880 0.000000
vn -0.382683 -0.923880 0.000000
vn -0.707107 -0.707107 0.000001
vn -0.707107 -0.707107 0.000001
vn -0.707107 -0.707107 0.000001
vn -0.707107 -0.707107 0.000001
vn -0.923880 -0.382683 0.000001
vn -0.923880 -0.382683 0.000001
vn -0.923880 -0.382683 0.000001
vn -0.923880 -0.382683 0.000001
vn -1.000000 0.000000 0.000001
vn -1.000000 0.000000 0.000001
vn -1.000000 0.000000 0.000001
vn -1.000000 0.000000 0.000001
vn -0.980785 0.195090 0.000001
vn -0.980785 0.195090 0.000001
vn 0.980785 0.195090 -0.000001
vn 0.980785 0.195090 -0.000001
vn 1.000000 0.000000 -0.000001
vn 1.000000 0.000000 -0.000001
vn 1.000000 0.000000 -0.000001
vn 1.000000 0.000000 -0.000001
vn 0.923880 -0.382683 -0.000001
vn 0.923880 -0.382683 -0.000001
vn 0.923880 -0.382683 -0.000001
vn 0.923880 -0.382683 -0.000001
vn 0.707107 -0.707107 -0.000000
vn 0.707107 -0.707107 -0.000000
vn 0.707107 -0.707107 -0.000000
vn 0.707107 -0.707107 -0.000000
vn 0.382683 -0.923880 -0.000000
vn 0.382683 -0.923880 -0.000000
vn 0.382683 -0.923880 -0.000000
vn 0.382683 -0.923880 -0.000000
vn -0.000000 -1.000000 0.000000
vn -0.000000 -1.000000 0.000000
vn 0.007544 0.396241 -0.918116
vn 0.001102 0.413557 -0.910478
vn -0.000000 0.442837 -0.896602
vn 0.000389 0.464557 -0.885543
vn 0.000000 1.000000 -0.000000
vn -0.000000 0.998474 -0.055216
vn -0.000000 1.000000 -0.000000
vn -0.000000 0.998392 -0.056688
vn -0.000000 0.442837 -0.896602
vn 0.000389 0.464557 -0.885543
vn -0.000000 0.487929 -0.872883
vn -0.002385 0.486019 -0.873945
vn -0.000000 0.998474 -0.055216
vn -0.000000 0.995754 -0.092056
vn -0.000000 0.998392 -0.056688
vn -0.000000 0.995754 -0.092056
vn 0.008588 0.201666 -0.979417
vn 0.005554 0.345662 -0.938343
vn 0.007544 0.396241 -0.918116
vn 0.001102 0.413557 -0.910478
vn -0.000005 0.000291 -1.000000
vn 0.000006 0.000290 -1.000000
vn 0.000039 0.000234 -1.000000
vn 0.000031 0.000236 -1.000000
vn 0.660435 -0.022589 -0.750544
vn 0.649817 -0.146459 -0.745847
vn 0.661000 -0.008343 -0.750340
vn 0.649817 -0.146459 -0.745847
vn 0.660435 -0.022589 -0.750544
vn 0.661000 -0.008343 -0.750340
vn 0.628543 0.227645 -0.743715
vn 0.614353 0.265898 -0.742878
vn 0.628543 0.227645 -0.743715
vn 0.614353 0.265898 -0.742878
vn 0.535344 0.443843 -0.718617
vn 0.502366 0.505466 -0.701522
vn 0.000013 0.000251 -1.000000
vn 0.008588 0.201666 -0.979417
vn -0.000123 0.050428 -0.998728
vn 0.005381 0.111736 -0.993723
vn -0.000271 0.103148 -0.994666
vn -0.000005 0.203488 -0.979077
vn 0.005554 0.345662 -0.938343
vn -0.000005 0.000197 -1.000000
vn -0.634406 -0.012052 -0.772906
vn -0.634972 0.002145 -0.772532
vn -0.627142 -0.108610 -0.771296
vn -0.627142 -0.108610 -0.771296
vn -0.634406 -0.012052 -0.772906
vn -0.604073 0.206873 -0.769610
vn -0.634972 0.002145 -0.772532
vn -0.589348 0.245736 -0.769599
vn -0.604073 0.206873 -0.769610
vn -0.508208 0.431923 -0.745096
vn -0.589348 0.245736 -0.769599
vn -0.471671 0.502718 -0.724432
vn -0.000005 0.000197 -1.000000
vn -0.000669 0.053980 -0.998542
vn -0.000005 0.203488 -0.979077
vn -0.000003 0.203452 -0.979085
vn -0.000665 0.104619 -0.994512
vn -1.000000 0.000001 0.000001
vn -1.000000 0.000001 0.000001
vn -1.000000 0.000001 0.000001
vn -1.000000 0.000001 0.000001
vn -1.000000 0.000001 0.000001
vn 1.000000 0.000000 -0.000001
vn 1.000000 -0.000000 -0.000001
vn 1.000000 0.000000 -0.000001
vn 1.000000 -0.000001 -0.000001
vn 1.000000 0.000001 -0.000001
vn 1.000000 -0.000000 -0.000001
vn 1.000000 0.000000 -0.000000
vn 1.000000 -0.000000 -0.000001
vn -0.002377 0.157996 -0.987437
vn 0.000274 0.150455 -0.988617
vn -0.000665 0.104619 -0.994512
vn 0.000113 0.099081 -0.995079
vn -0.000001 -0.000001 -1.000000
vn -0.000001 -0.000001 -1.000000
vn -0.000000 -0.000001 -1.000000
vn -0.000000 -0.000001 -1.000000
vn 1.000000 -0.000000 -0.000001
vn 1.000000 0.000000 -0.000000
vn 1.000000 0.000000 -0.000001
vn 1.000000 -0.000000 -0.000001
vn 0.535344 0.443843 -0.718617
vn 0.502366 0.505466 -0.701522
vn 0.436492 0.607090 -0.664016
vn 0.391165 0.663679 -0.637590
vn -0.000039 0.000235 -1.000000
vn -0.000030 0.000035 -1.000000
vn -0.000028 0.000074 -1.000000
vn -0.000034 0.000026 -1.000000
vn -0.000414 0.200743 -0.979644
vn -0.000003 0.203452 -0.979085
vn 0.000113 0.099081 -0.995079
vn -0.000665 0.104619 -0.994512
vn 0.535622 0.435828 -0.723300
vn 0.493653 0.501207 -0.710702
vn 0.427976 0.598414 -0.677301
vn 0.400385 0.646564 -0.649344
vn -0.375630 0.653394 -0.657251
vn -0.486755 0.463625 -0.740352
vn -0.417378 0.572694 -0.705561
vn -0.524052 0.407082 -0.748100
vn 1.000000 -0.000000 -0.000001
vn 1.000000 -0.000002 -0.000001
vn 1.000000 -0.000000 -0.000001
vn 1.000000 -0.000001 -0.000001
vn 0.000000 0.000000 1.000000
vn 0.000000 0.000000 1.000000
vn 0.000000 0.000001 1.000000
vn 0.000000 0.000001 1.000000
vn 0.000000 -0.190329 0.981720
vn 0.000000 -0.190329 0.981720
vn 0.000001 -0.095602 0.995420
vn 0.000001 -0.095602 0.995420
vn 0.000034 -0.000006 -1.000000
vn 0.000034 0.000000 -1.000000
vn 0.000034 -0.000006 -1.000000
vn 0.000034 0.000000 -1.000000
vn 0.000032 0.000012 -1.000000
vn 0.000032 0.000015 -1.000000
vn 0.000030 0.000025 -1.000000
vn 0.000028 0.000034 -1.000000
vn -0.000005 0.000291 -1.000000
vn -0.000039 0.000235 -1.000000
vn 0.000006 0.000290 -1.000000
vn -0.000033 0.000241 -1.000000
vn -0.000036 0.000016 -1.000000
vn -0.000037 0.000000 -1.000000
vn -0.000036 0.000012 -1.000000
vn -0.000037 0.000000 -1.000000
vn -0.000033 0.000241 -1.000000
vn -0.000039 0.000235 -1.000000
vn -0.000028 0.000074 -1.000000
vn 0.000030 0.000025 -1.000000
vn 0.000028 0.000034 -1.000000
vn 0.000026 0.000064 -1.000000
vn 0.000039 0.000234 -1.000000
vn -0.002788 0.809137 -0.587613
vn 0.023282 0.806059 -0.591378
vn 0.251727 0.747878 -0.614257
vn 0.299883 0.726229 -0.618596
vn 0.000034 0.000000 -1.000000
vn 0.000034 0.000000 -1.000000
vn 0.000032 0.000012 -1.000000
vn 0.000032 0.000015 -1.000000
vn 0.000026 0.000064 -1.000000
vn 0.000039 0.000234 -1.000000
vn 0.000031 0.000236 -1.000000
vn -0.000037 0.000000 -1.000000
vn -0.000037 0.000000 -1.000000
vn -0.000037 -0.000007 -1.000000
vn -0.000037 -0.000007 -1.000000
vn -0.000030 0.000035 -1.000000
vn -0.000036 0.000016 -1.000000
vn -0.000034 0.000026 -1.000000
vn -0.000036 0.000012 -1.000000
vn -0.002377 0.157996 -0.987437
vn -0.000665 0.104619 -0.994512
vn -0.004143 0.183674 -0.982979
vn -0.000669 0.053980 -0.998542
vn -0.000760 0.156241 -0.987719
vn -0.000693 0.172492 -0.985011
vn -0.000271 0.103148 -0.994666
vn -0.000123 0.050428 -0.998728
vn -0.005249 -0.020629 -0.999773
vn -0.000423 0.030441 -0.999536
vn -0.000760 0.156241 -0.987719
vn -0.000693 0.172492 -0.985011
vn -0.008222 -0.087175 -0.996159
vn 0.000752 -0.096240 -0.995358
vn -0.005249 -0.020629 -0.999773
vn -0.000423 0.030441 -0.999536
vn -0.008222 -0.087175 -0.996159
vn -0.002942 -0.098923 -0.995091
vn 0.000752 -0.096240 -0.995358
vn 0.001041 -0.104107 -0.994566
vn -0.508208 0.431923 -0.745096
vn -0.417557 0.606656 -0.676473
vn -0.471671 0.502718 -0.724432
vn -0.396194 0.662770 -0.635426
vn -0.003409 0.005029 -0.999982
vn -0.002377 0.157996 -0.987437
vn -0.006881 0.029725 -0.999534
vn -0.004143 0.183674 -0.982979
vn -0.002517 -0.107576 -0.994194
vn -0.003409 0.005029 -0.999982
vn -0.005192 -0.109883 -0.993931
vn -0.006881 0.029725 -0.999534
vn -0.001687 -0.118338 -0.992972
vn -0.002517 -0.107576 -0.994194
vn -0.003465 -0.125472 -0.992091
vn -0.005192 -0.109883 -0.993931
vn 0.493653 0.501207 -0.710702
vn 0.535622 0.435828 -0.723300
vn 0.633934 0.248318 -0.732439
vn 0.650356 0.210305 -0.729937
vn -0.002788 0.809137 -0.587613
vn -0.259499 0.769087 -0.584094
vn 0.023282 0.806059 -0.591378
vn -0.299511 0.745963 -0.594839
vn -0.259499 0.769087 -0.584094
vn -0.396194 0.662770 -0.635426
vn -0.299511 0.745963 -0.594839
vn -0.417557 0.606656 -0.676473
vn 0.005554 0.345662 -0.938343
vn 0.008588 0.201666 -0.979417
vn 0.000013 0.000251 -1.000000
vn 0.436492 0.607090 -0.664016
vn 0.391165 0.663679 -0.637590
vn 0.299883 0.726229 -0.618596
vn 0.251727 0.747878 -0.614257
vn 0.000081 -0.103276 -0.994653
vn 0.000321 -0.112161 -0.993690
vn 0.000116 -0.101832 -0.994802
vn 0.000548 -0.113110 -0.993582
vn -0.019808 -0.107573 -0.994000
vn -0.021544 0.013650 -0.999675
vn -0.019514 -0.108808 -0.993871
vn -0.021123 0.033069 -0.999230
vn 0.000000 0.000294 -1.000000
vn -0.000045 0.000232 -1.000000
vn -0.000001 0.000294 -1.000000
vn -0.000043 0.000244 -1.000000
vn -0.000045 0.000232 -1.000000
vn -0.000058 0.000062 -1.000000
vn -0.000051 0.000092 -1.000000
vn -0.000067 0.000049 -1.000000
vn 0.000420 0.166608 -0.986023
vn 0.000274 0.150455 -0.988617
vn 0.000250 0.025697 -0.999670
vn 0.000084 0.004614 -0.999989
vn 0.000055 0.000001 -1.000000
vn 0.000055 0.000000 -1.000000
vn 0.000054 0.000019 -1.000000
vn 0.000053 0.000024 -1.000000
vn -0.000058 0.000062 -1.000000
vn -0.000077 0.000032 -1.000000
vn -0.000067 0.000049 -1.000000
vn -0.000080 0.000026 -1.000000
vn 0.000048 0.000037 -1.000000
vn 0.000043 0.000049 -1.000000
vn 0.000039 0.000085 -1.000000
vn 0.000039 0.000233 -1.000000
vn -0.000086 -0.000000 -1.000000
vn -0.000086 0.000000 -1.000000
vn -0.000085 -0.000015 -1.000000
vn -0.000085 -0.000015 -1.000000
vn 0.000779 0.817954 -0.575283
vn -0.000803 0.817941 -0.575302
vn 0.259046 0.751629 -0.606588
vn 0.271191 0.744727 -0.609784
vn -0.417378 0.572694 -0.705561
vn -0.260195 0.747596 -0.611063
vn -0.375630 0.653394 -0.657251
vn -0.237889 0.760038 -0.604773
vn 0.000039 0.000085 -1.000000
vn 0.000039 0.000233 -1.000000
vn 0.000038 0.000256 -1.000000
vn 0.686455 -0.018307 -0.726942
vn 0.676509 -0.122433 -0.726186
vn 0.687033 -0.007956 -0.726583
vn 0.676509 -0.122433 -0.726186
vn 0.000274 0.150455 -0.988617
vn 0.000420 0.166608 -0.986023
vn 0.000113 0.099081 -0.995079
vn 0.000090 0.048456 -0.998825
vn 0.000081 -0.103276 -0.994653
vn 0.000116 -0.101832 -0.994802
vn 0.000084 0.004614 -0.999989
vn 0.000250 0.025697 -0.999670
vn -0.708222 -0.010774 -0.705908
vn -0.658581 0.210940 -0.722340
vn -0.709353 0.004170 -0.704841
vn -0.639473 0.237318 -0.731269
vn -0.001776 0.060108 -0.998190
vn -0.011053 0.185183 -0.982642
vn -0.003267 0.111222 -0.993790
vn -0.012869 0.170221 -0.985322
vn -0.021544 0.013650 -0.999675
vn -0.012869 0.170221 -0.985322
vn -0.021123 0.033069 -0.999230
vn -0.011053 0.185183 -0.982642
vn -0.019808 -0.107573 -0.994000
vn -0.019514 -0.108808 -0.993871
vn -0.014643 -0.129270 -0.991501
vn -0.014643 -0.129270 -0.991501
vn -0.000016 0.000240 -1.000000
vn -0.001776 0.060108 -0.998190
vn -0.005171 0.194853 -0.980819
vn -0.006920 0.191779 -0.981414
vn -0.003267 0.111222 -0.993790
vn 0.427976 0.598414 -0.677301
vn 0.400385 0.646564 -0.649344
vn 0.271191 0.744727 -0.609784
vn 0.259046 0.751629 -0.606588
vn 0.000779 0.817954 -0.575283
vn -0.237889 0.760038 -0.604773
vn -0.000803 0.817941 -0.575302
vn -0.260195 0.747596 -0.611063
vn -0.001084 0.359894 -0.932993
vn 0.000702 0.196810 -0.980441
vn 0.000008 0.000216 -1.000000
vn -1.000000 0.000002 0.000000
vn -1.000000 0.000003 0.000000
vn -1.000000 0.000002 0.000000
vn -1.000000 0.000003 0.000000
vn -1.000000 0.000000 0.000000
vn -1.000000 -0.000000 0.000000
vn -1.000000 0.000002 0.000000
vn -1.000000 0.000002 0.000000
vn -1.000000 0.000003 0.000000
vn -1.000000 0.000000 -0.000000
vn -1.000000 0.000003 0.000000
vn -1.000000 0.000000 -0.000000
vn -1.000000 0.000001 0.000000
vn -1.000000 0.000001 0.000000
vn -1.000000 0.000001 0.000000
vn -1.000000 0.000002 0.000000
vn -1.000000 0.000000 0.000000
vn -1.000000 -0.000000 0.000000
vn -1.000000 0.000000 0.000000
vn -1.000000 -0.000000 0.000000
vn -1.000000 0.000000 -0.000000
vn -1.000000 -0.000002 -0.000000
vn -1.000000 0.000000 -0.000000
vn -1.000000 -0.000002 -0.000000
vn -1.000000 -0.000002 -0.000000
vn -1.000000 -0.000002 -0.000000
vn -1.000000 0.000001 0.000000
vn -1.000000 0.000001 0.000000
vn -1.000000 0.000001 0.000000
vn -1.000000 -0.000000 0.000000
vn -1.000000 0.000002 0.000000
vn -1.000000 0.000000 0.000000
vn -1.000000 -0.000003 0.000001
vn -1.000000 -0.000002 0.000001
vn -1.000000 0.000000 0.000001
vn -1.000000 0.000000 0.000001
vn -1.000000 0.000000 0.000001
vn -1.000000 0.000000 0.000001
vn -1.000000 -0.000002 0.000001
vn -1.000000 -0.000002 0.000001
vn -1.000000 -0.000002 0.000001
vn -1.000000 -0.000002 0.000001
vn -1.000000 -0.000002 0.000001
vn -1.000000 -0.000003 0.000001
vn 0.000001 -0.998374 0.057009
vn 0.000001 -0.998374 0.057009
vn 0.000001 -0.998374 0.057009
vn 0.000001 -0.998374 0.057009
vn -0.000000 -0.000001 -1.000000
vn -0.000000 -0.000001 -1.000000
vn 0.000000 0.000000 -1.000000
vn 0.000000 0.000000 -1.000000
vn 0.000001 -0.095602 0.995420
vn 0.000001 -0.095602 0.995420
vn 0.000003 -0.203421 0.979091
vn 0.000003 -0.203422 0.979091
vn 0.000000 1.000000 -0.000000
vn 0.000000 1.000000 -0.000000
vn 0.000000 1.000000 -0.000000
vn 0.000000 1.000000 -0.000000
vn -0.000001 0.000000 -1.000000
vn -0.000001 0.000000 -1.000000
vn -0.000001 -0.000001 -1.000000
vn -0.000001 -0.000001 -1.000000
vn -1.000000 0.000002 0.000001
vn -1.000000 0.000002 0.000001
vn -1.000000 0.000002 0.000000
vn -1.000000 0.000002 0.000000
vn -1.000000 0.000002 0.000000
vn -1.000000 -0.000000 0.000000
vn -1.000000 0.000002 0.000000
vn -1.000000 -0.000001 0.000000
vn -1.000000 0.000001 0.000000
vn -1.000000 -0.000000 0.000001
vn -1.000000 -0.000000 0.000000
vn -1.000000 -0.000000 0.000001
vn -1.000000 -0.000001 0.000000
vn -1.000000 -0.000000 0.000000
vn -1.000000 -0.000001 0.000000
vn -1.000000 -0.000000 0.000000
vn -1.000000 -0.000001 0.000000
vn -1.000000 -0.000000 0.000000
vn -1.000000 -0.000000 0.000000
vn -1.000000 0.000001 0.000000
vn -1.000000 0.000001 0.000001
vn -1.000000 0.000000 0.000001
vn -1.000000 0.000003 0.000001
vn -1.000000 0.000001 0.000001
vn -1.000000 0.000000 0.000001
vn -1.000000 0.000000 0.000001
vn -1.000000 -0.000000 0.000001
vn -1.000000 -0.000001 0.000001
vn -1.000000 -0.000001 0.000001
vn -1.000000 0.000000 0.000001
vn -1.000000 -0.000000 0.000001
vn -1.000000 0.000001 0.000001
vn 0.000000 0.000001 1.000000
vn 0.000000 0.000001 1.000000
vn 0.000000 0.000000 1.000000
vn 0.000000 0.000000 1.000000
vn 0.000000 0.000001 1.000000
vn 0.000000 0.000001 1.000000
vn 0.000000 0.000001 1.000000
vn 0.000000 0.000001 1.000000
vn 0.000000 -1.000000 0.000000
vn 0.000000 -1.000000 0.000000
vn 0.000000 -1.000000 0.000000
vn 0.000000 -1.000000 0.000000
vn -0.943194 -0.332242 0.000001
vn -0.943194 -0.332241 0.000001
vn -0.943194 -0.332242 0.000001
vn -0.943194 -0.332241 0.000001
vn -0.017943 -0.028435 -0.999435
vn -0.028145 -0.044604 -0.998608
vn -0.022484 -0.035633 -0.999112
vn -0.024621 -0.039019 -0.998935
vn -0.917646 0.397399 0.000000
vn -0.917646 0.397399 0.000000
vn -0.917646 0.397399 0.000000
vn -0.917646 0.397399 0.000000
vn 0.126273 -0.193580 0.972924
vn 0.000001 0.000000 1.000000
vn 0.112460 -0.172404 0.978585
vn 0.000001 0.000000 1.000000
vn -0.000001 -1.000000 0.000000
vn -0.000001 -1.000000 0.000000
vn -0.000001 -1.000000 0.000000
vn -0.000001 -1.000000 0.000000
vn 0.000000 -0.445406 -0.895329
vn 0.000000 -0.445406 -0.895329
vn 0.000000 -0.445406 -0.895329
vn 0.000000 -0.445406 -0.895329
vn -0.982535 0.001769 -0.186067
vn -0.984001 0.020180 -0.177017
vn -0.938754 0.003921 -0.344567
vn -0.938334 0.039160 -0.343506
vn 0.450881 -0.892584 -0.000000
vn 0.450881 -0.892584 -0.000000
vn 0.450883 -0.892583 -0.000000
vn 0.450884 -0.892583 -0.000000
vn 1.000000 0.000000 -0.000001
vn 1.000000 -0.000001 -0.000000
vn 1.000000 0.000000 -0.000001
vn 1.000000 -0.000001 -0.000001
vn -0.795146 -0.606418 0.000000
vn -0.627079 -0.778956 0.000000
vn -0.795146 -0.606419 0.000001
vn -0.627078 -0.778957 0.000000
vn 1.000000 0.000000 -0.000000
vn 1.000000 0.000000 -0.000001
vn 1.000000 0.000000 -0.000001
vn 1.000000 0.000000 -0.000001
vn 1.000000 0.000001 -0.000001
vn 1.000000 0.000001 -0.000001
vn 1.000000 0.000003 -0.000001
vn 1.000000 0.000003 -0.000001
vn 0.130143 0.206252 0.969806
vn 0.104814 -0.160682 0.981425
vn 0.084974 0.134667 0.987241
vn 0.086516 -0.132631 0.987383
vn 0.030718 0.022400 -0.999277
vn 0.015979 0.011652 -0.999804
vn -0.024977 0.038291 -0.998955
vn -0.027115 0.041567 -0.998768
vn 1.000000 -0.000003 -0.000001
vn 1.000000 -0.000002 -0.000000
vn 1.000000 -0.000002 -0.000001
vn 1.000000 -0.000001 -0.000000
vn 1.000000 0.000001 -0.000001
vn 1.000000 -0.000001 -0.000001
vn 1.000000 0.000001 -0.000001
vn 1.000000 -0.000001 -0.000001
vn 1.000000 -0.000001 -0.000000
vn 1.000000 -0.000002 -0.000000
vn 1.000000 0.000000 -0.000000
vn 1.000000 -0.000001 -0.000000
vn 1.000000 0.000000 -0.000001
vn -1.000000 0.000001 0.000001
vn -1.000000 0.000001 0.000001
vn -1.000000 0.000001 0.000001
vn -1.000000 0.000001 0.000001
vn 1.000000 -0.000001 -0.000001
vn 1.000000 -0.000001 -0.000000
vn 1.000000 -0.000003 -0.000001
vn 1.000000 -0.000002 -0.000000
vn 0.115977 0.183801 0.976098
vn 0.130143 0.206252 0.969806
vn 0.101827 0.161376 0.981626
vn 0.084974 0.134667 0.987241
vn 0.461493 0.887144 -0.000000
vn 0.461494 0.887144 -0.000000
vn 0.461492 0.887144 -0.000000
vn 0.461494 0.887144 -0.000000
vn 1.000000 -0.000001 -0.000001
vn 1.000000 -0.000001 -0.000001
vn 1.000000 -0.000002 -0.000001
vn 1.000000 -0.000001 -0.000001
vn -0.627078 -0.778957 0.000000
vn -0.627079 -0.778956 0.000000
vn -0.795146 -0.606419 0.000001
vn -0.866826 -0.498611 0.000001
vn 0.461496 0.887142 -0.000000
vn 0.461496 0.887142 -0.000000
vn 0.461492 0.887144 -0.000000
vn 0.461493 0.887144 -0.000000
vn 0.008222 -0.006905 -0.999942
vn 0.047282 0.005048 -0.998869
vn 0.024705 -0.020748 -0.999480
vn 0.046467 -0.000464 -0.998920
vn -0.917646 0.397399 0.000000
vn -0.917646 0.397399 0.000000
vn -0.917646 0.397399 0.000000
vn -0.917646 0.397399 0.000000
vn -0.943194 -0.332242 0.000000
vn -0.943194 -0.332242 0.000000
vn -0.943194 -0.332242 0.000000
vn -0.943194 -0.332242 0.000000
vn 0.000001 1.000000 0.000000
vn 0.000001 1.000000 0.000000
vn 0.000001 1.000000 0.000000
vn 0.000001 1.000000 0.000000
vn 0.000001 1.000000 0.000000
vn 0.000001 1.000000 0.000000
vn 0.000001 1.000000 0.000000
vn 0.000001 1.000000 0.000000
vn -0.839153 -0.543896 0.000002
vn -0.943195 -0.332241 0.000002
vn -0.840785 -0.541369 0.000002
vn -0.943195 -0.332241 0.000002
vn -0.917646 0.397398 0.000002
vn -0.917646 0.397398 0.000002
vn -0.917646 0.397398 0.000002
vn -0.917646 0.397398 0.000002
vn 0.723525 0.690298 -0.000002
vn 0.723525 0.690298 -0.000002
vn 0.723525 0.690298 -0.000002
vn 0.723525 0.690298 -0.000002
vn 1.000000 -0.000001 -0.000003
vn 1.000000 -0.000001 -0.000003
vn 1.000000 -0.000001 -0.000003
vn 1.000000 -0.000001 -0.000003
vn 1.000000 -0.000001 -0.000003
vn 1.000000 -0.000001 -0.000003
vn 1.000000 -0.000001 -0.000003
vn 1.000000 -0.000001 -0.000003
vn -0.000000 -1.000000 0.000000
vn -0.000000 -1.000000 0.000000
vn -0.000000 -1.000000 0.000000
vn -0.000000 -1.000000 0.000000
vn 0.115977 0.183801 0.976098
vn 0.101827 0.161376 0.981626
vn 0.000001 -0.000000 1.000000
vn 0.000001 -0.000000 1.000000
vn 0.000001 -0.000000 1.000000
vn -0.027115 0.041567 -0.998768
vn -0.022374 0.034300 -0.999161
vn -0.024977 0.038291 -0.998955
vn -0.018234 0.027953 -0.999443
vn 0.000001 -0.000000 1.000000
vn 0.000001 -0.000000 1.000000
vn 0.000001 -0.000000 1.000000
vn 0.000001 -0.000000 1.000000
vn -0.024621 -0.039019 -0.998935
vn -0.000001 0.000000 -1.000000
vn -0.022484 -0.035633 -0.999112
vn 0.008222 -0.006905 -0.999942
vn 0.024705 -0.020748 -0.999480
vn 0.086516 -0.132631 0.987383
vn 0.104814 -0.160682 0.981425
vn 0.112460 -0.172404 0.978585
vn 0.126273 -0.193580 0.972924
vn 0.046467 -0.000464 -0.998920
vn 0.047282 0.005048 -0.998869
vn 0.030718 0.022400 -0.999277
vn 0.015979 0.011652 -0.999804
vn 0.000001 0.000000 1.000000
vn 0.000001 -0.000000 1.000000
vn 0.000001 0.000000 1.000000
vn 0.000001 -0.000000 1.000000
vn 1.000000 -0.000002 -0.000000
vn 1.000000 -0.000003 0.000000
vn 1.000000 -0.000001 -0.000000
vn 1.000000 -0.000002 0.000000
vn -0.984033 0.177987 -0.000000
vn -1.000000 -0.000004 0.000000
vn -0.984031 0.164446 -0.068114
vn -1.000000 0.000009 0.000000
vn -0.984032 -0.164443 0.068114
vn -1.000000 -0.000003 0.000000
vn -0.984032 -0.125863 0.125859
vn -1.000000 -0.000007 0.000000
vn 1.000000 0.000002 -0.000000
vn 1.000000 0.000003 0.000000
vn 1.000000 0.000002 -0.000000
vn 1.000000 0.000003 0.000000
vn 1.000000 -0.000001 -0.000001
vn 1.000000 -0.000002 -0.000001
vn 1.000000 -0.000000 -0.000001
vn 1.000000 0.000000 -0.000001
vn -0.984032 -0.000002 0.177991
vn -1.000000 -0.000003 0.000000
vn -0.984032 0.068114 0.164442
vn -1.000000 -0.000000 0.000000
vn -0.984032 -0.068117 -0.164440
vn -1.000000 -0.000003 0.000001
vn -0.984032 -0.125861 -0.125857
vn -1.000000 -0.000004 0.000001
vn 1.000000 -0.000000 -0.000001
vn 1.000000 0.000000 -0.000001
vn 1.000000 0.000001 -0.000000
vn 1.000000 0.000002 0.000000
vn 1.000000 0.000001 -0.000000
vn 1.000000 0.000002 0.000000
vn 1.000000 -0.000002 -0.000000
vn 1.000000 -0.000003 0.000000
vn -0.984031 0.164446 -0.068114
vn -1.000000 0.000009 0.000000
vn -0.984031 0.125865 -0.125858
vn -1.000000 0.000010 0.000001
vn -0.984032 -0.125863 0.125859
vn -1.000000 -0.000007 0.000000
vn -0.984032 -0.068114 0.164442
vn -1.000000 0.000000 0.000000
vn 1.000000 0.000003 -0.000000
vn 1.000000 0.000005 0.000000
vn 1.000000 0.000002 -0.000000
vn 1.000000 0.000003 0.000000
vn 1.000000 -0.000000 -0.000000
vn 1.000000 0.000000 0.000000
vn 1.000000 -0.000001 -0.000001
vn 1.000000 -0.000002 -0.000001
vn -0.984032 0.068114 0.164442
vn -1.000000 -0.000000 0.000000
vn -0.984031 0.125863 0.125860
vn -1.000000 0.000008 0.000000
vn 1.000000 0.000001 -0.000000
vn 1.000000 -0.000002 -0.000000
vn 1.000000 0.000002 -0.000000
vn 1.000000 -0.000001 -0.000000
vn 1.000000 0.000001 -0.000000
vn 1.000000 -0.000000 -0.000000
vn 1.000000 -0.000001 -0.000001
vn 1.000000 -0.000000 -0.000001
vn 1.000000 -0.000002 -0.000000
vn 1.000000 -0.000003 -0.000001
vn 1.000000 -0.000000 -0.000001
vn 1.000000 0.000001 -0.000000
vn 1.000000 -0.000001 -0.000000
vn 1.000000 -0.000000 -0.000000
vn 1.000000 0.000003 -0.000000
vn 1.000000 0.000002 -0.000000
vn -0.984032 -0.125861 -0.125857
vn -1.000000 -0.000004 0.000001
vn -0.984032 -0.164444 -0.068114
vn -1.000000 -0.000004 0.000000
vn 1.000000 -0.000003 -0.000001
vn 1.000000 -0.000005 -0.000001
vn 1.000000 -0.000000 -0.000001
vn 1.000000 0.000000 -0.000001
vn 0.000001 0.923879 0.382686
vn 0.000000 0.707106 0.707108
vn 0.000001 0.923879 0.382686
vn 0.000000 0.707106 0.707108
vn -0.956839 -0.111218 0.268495
vn -0.984032 -0.068114 0.164442
vn -0.956840 0.000002 0.290616
vn -0.984032 -0.000002 0.177991
vn -0.956840 -0.205497 0.205496
vn -0.984032 -0.125863 0.125859
vn -0.956839 -0.111218 0.268495
vn -0.984032 -0.068114 0.164442
vn -0.956840 -0.268492 0.111215
vn -0.984032 -0.164443 0.068114
vn -0.956840 -0.205497 0.205496
vn -0.984032 -0.125863 0.125859
vn -0.956840 -0.290615 -0.000000
vn -0.984033 -0.177988 -0.000000
vn -0.956840 -0.268492 0.111215
vn -0.984032 -0.164443 0.068114
vn -0.956840 -0.268493 -0.111214
vn -0.984032 -0.164444 -0.068114
vn -0.956840 -0.290615 -0.000000
vn -0.984033 -0.177988 -0.000000
vn -0.956840 -0.205497 -0.205496
vn -0.984032 -0.125861 -0.125857
vn -0.956840 -0.268493 -0.111214
vn -0.984032 -0.164444 -0.068114
vn -0.956840 -0.111215 -0.268492
vn -0.984032 -0.068117 -0.164440
vn -0.956840 -0.205497 -0.205496
vn -0.984032 -0.125861 -0.125857
vn -0.956840 -0.000001 -0.290615
vn -0.984032 -0.000001 -0.177990
vn -0.956840 -0.111215 -0.268492
vn -0.984032 -0.068117 -0.164440
vn -0.956840 0.111216 -0.268493
vn -0.984032 0.068118 -0.164440
vn -0.956840 -0.000001 -0.290615
vn -0.984032 -0.000001 -0.177990
vn -0.956840 0.205497 -0.205497
vn -0.984031 0.125865 -0.125858
vn -0.956840 0.111216 -0.268493
vn -0.984032 0.068118 -0.164440
vn -0.956840 0.268491 -0.111214
vn -0.984031 0.164446 -0.068114
vn -0.956840 0.205497 -0.205497
vn -0.984031 0.125865 -0.125858
vn -0.956841 0.290614 0.000000
vn -0.984033 0.177987 -0.000000
vn -0.956840 0.268491 -0.111214
vn -0.984031 0.164446 -0.068114
vn -0.956840 0.268493 0.111214
vn -0.984033 0.164439 0.068114
vn -0.956841 0.290614 0.000000
vn -0.984033 0.177987 -0.000000
vn -0.956840 0.205495 0.205498
vn -0.984031 0.125863 0.125860
vn -0.956840 0.268493 0.111214
vn -0.984033 0.164439 0.068114
vn -0.956840 0.111216 0.268494
vn -0.984032 0.068114 0.164442
vn -0.956840 0.205495 0.205498
vn -0.984031 0.125863 0.125860
vn -0.956840 0.000002 0.290616
vn -0.984032 -0.000002 0.177991
vn -0.956840 0.111216 0.268494
vn -0.984032 0.068114 0.164442
vn -1.000000 0.000000 -0.000000
vn -0.956839 -0.111218 0.268495
vn -0.956840 0.000002 0.290616
vn -1.000000 0.000000 -0.000000
vn -0.956840 -0.205497 0.205496
vn -0.956839 -0.111218 0.268495
vn -1.000000 0.000000 -0.000000
vn -0.956840 -0.268492 0.111215
vn -0.956840 -0.205497 0.205496
vn -1.000000 0.000000 -0.000000
vn -0.956840 -0.290615 -0.000000
vn -0.956840 -0.268492 0.111215
vn -1.000000 0.000000 -0.000000
vn -0.956840 -0.268493 -0.111214
vn -0.956840 -0.290615 -0.000000
vn -1.000000 0.000000 -0.000000
vn -0.956840 -0.205497 -0.205496
vn -0.956840 -0.268493 -0.111214
vn -1.000000 0.000000 -0.000000
vn -0.956840 -0.111215 -0.268492
vn -0.956840 -0.205497 -0.205496
vn -1.000000 0.000000 -0.000000
vn -0.956840 -0.000001 -0.290615
vn -0.956840 -0.111215 -0.268492
vn -1.000000 0.000000 -0.000000
vn -0.956840 0.111216 -0.268493
vn -0.956840 -0.000001 -0.290615
vn -1.000000 0.000000 -0.000000
vn -0.956840 0.205497 -0.205497
vn -0.956840 0.111216 -0.268493
vn -1.000000 0.000000 -0.000000
vn -0.956840 0.268491 -0.111214
vn -0.956840 0.205497 -0.205497
vn -1.000000 0.000000 -0.000000
vn -0.956841 0.290614 0.000000
vn -0.956840 0.268491 -0.111214
vn -1.000000 0.000000 -0.000000
vn -0.956840 0.268493 0.111214
vn -0.956841 0.290614 0.000000
vn -1.000000 0.000000 -0.000000
vn -0.956840 0.205495 0.205498
vn -0.956840 0.268493 0.111214
vn -1.000000 0.000000 -0.000000
vn -0.956840 0.111216 0.268494
vn -0.956840 0.205495 0.205498
vn -1.000000 0.000000 -0.000000
vn -0.956840 0.000002 0.290616
vn -0.956840 0.111216 0.268494
vn 0.000001 1.000000 0.000000
vn 0.000001 0.923879 0.382686
vn 0.000001 1.000000 0.000000
vn 0.000001 0.923879 0.382686
vn 0.000000 0.923879 -0.382686
vn 0.000001 1.000000 0.000000
vn 0.000000 0.923879 -0.382686
vn 0.000001 1.000000 0.000000
vn 0.000000 0.707107 -0.707107
vn 0.000000 0.923879 -0.382686
vn 0.000000 0.707107 -0.707107
vn 0.000000 0.923879 -0.382686
vn 0.000000 0.382684 -0.923879
vn 0.000000 0.707107 -0.707107
vn 0.000000 0.382685 -0.923879
vn 0.000000 0.707107 -0.707107
vn 0.000000 -0.000004 -1.000000
vn 0.000000 0.382684 -0.923879
vn 0.000000 -0.000004 -1.000000
vn 0.000000 0.382685 -0.923879
vn 0.000000 -0.382685 -0.923879
vn 0.000000 -0.000004 -1.000000
vn 0.000000 -0.382685 -0.923879
vn 0.000000 -0.000004 -1.000000
vn 0.000000 -0.707104 -0.707109
vn 0.000000 -0.382685 -0.923879
vn 0.000000 -0.707105 -0.707109
vn 0.000000 -0.382685 -0.923879
vn -0.000000 -0.923879 -0.382685
vn 0.000000 -0.707104 -0.707109
vn -0.000000 -0.923879 -0.382685
vn 0.000000 -0.707105 -0.707109
vn -0.000000 -1.000000 0.000000
vn -0.000000 -0.923879 -0.382685
vn -0.000000 -1.000000 0.000000
vn -0.000000 -0.923879 -0.382685
vn -0.000001 -0.923879 0.382685
vn -0.000000 -1.000000 0.000000
vn -0.000001 -0.923879 0.382685
vn -0.000000 -1.000000 0.000000
vn -0.000000 -0.707106 0.707108
vn -0.000001 -0.923879 0.382685
vn -0.000000 -0.707106 0.707108
vn -0.000001 -0.923879 0.382685
vn 0.000000 -0.382684 0.923880
vn -0.000000 -0.707106 0.707108
vn 0.000000 -0.382684 0.923880
vn -0.000000 -0.707106 0.707108
vn 0.000000 -0.000000 1.000000
vn 0.000000 -0.382684 0.923880
vn 0.000000 -0.000000 1.000000
vn 0.000000 -0.382684 0.923880
vn 0.000000 0.707106 0.707108
vn 0.000000 0.382683 0.923880
vn 0.000000 0.707106 0.707108
vn 0.000000 0.382683 0.923880
vn 0.000000 0.382683 0.923880
vn 0.000000 -0.000000 1.000000
vn 0.000000 0.382683 0.923880
vn 0.000000 -0.000000 1.000000
vn 1.000000 0.000001 -0.000000
vn 1.000000 0.000002 0.000000
vn 1.000000 -0.000001 -0.000000
vn 1.000000 -0.000002 0.000000
vn -0.984032 -0.000001 -0.177990
vn -1.000000 -0.000000 0.000000
vn -0.984032 -0.068117 -0.164440
vn -1.000000 -0.000003 0.000001
vn 1.000000 -0.000000 -0.000001
vn 1.000000 0.000000 -0.000001
vn 1.000000 -0.000002 -0.000000
vn 1.000000 -0.000003 0.000000
vn -0.984033 -0.177988 -0.000000
vn -1.000000 0.000004 0.000000
vn -0.984032 -0.164443 0.068114
vn -1.000000 -0.000003 0.000000
vn -0.984033 0.164439 0.068114
vn -1.000000 -0.000003 0.000000
vn -0.984033 0.177987 -0.000000
vn -1.000000 -0.000004 0.000000
vn 1.000000 -0.000001 -0.000000
vn 1.000000 -0.000002 0.000000
vn 1.000000 0.000001 -0.000000
vn 1.000000 0.000002 0.000000
vn 1.000000 -0.000001 -0.000000
vn 1.000000 -0.000002 0.000000
vn 1.000000 -0.000000 -0.000000
vn 1.000000 -0.000000 0.000000
vn -0.984032 0.068118 -0.164440
vn -1.000000 0.000007 0.000001
vn -0.984032 -0.000001 -0.177990
vn -1.000000 -0.000000 0.000000
vn 1.000000 -0.000002 -0.000000
vn 1.000000 -0.000003 0.000000
vn 1.000000 -0.000003 -0.000001
vn 1.000000 -0.000005 -0.000001
vn -0.984032 -0.164444 -0.068114
vn -1.000000 -0.000004 0.000000
vn -0.984033 -0.177988 -0.000000
vn -1.000000 0.000004 0.000000
vn -0.984031 0.125863 0.125860
vn -1.000000 0.000008 0.000000
vn -0.984033 0.164439 0.068114
vn -1.000000 -0.000003 0.000000
vn -0.984032 -0.068114 0.164442
vn -1.000000 0.000000 0.000000
vn -0.984032 -0.000002 0.177991
vn -1.000000 -0.000003 0.000000
vn 1.000000 0.000001 -0.000000
vn 1.000000 0.000002 0.000000
vn 1.000000 -0.000000 -0.000000
vn 1.000000 0.000000 0.000000
vn 1.000000 -0.000000 -0.000000
vn 1.000000 -0.000000 0.000000
vn 1.000000 0.000003 -0.000000
vn 1.000000 0.000005 0.000000
vn 1.000000 0.000002 -0.000000
vn 1.000000 0.000003 0.000000
vn 1.000000 0.000001 -0.000000
vn 1.000000 0.000002 0.000000
vn -0.984031 0.125865 -0.125858
vn -1.000000 0.000010 0.000001
vn -0.984032 0.068118 -0.164440
vn -1.000000 0.000007 0.000001
vn 1.000000 0.000001 -0.000000
vn 1.000000 0.000003 0.000000
vn 1.000000 -0.000001 -0.000000
vn 1.000000 -0.000001 0.000000
vn -0.984032 0.177991 -0.000000
vn -1.000000 -0.000001 0.000000
vn -0.984032 0.164441 -0.068114
vn -1.000000 -0.000003 0.000000
vn -0.984032 -0.164443 0.068114
vn -1.000000 0.000000 0.000000
vn -0.984032 -0.125858 0.125859
vn -1.000000 0.000002 0.000000
vn 1.000000 -0.000003 -0.000000
vn 1.000000 -0.000003 0.000000
vn 1.000000 -0.000003 -0.000000
vn 1.000000 -0.000003 0.000000
vn 1.000000 -0.000003 -0.000001
vn 1.000000 -0.000003 -0.000001
vn 1.000000 -0.000001 -0.000001
vn 1.000000 0.000000 -0.000001
vn -0.984032 0.000002 0.177991
vn -1.000000 0.000003 0.000000
vn -0.984032 0.068112 0.164442
vn -1.000000 -0.000002 0.000000
vn -0.984033 -0.068112 -0.164441
vn -1.000000 0.000002 0.000001
vn -0.984032 -0.125860 -0.125858
vn -1.000000 -0.000003 0.000001
vn 1.000000 0.000002 -0.000001
vn 1.000000 0.000005 -0.000001
vn 1.000000 -0.000002 -0.000000
vn 1.000000 -0.000002 0.000000
vn 1.000000 0.000001 -0.000000
vn 1.000000 0.000003 0.000000
vn 1.000000 0.000001 -0.000000
vn 1.000000 0.000003 0.000000
vn -0.984032 0.164441 -0.068114
vn -1.000000 -0.000003 0.000000
vn -0.984032 0.125859 -0.125858
vn -1.000000 0.000002 0.000001
vn -0.984032 -0.125858 0.125859
vn -1.000000 0.000002 0.000000
vn -0.984032 -0.068113 0.164442
vn -1.000000 0.000000 0.000000
vn 1.000000 -0.000001 -0.000000
vn 1.000000 0.000000 0.000000
vn 1.000000 -0.000003 -0.000000
vn 1.000000 -0.000003 0.000000
vn 1.000000 0.000000 -0.000000
vn 1.000000 0.000002 0.000000
vn 1.000000 -0.000003 -0.000001
vn 1.000000 -0.000003 -0.000001
vn -0.984032 0.068112 0.164442
vn -1.000000 -0.000002 0.000000
vn -0.984033 0.125854 0.125859
vn -1.000000 -0.000007 0.000000
vn 1.000000 0.000001 -0.000000
vn 1.000000 0.000001 -0.000000
vn 1.000000 -0.000003 -0.000000
vn 1.000000 -0.000001 -0.000000
vn 1.000000 0.000002 -0.000000
vn 1.000000 0.000000 -0.000000
vn 1.000000 -0.000003 -0.000001
vn 1.000000 -0.000001 -0.000001
vn 1.000000 -0.000001 -0.000000
vn 1.000000 -0.000001 -0.000001
vn 1.000000 0.000002 -0.000001
vn 1.000000 -0.000002 -0.000000
vn 1.000000 -0.000005 -0.000000
vn 1.000000 -0.000001 -0.000000
vn 1.000000 -0.000001 -0.000000
vn 1.000000 -0.000003 -0.000000
vn -0.984032 -0.125860 -0.125858
vn -1.000000 -0.000003 0.000001
vn -0.984032 -0.164445 -0.068114
vn -1.000000 -0.000001 0.000000
vn 1.000000 -0.000001 -0.000001
vn 1.000000 0.000000 -0.000001
vn 1.000000 0.000002 -0.000001
vn 1.000000 0.000005 -0.000001
vn 0.000000 0.923879 0.382685
vn 0.000000 0.707108 0.707106
vn 0.000000 0.923879 0.382685
vn 0.000000 0.707108 0.707106
vn -0.956840 -0.111213 0.268494
vn -0.984032 -0.068113 0.164442
vn -0.956840 0.000002 0.290617
vn -0.984032 0.000002 0.177991
vn -0.956839 -0.205499 0.205497
vn -0.984032 -0.125858 0.125859
vn -0.956840 -0.111213 0.268494
vn -0.984032 -0.068113 0.164442
vn -0.956839 -0.268496 0.111214
vn -0.984032 -0.164443 0.068114
vn -0.956839 -0.205499 0.205497
vn -0.984032 -0.125858 0.125859
vn -0.956840 -0.290616 -0.000000
vn -0.984032 -0.177992 -0.000000
vn -0.956839 -0.268496 0.111214
vn -0.984032 -0.164443 0.068114
vn -0.956839 -0.268496 -0.111214
vn -0.984032 -0.164445 -0.068114
vn -0.956840 -0.290616 -0.000000
vn -0.984032 -0.177992 -0.000000
vn -0.956839 -0.205498 -0.205497
vn -0.984032 -0.125860 -0.125858
vn -0.956839 -0.268496 -0.111214
vn -0.984032 -0.164445 -0.068114
vn -0.956841 -0.111212 -0.268492
vn -0.984033 -0.068112 -0.164441
vn -0.956839 -0.205498 -0.205497
vn -0.984032 -0.125860 -0.125858
vn -0.956840 -0.000002 -0.290614
vn -0.984032 -0.000001 -0.177989
vn -0.956841 -0.111212 -0.268492
vn -0.984033 -0.068112 -0.164441
vn -0.956841 0.111210 -0.268493
vn -0.984033 0.068112 -0.164440
vn -0.956840 -0.000002 -0.290614
vn -0.984032 -0.000001 -0.177989
vn -0.956840 0.205497 -0.205496
vn -0.984032 0.125859 -0.125858
vn -0.956841 0.111210 -0.268493
vn -0.984033 0.068112 -0.164440
vn -0.956839 0.268496 -0.111214
vn -0.984032 0.164441 -0.068114
vn -0.956840 0.205497 -0.205496
vn -0.984032 0.125859 -0.125858
vn -0.956840 0.290616 -0.000000
vn -0.984032 0.177991 -0.000000
vn -0.956839 0.268496 -0.111214
vn -0.984032 0.164441 -0.068114
vn -0.956840 0.268494 0.111214
vn -0.984032 0.164441 0.068114
vn -0.956840 0.290616 -0.000000
vn -0.984032 0.177991 -0.000000
vn -0.956840 0.205496 0.205497
vn -0.984033 0.125854 0.125859
vn -0.956840 0.268494 0.111214
vn -0.984032 0.164441 0.068114
vn -0.956840 0.111214 0.268494
vn -0.984032 0.068112 0.164442
vn -0.956840 0.205496 0.205497
vn -0.984033 0.125854 0.125859
vn -0.956840 0.000002 0.290617
vn -0.984032 0.000002 0.177991
vn -0.956840 0.111214 0.268494
vn -0.984032 0.068112 0.164442
vn -1.000000 -0.000000 0.000000
vn -0.956840 -0.111213 0.268494
vn -0.956840 0.000002 0.290617
vn -1.000000 -0.000000 0.000000
vn -0.956839 -0.205499 0.205497
vn -0.956840 -0.111213 0.268494
vn -1.000000 -0.000000 0.000000
vn -0.956839 -0.268496 0.111214
vn -0.956839 -0.205499 0.205497
vn -1.000000 -0.000000 0.000000
vn -0.956840 -0.290616 -0.000000
vn -0.956839 -0.268496 0.111214
vn -1.000000 -0.000000 0.000000
vn -0.956839 -0.268496 -0.111214
vn -0.956840 -0.290616 -0.000000
vn -1.000000 -0.000000 0.000000
vn -0.956839 -0.205498 -0.205497
vn -0.956839 -0.268496 -0.111214
vn -1.000000 -0.000000 0.000000
vn -0.956841 -0.111212 -0.268492
vn -0.956839 -0.205498 -0.205497
vn -1.000000 -0.000000 0.000000
vn -0.956840 -0.000002 -0.290614
vn -0.956841 -0.111212 -0.268492
vn -1.000000 -0.000000 0.000000
vn -0.956841 0.111210 -0.268493
vn -0.956840 -0.000002 -0.290614
vn -1.000000 -0.000000 0.000000
vn -0.956840 0.205497 -0.205496
vn -0.956841 0.111210 -0.268493
vn -1.000000 -0.000000 0.000000
vn -0.956839 0.268496 -0.111214
vn -0.956840 0.205497 -0.205496
vn -1.000000 -0.000000 0.000000
vn -0.956840 0.290616 -0.000000
vn -0.956839 0.268496 -0.111214
vn -1.000000 -0.000000 0.000000
vn -0.956840 0.268494 0.111214
vn -0.956840 0.290616 -0.000000
vn -1.000000 -0.000000 0.000000
vn -0.956840 0.205496 0.205497
vn -0.956840 0.268494 0.111214
vn -1.000000 -0.000000 0.000000
vn -0.956840 0.111214 0.268494
vn -0.956840 0.205496 0.205497
vn -1.000000 -0.000000 0.000000
vn -0.956840 0.000002 0.290617
vn -0.956840 0.111214 0.268494
vn 0.000001 1.000000 0.000000
vn 0.000000 0.923879 0.382685
vn 0.000001 1.000000 0.000000
vn 0.000000 0.923879 0.382685
vn 0.000001 0.923879 -0.382685
vn 0.000001 1.000000 0.000000
vn 0.000001 0.923879 -0.382685
vn 0.000001 1.000000 0.000000
vn 0.000000 0.707109 -0.707105
vn 0.000001 0.923879 -0.382685
vn 0.000000 0.707109 -0.707105
vn 0.000001 0.923879 -0.382685
vn 0.000000 0.382681 -0.923880
vn 0.000000 0.707109 -0.707105
vn 0.000000 0.382682 -0.923880
vn 0.000000 0.707109 -0.707105
vn 0.000000 -0.000004 -1.000000
vn 0.000000 0.382681 -0.923880
vn 0.000000 -0.000004 -1.000000
vn 0.000000 0.382682 -0.923880
vn 0.000000 -0.382681 -0.923880
vn 0.000000 -0.000004 -1.000000
vn 0.000000 -0.382682 -0.923880
vn 0.000000 -0.000004 -1.000000
vn -0.000000 -0.707106 -0.707108
vn 0.000000 -0.382681 -0.923880
vn -0.000000 -0.707106 -0.707108
vn 0.000000 -0.382682 -0.923880
vn -0.000001 -0.923879 -0.382684
vn -0.000000 -0.707106 -0.707108
vn -0.000001 -0.923879 -0.382684
vn -0.000000 -0.707106 -0.707108
vn -0.000001 -1.000000 0.000000
vn -0.000001 -0.923879 -0.382684
vn -0.000001 -1.000000 0.000000
vn -0.000001 -0.923879 -0.382684
vn -0.000000 -0.923879 0.382684
vn -0.000001 -1.000000 0.000000
vn -0.000000 -0.923879 0.382684
vn -0.000001 -1.000000 0.000000
vn 0.000000 -0.707108 0.707105
vn -0.000000 -0.923879 0.382684
vn 0.000000 -0.707108 0.707105
vn -0.000000 -0.923879 0.382684
vn 0.000000 -0.382684 0.923879
vn 0.000000 -0.707108 0.707105
vn 0.000000 -0.382684 0.923879
vn 0.000000 -0.707108 0.707105
vn 0.000000 0.000001 1.000000
vn 0.000000 -0.382684 0.923879
vn 0.000000 0.000001 1.000000
vn 0.000000 -0.382684 0.923879
vn 0.000000 0.707108 0.707106
vn 0.000000 0.382685 0.923879
vn 0.000000 0.707108 0.707106
vn 0.000000 0.382685 0.923879
vn 0.000000 0.382685 0.923879
vn 0.000000 0.000001 1.000000
vn 0.000000 0.382685 0.923879
vn 0.000000 0.000001 1.000000
vn 1.000000 -0.000002 -0.000000
vn 1.000000 -0.000002 0.000000
vn 1.000000 -0.000005 -0.000000
vn 1.000000 -0.000008 0.000000
vn -0.984032 -0.000001 -0.177989
vn -1.000000 -0.000000 0.000000
vn -0.984033 -0.068112 -0.164441
vn -1.000000 0.000002 0.000001
vn 1.000000 -0.000001 -0.000001
vn 1.000000 0.000000 -0.000001
vn 1.000000 -0.000001 -0.000000
vn 1.000000 0.000000 0.000000
vn -0.984032 -0.177992 -0.000000
vn -1.000000 -0.000002 0.000000
vn -0.984032 -0.164443 0.068114
vn -1.000000 0.000000 0.000000
vn -0.984032 0.164441 0.068114
vn -1.000000 -0.000002 0.000000
vn -0.984032 0.177991 -0.000000
vn -1.000000 -0.000001 0.000000
vn 1.000000 -0.000001 -0.000000
vn 1.000000 -0.000001 0.000000
vn 1.000000 0.000002 -0.000000
vn 1.000000 0.000005 0.000000
vn 1.000000 -0.000005 -0.000000
vn 1.000000 -0.000008 0.000000
vn 1.000000 -0.000001 -0.000000
vn 1.000000 -0.000001 0.000000
vn -0.984033 0.068112 -0.164440
vn -1.000000 0.000000 0.000001
vn -0.984032 -0.000001 -0.177989
vn -1.000000 -0.000000 0.000000
vn 1.000000 -0.000001 -0.000000
vn 1.000000 0.000000 0.000000
vn 1.000000 -0.000001 -0.000001
vn 1.000000 0.000000 -0.000001
vn -0.984032 -0.164445 -0.068114
vn -1.000000 -0.000001 0.000000
vn -0.984032 -0.177992 -0.000000
vn -1.000000 -0.000002 0.000000
vn -0.984033 0.125854 0.125859
vn -1.000000 -0.000007 0.000000
vn -0.984032 0.164441 0.068114
vn -1.000000 -0.000002 0.000000
vn -0.984032 -0.068113 0.164442
vn -1.000000 0.000000 0.000000
vn -0.984032 0.000002 0.177991
vn -1.000000 0.000003 0.000000
vn 1.000000 0.000002 -0.000000
vn 1.000000 0.000005 0.000000
vn 1.000000 0.000000 -0.000000
vn 1.000000 0.000002 0.000000
vn 1.000000 -0.000001 -0.000000
vn 1.000000 -0.000001 0.000000
vn 1.000000 -0.000001 -0.000000
vn 1.000000 0.000000 0.000000
vn 1.000000 -0.000003 -0.000000
vn 1.000000 -0.000003 0.000000
vn 1.000000 0.000001 -0.000000
vn 1.000000 0.000003 0.000000
vn -0.984032 0.125859 -0.125858
vn -1.000000 0.000002 0.000001
vn -0.984033 0.068112 -0.164440
vn -1.000000 0.000000 0.000001
vn -0.984001 0.020180 -0.177017
vn -1.000000 -0.000004 0.000001
vn -1.000000 -0.000002 0.000001
vn -1.000000 -0.000004 0.000001
vn -1.000000 -0.000004 0.000001
vn -1.000000 -0.000000 0.000001
vn -1.000000 -0.000002 0.000001
vn -1.000000 -0.000000 0.000001
vn -0.983454 -0.016725 -0.180383
vn -1.000000 0.000003 0.000001
vn -0.982535 0.001769 -0.186067
vn -1.000000 0.000002 0.000001
vn -1.000000 0.000002 0.000001
vn -1.000000 0.000003 0.000001
vn -1.000000 0.000000 0.000001
vn -0.983454 -0.016725 -0.180383
vn -1.000000 -0.000002 0.000001
vn -1.000000 -0.000002 0.000001
vn -1.000000 0.000000 0.000001
vn -1.000000 0.000002 0.000001
vn -1.000000 0.000002 0.000001
vn -1.000000 -0.000004 0.000001
vn -0.982535 0.001769 -0.186067
vn -0.984001 0.020180 -0.177017
vn 0.450884 -0.892583 -0.000000
vn 0.450885 -0.892582 0.000000
vn 0.450883 -0.892583 -0.000000
vn 0.450885 -0.892582 0.000000
vn -0.937981 -0.032010 -0.345207
vn -0.983454 -0.016725 -0.180383
vn -0.938754 0.003921 -0.344567
vn -0.982535 0.001769 -0.186067
vn -0.615869 0.787848 0.000000
vn -0.615871 0.787847 0.000000
vn -0.615871 0.787847 0.000000
vn -0.615871 0.787847 0.000000
vn 0.872224 -0.055401 0.485959
vn 0.872224 -0.055401 0.485959
vn 0.873015 -0.005511 0.487663
vn 0.873009 -0.004684 0.487681
vn -0.615866 0.787851 0.000000
vn -0.615866 0.787851 0.000000
vn -0.615871 0.787847 0.000000
vn -0.615869 0.787848 0.000000
vn 0.873009 -0.004684 0.487681
vn 0.871585 0.045266 0.488149
vn 0.873015 -0.005511 0.487663
vn 0.871585 0.045266 0.488149
vn -0.688435 -0.725298 0.000001
vn -0.839153 -0.543896 0.000002
vn -0.688435 -0.725298 0.000001
vn -0.840785 -0.541369 0.000002
vn 0.000000 -1.000000 -0.000000
vn 0.000000 -1.000000 0.000000
vn 0.000000 -1.000000 -0.000000
vn 0.000000 -1.000000 0.000000
vn -1.000000 0.000000 0.000000
vn -1.000000 0.000000 0.000001
vn -1.000000 0.000000 0.000000
vn -1.000000 0.000000 0.000001
vn -1.000000 0.000000 0.000000
vn -1.000000 0.000000 0.000000
vn -1.000000 0.000000 0.000000
vn -1.000000 0.000000 0.000000
vn 0.000000 0.000000 -1.000000
vn 0.000000 0.000000 -1.000000
vn 0.000000 0.000000 -1.000000
vn 0.000000 0.000000 -1.000000
vn 0.000000 0.000000 1.000000
vn 0.000000 0.000000 1.000000
vn 0.000000 0.000000 1.000000
vn 0.000000 0.000000 1.000000
vn 1.000000 0.000000 -0.000000
vn 1.000000 0.000000 0.000000
vn 1.000000 0.000000 -0.000000
vn 1.000000 0.000000 0.000000
vn -1.000000 0.000000 0.000000
vn -1.000000 0.000000 0.000000
vn -1.000000 0.000000 0.000000
vn -1.000000 0.000000 0.000000
vn 1.000000 0.000000 0.000000
vn 1.000000 0.000000 0.000000
vn 1.000000 0.000000 -0.000000
vn 1.000000 -0.000004 -0.000000
vn 0.000000 0.000000 -1.000000
vn 0.000000 0.000000 -1.000000
vn 0.000000 0.000000 -1.000000
vn 0.000000 0.000000 -1.000000
vn -1.000000 0.000000 0.000000
vn -1.000000 0.000000 0.000000
vn -1.000000 0.000000 0.000000
vn -1.000000 0.000000 0.000000
vn 0.000000 0.000000 1.000000
vn 0.000000 0.000000 1.000000
vn 0.000000 0.000000 1.000000
vn 0.000000 0.000000 1.000000
vn 1.000000 0.000000 0.000000
vn 1.000000 0.000000 0.000000
vn 1.000000 -0.000004 -0.000000
vn 1.000000 -0.000004 -0.000000
vn 0.000000 1.000000 -0.000000
vn 0.000000 1.000000 -0.000000
vn 0.000000 1.000000 -0.000000
vn 0.000000 1.000000 -0.000000
vn 0.000000 0.000000 -1.000000
vn 0.000000 0.000000 -1.000000
vn 0.000000 0.000000 -1.000000
vn 0.000000 0.000000 -1.000000
vn -1.000000 0.000000 0.000000
vn -1.000000 0.000000 0.000000
vn -1.000000 0.000000 0.000000
vn -1.000000 0.000000 0.000000
vn 0.000000 0.000000 -1.000000
vn 0.000000 0.000000 -1.000000
vn 0.000000 0.000000 -1.000000
vn 0.000000 0.000000 -1.000000
vn -1.000000 0.000000 0.000000
vn -1.000000 0.000000 0.000000
vn -1.000000 0.000000 0.000000
vn -1.000000 0.000000 0.000000
vn 1.000000 0.000000 0.000000
vn 1.000000 0.000000 0.000000
vn 1.000000 -0.000004 -0.000000
vn 1.000000 0.000000 -0.000000
vn 0.000000 0.000000 1.000000
vn 0.000000 0.000000 1.000000
vn 0.000000 0.000000 1.000000
vn 0.000000 0.000000 1.000000
vn 1.000000 0.000000 0.000000
vn 1.000000 0.000000 0.000000
vn 1.000000 0.000000 -0.000000
vn 1.000000 0.000000 -0.000000
vn 0.000000 -1.000000 -0.000000
vn 0.000000 -1.000000 -0.000000
vn 0.000000 -1.000000 -0.000000
vn 0.000000 -1.000000 -0.000000
vn 0.000000 0.000000 -1.000000
vn 0.000000 0.000000 -1.000000
vn 0.000000 0.000000 -1.000000
vn 0.000000 0.000000 -1.000000
vn 0.000000 0.000000 -1.000000
vn 0.000000 0.000000 -1.000000
vn 0.000000 0.000000 -1.000000
vn 0.000000 0.000000 -1.000000
vn 0.000000 0.000000 -1.000000
vn 0.000000 0.000000 -1.000000
vn 0.000000 0.000000 -1.000000
vn 0.000000 0.000000 -1.000000
vn -1.000000 0.000000 0.000000
vn -1.000000 0.000000 0.000000
vn -1.000000 0.000000 0.000000
vn -1.000000 0.000000 0.000000
vn 1.000000 0.000000 0.000000
vn 1.000000 0.000000 0.000000
vn 1.000000 0.000000 -0.000000
vn 1.000000 0.000000 -0.000000
vn -1.000000 0.000000 0.000000
vn -1.000000 0.000000 0.000000
vn -1.000000 0.000000 0.000000
vn -1.000000 0.000000 0.000000
vn -1.000000 0.000000 0.000000
vn -1.000000 0.000000 0.000000
vn -1.000000 0.000000 0.000000
vn -1.000000 0.000000 0.000000
vn 1.000000 0.000000 0.000000
vn 1.000000 0.000000 0.000000
vn 1.000000 0.000000 -0.000000
vn 1.000000 0.000000 -0.000000
vn 0.000000 -1.000000 -0.000000
vn 0.000000 -1.000000 -0.000000
vn 0.000000 -1.000000 -0.000000
vn 0.000000 -1.000000 -0.000000
vn 0.000000 1.000000 0.000000
vn 0.000000 1.000000 0.000000
vn 0.000000 1.000000 0.000000
vn 0.000000 1.000000 0.000000
vn 1.000000 0.000000 0.000000
vn 1.000000 0.000000 0.000000
vn 1.000000 0.000000 -0.000000
vn 1.000000 0.000000 -0.000000
vn 0.000000 0.000000 1.000000
vn 0.000000 0.000000 1.000000
vn 0.000000 0.000000 1.000000
vn 0.000000 0.000000 1.000000
vn 0.000000 0.000000 -1.000000
vn 0.000000 0.000000 -1.000000
vn 0.000000 0.000000 -1.000000
vn 0.000000 0.000000 -1.000000
vn 1.000000 0.000000 -0.000000
vn 1.000000 0.000000 -0.000001
vn 1.000000 0.000000 -0.000000
vn 1.000000 0.000000 -0.000001
vn 0.000000 0.000000 -1.000000
vn 0.000000 0.000000 -1.000000
vn 0.000000 0.000000 -1.000000
vn 0.000000 0.000000 -1.000000
vn -1.000000 0.000000 0.000000
vn -1.000000 0.000000 0.000000
vn -1.000000 0.000000 0.000000
vn -1.000000 0.000000 0.000000
vn 1.000000 0.000000 0.000000
vn 1.000000 0.000000 0.000000
vn 1.000000 0.000000 -0.000000
vn 1.000000 0.000000 -0.000000
vn 0.000000 1.000000 0.000000
vn 0.000000 1.000000 0.000000
vn 0.000000 1.000000 0.000000
vn 0.000000 1.000000 0.000000
vn 0.000000 -1.000000 0.000000
vn 0.000000 -1.000000 0.000000
vn 0.000000 -1.000000 0.000000
vn 0.000000 -1.000000 0.000000
vn 0.000000 1.000000 0.000000
vn 0.000000 1.000000 0.000000
vn 0.000000 1.000000 0.000000
vn 0.000000 1.000000 0.000000
vn 0.000000 1.000000 0.000000
vn 0.000000 1.000000 0.000000
vn 0.000000 1.000000 0.000000
vn 0.000000 -1.000000 -0.000000
vn 0.000000 -1.000000 -0.000000
vn 0.000000 -1.000000 -0.000000
vn 0.000000 -1.000000 -0.000000
vn -1.000000 0.000000 0.000000
vn -1.000000 0.000000 0.000001
vn -1.000000 0.000000 0.000000
vn -1.000000 0.000000 0.000001
vn 1.000000 -0.000004 -0.000000
vn 1.000000 -0.000013 -0.000001
vn 1.000000 -0.000004 -0.000000
vn 1.000000 -0.000013 -0.000001
vn -1.000000 0.000000 0.000000
vn -1.000000 0.000000 0.000001
vn -1.000000 0.000000 0.000000
vn -1.000000 0.000000 0.000001
vn 0.000000 0.000000 1.000000
vn 0.000000 0.000000 1.000000
vn 0.000000 0.000000 1.000000
vn 1.000000 0.000000 -0.000000
vn 1.000000 0.000000 -0.000001
vn 1.000000 0.000000 -0.000000
vn 1.000000 0.000000 -0.000001
vn 1.000000 0.000000 -0.000000
vn 1.000000 0.000000 -0.000001
vn 1.000000 0.000000 -0.000000
vn 1.000000 0.000000 -0.000001
vn -1.000000 0.000000 0.000000
vn -1.000000 0.000000 0.000001
vn -1.000000 0.000000 0.000000
vn -1.000000 0.000000 0.000001
vn 0.000000 1.000000 0.000000
vn 0.000000 1.000000 0.000000
vn 0.000000 1.000000 0.000000
vn 0.000000 1.000000 0.000000
vn -1.000000 0.000000 0.000000
vn -1.000000 0.000000 0.000001
vn -1.000000 0.000000 0.000000
vn -1.000000 0.000000 0.000001
vn 1.000000 0.000000 -0.000000
vn 1.000000 0.000000 -0.000001
vn 1.000000 0.000000 -0.000000
vn 1.000000 0.000000 -0.000001
vn 0.000000 -1.000000 -0.000000
vn 0.000000 -1.000000 -0.000000
vn 0.000000 -1.000000 -0.000000
vn 0.000000 -1.000000 -0.000000
vn -1.000000 0.000000 0.000001
vn -1.000000 0.000000 0.000001
vn -1.000000 0.000000 0.000001
vn -1.000000 0.000000 0.000001
vn 0.000001 0.263446 0.964674
vn 0.000001 0.263446 0.964674
vn 0.000001 0.263446 0.964674
vn 0.000001 0.263446 0.964674
vn 0.702409 0.711774 -0.000000
vn 0.702404 0.711778 -0.000000
vn 0.702409 0.711774 -0.000000
vn 0.702404 0.711778 -0.000000
vn -0.000001 -0.000000 -1.000000
vn -0.000001 -0.000000 -1.000000
vn -0.000001 0.203240 -0.979129
vn -0.000001 0.203240 -0.979129
vn 0.000000 -1.000000 0.000000
vn 0.000000 -1.000000 0.000000
vn 0.000000 -1.000000 0.000000
vn 0.000000 -1.000000 0.000000
vn -0.000000 1.000000 -0.000000
vn -0.000000 1.000000 -0.000000
vn -0.000000 1.000000 -0.000000
vn -0.000000 1.000000 -0.000000
vn 0.978084 -0.000000 -0.208212
vn 0.984927 0.040511 -0.168162
vn 1.000000 0.000000 -0.000001
vn 1.000000 0.000000 -0.000001
vn 0.953399 -0.000001 0.301713
vn 0.985299 -0.000001 0.170836
vn 0.950969 0.071345 0.300944
vn 0.987954 0.035698 0.150577
vn 0.936190 -0.000000 -0.351494
vn 0.978084 -0.000000 -0.208212
vn 0.932852 -0.084375 -0.350240
vn 0.984927 -0.040511 -0.168162
vn 0.702405 -0.711777 -0.000000
vn 0.702409 -0.711774 -0.000001
vn 0.702405 -0.711777 -0.000000
vn 0.702409 -0.711774 -0.000001
vn 0.702402 -0.711781 0.000000
vn 0.702402 -0.711781 0.000000
vn 0.702405 -0.711777 -0.000000
vn 0.702405 -0.711777 -0.000000
vn 0.985299 -0.000001 0.170836
vn 1.000000 0.000000 -0.000001
vn 0.987954 0.035698 0.150577
vn 1.000000 0.000000 -0.000001
vn 0.000000 1.000000 0.000000
vn -0.000000 1.000000 -0.000000
vn 0.000000 1.000000 0.000000
vn -0.000000 1.000000 -0.000000
vn 0.000000 -1.000000 -0.000000
vn 0.000000 -1.000000 0.000000
vn 0.000000 -1.000000 -0.000000
vn 0.000000 -1.000000 0.000000
vn 0.702413 0.711769 -0.000001
vn 0.702413 0.711769 -0.000001
vn 0.702409 0.711774 -0.000000
vn 0.702409 0.711774 -0.000000
vn -1.000000 0.000000 0.000000
vn -1.000000 0.000000 0.000001
vn -1.000000 0.000000 0.000000
vn -1.000000 0.000000 0.000001
vn -1.000000 0.000000 0.000001
vn -1.000000 0.000000 0.000001
vn -1.000000 0.000000 0.000000
vn -1.000000 0.000000 0.000000
vn 1.000000 0.000000 -0.000001
vn 1.000000 0.000000 -0.000001
vn 0.987954 -0.035699 0.150577
vn 0.985299 -0.000001 0.170836
vn 0.984927 0.040511 -0.168162
vn 0.978084 -0.000000 -0.208212
vn 0.932852 0.084375 -0.350240
vn 0.936190 -0.000000 -0.351494
vn 0.987954 -0.035699 0.150577
vn 0.985299 -0.000001 0.170836
vn 0.950969 -0.071348 0.300945
vn 0.953399 -0.000001 0.301713
vn 1.000000 0.000000 -0.000001
vn 0.984927 -0.040511 -0.168162
vn 1.000000 0.000000 -0.000001
vn 0.978084 -0.000000 -0.208212
vn -0.000001 -0.203240 -0.979129
vn -0.000001 -0.203240 -0.979129
vn -0.000001 -0.000000 -1.000000
vn -0.000001 -0.000000 -1.000000
vn 0.000001 -0.263446 0.964674
vn 0.000001 -0.263446 0.964674
vn 0.000001 -0.263446 0.964674
vn 0.000001 -0.263446 0.964674
vn -1.000000 0.000000 0.000001
vn -1.000000 0.000000 0.000001
vn -1.000000 0.000000 0.000001
vn -1.000000 0.000000 0.000001
vn 1.000000 0.000000 -0.000000
vn 1.000000 0.000000 -0.000000
vn 1.000000 -0.000000 -0.000000
vn 1.000000 0.000000 -0.000000
vn 1.000000 0.000000 -0.000001
vn 1.000000 0.000000 -0.000001
vn 1.000000 0.000000 -0.000000
vn 1.000000 0.000000 -0.000000
vn 1.000000 0.000000 -0.000000
vn 1.000000 -0.000000 -0.000001
vn 1.000000 -0.000000 -0.000000
vn 1.000000 -0.000000 -0.000001
vn 1.000000 0.000000 -0.000001
vn 1.000000 0.000000 -0.000001
vn 1.000000 0.000000 -0.000001
vn 1.000000 0.000000 -0.000001
vn 0.000000 -1.000000 0.000000
vn 0.000000 -1.000000 0.000000
vn 0.000000 -1.000000 0.000000
vn 0.000000 -1.000000 0.000000
vn 0.000000 0.000000 1.000000
vn 0.000000 0.000000 1.000000
vn 0.000000 0.000000 1.000000
vn 0.000000 0.000000 1.000000
vn 0.984104 0.177596 -0.000001
vn 0.984103 0.177598 -0.000000
vn 0.984104 0.177596 -0.000001
vn 0.984103 0.177598 -0.000000
vn 0.984103 0.177596 -0.000001
vn 0.984104 0.177596 -0.000001
vn 0.984103 0.177596 -0.000001
vn 0.984104 0.177596 -0.000001
vn 0.000000 0.091805 0.995777
vn 0.000000 0.091805 0.995777
vn 0.000000 0.091805 0.995777
vn 0.000000 0.091805 0.995777
vn 0.212951 -0.977063 -0.000000
vn 0.000000 -1.000000 0.000000
vn 0.255604 -0.966782 -0.000000
vn 0.000000 -1.000000 0.000000
vn -0.000000 1.000000 -0.000000
vn -0.000000 1.000000 -0.000000
vn -0.000000 1.000000 -0.000000
vn -0.000000 1.000000 -0.000000
vn -0.005249 -0.020629 -0.999773
vn -0.015126 -0.082193 -0.996502
vn -0.008222 -0.087175 -0.996159
vn -0.014116 -0.083958 -0.996369
vn 0.975054 -0.221969 -0.000001
vn 0.975054 -0.221969 -0.000001
vn 0.975050 -0.221985 -0.000001
vn 0.975050 -0.221985 -0.000001
vn 0.975057 -0.221952 -0.000001
vn 0.975054 -0.221969 -0.000001
vn 0.975057 -0.221952 -0.000001
vn 0.975054 -0.221969 -0.000001
vn 0.741238 -0.545268 -0.391472
vn 0.741238 -0.545268 -0.391472
vn 0.741238 -0.545268 -0.391472
vn 0.741238 -0.545268 -0.391472
vn 0.758525 -0.520241 0.392415
vn 0.758525 -0.520241 0.392415
vn 0.758525 -0.520241 0.392415
vn 0.758525 -0.520241 0.392415
vn 0.212951 -0.977063 -0.000000
vn 0.416132 -0.909304 -0.000000
vn 0.253982 -0.967209 -0.000000
vn 0.416132 -0.909304 -0.000000
vn 0.416133 -0.909304 -0.000000
vn 0.416132 -0.909304 -0.000000
vn 0.255604 -0.966782 -0.000000
vn 0.212951 -0.977063 -0.000000
vn 0.675237 -0.737601 -0.000000
vn 0.675237 -0.737601 -0.000000
vn 0.675237 -0.737601 -0.000000
vn 0.675237 -0.737601 -0.000000
vn 0.675237 -0.737601 -0.000000
vn 0.675236 -0.737601 -0.000000
vn 0.675237 -0.737601 -0.000000
vn 0.675236 -0.737601 -0.000000
vn -0.000000 1.000000 -0.000000
vn -0.000000 1.000000 -0.000000
vn -0.000000 1.000000 -0.000000
vn -0.000000 1.000000 -0.000000
vn 0.253982 -0.967209 -0.000000
vn 0.000000 -1.000000 0.000000
vn 0.212951 -0.977063 -0.000000
vn 0.000000 -1.000000 0.000000
vn -0.000001 -0.000000 -1.000000
vn -0.000001 -0.000000 -1.000000
vn -0.000001 -0.000000 -1.000000
vn -0.000001 -0.000000 -1.000000
vn 0.000000 1.000000 0.000000
vn 0.000000 1.000000 0.000000
vn -0.000000 1.000000 -0.000000
vn -0.000000 1.000000 -0.000000
vn 0.002635 -0.019197 0.999812
vn 0.026340 -0.156415 0.987340
vn 0.002635 -0.019197 0.999812
vn 0.027567 -0.163513 0.986156
vn -0.022585 -0.910792 0.412247
vn 0.071104 -0.915527 0.395923
vn -0.022809 -0.793941 0.607566
vn 0.067662 -0.812114 0.579563
vn -0.022585 -0.910792 0.412247
vn -0.021522 -0.999768 0.000001
vn 0.071104 -0.915527 0.395923
vn 0.073008 -0.997331 0.000001
vn -0.021522 -0.999768 0.000001
vn -0.022651 -0.923377 -0.383226
vn 0.073008 -0.997331 0.000001
vn 0.073008 -0.921415 -0.381659
vn -0.022651 -0.923377 -0.383226
vn -0.025858 -0.705964 -0.707776
vn 0.073008 -0.921415 -0.381659
vn 0.073007 -0.705219 -0.705220
vn -0.025858 -0.705964 -0.707776
vn -0.030635 -0.380960 -0.924084
vn 0.073007 -0.705219 -0.705220
vn 0.073007 -0.381659 -0.921416
vn -0.030635 -0.380960 -0.924084
vn -0.036235 0.001798 -0.999342
vn 0.073007 -0.381659 -0.921416
vn 0.073007 -0.000001 -0.997332
vn -0.036235 0.001798 -0.999342
vn -0.041796 0.383873 -0.922440
vn 0.073007 -0.000001 -0.997332
vn 0.073007 0.381658 -0.921416
vn -0.041796 0.383873 -0.922440
vn -0.046479 0.707233 -0.705451
vn 0.073007 0.381658 -0.921416
vn 0.073007 0.705220 -0.705220
vn -0.046479 0.707233 -0.705451
vn -0.049591 0.923003 -0.381583
vn 0.073007 0.705220 -0.705220
vn 0.073008 0.921416 -0.381658
vn -0.049591 0.923003 -0.381583
vn -0.050680 0.998715 0.000001
vn 0.073008 0.921416 -0.381658
vn 0.073008 0.997331 0.000001
vn -0.050680 0.998715 0.000001
vn -0.049105 0.910671 0.410204
vn 0.073008 0.997331 0.000001
vn 0.071104 0.915527 0.395922
vn -0.049105 0.910671 0.410204
vn -0.047178 0.793247 0.607070
vn 0.071104 0.915527 0.395922
vn 0.067662 0.812115 0.579561
vn 0.073008 0.921416 -0.381658
vn 0.101591 0.919101 -0.380700
vn 0.073007 0.705220 -0.705220
vn 0.101591 0.703448 -0.703449
vn 0.002635 0.019197 0.999812
vn 0.002635 0.019197 0.999812
vn 0.026340 0.156414 0.987340
vn 0.027567 0.163512 0.986156
vn -0.061393 -0.013054 -0.998028
vn -0.031833 0.371160 -0.928023
vn -0.036235 0.001798 -0.999342
vn -0.041796 0.383873 -0.922440
vn 0.026340 -0.156415 0.987340
vn 0.051062 -0.299437 0.952749
vn 0.027567 -0.163513 0.986156
vn 0.051062 -0.299437 0.952749
vn -0.000000 -0.923879 -0.382686
vn -0.000000 -0.923879 -0.382686
vn -0.000000 -1.000000 -0.000000
vn -0.000000 -1.000000 0.000000
vn 0.073007 -0.381659 -0.921416
vn 0.101589 -0.380700 -0.919101
vn 0.073007 -0.705219 -0.705220
vn 0.101590 -0.703447 -0.703449
vn 0.071104 -0.915527 0.395923
vn 0.101593 -0.919099 0.380705
vn 0.067662 -0.812114 0.579563
vn 0.099661 -0.827327 0.552809
vn 0.073008 0.997331 0.000001
vn 0.101592 0.994826 -0.000000
vn 0.073008 0.921416 -0.381658
vn 0.101591 0.919101 -0.380700
vn 0.073007 -0.000001 -0.997332
vn 0.101588 -0.000001 -0.994827
vn 0.073007 -0.381659 -0.921416
vn 0.101589 -0.380700 -0.919101
vn 0.073008 -0.997331 0.000001
vn 0.101592 -0.994826 -0.000000
vn 0.071104 -0.915527 0.395923
vn 0.101593 -0.919099 0.380705
vn 0.071104 0.915527 0.395922
vn 0.101593 0.919099 0.380705
vn 0.073008 0.997331 0.000001
vn 0.101592 0.994826 -0.000000
vn 0.073007 0.381658 -0.921416
vn 0.101589 0.380698 -0.919102
vn 0.073007 -0.000001 -0.997332
vn 0.101588 -0.000001 -0.994827
vn 0.073008 -0.921415 -0.381659
vn 0.101591 -0.919101 -0.380701
vn 0.073008 -0.997331 0.000001
vn 0.101592 -0.994826 -0.000000
vn 0.067662 0.812115 0.579561
vn 0.099660 0.827330 0.552805
vn 0.071104 0.915527 0.395922
vn 0.101593 0.919099 0.380705
vn 0.073007 0.705220 -0.705220
vn 0.101591 0.703448 -0.703449
vn 0.073007 0.381658 -0.921416
vn 0.101589 0.380698 -0.919102
vn 0.073007 -0.705219 -0.705220
vn 0.101590 -0.703447 -0.703449
vn 0.073008 -0.921415 -0.381659
vn 0.101591 -0.919101 -0.380701
vn 0.051063 0.299434 0.952750
vn 0.051063 0.299434 0.952750
vn 0.027567 0.163512 0.986156
vn 0.026340 0.156414 0.987340
vn 1.000000 0.000000 0.000000
vn 1.000000 0.000000 0.000000
vn 1.000000 0.000000 0.000000
vn 1.000000 0.000000 0.000000
vn 1.000000 0.000000 0.000000
vn 1.000000 0.000000 0.000000
vn 1.000000 0.000013 0.000000
vn 1.000000 0.000013 0.000000
vn 1.000000 0.000013 0.000000
vn 1.000000 0.000013 0.000000
vn 1.000000 0.000013 0.000000
vn 1.000000 0.000013 0.000000
vn 1.000000 0.000013 0.000000
vn 1.000000 0.000013 0.000000
vn 1.000000 -0.000004 0.000000
vn 1.000000 -0.000004 0.000000
vn 1.000000 -0.000004 0.000000
vn 1.000000 -0.000004 0.000000
vn 1.000000 0.000004 0.000000
vn 1.000000 0.000004 0.000000
vn 1.000000 0.000004 0.000000
vn 1.000000 0.000004 0.000000
vn 1.000000 0.000008 0.000000
vn 1.000000 0.000008 0.000000
vn 1.000000 0.000008 0.000000
vn 1.000000 0.000008 0.000000
vn 1.000000 -0.000008 0.000000
vn 1.000000 -0.000008 0.000000
vn 1.000000 -0.000008 0.000000
vn 1.000000 -0.000008 0.000000
vn 1.000000 -0.000008 0.000000
vn 1.000000 -0.000008 0.000000
vn 1.000000 -0.000008 0.000000
vn 1.000000 -0.000008 0.000000
vn 1.000000 0.000000 0.000000
vn 1.000000 0.000000 0.000000
vn 1.000000 0.000000 0.000000
vn 1.000000 0.000000 0.000000
vn 1.000000 -0.000013 0.000000
vn 1.000000 -0.000013 0.000000
vn 1.000000 -0.000013 0.000000
vn 1.000000 -0.000013 0.000000
vn 1.000000 -0.000013 0.000000
vn 1.000000 -0.000013 0.000000
vn 1.000000 -0.000013 0.000000
vn 1.000000 -0.000013 0.000000
vn 1.000000 0.000004 0.000000
vn 1.000000 0.000004 0.000000
vn 1.000000 0.000004 0.000000
vn 1.000000 0.000004 0.000000
vn 1.000000 -0.000013 0.000000
vn 1.000000 -0.000013 0.000000
vn 1.000000 -0.000013 0.000000
vn 1.000000 -0.000013 0.000000
vn 1.000000 -0.000017 0.000000
vn 1.000000 -0.000017 0.000000
vn 1.000000 -0.000017 0.000000
vn 1.000000 0.000000 0.000000
vn 1.000000 -0.000017 0.000000
vn 1.000000 0.000000 0.000000
vn 1.000000 0.000000 0.000000
vn 1.000000 0.000000 0.000000
vn 1.000000 0.000000 0.000000
vn 1.000000 0.000000 0.000000
vn -0.000000 0.707105 0.707109
vn -0.000000 0.707105 0.707109
vn -0.000000 0.923881 0.382680
vn -0.000000 0.923881 0.382680
vn -0.000000 -0.707106 -0.707108
vn -0.000000 -0.707106 -0.707108
vn -0.000000 -0.923879 -0.382686
vn -0.000000 -0.923879 -0.382686
vn 0.000000 0.382669 0.923885
vn 0.000000 0.382669 0.923885
vn -0.000000 0.707105 0.707109
vn -0.000000 0.707105 0.707109
vn 0.000001 -0.382688 -0.923878
vn 0.000001 -0.382688 -0.923878
vn -0.000000 -0.707106 -0.707108
vn -0.000000 -0.707106 -0.707108
vn 0.000001 -0.000000 1.000000
vn 0.000001 -0.000000 1.000000
vn 0.000000 0.382669 0.923885
vn 0.000000 0.382669 0.923885
vn 0.000000 0.382687 -0.923878
vn 0.000000 0.382687 -0.923878
vn 0.000001 0.000000 -1.000000
vn 0.000001 0.000000 -1.000000
vn 0.000001 0.000000 -1.000000
vn 0.000001 0.000000 -1.000000
vn 0.000001 -0.382688 -0.923878
vn 0.000001 -0.382688 -0.923878
vn 0.000000 -0.382670 0.923885
vn 0.000000 -0.382670 0.923885
vn 0.000001 -0.000000 1.000000
vn 0.000001 -0.000000 1.000000
vn 0.000000 0.707108 -0.707106
vn 0.000000 0.707108 -0.707106
vn 0.000000 0.382687 -0.923878
vn 0.000000 0.382687 -0.923878
vn -0.000000 -0.707105 0.707109
vn -0.000000 -0.707105 0.707109
vn 0.000000 -0.382670 0.923885
vn 0.000000 -0.382670 0.923885
vn 0.000000 0.923879 -0.382684
vn 0.000000 0.923880 -0.382683
vn 0.000000 0.707108 -0.707106
vn 0.000000 0.707108 -0.707106
vn -0.000000 -0.923881 0.382680
vn -0.000000 -0.923881 0.382680
vn -0.000000 -0.707105 0.707109
vn -0.000000 -0.707105 0.707109
vn 0.000000 1.000000 -0.000002
vn 0.000000 1.000000 -0.000001
vn 0.000000 0.923879 -0.382684
vn 0.000000 0.923880 -0.382683
vn -0.000000 -1.000000 -0.000000
vn -0.000000 -1.000000 0.000000
vn -0.000000 -0.923881 0.382680
vn -0.000000 -0.923881 0.382680
vn -0.000000 0.923881 0.382680
vn -0.000000 0.923881 0.382680
vn 0.000000 1.000000 -0.000002
vn 0.000000 1.000000 -0.000001
vn -0.133408 -0.991061 -0.000000
vn -0.128259 -0.918061 -0.375119
vn -0.021522 -0.999768 0.000001
vn -0.022651 -0.923377 -0.383226
vn -0.080058 -0.437842 0.895480
vn -0.080058 -0.437842 0.895480
vn -0.057789 -0.328961 0.942574
vn -0.054976 -0.315162 0.947444
vn -0.165970 -0.907701 0.385399
vn -0.179864 -0.983692 -0.000000
vn -0.126449 -0.911783 0.390720
vn -0.133408 -0.991061 -0.000000
vn -0.133408 -0.991061 -0.000000
vn -0.179864 -0.983692 -0.000000
vn -0.128259 -0.918061 -0.375119
vn -0.165970 -0.907700 -0.385402
vn -0.128259 -0.918061 -0.375119
vn -0.165970 -0.907700 -0.385402
vn -0.113269 -0.708831 -0.696224
vn -0.126164 -0.689992 -0.712737
vn -0.113269 -0.708831 -0.696224
vn -0.126164 -0.689992 -0.712737
vn -0.089989 -0.392054 -0.915530
vn -0.066266 -0.362407 -0.929661
vn -0.022585 -0.910792 0.412247
vn -0.126449 -0.911783 0.390720
vn -0.021522 -0.999768 0.000001
vn -0.133408 -0.991061 -0.000000
vn -0.006265 0.700382 -0.713741
vn 0.010962 0.921846 -0.387401
vn -0.046479 0.707233 -0.705451
vn -0.049591 0.923003 -0.381583
vn -0.050680 0.998715 0.000001
vn 0.017022 0.999855 -0.000000
vn -0.049105 0.910671 0.410204
vn 0.013887 0.915120 0.402941
vn -0.089989 -0.392054 -0.915530
vn -0.061393 -0.013054 -0.998028
vn -0.030635 -0.380960 -0.924084
vn -0.036235 0.001798 -0.999342
vn -0.044128 0.202034 0.978384
vn 0.019681 0.326018 0.945159
vn -0.044128 0.202034 0.978384
vn 0.016103 0.319223 0.947543
vn -0.031833 0.371160 -0.928023
vn -0.006265 0.700382 -0.713741
vn -0.041796 0.383873 -0.922440
vn -0.046479 0.707233 -0.705451
vn -0.113269 -0.708831 -0.696224
vn -0.089989 -0.392054 -0.915530
vn -0.025858 -0.705964 -0.707776
vn -0.030635 -0.380960 -0.924084
vn -0.049105 0.910671 0.410204
vn 0.013887 0.915120 0.402941
vn -0.047178 0.793247 0.607070
vn 0.007179 0.811820 0.583863
vn -0.150304 -0.822023 0.549261
vn -0.165970 -0.907701 0.385399
vn -0.117190 -0.807232 0.578484
vn -0.126449 -0.911783 0.390720
vn -0.061393 -0.013054 -0.998028
vn 0.004104 0.022451 -0.999740
vn -0.031833 0.371160 -0.928023
vn 0.073218 0.400437 -0.913395
vn 0.080058 0.437841 0.895481
vn 0.080058 0.437841 0.895481
vn 0.019681 0.326018 0.945159
vn 0.016103 0.319223 0.947543
vn 0.010962 0.921846 -0.387401
vn 0.017022 0.999855 -0.000000
vn -0.049591 0.923003 -0.381583
vn -0.050680 0.998715 0.000001
vn -0.089989 -0.392054 -0.915530
vn -0.066266 -0.362407 -0.929661
vn -0.061393 -0.013054 -0.998028
vn 0.004104 0.022451 -0.999740
vn -0.057789 -0.328961 0.942574
vn -0.054976 -0.315162 0.947444
vn -0.032011 -0.202128 0.978836
vn -0.032011 -0.202128 0.978836
vn -1.000000 0.000000 0.000000
vn -1.000000 0.000000 0.000000
vn -1.000000 0.000000 0.000000
vn -1.000000 0.000000 0.000000
vn -1.000000 0.000000 0.000000
vn -1.000000 0.000000 0.000000
vn -1.000000 0.000000 0.000000
vn -1.000000 0.000000 0.000000
vn -1.000000 0.000000 0.000000
vn -1.000000 0.000000 0.000000
vn -1.000000 0.000000 0.000000
vn -1.000000 0.000000 0.000000
vn -1.000000 0.000000 0.000000
vn -1.000000 0.000000 0.000000
vn -1.000000 0.000000 0.000000
vn -1.000000 0.000000 0.000000
vn -0.031833 0.371160 -0.928023
vn 0.073218 0.400437 -0.913395
vn -0.006265 0.700382 -0.713741
vn 0.130160 0.711857 -0.690158
vn -0.006265 0.700382 -0.713741
vn 0.130160 0.711857 -0.690158
vn 0.010962 0.921846 -0.387401
vn 0.167119 0.913988 -0.369727
vn -0.128259 -0.918061 -0.375119
vn -0.113269 -0.708831 -0.696224
vn -0.022651 -0.923377 -0.383226
vn -0.025858 -0.705964 -0.707776
vn 0.010962 0.921846 -0.387401
vn 0.167119 0.913988 -0.369727
vn 0.017022 0.999855 -0.000000
vn 0.179864 0.983692 -0.000000
vn 0.179864 0.983692 -0.000000
vn 0.167120 0.913988 0.369725
vn 0.017022 0.999855 -0.000000
vn 0.013887 0.915120 0.402941
vn -0.117190 -0.807232 0.578484
vn -0.126449 -0.911783 0.390720
vn -0.022809 -0.793941 0.607566
vn -0.022585 -0.910792 0.412247
vn 0.167120 0.913988 0.369725
vn 0.150306 0.822023 0.549259
vn 0.013887 0.915120 0.402941
vn 0.007179 0.811820 0.583863
vn -0.888312 0.459241 0.000000
vn -0.888312 0.459241 0.000000
vn -0.888312 0.459241 0.000000
vn -0.888312 0.459241 0.000000
vn -0.000000 0.000000 1.000000
vn 0.000001 0.000000 1.000000
vn 0.000000 0.000000 1.000000
vn 0.000001 0.000000 1.000000
vn 0.170059 0.849062 -0.500174
vn 0.170059 0.849062 -0.500174
vn 0.010730 0.864728 -0.502125
vn 0.003559 0.864912 -0.501911
vn -0.196392 -0.980525 0.000000
vn -0.196392 -0.980525 0.000000
vn -0.008629 -0.999963 0.000000
vn -0.008629 -0.999963 0.000000
vn -0.304773 0.952425 0.000000
vn -0.304773 0.952425 0.000000
vn -0.304773 0.952425 0.000000
vn -0.304773 0.952425 0.000000
vn 0.877248 0.480038 0.000000
vn 0.877248 0.480038 0.000000
vn 0.877248 0.480038 0.000000
vn 0.877248 0.480038 0.000000
vn -0.008629 -0.999963 0.000000
vn 0.179442 -0.983769 0.000000
vn -0.008629 -0.999963 0.000000
vn 0.179442 -0.983769 0.000000
vn 0.279776 0.960065 0.000000
vn 0.279776 0.960065 0.000000
vn 0.279776 0.960065 0.000000
vn 0.279776 0.960065 0.000000
vn 0.000002 -0.000000 1.000000
vn 0.000003 0.000000 1.000000
vn 0.000001 0.000000 1.000000
vn 0.000001 0.000000 1.000000
vn -0.665985 0.418921 -0.617227
vn -0.665985 0.418921 -0.617227
vn -0.665985 0.418921 -0.617227
vn -0.665985 0.418921 -0.617227
vn -0.007455 -0.704645 -0.709521
vn -0.005014 -0.704642 -0.709545
vn -0.139906 -0.698500 -0.701801
vn -0.139906 -0.698500 -0.701801
vn -0.220945 0.690465 -0.688798
vn -0.007869 0.707440 -0.706730
vn -0.220945 0.690465 -0.688798
vn -0.011285 0.707424 -0.706699
vn 0.639825 -0.428093 -0.638248
vn 0.639825 -0.428093 -0.638248
vn 0.639825 -0.428093 -0.638248
vn 0.639825 -0.428093 -0.638248
vn 0.127342 -0.698149 -0.704537
vn -0.005014 -0.704642 -0.709545
vn 0.127342 -0.698149 -0.704537
vn -0.007455 -0.704645 -0.709521
vn -0.011285 0.707424 -0.706699
vn -0.007869 0.707440 -0.706730
vn 0.201781 0.692431 -0.692693
vn 0.201781 0.692431 -0.692693
vn 0.656238 0.439066 -0.613655
vn 0.656238 0.439066 -0.613655
vn 0.656238 0.439066 -0.613655
vn 0.656238 0.439066 -0.613655
vn -0.648636 -0.408003 -0.642499
vn -0.648636 -0.408003 -0.642499
vn -0.648636 -0.408003 -0.642499
vn -0.648636 -0.408003 -0.642499
vn 0.000001 -0.000000 1.000000
vn 0.000002 -0.000000 1.000000
vn 0.000001 0.000000 1.000000
vn 0.000002 -0.000000 1.000000
vn 0.877248 -0.480038 0.000000
vn 0.877248 -0.480038 0.000000
vn 0.877248 -0.480038 0.000000
vn 0.877248 -0.480038 0.000000
vn 0.388089 -0.685356 -0.616177
vn 0.565337 -0.442507 -0.696118
vn 0.469718 -0.588204 -0.658317
vn 0.565337 -0.442507 -0.696118
vn 0.000001 -0.000000 1.000000
vn 0.000001 0.000000 1.000000
vn -0.000000 0.000000 1.000000
vn -0.000000 0.000000 1.000000
vn -0.888311 -0.459242 0.000000
vn -0.888311 -0.459242 0.000000
vn -0.888311 -0.459242 0.000000
vn -0.888311 -0.459242 0.000000
vn -0.455821 -0.601864 -0.655734
vn -0.367312 -0.704767 -0.606948
vn 0.014930 -0.837377 -0.546423
vn 0.005567 -0.837643 -0.546189
vn 0.046979 -0.063632 -0.996867
vn 0.000011 -0.003850 -0.999993
vn 0.055065 -0.000204 -0.998483
vn 0.049791 0.062559 -0.996798
vn 0.000011 -0.003850 -0.999993
vn -0.002105 0.108198 -0.994127
vn -0.057255 -0.000206 -0.998360
vn 0.000011 -0.003850 -0.999993
vn -0.048564 -0.063061 -0.996827
vn -0.051502 0.061629 -0.996770
vn 0.000011 -0.003850 -0.999993
vn -0.057255 -0.000206 -0.998360
vn -0.048564 -0.063061 -0.996827
vn 0.000011 -0.003850 -0.999993
vn -0.001758 -0.121617 -0.992576
vn 0.055065 -0.000204 -0.998483
vn 0.000011 -0.003850 -0.999993
vn 0.049791 0.062559 -0.996798
vn -0.001758 -0.121617 -0.992576
vn 0.000011 -0.003850 -0.999993
vn 0.046979 -0.063632 -0.996867
vn -0.002105 0.108198 -0.994127
vn 0.000011 -0.003850 -0.999993
vn -0.051502 0.061629 -0.996770
vn 0.005567 -0.837643 -0.546189
vn 0.388089 -0.685356 -0.616177
vn 0.014930 -0.837377 -0.546423
vn 0.469718 -0.588204 -0.658317
vn -0.543284 0.455347 -0.705338
vn -0.543284 0.455347 -0.705338
vn -0.543284 0.455347 -0.705338
vn -0.543284 0.455347 -0.705338
vn 0.558972 0.437514 -0.704367
vn 0.558972 0.437514 -0.704367
vn 0.558972 0.437514 -0.704367
vn 0.558972 0.437514 -0.704367
vn 0.003559 0.864912 -0.501911
vn -0.156387 0.857369 -0.490369
vn 0.010730 0.864728 -0.502125
vn -0.156387 0.857369 -0.490369
vn -0.549995 -0.460980 -0.696421
vn -0.549995 -0.460980 -0.696421
vn -0.455821 -0.601864 -0.655734
vn -0.367312 -0.704767 -0.606948
vn -0.888312 0.459241 0.000000
vn -0.888312 0.459241 0.000000
vn -0.888312 0.459241 0.000000
vn -0.888312 0.459241 0.000000
vn 0.000000 0.000000 1.000000
vn 0.000001 0.000000 1.000000
vn 0.000002 0.000000 1.000000
vn 0.000001 0.000000 1.000000
vn 0.170055 0.849057 -0.500184
vn 0.170055 0.849057 -0.500184
vn 0.010735 0.864727 -0.502128
vn 0.003552 0.864911 -0.501912
vn -0.196392 -0.980525 0.000000
vn -0.196392 -0.980525 0.000000
vn -0.008629 -0.999963 0.000000
vn -0.008629 -0.999963 0.000000
vn -0.304773 0.952425 0.000000
vn -0.304773 0.952425 0.000000
vn -0.304773 0.952425 0.000000
vn -0.304773 0.952425 0.000000
vn 0.877249 0.480036 0.000000
vn 0.877249 0.480036 0.000000
vn 0.877249 0.480036 0.000000
vn 0.877249 0.480036 0.000000
vn -0.008629 -0.999963 0.000000
vn 0.179441 -0.983769 0.000000
vn -0.008629 -0.999963 0.000000
vn 0.179441 -0.983769 0.000000
vn 0.279776 0.960065 0.000000
vn 0.279776 0.960065 0.000000
vn 0.279776 0.960065 0.000000
vn 0.279776 0.960065 0.000000
vn 0.000001 -0.000000 1.000000
vn 0.000001 0.000000 1.000000
vn 0.000001 0.000000 1.000000
vn 0.000001 0.000000 1.000000
vn -0.665991 0.418923 -0.617219
vn -0.665991 0.418923 -0.617219
vn -0.665991 0.418923 -0.617219
vn -0.665991 0.418923 -0.617219
vn -0.007455 -0.704645 -0.709521
vn -0.005014 -0.704641 -0.709546
vn -0.139904 -0.698498 -0.701803
vn -0.139904 -0.698498 -0.701803
vn -0.220944 0.690463 -0.688799
vn -0.007868 0.707439 -0.706731
vn -0.220944 0.690463 -0.688799
vn -0.011284 0.707424 -0.706700
vn 0.639825 -0.428089 -0.638251
vn 0.639825 -0.428089 -0.638251
vn 0.639825 -0.428089 -0.638251
vn 0.639825 -0.428089 -0.638251
vn 0.127341 -0.698151 -0.704535
vn -0.005014 -0.704641 -0.709546
vn 0.127341 -0.698151 -0.704535
vn -0.007455 -0.704645 -0.709521
vn -0.011284 0.707424 -0.706700
vn -0.007868 0.707439 -0.706731
vn 0.201783 0.692430 -0.692693
vn 0.201783 0.692430 -0.692693
vn 0.656228 0.439065 -0.613667
vn 0.656228 0.439065 -0.613667
vn 0.656228 0.439065 -0.613667
vn 0.656228 0.439065 -0.613667
vn -0.648639 -0.408006 -0.642494
vn -0.648639 -0.408006 -0.642494
vn -0.648639 -0.408006 -0.642494
vn -0.648639 -0.408006 -0.642494
vn -0.000000 -0.000000 1.000000
vn 0.000002 -0.000000 1.000000
vn 0.000001 0.000000 1.000000
vn 0.000001 -0.000000 1.000000
vn 0.877248 -0.480038 0.000000
vn 0.877248 -0.480038 0.000000
vn 0.877248 -0.480038 0.000000
vn 0.877248 -0.480038 0.000000
vn 0.388084 -0.685344 -0.616194
vn 0.565331 -0.442494 -0.696132
vn 0.469715 -0.588188 -0.658333
vn 0.565331 -0.442494 -0.696132
vn -0.000000 -0.000000 1.000000
vn 0.000001 0.000000 1.000000
vn -0.000002 0.000000 1.000000
vn 0.000000 0.000000 1.000000
vn -0.888310 -0.459243 0.000000
vn -0.888310 -0.459243 0.000000
vn -0.888310 -0.459243 0.000000
vn -0.888310 -0.459243 0.000000
vn -0.455830 -0.601869 -0.655724
vn -0.367318 -0.704773 -0.606937
vn 0.014930 -0.837372 -0.546430
vn 0.005557 -0.837640 -0.546195
vn 0.046976 -0.063633 -0.996867
vn 0.000012 -0.003850 -0.999993
vn 0.055066 -0.000204 -0.998483
vn 0.049794 0.062561 -0.996798
vn 0.000012 -0.003850 -0.999993
vn -0.002106 0.108198 -0.994127
vn -0.057254 -0.000206 -0.998360
vn 0.000012 -0.003850 -0.999993
vn -0.048562 -0.063061 -0.996828
vn -0.051501 0.061629 -0.996770
vn 0.000012 -0.003850 -0.999993
vn -0.057254 -0.000206 -0.998360
vn -0.048562 -0.063061 -0.996828
vn 0.000012 -0.003850 -0.999993
vn -0.001756 -0.121616 -0.992576
vn 0.055066 -0.000204 -0.998483
vn 0.000012 -0.003850 -0.999993
vn 0.049794 0.062561 -0.996798
vn -0.001756 -0.121616 -0.992576
vn 0.000012 -0.003850 -0.999993
vn 0.046976 -0.063633 -0.996867
vn -0.002106 0.108198 -0.994127
vn 0.000012 -0.003850 -0.999993
vn -0.051501 0.061629 -0.996770
vn 0.005557 -0.837640 -0.546195
vn 0.388084 -0.685344 -0.616194
vn 0.014930 -0.837372 -0.546430
vn 0.469715 -0.588188 -0.658333
vn -0.543279 0.455357 -0.705335
vn -0.543279 0.455357 -0.705335
vn -0.543279 0.455357 -0.705335
vn -0.543279 0.455357 -0.705335
vn 0.558955 0.437504 -0.704386
vn 0.558955 0.437504 -0.704386
vn 0.558955 0.437504 -0.704386
vn 0.558955 0.437504 -0.704386
vn 0.003552 0.864911 -0.501912
vn -0.156386 0.857372 -0.490364
vn 0.010735 0.864727 -0.502128
vn -0.156386 0.857372 -0.490364
vn -0.550000 -0.460990 -0.696411
vn -0.550000 -0.460990 -0.696411
vn -0.455830 -0.601869 -0.655724
vn -0.367318 -0.704773 -0.606937
vn 0.004196 0.000002 0.999991
vn 0.004196 0.000002 0.999991
vn 0.004196 0.000002 0.999991
vn 0.004196 0.000002 0.999991
vn -0.641908 0.000002 0.766781
vn -0.641908 0.000002 0.766781
vn -0.641908 0.000002 0.766781
vn -0.641908 0.000002 0.766781
vn 0.999991 0.000000 -0.004197
vn 0.999991 0.000000 -0.004197
vn 0.999991 0.000000 -0.004197
vn 0.999991 0.000000 -0.004197
vn 0.641911 -0.000002 -0.766779
vn 0.641911 -0.000002 -0.766779
vn 0.641911 -0.000002 -0.766779
vn 0.641911 -0.000002 -0.766779
vn 0.000000 -1.000000 0.000000
vn 0.000000 -1.000000 0.000001
vn 0.000000 -1.000000 0.000001
vn 0.000000 -1.000000 0.000001
vn 0.000000 1.000000 0.000000
vn 0.000000 1.000000 0.000000
vn 0.000000 1.000000 0.000000
vn 0.000000 1.000000 0.000000
vn 0.000000 1.000000 0.000001
vn 0.000000 1.000000 0.000003
vn 0.000000 1.000000 0.000002
vn 0.000000 1.000000 0.000003
vn -0.004197 -0.000002 -0.999991
vn -0.004197 -0.000002 -0.999991
vn -0.004197 -0.000002 -0.999991
vn -0.004197 -0.000002 -0.999991
vn 0.000000 1.000000 0.000000
vn 0.000000 1.000000 0.000001
vn 0.000000 1.000000 0.000000
vn 0.000000 1.000000 0.000002
vn 0.000000 -1.000000 0.000001
vn 0.000000 -1.000000 0.000000
vn 0.000000 -1.000000 0.000000
vn 0.000000 -1.000000 0.000000
vn -0.999991 0.000000 0.004198
vn -0.999991 0.000000 0.004198
vn -0.999991 0.000000 0.004198
vn -0.999991 0.000000 0.004198
vn 0.000000 -1.000000 0.000000
vn 0.000000 -1.000000 0.000000
vn 0.000000 -1.000000 0.000000
vn 0.000000 -1.000000 0.000000
vn 0.685118 0.000002 0.728432
vn 0.685118 0.000002 0.728432
vn 0.685118 0.000002 0.728432
vn 0.685118 0.000002 0.728432
vn -0.685118 -0.000002 -0.728432
vn -0.685118 -0.000002 -0.728432
vn -0.685118 -0.000002 -0.728432
vn -0.685118 -0.000002 -0.728432
vn -0.937702 0.345609 0.035633
vn -0.937702 0.345609 0.035633
vn -0.938302 0.345782 0.004860
vn -0.938303 0.345782 0.004752
vn 0.004199 -0.000001 0.999991
vn 0.004196 -0.000002 0.999991
vn 0.004197 -0.000001 0.999991
vn 0.004197 -0.000001 0.999991
vn 0.999991 0.000001 -0.004196
vn 0.999991 0.000001 -0.004197
vn 0.999991 0.000000 -0.004197
vn 0.999991 0.000000 -0.004197
vn 0.000022 0.999987 0.005175
vn -0.000714 0.985404 -0.170228
vn 0.000022 0.999987 0.005175
vn -0.000714 0.985404 -0.170228
vn 0.000685 -0.986621 0.163028
vn 0.000020 -0.999989 0.004689
vn 0.000685 -0.986621 0.163028
vn 0.000020 -0.999989 0.004689
vn 0.000758 0.983590 0.180418
vn 0.000022 0.999987 0.005175
vn 0.000758 0.983590 0.180418
vn 0.000022 0.999987 0.005175
vn -0.004197 0.000000 -0.999991
vn -0.004197 -0.000004 -0.999991
vn -0.004197 0.000000 -0.999991
vn -0.004197 -0.000004 -0.999991
vn 0.999991 -0.000000 -0.004199
vn 0.999991 -0.000000 -0.004199
vn 0.999991 0.000001 -0.004197
vn 0.999991 0.000000 -0.004197
vn -0.936312 -0.350393 -0.023334
vn -0.936312 -0.350393 -0.023334
vn -0.936542 -0.350524 0.004773
vn -0.936542 -0.350524 0.004685
vn 0.000020 -0.999989 0.004689
vn -0.000645 -0.988107 -0.153769
vn 0.000020 -0.999989 0.004689
vn -0.000645 -0.988107 -0.153769
vn -0.938303 0.345782 0.004752
vn -0.938014 0.345628 -0.025917
vn -0.938302 0.345782 0.004860
vn -0.938014 0.345628 -0.025917
vn 0.999991 -0.000001 -0.004197
vn 0.999991 0.000000 -0.004199
vn 0.999991 0.000001 -0.004197
vn 0.999991 -0.000000 -0.004199
vn -0.004197 0.000004 -0.999991
vn -0.004197 0.000004 -0.999991
vn -0.004197 0.000000 -0.999991
vn -0.004197 0.000000 -0.999991
vn 0.999991 -0.000001 -0.004197
vn 0.999991 0.000001 -0.004197
vn 0.999991 -0.000002 -0.004196
vn 0.999991 0.000001 -0.004196
vn -0.001762 -0.907459 -0.420137
vn -0.001762 -0.907459 -0.420137
vn -0.001762 -0.907459 -0.420137
vn -0.001762 -0.907459 -0.420137
vn -0.936542 -0.350524 0.004685
vn -0.936032 -0.350377 0.032877
vn -0.936542 -0.350524 0.004773
vn -0.936032 -0.350377 0.032877
vn 0.004199 -0.000001 0.999991
vn 0.004201 0.000007 0.999991
vn 0.004201 -0.000001 0.999991
vn 0.004201 0.000007 0.999991
vn 0.004201 0.000007 0.999991
vn 0.004201 0.000007 0.999991
vn 0.004196 0.000006 0.999991
vn 0.004196 0.000006 0.999991
vn 0.004196 0.000006 0.999991
vn 0.004196 0.000006 0.999991
vn 0.004195 -0.000002 0.999991
vn 0.004196 -0.000002 0.999991
vn 0.004195 -0.000002 0.999991
vn 0.004196 -0.000002 0.999991
vn 0.004201 -0.000001 0.999991
vn 0.004199 -0.000001 0.999991
vn 0.004198 -0.000001 0.999991
vn 0.004198 -0.000001 0.999991
vn 0.004198 -0.000001 0.999991
vn 0.004198 -0.000001 0.999991
vn 0.001765 0.907461 0.420134
vn 0.001765 0.907461 0.420134
vn 0.001765 0.907461 0.420134
vn 0.001765 0.907461 0.420134
vn 0.999991 0.000000 -0.004197
vn 0.999991 0.000000 -0.004197
vn 0.999991 0.000000 -0.004197
vn 0.999991 0.000000 -0.004197
vn -0.902074 -0.393074 -0.178202
vn -0.902074 -0.393074 -0.178202
vn -0.902074 -0.393074 -0.178202
vn -0.902074 -0.393074 -0.178202
vn 0.999991 0.000001 -0.004196
vn 0.999991 0.000000 -0.004194
vn 0.999991 -0.000002 -0.004196
vn 0.999991 -0.000003 -0.004195
vn 0.999991 -0.000003 -0.004195
vn 0.999991 -0.000003 -0.004197
vn 0.999991 -0.000002 -0.004196
vn 0.999991 -0.000001 -0.004197
vn 0.999991 0.000000 -0.004197
vn 0.999991 0.000000 -0.004198
vn 0.999991 0.000000 -0.004197
vn 0.999991 -0.000001 -0.004196
vn 0.999991 -0.000000 -0.004200
vn 0.999991 0.000000 -0.004202
vn 0.999991 0.000000 -0.004199
vn 0.999991 -0.000000 -0.004199
vn 0.999991 0.000001 -0.004199
vn 0.999991 0.000000 -0.004198
vn 0.999991 -0.000000 -0.004199
vn 0.999991 0.000000 -0.004197
vn 0.999991 -0.000001 -0.004197
vn 0.999991 -0.000003 -0.004197
vn 0.999991 0.000000 -0.004199
vn 0.999991 -0.000000 -0.004200
vn 0.999991 -0.000001 -0.004196
vn 0.999991 0.000000 -0.004194
vn 0.999991 0.000000 -0.004197
vn 0.999991 0.000001 -0.004196
vn 0.999991 -0.000000 -0.004199
vn 0.999991 0.000000 -0.004202
vn 0.999991 -0.000000 -0.004199
vn 0.999991 0.000001 -0.004199
vn 0.004196 0.000002 0.999991
vn 0.004196 0.000002 0.999991
vn 0.004196 0.000002 0.999991
vn 0.004196 0.000002 0.999991
vn -0.641904 0.000000 0.766785
vn -0.641904 0.000000 0.766785
vn -0.641904 0.000000 0.766785
vn -0.641904 0.000000 0.766785
vn 0.999991 0.000000 -0.004198
vn 0.999991 0.000000 -0.004198
vn 0.999991 0.000000 -0.004198
vn 0.999991 0.000000 -0.004198
vn 0.641910 -0.000002 -0.766780
vn 0.641910 -0.000002 -0.766780
vn 0.641910 -0.000002 -0.766780
vn 0.641910 -0.000002 -0.766780
vn 0.000000 -1.000000 -0.000000
vn 0.000000 -1.000000 -0.000001
vn 0.000000 -1.000000 -0.000001
vn 0.000000 -1.000000 -0.000001
vn 0.000000 1.000000 -0.000000
vn 0.000000 1.000000 -0.000000
vn 0.000000 1.000000 -0.000001
vn 0.000000 1.000000 -0.000002
vn 0.000000 1.000000 -0.000002
vn 0.000000 1.000000 0.000000
vn 0.000000 1.000000 -0.000001
vn 0.000000 1.000000 0.000000
vn -0.004197 -0.000002 -0.999991
vn -0.004197 -0.000002 -0.999991
vn -0.004197 -0.000002 -0.999991
vn -0.004197 -0.000002 -0.999991
vn 0.000000 1.000000 -0.000002
vn 0.000000 1.000000 -0.000002
vn 0.000000 1.000000 -0.000001
vn 0.000000 1.000000 -0.000001
vn 0.000000 -1.000000 -0.000001
vn 0.000000 -1.000000 0.000000
vn 0.000000 -1.000000 -0.000000
vn 0.000000 -1.000000 0.000000
vn -0.999991 0.000000 0.004198
vn -0.999991 0.000000 0.004198
vn -0.999991 0.000000 0.004198
vn -0.999991 0.000000 0.004198
vn 0.000000 -1.000000 0.000000
vn 0.000000 -1.000000 0.000000
vn 0.000000 -1.000000 0.000000
vn 0.000000 -1.000000 0.000000
vn 0.685118 0.000002 0.728432
vn 0.685118 0.000002 0.728432
vn 0.685118 0.000002 0.728432
vn 0.685118 0.000002 0.728432
vn -0.685118 -0.000002 -0.728432
vn -0.685118 -0.000002 -0.728432
vn -0.685118 -0.000002 -0.728432
vn -0.685118 -0.000002 -0.728432
vn -0.000021 0.429591 -0.903024
vn -0.000010 0.414024 -0.910266
vn -0.003571 0.431853 -0.901937
vn -0.001162 0.403195 -0.915114
vn 0.003956 0.485202 -0.874393
vn 0.003956 0.485202 -0.874393
vn 0.000015 0.487932 -0.872882
vn 0.000016 0.487931 -0.872882
vn 0.000388 0.458474 -0.888708
vn 0.000383 0.458458 -0.888716
vn 0.003956 0.485202 -0.874393
vn 0.003956 0.485202 -0.874393
vn -0.000005 0.459009 -0.888432
vn -0.000003 0.459007 -0.888433
vn -0.000021 0.429591 -0.903024
vn -0.000010 0.414024 -0.910266
vn -0.001162 0.403195 -0.915114
vn 0.000383 0.458458 -0.888716
vn -0.003571 0.431853 -0.901937
vn 0.000388 0.458474 -0.888708
vn 0.000016 0.487931 -0.872882
vn -0.000003 0.459007 -0.888433
vn 0.000015 0.487932 -0.872882
vn -0.000005 0.459009 -0.888432
vn 0.000082 0.446235 -0.894916
vn -0.000538 0.487335 -0.873215
vn -0.000106 0.458864 -0.888507
vn -0.000538 0.487335 -0.873215
vn 0.000341 0.428840 -0.903380
vn 0.000082 0.446235 -0.894916
vn 0.000341 0.428840 -0.903380
vn -0.000106 0.458864 -0.888507
vn 0.000000 0.888778 0.458338
vn 0.000000 0.888778 0.458338
vn 0.000000 0.888778 0.458338
vn 0.000000 0.888778 0.458338
vn -0.999997 0.001967 0.001126
vn -0.999997 0.001967 0.001127
vn -0.999997 0.002118 0.001205
vn -0.999997 0.002118 0.001205
vn -0.999998 0.001816 0.001048
vn -0.999997 0.001967 0.001127
vn -0.999998 0.001816 0.001048
vn -0.999997 0.001967 0.001126
vn -0.000000 -0.888777 -0.458340
vn -0.000000 -0.888777 -0.458340
vn -0.000000 -0.888777 -0.458340
vn -0.000000 -0.888777 -0.458340
vn -0.000001 0.429594 -0.903022
vn -0.000001 0.414025 -0.910266
vn -0.000016 0.429591 -0.903024
vn -0.000010 0.414024 -0.910266
vn 0.000016 0.487931 -0.872882
vn -0.000000 0.487931 -0.872882
vn 0.000016 0.487930 -0.872883
vn -0.000000 0.487931 -0.872882
vn -0.000010 0.414024 -0.910266
vn -0.000003 0.459007 -0.888433
vn -0.000016 0.429591 -0.903024
vn 0.000000 0.459005 -0.888434
vn 0.001102 0.413557 -0.910478
vn -0.000001 0.414025 -0.910266
vn 0.004141 0.431732 -0.901993
vn -0.000001 0.429594 -0.903022
vn -0.000000 0.487931 -0.872882
vn -0.000000 0.487931 -0.872882
vn -0.003346 0.485247 -0.874371
vn -0.002385 0.486019 -0.873945
vn 0.000000 0.459005 -0.888434
vn -0.000003 0.459007 -0.888433
vn 0.000016 0.487930 -0.872883
vn 0.000016 0.487931 -0.872882
vn 0.000793 0.458399 -0.888746
vn 0.000389 0.464557 -0.885543
vn 0.004141 0.431732 -0.901993
vn 0.001102 0.413557 -0.910478
vn -0.002385 0.486019 -0.873945
vn 0.000389 0.464557 -0.885543
vn -0.003346 0.485247 -0.874371
vn 0.000793 0.458399 -0.888746
vn 0.003096 0.464394 -0.885624
vn -0.000001 0.458960 -0.888457
vn 0.002747 0.489575 -0.871957
vn -0.000003 0.487925 -0.872885
vn -0.005772 0.435495 -0.900173
vn 0.003096 0.464394 -0.885624
vn 0.009490 0.493600 -0.869637
vn 0.002747 0.489575 -0.871957
vn -0.008878 0.423416 -0.905892
vn -0.006082 0.425365 -0.905001
vn -0.005772 0.435495 -0.900173
vn 0.003096 0.464394 -0.885624
vn -0.006082 0.425365 -0.905001
vn 0.000001 0.429587 -0.903025
vn 0.003096 0.464394 -0.885624
vn -0.000001 0.458960 -0.888457
vn 0.000001 0.888459 0.458956
vn 0.000001 0.888459 0.458956
vn 0.000001 0.888460 0.458955
vn 0.000001 0.888460 0.458955
vn -0.000000 -0.888466 -0.458942
vn -0.000000 -0.888466 -0.458942
vn -0.000000 -0.888467 -0.458940
vn -0.000000 -0.888467 -0.458940
vn -0.828190 -0.497880 -0.257325
vn -0.807186 -0.524402 -0.271023
vn -0.828190 -0.497880 -0.257325
vn -0.807131 -0.524469 -0.271057
vn 0.000000 -0.888466 -0.458943
vn 0.000000 -0.888466 -0.458943
vn -0.000000 -0.888466 -0.458942
vn -0.000000 -0.888466 -0.458942
vn -0.923880 0.000000 0.382683
vn -0.707106 0.000000 0.707107
vn -0.923880 0.000000 0.382683
vn -0.707106 0.000000 0.707107
vn -0.707106 0.000000 0.707107
vn -0.382683 0.000000 0.923880
vn -0.707106 0.000000 0.707107
vn -0.382683 0.000000 0.923880
vn -0.707106 0.000000 0.707108
vn -0.707106 0.000000 0.707108
vn -0.923879 0.000000 0.382684
vn -0.923879 0.000000 0.382684
vn 0.000000 -1.000000 0.000001
vn 0.000000 -1.000000 0.000001
vn 0.000000 -1.000000 -0.000000
vn 0.000000 -1.000000 -0.000000
vn -0.923880 0.000000 -0.382683
vn -1.000000 0.000000 0.000002
vn -0.923880 0.000000 -0.382683
vn -1.000000 0.000000 0.000002
vn -0.923880 0.000000 -0.382682
vn -0.923880 0.000000 -0.382682
vn -0.707107 0.000000 -0.707107
vn -0.707107 0.000000 -0.707107
vn -0.707107 0.000000 -0.707107
vn -0.923880 0.000000 -0.382683
vn -0.707107 0.000000 -0.707107
vn -0.923880 0.000000 -0.382683
vn -0.000001 0.000000 -1.000000
vn -0.000001 0.000000 -1.000000
vn 0.382682 0.000000 -0.923880
vn 0.382682 0.000000 -0.923880
vn 0.000000 -1.000000 0.000001
vn 0.000000 -1.000000 0.000001
vn 0.000000 -1.000000 -0.000001
vn 0.000000 -1.000000 -0.000001
vn -0.382683 0.000000 -0.923880
vn -0.707107 0.000000 -0.707107
vn -0.382683 0.000000 -0.923880
vn -0.707107 0.000000 -0.707107
vn 0.923880 0.000000 -0.382683
vn 0.923880 0.000000 -0.382683
vn 1.000000 0.000000 -0.000001
vn 1.000000 0.000000 -0.000001
vn 0.000000 0.000000 -1.000000
vn -0.382683 0.000000 -0.923880
vn 0.000000 0.000000 -1.000000
vn -0.382683 0.000000 -0.923880
vn 0.707107 0.000000 0.707106
vn 0.707107 0.000000 0.707106
vn 0.382684 -0.000000 0.923880
vn 0.382684 0.000000 0.923879
vn 0.000000 -1.000000 0.000001
vn 0.000000 -1.000000 0.000001
vn 0.000000 -1.000000 -0.000001
vn 0.000000 -1.000000 -0.000001
vn 0.382682 0.000000 -0.923880
vn 0.000000 0.000000 -1.000000
vn 0.382682 0.000000 -0.923880
vn 0.000000 0.000000 -1.000000
vn -0.382685 -0.000001 0.923879
vn -0.382685 0.000001 0.923879
vn -0.707106 0.000000 0.707108
vn -0.707106 0.000000 0.707108
vn 0.000000 -1.000000 0.000000
vn 0.000000 -1.000000 0.000000
vn 0.000000 -1.000000 -0.000001
vn 0.000000 -1.000000 -0.000001
vn 0.707106 0.000000 -0.707108
vn 0.382682 0.000000 -0.923880
vn 0.707106 0.000000 -0.707108
vn 0.382682 0.000000 -0.923880
vn -1.000000 0.000000 0.000001
vn -1.000000 0.000000 0.000001
vn -0.923880 0.000000 -0.382682
vn -0.923880 0.000000 -0.382682
vn 0.923879 0.000000 -0.382684
vn 0.707106 0.000000 -0.707108
vn 0.923879 0.000000 -0.382684
vn 0.707106 0.000000 -0.707108
vn -0.382683 0.000000 -0.923880
vn -0.382683 0.000000 -0.923880
vn -0.000001 0.000000 -1.000000
vn -0.000001 0.000000 -1.000000
vn 1.000000 0.000000 0.000000
vn 0.923879 0.000000 -0.382684
vn 1.000000 0.000000 0.000000
vn 0.923879 0.000000 -0.382684
vn 0.707106 0.000000 -0.707108
vn 0.707106 0.000000 -0.707108
vn 0.923880 0.000000 -0.382683
vn 0.923880 0.000000 -0.382683
vn 0.000000 -1.000000 0.000001
vn 0.000000 -1.000000 0.000001
vn 0.000000 -1.000000 0.000001
vn 0.000000 -1.000000 0.000001
vn 0.923880 0.000000 0.382682
vn 1.000000 0.000000 0.000000
vn 0.923880 0.000000 0.382682
vn 1.000000 0.000000 0.000000
vn 0.923880 0.000000 0.382682
vn 0.923880 0.000000 0.382682
vn 0.707107 0.000000 0.707106
vn 0.707107 0.000000 0.707106
vn 0.707107 0.000000 0.707106
vn 0.923880 0.000000 0.382682
vn 0.707107 0.000000 0.707106
vn 0.923880 0.000000 0.382682
vn -0.923879 0.000000 0.382684
vn -0.923879 0.000000 0.382684
vn -1.000000 0.000000 0.000001
vn -1.000000 0.000000 0.000001
vn 0.382683 0.000000 0.923880
vn 0.707107 0.000000 0.707106
vn 0.382683 0.000000 0.923880
vn 0.707107 0.000000 0.707106
vn -0.707107 0.000000 -0.707107
vn -0.707107 0.000000 -0.707107
vn -0.382683 0.000000 -0.923880
vn -0.382683 0.000000 -0.923880
vn 0.000000 -1.000000 -0.000001
vn 0.000000 -1.000000 -0.000001
vn 0.000000 -1.000000 0.000001
vn 0.000000 -1.000000 0.000001
vn 0.000001 0.000000 1.000000
vn 0.382683 0.000000 0.923880
vn 0.000001 0.000000 1.000000
vn 0.382683 0.000000 0.923880
vn 0.382682 0.000000 -0.923880
vn 0.382682 0.000000 -0.923880
vn 0.707106 0.000000 -0.707108
vn 0.707106 0.000000 -0.707108
vn 0.000000 -1.000000 0.000001
vn 0.000000 -1.000000 0.000001
vn 0.000000 -1.000000 0.000001
vn 0.000000 -1.000000 0.000001
vn 1.000000 0.000000 -0.000001
vn 1.000000 0.000000 -0.000001
vn 0.923880 0.000000 0.382682
vn 0.923880 0.000000 0.382682
vn -0.707108 -0.000000 -0.707106
vn -0.686689 0.238571 -0.686689
vn -0.382684 -0.000000 -0.923879
vn -0.371633 0.238572 -0.897202
vn 0.000000 -1.000000 -0.000001
vn 0.000000 -1.000000 -0.000001
vn 0.000000 -1.000000 0.000001
vn 0.000000 -1.000000 0.000001
vn -1.000000 0.000000 0.000002
vn -0.923880 0.000000 0.382683
vn -1.000000 0.000000 0.000002
vn -0.923880 0.000000 0.382683
vn 0.964941 0.000000 -0.262466
vn 0.979506 -0.000000 -0.201413
vn 0.964941 0.000000 -0.262466
vn 0.979506 -0.000000 -0.201413
vn -0.382683 0.000000 0.923880
vn 0.000001 0.000000 1.000000
vn -0.382683 0.000000 0.923880
vn 0.000001 0.000000 1.000000
vn 0.000000 -1.000000 0.000001
vn 0.000000 -1.000000 0.000001
vn 0.000000 -1.000000 0.000000
vn 0.000000 -1.000000 0.000000
vn 0.000000 -1.000000 0.000001
vn 0.000000 -1.000000 0.000001
vn 0.000000 -1.000000 0.000003
vn 0.000000 -1.000000 0.000003
vn 0.000000 -1.000000 -0.000001
vn 0.000000 -1.000000 -0.000001
vn 0.000000 -1.000000 -0.000001
vn 0.000000 -1.000000 -0.000001
vn 0.000000 -1.000000 -0.000001
vn 0.000000 -1.000000 -0.000001
vn 0.000000 -1.000000 -0.000001
vn 0.000000 -1.000000 -0.000001
vn 0.000000 -1.000000 -0.000001
vn 0.000000 -1.000000 -0.000001
vn 0.000000 -1.000000 0.000001
vn 0.000000 -1.000000 0.000001
vn 0.000000 -1.000000 -0.000000
vn 0.000000 -1.000000 -0.000000
vn 0.000000 -1.000000 0.000001
vn 0.000000 -1.000000 0.000001
vn 0.000000 -1.000000 0.000000
vn 0.000000 -1.000000 0.000000
vn 0.000000 -1.000000 0.000000
vn 0.000000 -1.000000 0.000000
vn 0.000000 -1.000000 0.000003
vn 0.000000 -1.000000 0.000003
vn 0.000000 -1.000000 0.000001
vn 0.000000 -1.000000 0.000001
vn 0.000000 1.000000 -0.000000
vn 0.000000 1.000000 -0.000000
vn 0.000000 1.000000 0.000002
vn 0.000000 1.000000 0.000002
vn 0.000000 1.000000 -0.000002
vn 0.000000 1.000000 -0.000002
vn 0.000000 1.000000 -0.000000
vn 0.000000 1.000000 -0.000000
vn 0.000000 1.000000 -0.000001
vn 0.000000 1.000000 -0.000001
vn 0.000000 1.000000 -0.000002
vn 0.000000 1.000000 -0.000002
vn 0.000000 1.000000 0.000000
vn 0.000000 1.000000 0.000000
vn 0.000000 1.000000 -0.000001
vn 0.000000 1.000000 -0.000001
vn 0.000000 1.000000 0.000000
vn 0.000000 1.000000 0.000000
vn 0.000000 1.000000 0.000000
vn 0.000000 1.000000 0.000000
vn 0.000000 1.000000 0.000001
vn 0.000000 1.000000 0.000001
vn 0.000000 1.000000 0.000000
vn 0.000000 1.000000 0.000000
vn 0.000000 1.000000 0.000002
vn 0.000000 1.000000 0.000002
vn 0.000000 1.000000 0.000001
vn 0.000000 1.000000 0.000001
vn 0.000000 1.000000 -0.000001
vn 0.000000 1.000000 -0.000001
vn 0.000000 1.000000 0.000002
vn 0.000000 1.000000 0.000002
vn 0.000000 1.000000 -0.000003
vn 0.000000 1.000000 -0.000003
vn 0.000000 1.000000 -0.000001
vn 0.000000 1.000000 -0.000001
vn 0.000000 1.000000 0.000001
vn 0.000000 1.000000 0.000001
vn 0.000000 1.000000 -0.000003
vn 0.000000 1.000000 -0.000003
vn 0.000000 1.000000 0.000002
vn 0.000000 1.000000 0.000002
vn 0.000000 1.000000 0.000001
vn 0.000000 1.000000 0.000001
vn 0.000000 1.000000 0.000000
vn 0.000000 1.000000 0.000000
vn 0.000000 1.000000 0.000002
vn 0.000000 1.000000 0.000002
vn 0.000000 1.000000 0.000000
vn 0.000000 1.000000 0.000000
vn 0.000000 1.000000 0.000000
vn 0.000000 1.000000 0.000000
vn 0.000000 1.000000 0.000000
vn 0.000000 1.000000 0.000000
vn 0.000000 1.000000 0.000000
vn 0.000000 1.000000 0.000000
vn 0.000000 1.000000 0.000000
vn 0.000000 1.000000 0.000000
vn 0.000000 1.000000 0.000000
vn 0.000000 1.000000 0.000000
vn 0.000000 1.000000 0.000002
vn 0.000000 1.000000 0.000002
vn 0.000000 1.000000 0.000000
vn 0.000000 1.000000 0.000000
vn 0.897203 0.238570 -0.371632
vn 0.812482 0.476038 -0.336542
vn 0.971125 0.238570 -0.000001
vn 0.879425 0.476037 -0.000001
vn 0.707107 0.000000 0.707106
vn 0.686690 0.238570 0.686689
vn 0.382684 0.000000 0.923879
vn 0.371634 0.238569 0.897203
vn -0.382684 -0.000000 -0.923879
vn -0.371633 0.238572 -0.897202
vn -0.000000 0.000000 -1.000000
vn -0.000000 0.238572 -0.971125
vn 0.000002 -0.000000 1.000000
vn 0.000002 0.238569 0.971125
vn -0.382682 -0.000000 0.923880
vn -0.371633 0.238570 0.897203
vn 0.382684 0.000000 0.923879
vn 0.371634 0.238569 0.897203
vn 0.000002 -0.000000 1.000000
vn 0.000002 0.238569 0.971125
vn -0.000000 0.000000 -1.000000
vn -0.000000 0.238572 -0.971125
vn 0.382683 0.000000 -0.923880
vn 0.371632 0.238572 -0.897203
vn -0.382682 -0.000000 0.923880
vn -0.371633 0.238570 0.897203
vn -0.707106 -0.000000 0.707107
vn -0.686689 0.238570 0.686690
vn 0.382683 0.000000 -0.923880
vn 0.371632 0.238572 -0.897203
vn 0.707107 0.000000 -0.707107
vn 0.686688 0.238571 -0.686690
vn -0.707106 -0.000000 0.707107
vn -0.686689 0.238570 0.686690
vn -0.923879 -0.000000 0.382684
vn -0.897203 0.238570 0.371634
vn 0.707107 0.000000 -0.707107
vn 0.686688 0.238571 -0.686690
vn 0.923880 0.000000 -0.382682
vn 0.897203 0.238570 -0.371632
vn -0.923879 -0.000000 0.382684
vn -0.897203 0.238570 0.371634
vn -1.000000 -0.000000 0.000000
vn -0.971126 0.238569 0.000000
vn 0.923880 0.000000 -0.382682
vn 0.897203 0.238570 -0.371632
vn 1.000000 0.000000 -0.000001
vn 0.971125 0.238570 -0.000001
vn -1.000000 -0.000000 0.000000
vn -0.971126 0.238569 0.000000
vn -0.923881 -0.000000 -0.382681
vn -0.897204 0.238570 -0.371632
vn 1.000000 0.000000 -0.000001
vn 0.971125 0.238570 -0.000001
vn 0.923880 0.000000 0.382682
vn 0.897203 0.238570 0.371633
vn -0.923881 -0.000000 -0.382681
vn -0.897204 0.238570 -0.371632
vn -0.707108 -0.000000 -0.707106
vn -0.686689 0.238571 -0.686689
vn 0.923880 0.000000 0.382682
vn 0.897203 0.238570 0.371633
vn 0.707107 0.000000 0.707106
vn 0.686690 0.238570 0.686689
vn -0.971126 0.238569 0.000000
vn -0.879425 0.476037 -0.000000
vn -0.897204 0.238570 -0.371632
vn -0.812482 0.476039 -0.336541
vn 0.971125 0.238570 -0.000001
vn 0.879425 0.476037 -0.000001
vn 0.897203 0.238570 0.371633
vn 0.812483 0.476038 0.336541
vn -0.897204 0.238570 -0.371632
vn -0.812482 0.476039 -0.336541
vn -0.686689 0.238571 -0.686689
vn -0.621847 0.476040 -0.621846
vn 0.897203 0.238570 0.371633
vn 0.812483 0.476038 0.336541
vn 0.686690 0.238570 0.686689
vn 0.621848 0.476038 0.621847
vn -0.686689 0.238571 -0.686689
vn -0.621847 0.476040 -0.621846
vn -0.371633 0.238572 -0.897202
vn -0.336541 0.476042 -0.812481
vn 0.686690 0.238570 0.686689
vn 0.621848 0.476038 0.621847
vn 0.371634 0.238569 0.897203
vn 0.336542 0.476036 0.812483
vn -0.371633 0.238572 -0.897202
vn -0.336541 0.476042 -0.812481
vn -0.000000 0.238572 -0.971125
vn 0.000000 0.476043 -0.879422
vn 0.000002 0.238569 0.971125
vn 0.000002 0.476037 0.879425
vn -0.371633 0.238570 0.897203
vn -0.336541 0.476038 0.812483
vn 0.371634 0.238569 0.897203
vn 0.336542 0.476036 0.812483
vn 0.000002 0.238569 0.971125
vn 0.000002 0.476037 0.879425
vn -0.000000 0.238572 -0.971125
vn 0.000000 0.476043 -0.879422
vn 0.371632 0.238572 -0.897203
vn 0.336539 0.476042 -0.812481
vn -0.371633 0.238570 0.897203
vn -0.336541 0.476038 0.812483
vn -0.686689 0.238570 0.686690
vn -0.621847 0.476038 0.621847
vn 0.371632 0.238572 -0.897203
vn 0.336539 0.476042 -0.812481
vn 0.686688 0.238571 -0.686690
vn 0.621846 0.476041 -0.621846
vn -0.686689 0.238570 0.686690
vn -0.621847 0.476038 0.621847
vn -0.897203 0.238570 0.371634
vn -0.812482 0.476038 0.336542
vn 0.686688 0.238571 -0.686690
vn 0.621846 0.476041 -0.621846
vn 0.897203 0.238570 -0.371632
vn 0.812482 0.476038 -0.336542
vn -0.897203 0.238570 0.371634
vn -0.812482 0.476038 0.336542
vn -0.971126 0.238569 0.000000
vn -0.879425 0.476037 -0.000000
vn 0.195091 -0.000000 0.980785
vn 0.382684 -0.000000 0.923880
vn 0.195092 0.000000 0.980785
vn 0.382684 0.000000 0.923879
vn 0.000002 0.000003 1.000000
vn 0.000002 0.000003 1.000000
vn -0.195095 0.000003 0.980784
vn -0.382685 0.000001 0.923879
vn 0.000001 -0.000003 1.000000
vn 0.000001 -0.000003 1.000000
vn 0.195091 -0.000000 0.980785
vn 0.382684 -0.000000 0.923880
vn -0.195095 0.000003 0.980784
vn -0.382685 0.000001 0.923879
vn -0.195095 -0.000003 0.980784
vn -0.382685 -0.000001 0.923879
vn 0.382684 0.000000 0.923879
vn 0.000002 0.000003 1.000000
vn 0.195092 0.000000 0.980785
vn 0.000002 0.000003 1.000000
vn -0.382685 -0.000001 0.923879
vn 0.000001 -0.000003 1.000000
vn -0.195095 -0.000003 0.980784
vn 0.000001 -0.000003 1.000000
vn -0.000000 -0.974872 -0.222765
vn -0.000000 -0.976414 -0.215906
vn 0.006123 -0.970266 -0.241964
vn 0.004728 -0.982381 -0.186828
vn -0.004728 -0.982381 -0.186831
vn -0.000000 -0.976414 -0.215906
vn -0.006124 -0.970266 -0.241962
vn -0.000000 -0.974872 -0.222765
vn 0.000000 1.000000 0.000000
vn 0.006123 0.970267 -0.241961
vn 0.000000 1.000000 0.000000
vn -0.000000 0.974873 -0.222763
vn -1.000000 0.000000 0.000001
vn -0.964942 0.000000 -0.262465
vn -1.000000 0.000000 0.000001
vn -0.964942 0.000000 -0.262465
vn -0.000000 -0.974872 -0.222765
vn 0.006123 -0.970266 -0.241964
vn 0.000000 -1.000000 0.000000
vn 0.000000 -1.000000 0.000000
vn 1.000000 0.000000 -0.000001
vn 0.964941 0.000000 -0.262466
vn 1.000000 0.000000 -0.000001
vn 0.964941 0.000000 -0.262466
vn -0.000000 0.974873 -0.222763
vn -0.006124 0.970266 -0.241962
vn 0.000000 1.000000 0.000000
vn 0.000000 1.000000 -0.000000
vn 0.000000 -1.000000 -0.000000
vn -0.006124 -0.970266 -0.241962
vn 0.000000 -1.000000 0.000000
vn -0.000000 -0.974872 -0.222765
vn -0.022068 0.000000 -0.999756
vn -0.022068 0.000000 -0.999756
vn -0.000001 0.000000 -1.000000
vn -0.000001 0.000000 -1.000000
vn 0.000000 1.000000 0.000000
vn 0.000000 1.000000 0.000000
vn -0.000000 0.976414 -0.215907
vn -0.004728 0.982381 -0.186830
vn 0.979506 -0.000000 -0.201413
vn 1.000000 -0.000000 -0.000001
vn 0.979506 -0.000000 -0.201413
vn 1.000000 -0.000000 -0.000001
vn 0.000001 0.000000 1.000000
vn 0.000001 0.000000 1.000000
vn 0.000000 0.000000 1.000000
vn 0.000001 0.000000 1.000000
vn -0.979507 0.000000 -0.201411
vn -1.000000 0.000000 0.000001
vn -0.979507 0.000000 -0.201411
vn -1.000000 0.000000 0.000001
vn 0.004728 0.982381 -0.186829
vn 0.000000 1.000000 0.000000
vn -0.000000 0.976414 -0.215907
vn 0.000000 1.000000 0.000000
vn 0.004728 0.982381 -0.186829
vn -0.000000 0.976414 -0.215907
vn 0.006123 0.970267 -0.241961
vn -0.000000 0.974873 -0.222763
vn -0.000000 0.974873 -0.222763
vn -0.000000 0.976414 -0.215907
vn -0.006124 0.970266 -0.241962
vn -0.004728 0.982381 -0.186830
vn -0.964942 0.000000 -0.262465
vn -0.979507 0.000000 -0.201411
vn -0.964942 0.000000 -0.262465
vn -0.979507 0.000000 -0.201411
vn -0.788174 0.615050 0.022255
vn -0.788145 0.615028 0.023830
vn -0.788375 0.615195 0.000000
vn -0.788375 0.615195 0.000000
vn 0.675315 0.737530 -0.000001
vn 0.675315 0.737530 -0.000001
vn 0.674426 0.736558 0.051306
vn 0.674409 0.736540 0.051782
vn -0.226843 -0.247743 0.941895
vn -0.249342 -0.272312 0.929341
vn -0.226843 -0.247743 0.941895
vn -0.250600 -0.273687 0.928598
vn -0.787547 0.614572 0.045510
vn -0.788145 0.615028 0.023830
vn -0.787547 0.614572 0.045510
vn -0.788174 0.615050 0.022255
vn 0.674426 0.736558 0.051306
vn 0.674409 0.736540 0.051782
vn 0.674281 0.736400 0.055307
vn 0.674281 0.736400 0.055307
vn -0.000001 -0.000000 -1.000000
vn -0.000001 -0.000000 -1.000000
vn -0.000001 -0.000000 -1.000000
vn -0.000001 -0.000000 -1.000000
vn -0.000001 -0.000000 -1.000000
vn -0.000001 -0.000000 -1.000000
vn -0.000001 -0.000000 -1.000000
vn -0.000001 -0.000000 -1.000000
vn -0.000001 -0.000000 -1.000000
vn -0.000001 -0.000000 -1.000000
vn -0.000001 -0.000000 -1.000000
vn -0.000001 -0.000000 -1.000000
vn -0.000001 -0.000000 -1.000000
vn -0.000001 -0.000000 -1.000000
vn -0.000001 -0.000000 -1.000000
vn -0.000001 -0.000000 -1.000000
vn -0.000001 -0.000000 -1.000000
vn -0.000001 -0.000000 -1.000000
vn -0.000001 -0.000000 -1.000000
vn -0.000001 -0.000000 -1.000000
vn 0.741238 -0.545267 0.391472
vn 0.741238 -0.545267 0.391472
vn 0.741238 -0.545267 0.391472
vn 0.741238 -0.545267 0.391472
vn 0.000001 0.000000 1.000000
vn 0.000001 0.000000 1.000000
vn 0.000001 0.000000 1.000000
vn 0.000001 0.000000 1.000000
vn -0.000001 0.000000 -1.000000
vn -0.000001 0.000000 -1.000000
vn -0.000001 0.000000 -1.000000
vn -0.000001 0.000000 -1.000000
vn 0.027566 -0.163525 -0.986154
vn 0.026340 -0.156427 -0.987338
vn 0.002634 -0.019205 -0.999812
vn 0.002634 -0.019205 -0.999812
vn 0.067662 -0.812117 -0.579559
vn 0.071103 -0.915528 -0.395921
vn -0.022811 -0.793943 -0.607564
vn -0.022586 -0.910793 -0.412246
vn -0.022586 -0.910793 -0.412246
vn 0.071103 -0.915528 -0.395921
vn -0.021522 -0.999768 0.000001
vn 0.073008 -0.997331 -0.000002
vn -0.021522 -0.999768 0.000001
vn 0.073008 -0.997331 -0.000002
vn -0.022650 -0.923376 0.383227
vn 0.073008 -0.921415 0.381659
vn -0.022650 -0.923376 0.383227
vn 0.073008 -0.921415 0.381659
vn -0.025857 -0.705965 0.707775
vn 0.073008 -0.705219 0.705221
vn -0.025857 -0.705965 0.707775
vn 0.073008 -0.705219 0.705221
vn -0.030634 -0.380961 0.924084
vn 0.073008 -0.381659 0.921415
vn -0.030634 -0.380961 0.924084
vn 0.073008 -0.381659 0.921415
vn -0.036233 0.001798 0.999342
vn 0.073009 0.000000 0.997331
vn -0.036233 0.001798 0.999342
vn 0.073009 0.000000 0.997331
vn -0.041794 0.383874 0.922439
vn 0.073008 0.381659 0.921415
vn -0.041794 0.383874 0.922439
vn 0.073008 0.381659 0.921415
vn -0.046478 0.707234 0.705450
vn 0.073008 0.705219 0.705220
vn -0.046478 0.707234 0.705450
vn 0.073008 0.705219 0.705220
vn -0.049591 0.923003 0.381584
vn 0.073008 0.921416 0.381659
vn -0.049591 0.923003 0.381584
vn 0.073008 0.921416 0.381659
vn -0.050680 0.998715 0.000001
vn 0.073008 0.997331 -0.000002
vn -0.050680 0.998715 0.000001
vn 0.073008 0.997331 -0.000002
vn -0.049106 0.910672 -0.410202
vn 0.071103 0.915528 -0.395920
vn -0.049106 0.910672 -0.410202
vn 0.071103 0.915528 -0.395920
vn -0.047179 0.793248 -0.607068
vn 0.067661 0.812118 -0.579557
vn 0.073008 0.921416 0.381659
vn 0.073008 0.705219 0.705220
vn 0.101591 0.919101 0.380701
vn 0.101591 0.703447 0.703449
vn 0.002635 0.019205 -0.999812
vn 0.026340 0.156426 -0.987338
vn 0.002635 0.019205 -0.999812
vn 0.027566 0.163524 -0.986154
vn -0.000001 0.000000 -1.000000
vn -0.000001 0.000000 -1.000000
vn -0.000001 0.000000 -1.000000
vn -0.000001 0.000000 -1.000000
vn -0.041794 0.383874 0.922439
vn -0.031833 0.371160 0.928023
vn -0.036233 0.001798 0.999342
vn -0.061392 -0.013054 0.998028
vn 0.026340 -0.156427 -0.987338
vn 0.027566 -0.163525 -0.986154
vn 0.051062 -0.299453 -0.952744
vn 0.051062 -0.299453 -0.952744
vn 0.000001 -0.923879 0.382686
vn -0.000000 -1.000000 -0.000002
vn 0.000001 -0.923879 0.382686
vn -0.000000 -1.000000 0.000002
vn 0.073008 -0.381659 0.921415
vn 0.073008 -0.705219 0.705221
vn 0.101591 -0.380700 0.919101
vn 0.101591 -0.703446 0.703451
vn -0.000001 0.000000 -1.000000
vn -0.000001 0.000000 -1.000000
vn -0.000001 0.000000 -1.000000
vn -0.000001 0.000000 -1.000000
vn 0.071103 -0.915528 -0.395921
vn 0.067662 -0.812117 -0.579559
vn 0.101592 -0.919100 -0.380704
vn 0.099660 -0.827330 -0.552804
vn 0.073008 0.997331 -0.000002
vn 0.073008 0.921416 0.381659
vn 0.101592 0.994826 -0.000002
vn 0.101591 0.919101 0.380701
vn 0.073009 0.000000 0.997331
vn 0.073008 -0.381659 0.921415
vn 0.101590 0.000000 0.994826
vn 0.101591 -0.380700 0.919101
vn 0.073008 -0.997331 -0.000002
vn 0.071103 -0.915528 -0.395921
vn 0.101592 -0.994826 -0.000002
vn 0.101592 -0.919100 -0.380704
vn 0.071103 0.915528 -0.395920
vn 0.073008 0.997331 -0.000002
vn 0.101592 0.919100 -0.380703
vn 0.101592 0.994826 -0.000002
vn 0.073008 0.381659 0.921415
vn 0.073009 0.000000 0.997331
vn 0.101590 0.380700 0.919101
vn 0.101590 0.000000 0.994826
vn 0.073008 -0.921415 0.381659
vn 0.073008 -0.997331 -0.000002
vn 0.101591 -0.919100 0.380702
vn 0.101592 -0.994826 -0.000002
vn 0.067661 0.812118 -0.579557
vn 0.071103 0.915528 -0.395920
vn 0.099660 0.827332 -0.552801
vn 0.101592 0.919100 -0.380703
vn -0.000001 0.000000 -1.000000
vn -0.000001 0.000000 -1.000000
vn -0.000001 0.000000 -1.000000
vn -0.000001 0.000000 -1.000000
vn 0.073008 0.705219 0.705220
vn 0.073008 0.381659 0.921415
vn 0.101591 0.703447 0.703449
vn 0.101590 0.380700 0.919101
vn 0.073008 -0.705219 0.705221
vn 0.073008 -0.921415 0.381659
vn 0.101591 -0.703446 0.703451
vn 0.101591 -0.919100 0.380702
vn 0.026340 0.156426 -0.987338
vn 0.051061 0.299450 -0.952745
vn 0.027566 0.163524 -0.986154
vn 0.051061 0.299450 -0.952745
vn 1.000000 -0.000000 0.000000
vn 1.000000 -0.000010 0.000000
vn 1.000000 0.000000 0.000000
vn 1.000000 -0.000009 0.000000
vn 1.000000 -0.000010 0.000000
vn 1.000000 0.000017 0.000000
vn 1.000000 -0.000009 0.000000
vn 1.000000 0.000017 0.000000
vn 1.000000 0.000017 0.000000
vn 1.000000 0.000017 0.000000
vn 1.000000 0.000017 0.000000
vn 1.000000 0.000017 0.000000
vn 1.000000 0.000017 0.000000
vn 1.000000 0.000000 -0.000014
vn 1.000000 0.000017 0.000000
vn 1.000000 0.000000 -0.000014
vn 1.000000 0.000000 -0.000014
vn 1.000000 0.000017 -0.000014
vn 1.000000 0.000000 -0.000014
vn 1.000000 0.000017 -0.000014
vn 1.000000 0.000017 -0.000014
vn 1.000000 0.000017 0.000000
vn 1.000000 0.000017 -0.000014
vn 1.000000 0.000017 0.000000
vn 1.000000 0.000017 0.000000
vn 1.000000 0.000000 0.000000
vn 1.000000 0.000017 0.000000
vn 1.000000 0.000000 0.000000
vn 1.000000 0.000000 0.000000
vn 1.000000 -0.000008 0.000000
vn 1.000000 0.000000 0.000000
vn 1.000000 -0.000008 0.000000
vn 1.000000 -0.000008 0.000000
vn 1.000000 -0.000017 0.000000
vn 1.000000 -0.000008 0.000000
vn 1.000000 -0.000017 0.000000
vn 1.000000 -0.000017 0.000000
vn 1.000000 -0.000008 0.000000
vn 1.000000 -0.000017 0.000000
vn 1.000000 -0.000008 0.000000
vn 1.000000 -0.000008 0.000000
vn 1.000000 0.000000 -0.000014
vn 1.000000 -0.000008 0.000000
vn 1.000000 0.000000 -0.000014
vn 1.000000 0.000000 -0.000014
vn 1.000000 0.000000 -0.000014
vn 1.000000 0.000000 -0.000014
vn 1.000000 0.000000 -0.000014
vn 1.000000 0.000000 -0.000014
vn 1.000000 -0.000017 0.000000
vn 1.000000 0.000000 -0.000014
vn 1.000000 -0.000017 0.000000
vn 1.000000 -0.000017 0.000000
vn 1.000000 -0.000017 0.000000
vn 1.000000 -0.000017 0.000000
vn 1.000000 -0.000017 0.000000
vn 1.000000 0.000010 0.000000
vn 1.000000 0.000009 0.000000
vn 1.000000 -0.000017 0.000000
vn 1.000000 -0.000017 0.000000
vn 1.000000 -0.000000 0.000000
vn 1.000000 0.000000 0.000000
vn 1.000000 0.000010 0.000000
vn 1.000000 0.000009 0.000000
vn -0.000002 0.707104 -0.707110
vn -0.000001 0.923879 -0.382685
vn -0.000002 0.707103 -0.707110
vn -0.000001 0.923880 -0.382682
vn 0.000001 -0.707106 0.707108
vn 0.000001 -0.923879 0.382686
vn 0.000001 -0.707106 0.707108
vn 0.000001 -0.923879 0.382686
vn -0.000002 0.382675 -0.923883
vn -0.000002 0.707104 -0.707110
vn -0.000002 0.382675 -0.923883
vn -0.000002 0.707103 -0.707110
vn 0.000003 -0.382687 0.923878
vn 0.000001 -0.707106 0.707108
vn 0.000003 -0.382688 0.923878
vn 0.000001 -0.707106 0.707108
vn -0.000002 0.000000 -1.000000
vn -0.000002 0.382675 -0.923883
vn -0.000002 0.000000 -1.000000
vn -0.000002 0.382675 -0.923883
vn 0.000003 0.382687 0.923878
vn 0.000003 0.000000 1.000000
vn 0.000003 0.382687 0.923878
vn 0.000003 0.000000 1.000000
vn 0.000003 0.000000 1.000000
vn 0.000003 -0.382687 0.923878
vn 0.000003 0.000000 1.000000
vn 0.000003 -0.382688 0.923878
vn -0.000002 -0.382675 -0.923883
vn -0.000002 0.000000 -1.000000
vn -0.000002 -0.382675 -0.923883
vn -0.000002 0.000000 -1.000000
vn 0.000001 0.707105 0.707109
vn 0.000003 0.382687 0.923878
vn 0.000001 0.707105 0.707109
vn 0.000003 0.382687 0.923878
vn -0.000002 -0.707104 -0.707110
vn -0.000002 -0.382675 -0.923883
vn -0.000002 -0.707103 -0.707110
vn -0.000002 -0.382675 -0.923883
vn 0.000001 0.923879 0.382686
vn 0.000001 0.707105 0.707109
vn 0.000001 0.923879 0.382686
vn 0.000001 0.707105 0.707109
vn -0.000001 -0.923879 -0.382685
vn -0.000002 -0.707104 -0.707110
vn -0.000001 -0.923880 -0.382682
vn -0.000002 -0.707103 -0.707110
vn -0.000000 1.000000 -0.000002
vn 0.000001 0.923879 0.382686
vn -0.000000 1.000000 0.000002
vn 0.000001 0.923879 0.382686
vn -0.000000 -1.000000 -0.000002
vn -0.000001 -0.923879 -0.382685
vn -0.000000 -1.000000 0.000002
vn -0.000001 -0.923880 -0.382682
vn -0.000001 0.923879 -0.382685
vn -0.000000 1.000000 -0.000002
vn -0.000001 0.923880 -0.382682
vn -0.000000 1.000000 0.000002
vn -0.022650 -0.923376 0.383227
vn -0.128258 -0.918061 0.375119
vn -0.021522 -0.999768 0.000001
vn -0.133409 -0.991061 0.000001
vn -0.054980 -0.315181 -0.947438
vn -0.080061 -0.437864 -0.895469
vn -0.057793 -0.328980 -0.942567
vn -0.080061 -0.437864 -0.895469
vn -0.133409 -0.991061 0.000001
vn -0.179865 -0.983691 0.000000
vn -0.126451 -0.911783 -0.390721
vn -0.165971 -0.907700 -0.385401
vn -0.133409 -0.991061 0.000001
vn -0.128258 -0.918061 0.375119
vn -0.179865 -0.983691 0.000000
vn -0.165970 -0.907700 0.385401
vn -0.128258 -0.918061 0.375119
vn -0.113267 -0.708833 0.696223
vn -0.165970 -0.907700 0.385401
vn -0.126163 -0.689993 0.712736
vn -0.113267 -0.708833 0.696223
vn -0.089988 -0.392054 0.915530
vn -0.126163 -0.689993 0.712736
vn -0.066266 -0.362407 0.929661
vn -0.000000 0.000000 -1.000000
vn -0.000000 0.000000 -1.000000
vn 0.000000 0.000000 -1.000000
vn 0.000001 0.000000 -1.000000
vn -0.000001 0.000000 -1.000000
vn -0.000001 0.000000 -1.000000
vn -0.000000 0.000000 -1.000000
vn -0.000000 0.000000 -1.000000
vn -0.022586 -0.910793 -0.412246
vn -0.021522 -0.999768 0.000001
vn -0.126451 -0.911783 -0.390721
vn -0.133409 -0.991061 0.000001
vn -0.049591 0.923003 0.381584
vn 0.010962 0.921846 0.387401
vn -0.046478 0.707234 0.705450
vn -0.006264 0.700383 0.713739
vn -0.050680 0.998715 0.000001
vn -0.049106 0.910672 -0.410202
vn 0.017022 0.999855 0.000001
vn 0.013887 0.915120 -0.402942
vn -0.036233 0.001798 0.999342
vn -0.061392 -0.013054 0.998028
vn -0.030634 -0.380961 0.924084
vn -0.089988 -0.392054 0.915530
vn -0.044135 0.202050 -0.978380
vn -0.044135 0.202050 -0.978380
vn 0.019679 0.326038 -0.945152
vn 0.016101 0.319242 -0.947536
vn -0.046478 0.707234 0.705450
vn -0.006264 0.700383 0.713739
vn -0.041794 0.383874 0.922439
vn -0.031833 0.371160 0.928023
vn -0.030634 -0.380961 0.924084
vn -0.089988 -0.392054 0.915530
vn -0.025857 -0.705965 0.707775
vn -0.113267 -0.708833 0.696223
vn -0.049106 0.910672 -0.410202
vn -0.047179 0.793248 -0.607068
vn 0.013887 0.915120 -0.402942
vn 0.007177 0.811820 -0.583864
vn -0.126451 -0.911783 -0.390721
vn -0.165971 -0.907700 -0.385401
vn -0.117191 -0.807231 -0.578485
vn -0.150304 -0.822021 -0.549263
vn -0.061392 -0.013054 0.998028
vn -0.031833 0.371160 0.928023
vn 0.004104 0.022450 0.999740
vn 0.073218 0.400436 0.913395
vn 0.016101 0.319242 -0.947536
vn 0.080061 0.437862 -0.895470
vn 0.019679 0.326038 -0.945152
vn 0.080061 0.437862 -0.895470
vn -0.050680 0.998715 0.000001
vn 0.017022 0.999855 0.000001
vn -0.049591 0.923003 0.381584
vn 0.010962 0.921846 0.387401
vn -0.089988 -0.392054 0.915530
vn -0.061392 -0.013054 0.998028
vn -0.066266 -0.362407 0.929661
vn 0.004104 0.022450 0.999740
vn -0.032015 -0.202144 -0.978832
vn -0.054980 -0.315181 -0.947438
vn -0.032015 -0.202144 -0.978832
vn -0.057793 -0.328980 -0.942567
vn -1.000000 0.000000 0.000000
vn -1.000000 0.000000 0.000000
vn -1.000000 0.000000 0.000000
vn -1.000000 0.000000 0.000000
vn -1.000000 0.000000 0.000000
vn -1.000000 0.000000 0.000000
vn -1.000000 0.000000 0.000000
vn -1.000000 0.000000 0.000000
vn -1.000000 0.000000 0.000000
vn -1.000000 0.000000 0.000000
vn -1.000000 0.000000 0.000000
vn -1.000000 0.000000 0.000000
vn -1.000000 0.000000 0.000000
vn -1.000000 0.000000 0.000000
vn -1.000000 0.000000 0.000000
vn -1.000000 0.000000 0.000000
vn -0.031833 0.371160 0.928023
vn -0.006264 0.700383 0.713739
vn 0.073218 0.400436 0.913395
vn 0.130160 0.711857 0.690158
vn -0.000001 0.000000 -1.000000
vn -0.000001 0.000000 -1.000000
vn 0.000000 0.000000 -1.000000
vn -0.000000 0.000000 -1.000000
vn -0.006264 0.700383 0.713739
vn 0.010962 0.921846 0.387401
vn 0.130160 0.711857 0.690158
vn 0.167119 0.913988 0.369727
vn -0.025857 -0.705965 0.707775
vn -0.113267 -0.708833 0.696223
vn -0.022650 -0.923376 0.383227
vn -0.128258 -0.918061 0.375119
vn 0.010962 0.921846 0.387401
vn 0.017022 0.999855 0.000001
vn 0.167119 0.913988 0.369727
vn 0.179865 0.983691 0.000000
vn -0.000001 0.000000 -1.000000
vn -0.000001 0.000000 -1.000000
vn -0.000000 0.000000 -1.000000
vn -0.000001 0.000000 -1.000000
vn 0.013887 0.915120 -0.402942
vn 0.167121 0.913988 -0.369726
vn 0.017022 0.999855 0.000001
vn 0.179865 0.983691 0.000000
vn -0.022586 -0.910793 -0.412246
vn -0.126451 -0.911783 -0.390721
vn -0.022811 -0.793943 -0.607564
vn -0.117191 -0.807231 -0.578485
vn 0.007177 0.811820 -0.583864
vn 0.150305 0.822022 -0.549262
vn 0.013887 0.915120 -0.402942
vn 0.167121 0.913988 -0.369726
vn -0.000001 -0.000000 -1.000000
vn -0.000001 -0.000000 -1.000000
vn -0.000001 -0.000000 -1.000000
vn -0.000001 -0.000000 -1.000000
vn -0.000001 -0.000000 -1.000000
vn -0.000001 -0.000000 -1.000000
vn -0.000001 -0.000000 -1.000000
vn -0.000001 -0.000000 -1.000000
vn -0.000001 -0.000000 -1.000000
vn -0.000001 -0.000000 -1.000000
vn -0.000001 -0.000000 -1.000000
vn -0.000001 -0.000000 -1.000000
vn -0.000001 -0.000000 -1.000000
vn -0.000001 -0.000000 -1.000000
vn -0.000001 -0.000000 -1.000000
vn -0.000001 -0.000000 -1.000000
vn -0.000001 -0.000000 -1.000000
vn -0.000001 -0.000000 -1.000000
vn -0.000001 -0.000000 -1.000000
vn -0.000001 -0.000000 -1.000000
vn 0.000000 -1.000000 -0.000001
vn 0.000000 -1.000000 -0.000001
vn 0.000000 -1.000000 -0.000001
vn 0.000000 -1.000000 -0.000001
vn -0.000001 -0.000000 -1.000000
vn -0.000001 -0.000000 -1.000000
vn -0.000001 -0.000000 -1.000000
vn -0.000001 -0.000000 -1.000000
vn -0.000001 -0.000000 -1.000000
vn -0.000001 -0.000000 -1.000000
vn -0.000001 -0.000000 -1.000000
vn -0.000001 -0.000000 -1.000000
vn -0.000001 -0.000000 -1.000000
vn -0.000001 -0.000000 -1.000000
vn -0.000001 -0.000000 -1.000000
vn -0.000001 -0.000000 -1.000000
vn -0.739415 0.656258 -0.150304
vn -0.723314 0.675867 -0.141492
vn -0.739415 0.656258 -0.150304
vn -0.723316 0.675865 -0.141493
vn -0.709708 0.690550 -0.139483
vn -0.721935 0.685022 -0.097750
vn -0.709708 0.690550 -0.139483
vn -0.721944 0.685018 -0.097711
vn -0.721944 0.685018 -0.097711
vn -0.721935 0.685022 -0.097750
vn -0.733167 0.680049 0.000000
vn -0.733167 0.680049 0.000000
vn -0.750207 0.661203 0.000001
vn -0.747799 0.658562 -0.084219
vn -0.750207 0.661203 0.000001
vn -0.747798 0.658562 -0.084226
vn -0.747798 0.658562 -0.084226
vn -0.747799 0.658562 -0.084219
vn -0.739415 0.656258 -0.150304
vn -0.739415 0.656258 -0.150304
vn -0.723316 0.675865 -0.141493
vn -0.723314 0.675867 -0.141492
vn -0.709708 0.690550 -0.139483
vn -0.709708 0.690550 -0.139483
vn -0.720066 0.678821 -0.143902
vn -0.734097 0.671121 -0.103434
vn -0.740425 0.655519 -0.148547
vn -0.746721 0.658618 -0.092901
vn -0.734097 0.671121 -0.103434
vn -0.743709 0.668504 0.000000
vn -0.746721 0.658618 -0.092901
vn -0.750801 0.660529 0.000000
vn -0.718948 0.686484 -0.108877
vn -0.737183 0.675693 0.000000
vn -0.734097 0.671121 -0.103434
vn -0.743709 0.668504 0.000000
vn -0.705495 0.694630 -0.140589
vn -0.718948 0.686484 -0.108877
vn -0.720066 0.678821 -0.143902
vn -0.734097 0.671121 -0.103434
vn -0.249342 -0.272312 0.929341
vn -0.272785 -0.297915 0.914787
vn -0.250600 -0.273687 0.928598
vn -0.272785 -0.297915 0.914787
vn -0.675219 -0.737422 -0.017001
vn -0.675314 -0.737529 -0.001504
vn -0.675219 -0.737422 -0.017001
vn -0.675315 -0.737530 0.000254
vn 0.612752 0.788409 -0.054276
vn 0.612752 0.788409 -0.054274
vn 0.617840 0.780055 -0.098936
vn 0.617840 0.780055 -0.098936
vn 0.582985 0.804873 -0.110941
vn 0.615647 0.783773 -0.081719
vn 0.582982 0.804876 -0.110936
vn 0.615620 0.783776 -0.081897
vn 0.596456 0.798465 -0.081820
vn 0.596482 0.798444 -0.081827
vn 0.582982 0.804876 -0.110936
vn 0.582985 0.804873 -0.110941
vn 0.615620 0.783776 -0.081897
vn 0.615647 0.783773 -0.081719
vn 0.624539 0.780993 -0.000000
vn 0.624540 0.780993 -0.000000
vn 0.619335 0.785127 -0.000000
vn 0.619335 0.785127 -0.000000
vn 0.612752 0.788409 -0.054276
vn 0.612752 0.788409 -0.054274
vn 0.617840 0.780055 -0.098936
vn 0.596482 0.798444 -0.081827
vn 0.617840 0.780055 -0.098936
vn 0.596456 0.798465 -0.081820
vn 0.601956 0.792831 -0.095231
vn 0.582153 0.806451 -0.103604
vn 0.612853 0.788617 -0.049946
vn 0.614571 0.787398 -0.048029
vn 0.612853 0.788617 -0.049946
vn 0.614571 0.787398 -0.048029
vn 0.628023 0.778195 -0.000000
vn 0.637313 0.770605 -0.000000
vn 0.617874 0.784627 -0.050913
vn 0.612853 0.788617 -0.049946
vn 0.618652 0.785665 -0.000000
vn 0.628023 0.778195 -0.000000
vn 0.616237 0.782510 -0.089047
vn 0.601956 0.792831 -0.095231
vn 0.617874 0.784627 -0.050913
vn 0.612853 0.788617 -0.049946
vn 0.244350 -0.190678 0.950755
vn 0.239285 -0.186726 0.952826
vn 0.244350 -0.190678 0.950755
vn 0.239319 -0.186753 0.952811
vn 0.788375 -0.615195 -0.000001
vn 0.788375 -0.615195 -0.000001
vn 0.788303 -0.615141 -0.013425
vn 0.788270 -0.615116 -0.016209
vn 0.157208 -0.987544 0.006565
vn 0.118482 -0.992956 -0.000000
vn 0.000000 -1.000000 0.000000
vn 0.000000 -1.000000 0.000000
vn -0.000092 -1.000000 -0.000002
vn -0.000072 -1.000000 0.000000
vn 0.000000 -1.000000 0.000000
vn 0.000000 -1.000000 0.000000
vn -0.000001 -0.000000 -1.000000
vn -0.000001 -0.000000 -1.000000
vn -0.000001 -0.000000 -1.000000
vn -0.000001 -0.000000 -1.000000
vn -0.000001 -0.000000 -1.000000
vn -0.000000 -0.000000 -1.000000
vn -0.000001 -0.000000 -1.000000
vn -0.000000 -0.000000 -1.000000
vn -0.000000 -0.000000 -1.000000
vn -0.000001 -0.000000 -1.000000
vn -0.000000 -0.000000 -1.000000
vn -0.000001 -0.000000 -1.000000
vn -0.000001 -0.000000 -1.000000
vn -0.000001 -0.000000 -1.000000
vn -0.000001 0.000000 -1.000000
vn -0.000001 -0.000000 -1.000000
vn -0.000001 -0.000000 -1.000000
vn -0.000001 -0.000000 -1.000000
vn -0.000001 -0.000000 -1.000000
vn -0.000001 -0.000000 -1.000000
vn -0.000001 -0.000000 -1.000000
vn -0.000001 -0.000000 -1.000000
vn -0.000001 -0.000000 -1.000000
vn -0.000001 -0.000000 -1.000000
vn -0.000001 -0.000000 -1.000000
vn -0.000001 -0.000000 -1.000000
vn -0.000001 -0.000000 -1.000000
vn -0.000001 -0.000000 -1.000000
vn -0.000001 -0.000000 -1.000000
vn -0.000001 -0.000000 -1.000000
vn -0.000001 -0.000000 -1.000000
vn -0.000001 -0.000000 -1.000000
vn -0.000000 -0.000000 -1.000000
vn -0.000001 -0.000000 -1.000000
vn -0.000000 -0.000000 -1.000000
vn -0.000001 -0.000000 -1.000000
vn -0.000001 -0.000000 -1.000000
vn -0.000001 -0.000000 -1.000000
vn -0.000001 -0.000000 -1.000000
vn -0.000001 -0.000000 -1.000000
vn -0.000001 -0.000000 -1.000000
vn -0.000001 -0.000000 -1.000000
vn -0.000001 -0.000000 -1.000000
vn -0.000001 -0.000000 -1.000000
vn -0.000001 0.000000 -1.000000
vn -0.000001 -0.000000 -1.000000
vn -0.000001 -0.000000 -1.000000
vn -0.000001 -0.000000 -1.000000
vn -0.000001 -0.000000 -1.000000
vn -0.000001 -0.000000 -1.000000
vn -0.000001 -0.000000 -1.000000
vn -0.000001 -0.000000 -1.000000
vn -0.000001 -0.000000 -1.000000
vn -0.000001 -0.000000 -1.000000
vn -0.000001 -0.000000 -1.000000
vn -0.000001 -0.000000 -1.000000
vn -0.000001 -0.000000 -1.000000
vn -0.000001 -0.000000 -1.000000
vn -0.000001 -0.000000 -1.000000
vn -0.000001 -0.000000 -1.000000
vn 0.000000 1.000000 0.000000
vn 0.000000 1.000000 -0.000002
vn 0.000000 1.000000 0.000000
vn 0.000000 1.000000 0.000000
vn 0.000000 1.000000 0.000000
vn 0.000000 1.000000 -0.000002
vn 0.000000 1.000000 0.000000
vn 0.000000 1.000000 0.000000
vn 0.000000 1.000000 0.000000
vn 0.000000 1.000000 0.000000
vn 0.000000 1.000000 -0.000001
vn 0.000000 1.000000 0.000000
vn 0.000000 1.000000 0.000000
vn 0.000000 1.000000 0.000001
vn 0.000000 1.000000 -0.000001
vn 0.000000 1.000000 0.000000
vn 0.000000 1.000000 0.000002
vn 0.000000 1.000000 0.000001
vn 0.000000 1.000000 0.000000
vn 0.000000 1.000000 0.000002
vn 0.000000 1.000000 0.000002
vn 0.000000 1.000000 0.000000
vn 0.000000 1.000000 0.000000
vn 0.000000 1.000000 0.000002
vn 0.000000 1.000000 0.000000
vn 0.000000 1.000000 0.000002
vn 0.000000 1.000000 0.000000
vn 0.000000 1.000000 0.000000
vn 0.000000 1.000000 -0.000000
vn 0.000000 1.000000 0.000002
vn 0.000000 1.000000 0.000000
vn 0.000000 1.000000 -0.000000
vn 0.000000 1.000000 -0.000000
vn 0.000000 1.000000 0.000000
vn 0.000000 1.000000 0.000001
vn 0.000000 1.000000 -0.000000
vn 0.000000 1.000000 0.000000
vn 0.000000 1.000000 -0.000000
vn 0.000000 1.000000 0.000001
vn 0.000000 1.000000 0.000000
vn 0.000000 1.000000 -0.000002
vn 0.000000 1.000000 -0.000000
vn 0.000000 1.000000 0.000000
vn 0.000000 1.000000 -0.000002
vn 0.000000 1.000000 -0.000002
vn 0.000000 1.000000 0.000000
vn 0.000000 1.000000 0.000000
vn 0.000000 1.000000 -0.000002
vn 1.000000 -0.000000 -0.000008
vn 1.000000 -0.000010 0.000000
vn 1.000000 -0.000000 0.000000
vn 1.000000 -0.000000 -0.000008
vn 1.000000 0.000000 0.000000
vn 1.000000 -0.000010 0.000000
vn 1.000000 -0.000000 -0.000008
vn 1.000000 0.000000 0.000000
vn 1.000000 0.000000 0.000000
vn 1.000000 -0.000000 -0.000008
vn 1.000000 0.000000 -0.000016
vn 1.000000 0.000000 0.000000
vn 1.000000 -0.000000 -0.000008
vn 1.000000 -0.000007 -0.000020
vn 1.000000 0.000000 -0.000016
vn 1.000000 -0.000000 -0.000008
vn 1.000000 0.000007 -0.000009
vn 1.000000 -0.000007 -0.000020
vn 1.000000 -0.000000 -0.000008
vn 1.000000 0.000010 -0.000012
vn 1.000000 0.000007 -0.000009
vn 1.000000 -0.000000 -0.000008
vn 1.000000 -0.000000 -0.000013
vn 1.000000 0.000010 -0.000012
vn 1.000000 -0.000000 -0.000008
vn 1.000000 -0.000010 -0.000012
vn 1.000000 -0.000000 -0.000013
vn 1.000000 -0.000000 -0.000008
vn 1.000000 -0.000007 -0.000009
vn 1.000000 -0.000010 -0.000012
vn 1.000000 -0.000000 -0.000008
vn 1.000000 0.000007 -0.000020
vn 1.000000 -0.000007 -0.000009
vn 1.000000 -0.000000 -0.000008
vn 1.000000 0.000000 -0.000016
vn 1.000000 0.000007 -0.000020
vn 1.000000 -0.000000 -0.000008
vn 1.000000 0.000000 0.000000
vn 1.000000 0.000000 -0.000016
vn 1.000000 -0.000000 -0.000008
vn 1.000000 0.000000 0.000000
vn 1.000000 0.000000 0.000000
vn 1.000000 -0.000000 -0.000008
vn 1.000000 0.000010 0.000000
vn 1.000000 0.000000 0.000000
vn 1.000000 -0.000000 -0.000008
vn 1.000000 -0.000000 0.000000
vn 1.000000 0.000010 0.000000
vn 1.000000 0.000000 0.000000
vn 1.000000 -0.000000 0.000000
vn 1.000000 -0.000010 0.000000
vn 1.000000 0.000000 0.000000
vn 1.000000 -0.000010 0.000000
vn 1.000000 0.000000 0.000000
vn 1.000000 0.000000 0.000000
vn 1.000000 0.000000 0.000000
vn 1.000000 0.000000 0.000000
vn 1.000000 0.000000 0.000000
vn 1.000000 0.000000 0.000000
vn 1.000000 0.000000 0.000000
vn 1.000000 0.000000 0.000000
vn 1.000000 0.000000 0.000000
vn 1.000000 0.000000 0.000000
vn 1.000000 0.000000 0.000000
vn 1.000000 0.000000 0.000000
vn 1.000000 0.000007 0.000000
vn 1.000000 0.000000 0.000000
vn 1.000000 0.000007 0.000000
vn 1.000000 0.000000 0.000000
vn 1.000000 0.000000 0.000000
vn 1.000000 0.000000 0.000000
vn 1.000000 -0.000000 0.000000
vn 1.000000 0.000000 0.000000
vn 1.000000 -0.000000 0.000000
vn 1.000000 -0.000000 0.000000
vn 1.000000 0.000000 0.000000
vn 1.000000 -0.000000 0.000000
vn 1.000000 -0.000007 0.000000
vn 1.000000 0.000000 0.000000
vn 1.000000 -0.000007 0.000000
vn 1.000000 0.000000 0.000000
vn 1.000000 0.000000 0.000000
vn 1.000000 0.000000 0.000000
vn 1.000000 0.000000 0.000000
vn 1.000000 0.000000 0.000000
vn 1.000000 0.000000 0.000000
vn 1.000000 0.000000 0.000000
vn 1.000000 0.000000 0.000000
vn 1.000000 0.000000 0.000000
vn 1.000000 0.000000 0.000000
vn 1.000000 0.000000 0.000000
vn 1.000000 0.000000 0.000000
vn 1.000000 0.000010 0.000000
vn 1.000000 0.000000 0.000000
vn 1.000000 0.000010 0.000000
vn 1.000000 -0.000000 0.000000
vn 0.000000 0.000000 1.000000
vn 0.000000 0.000000 1.000000
vn 0.000001 0.000000 1.000000
vn 0.000001 0.000000 1.000000
vn 0.000000 -0.000000 1.000000
vn 0.000000 -0.000000 1.000000
vn 0.000000 -1.000000 0.000002
vn 0.000000 -1.000000 0.000002
vn 0.000000 -1.000000 0.000008
vn 0.004728 -0.982381 -0.186828
vn -0.004728 -0.982381 -0.186831
vn 0.000000 -1.000000 0.000000
vn 0.000000 -1.000000 -0.000002
vn 0.000000 -1.000000 0.000000
vn 0.004728 -0.982381 -0.186828
vn -0.000000 -0.976414 -0.215906
vn 0.000000 -1.000000 0.000008
vn 0.000000 -1.000000 0.000005
vn 0.000000 -1.000000 0.000005
vn -0.000000 -0.976414 -0.215906
vn 0.000000 -1.000000 -0.000002
vn -0.004728 -0.982381 -0.186831
vn 0.000000 -1.000000 0.000001
vn 0.000000 -1.000000 0.000001
vn 0.000000 -1.000000 0.000001
vn 0.000000 -1.000000 0.000001
vn 0.000000 -1.000000 0.000001
vn 0.000000 -1.000000 0.000001
vn 0.000000 -1.000000 0.000001
vn 0.000000 -1.000000 0.000001
vn 1.000000 0.000000 -0.000001
vn 1.000000 0.000000 -0.000001
vn 1.000000 0.000000 -0.000001
vn 1.000000 0.000000 -0.000001
vn 0.000000 -0.000000 1.000000
vn 0.000001 0.000000 1.000000
vn 0.000001 0.000000 1.000000
vn 0.000001 0.000000 1.000000
vn -0.000001 0.000000 -1.000000
vn -0.000001 0.000000 -1.000000
vn 0.022067 0.000000 -0.999757
vn 0.022067 0.000000 -0.999757
vn -1.000000 0.000000 0.000001
vn -1.000000 0.000000 0.000001
vn -1.000000 0.000000 0.000001
vn -1.000000 0.000000 0.000001
vn 0.000001 0.000000 1.000000
vn 0.000000 0.000000 1.000000
vn 0.000001 0.000000 1.000000
vn -0.000001 0.000000 -1.000000
vn -0.000001 0.000000 -1.000000
vn -0.000001 0.000000 -1.000000
vn -0.000001 0.000000 -1.000000
vn -0.000001 0.000000 -1.000000
vn -0.000001 0.000000 -1.000000
vn -0.000001 0.000000 -1.000000
vn -0.000001 0.000000 -1.000000
vn -0.000001 0.000000 -1.000000
vn -0.000001 0.000000 -1.000000
vn -0.000000 -0.000000 -1.000000
vn -0.000000 -0.000000 -1.000000
vn -0.000000 -0.000000 -1.000000
vn -0.000000 -0.000000 -1.000000
vn -0.000001 -0.000000 -1.000000
vn -0.000001 -0.000000 -1.000000
vn -0.000001 -0.000000 -1.000000
vn -0.000001 -0.000000 -1.000000
vn -0.000001 -0.000000 -1.000000
vn -0.000001 -0.000000 -1.000000
vn -0.000001 -0.000000 -1.000000
vn -0.000001 -0.000000 -1.000000
vn -0.000000 -0.000000 -1.000000
vn -0.000000 -0.000000 -1.000000
vn -0.000000 -0.000000 -1.000000
vn -0.000000 -0.000000 -1.000000
vn -0.000000 0.000000 -1.000000
vn -0.000000 0.000000 -1.000000
vn -0.000000 0.000000 -1.000000
vn -0.000000 0.000000 -1.000000
vn -0.000001 -0.000000 -1.000000
vn -0.000001 -0.000000 -1.000000
vn -0.000001 -0.000000 -1.000000
vn -0.000001 -0.000000 -1.000000
vn -0.000001 -0.000000 -1.000000
vn -0.000001 -0.000000 -1.000000
vn -0.000001 -0.000000 -1.000000
vn -0.000001 -0.000000 -1.000000
vn -0.000001 -0.000000 -1.000000
vn -0.000001 -0.000000 -1.000000
vn -0.000001 -0.000000 -1.000000
vn -0.000001 -0.000000 -1.000000
vn -0.000001 -0.000000 -1.000000
vn -0.000001 -0.000000 -1.000000
vn -0.000001 -0.000000 -1.000000
vn -0.000001 -0.000000 -1.000000
vn -0.000001 0.000000 -1.000000
vn -0.000001 0.000000 -1.000000
vn -0.000001 0.000000 -1.000000
vn -0.000001 0.000000 -1.000000
vn -0.000001 0.000000 -1.000000
vn -0.000001 0.000000 -1.000000
vn 0.272891 0.658817 -0.701064
vn 0.331249 0.799707 -0.500742
vn -0.000001 0.713099 -0.701064
vn -0.000001 0.865596 -0.500743
vn -0.000001 0.000000 -1.000000
vn -0.000001 0.000000 -1.000000
vn -0.000000 0.000000 -1.000000
vn -0.000000 0.000000 -1.000000
vn -0.000000 0.000000 -1.000000
vn -0.000000 0.000000 -1.000000
vn -0.000001 -0.000000 -1.000000
vn -0.000001 -0.000000 -1.000000
vn 0.000001 0.000000 1.000000
vn 0.000000 -0.000000 1.000000
vn 0.000001 0.000000 1.000000
vn 0.000000 1.000000 -0.000000
vn 0.382683 0.923880 -0.000000
vn 0.000000 1.000000 -0.000000
vn 0.382683 0.923880 -0.000000
vn 0.000001 0.000000 1.000000
vn 0.000000 0.000000 1.000000
vn 0.000000 0.000000 1.000000
vn 0.000001 0.000000 1.000000
vn -0.000000 0.000000 1.000000
vn 0.000000 0.000000 1.000000
vn 0.000001 0.000000 1.000000
vn 0.000001 0.000000 1.000000
vn -0.000000 0.000000 1.000000
vn 0.000001 0.000000 1.000000
vn 0.000001 0.000000 1.000000
vn 0.000001 0.000000 1.000000
vn 0.000001 0.000000 1.000000
vn 0.000001 0.000000 1.000000
vn 0.000001 0.000000 1.000000
vn 0.000001 0.000000 1.000000
vn 0.000001 0.000000 1.000000
vn 0.000001 0.000000 1.000000
vn 0.000001 0.000000 1.000000
vn 0.000001 0.000000 1.000000
vn 0.000001 0.000000 1.000000
vn 0.000001 0.000000 1.000000
vn 0.000001 -0.000000 1.000000
vn 0.000001 0.000000 1.000000
vn 0.000001 0.000000 1.000000
vn 0.000001 0.000000 1.000000
vn 0.000001 -0.000000 1.000000
vn 0.000001 0.000000 1.000000
vn 0.000001 0.000000 1.000000
vn 0.000001 0.000000 1.000000
vn 0.000001 0.000000 1.000000
vn 0.000001 0.000000 1.000000
vn 0.000001 0.000000 1.000000
vn -0.000001 -0.549744 -0.835333
vn -0.000001 -0.713099 -0.701064
vn 0.210378 -0.507897 -0.835333
vn 0.272890 -0.658817 -0.701064
vn 0.000001 0.000000 1.000000
vn 0.000000 0.000000 1.000000
vn 0.000000 0.000000 1.000000
vn -0.227796 0.227796 -0.946688
vn -0.339558 0.339555 -0.877156
vn -0.297630 0.123282 -0.946688
vn -0.443653 0.183766 -0.877155
vn -0.504237 -0.504237 -0.701063
vn -0.612069 -0.612069 -0.500742
vn -0.272892 -0.658817 -0.701064
vn -0.331250 -0.799707 -0.500742
vn 0.504237 0.504237 -0.701064
vn 0.612070 0.612068 -0.500742
vn 0.272891 0.658817 -0.701064
vn 0.331249 0.799707 -0.500742
vn -0.658818 -0.272891 -0.701063
vn -0.799708 -0.331249 -0.500741
vn -0.504237 -0.504237 -0.701063
vn -0.612069 -0.612069 -0.500742
vn 0.658817 0.272892 -0.701064
vn 0.799706 0.331250 -0.500743
vn 0.504237 0.504237 -0.701064
vn 0.612070 0.612068 -0.500742
vn -0.713099 0.000000 -0.701063
vn -0.865597 0.000000 -0.500741
vn -0.658818 -0.272891 -0.701063
vn -0.799708 -0.331249 -0.500741
vn 0.713098 0.000000 -0.701064
vn 0.865595 -0.000000 -0.500744
vn 0.658817 0.272892 -0.701064
vn 0.799706 0.331250 -0.500743
vn -0.658818 0.272891 -0.701063
vn -0.799707 0.331250 -0.500741
vn -0.713099 0.000000 -0.701063
vn -0.865597 0.000000 -0.500741
vn 0.658817 -0.272892 -0.701064
vn 0.799706 -0.331251 -0.500743
vn 0.713098 0.000000 -0.701064
vn 0.865595 -0.000000 -0.500744
vn -0.504238 0.504237 -0.701063
vn -0.612070 0.612069 -0.500741
vn -0.658818 0.272891 -0.701063
vn -0.799707 0.331250 -0.500741
vn 0.504237 -0.504237 -0.701064
vn 0.612069 -0.612069 -0.500743
vn 0.658817 -0.272892 -0.701064
vn 0.799706 -0.331251 -0.500743
vn -0.272892 0.658817 -0.701064
vn -0.331250 0.799707 -0.500742
vn -0.504238 0.504237 -0.701063
vn -0.612070 0.612069 -0.500741
vn 0.272890 -0.658817 -0.701064
vn 0.331248 -0.799707 -0.500742
vn 0.504237 -0.504237 -0.701064
vn 0.612069 -0.612069 -0.500743
vn -0.000001 0.713099 -0.701064
vn -0.000001 0.865596 -0.500743
vn -0.272892 0.658817 -0.701064
vn -0.331250 0.799707 -0.500742
vn -0.272892 -0.658817 -0.701064
vn -0.331250 -0.799707 -0.500742
vn -0.000001 -0.713099 -0.701064
vn -0.000001 -0.865596 -0.500743
vn -0.000001 -0.713099 -0.701064
vn -0.000001 -0.865596 -0.500743
vn 0.272890 -0.658817 -0.701064
vn 0.331248 -0.799707 -0.500742
vn -0.480205 0.000000 -0.877156
vn -0.656560 -0.000000 -0.754274
vn -0.443654 -0.183766 -0.877155
vn -0.606584 -0.251252 -0.754273
vn 0.123281 -0.297630 -0.946688
vn 0.183767 -0.443653 -0.877155
vn 0.227795 -0.227796 -0.946688
vn 0.339557 -0.339557 -0.877155
vn -0.123282 0.297630 -0.946688
vn -0.183767 0.443654 -0.877155
vn -0.227796 0.227796 -0.946688
vn -0.339558 0.339555 -0.877156
vn -0.000000 -0.322152 -0.946688
vn -0.000000 -0.480207 -0.877155
vn 0.123281 -0.297630 -0.946688
vn 0.183767 -0.443653 -0.877155
vn 0.123281 0.297630 -0.946688
vn 0.183766 0.443653 -0.877156
vn 0.000001 0.322152 -0.946688
vn 0.000001 0.480207 -0.877155
vn 0.000001 0.322152 -0.946688
vn 0.000001 0.480207 -0.877155
vn -0.123282 0.297630 -0.946688
vn -0.183767 0.443654 -0.877155
vn -0.123281 -0.297630 -0.946688
vn -0.183766 -0.443654 -0.877155
vn -0.000000 -0.322152 -0.946688
vn -0.000000 -0.480207 -0.877155
vn 0.227794 0.227796 -0.946688
vn 0.339556 0.339558 -0.877156
vn 0.123281 0.297630 -0.946688
vn 0.183766 0.443653 -0.877156
vn -0.227796 -0.227796 -0.946688
vn -0.339557 -0.339554 -0.877157
vn -0.123281 -0.297630 -0.946688
vn -0.183766 -0.443654 -0.877155
vn 0.297629 0.123282 -0.946688
vn 0.443652 0.183766 -0.877156
vn 0.227794 0.227796 -0.946688
vn 0.339556 0.339558 -0.877156
vn -0.297631 -0.123282 -0.946688
vn -0.443654 -0.183766 -0.877155
vn -0.227796 -0.227796 -0.946688
vn -0.339557 -0.339554 -0.877157
vn 0.322152 -0.000000 -0.946688
vn 0.480206 0.000000 -0.877155
vn 0.297629 0.123282 -0.946688
vn 0.443652 0.183766 -0.877156
vn -0.322152 0.000000 -0.946688
vn -0.480205 0.000000 -0.877156
vn -0.297631 -0.123282 -0.946688
vn -0.443654 -0.183766 -0.877155
vn 0.297629 -0.123282 -0.946688
vn 0.443653 -0.183766 -0.877156
vn 0.322152 -0.000000 -0.946688
vn 0.480206 0.000000 -0.877155
vn -0.297630 0.123282 -0.946688
vn -0.443653 0.183766 -0.877155
vn -0.322152 0.000000 -0.946688
vn -0.480205 0.000000 -0.877156
vn 0.227795 -0.227796 -0.946688
vn 0.339557 -0.339557 -0.877155
vn 0.297629 -0.123282 -0.946688
vn 0.443653 -0.183766 -0.877156
vn -0.367854 -0.367851 -0.854031
vn -0.367854 -0.367851 -0.854031
vn -0.199083 -0.480621 -0.854031
vn -0.199082 -0.480622 -0.854031
vn 0.443653 -0.183766 -0.877156
vn 0.606585 -0.251252 -0.754272
vn 0.480206 0.000000 -0.877155
vn 0.656561 0.000000 -0.754273
vn -0.443653 0.183766 -0.877155
vn -0.606584 0.251253 -0.754273
vn -0.480205 0.000000 -0.877156
vn -0.656560 -0.000000 -0.754274
vn 0.339557 -0.339557 -0.877155
vn 0.464261 -0.464259 -0.754271
vn 0.443653 -0.183766 -0.877156
vn 0.606585 -0.251252 -0.754272
vn -0.339558 0.339555 -0.877156
vn -0.464261 0.464254 -0.754275
vn -0.443653 0.183766 -0.877155
vn -0.606584 0.251253 -0.754273
vn 0.183767 -0.443653 -0.877155
vn 0.251255 -0.606585 -0.754272
vn 0.339557 -0.339557 -0.877155
vn 0.464261 -0.464259 -0.754271
vn -0.183767 0.443654 -0.877155
vn -0.251255 0.606586 -0.754271
vn -0.339558 0.339555 -0.877156
vn -0.464261 0.464254 -0.754275
vn -0.000000 -0.480207 -0.877155
vn -0.000000 -0.656563 -0.754271
vn 0.183767 -0.443653 -0.877155
vn 0.251255 -0.606585 -0.754272
vn 0.183766 0.443653 -0.877156
vn 0.251254 0.606585 -0.754272
vn 0.000001 0.480207 -0.877155
vn -0.000000 0.656563 -0.754271
vn 0.000001 0.480207 -0.877155
vn -0.000000 0.656563 -0.754271
vn -0.183767 0.443654 -0.877155
vn -0.251255 0.606586 -0.754271
vn -0.183766 -0.443654 -0.877155
vn -0.251253 -0.606586 -0.754271
vn -0.000000 -0.480207 -0.877155
vn -0.000000 -0.656563 -0.754271
vn 0.339556 0.339558 -0.877156
vn 0.464259 0.464259 -0.754273
vn 0.183766 0.443653 -0.877156
vn 0.251254 0.606585 -0.754272
vn -0.339557 -0.339554 -0.877157
vn -0.464261 -0.464253 -0.754275
vn -0.183766 -0.443654 -0.877155
vn -0.251253 -0.606586 -0.754271
vn 0.443652 0.183766 -0.877156
vn 0.606584 0.251252 -0.754274
vn 0.339556 0.339558 -0.877156
vn 0.464259 0.464259 -0.754273
vn -0.443654 -0.183766 -0.877155
vn -0.606584 -0.251252 -0.754273
vn -0.339557 -0.339554 -0.877157
vn -0.464261 -0.464253 -0.754275
vn 0.480206 0.000000 -0.877155
vn 0.656561 0.000000 -0.754273
vn 0.443652 0.183766 -0.877156
vn 0.606584 0.251252 -0.754274
vn 0.218565 -0.527673 -0.820848
vn 0.218565 -0.527673 -0.820848
vn 0.403863 -0.403863 -0.820847
vn 0.403864 -0.403862 -0.820847
vn 0.367857 0.367850 -0.854030
vn 0.367857 0.367850 -0.854030
vn 0.199084 0.480623 -0.854030
vn 0.199084 0.480623 -0.854030
vn -0.480623 -0.199080 -0.854031
vn -0.480623 -0.199079 -0.854031
vn -0.367854 -0.367851 -0.854031
vn -0.367854 -0.367851 -0.854031
vn 0.480626 0.199080 -0.854029
vn 0.480627 0.199079 -0.854029
vn 0.367857 0.367850 -0.854030
vn 0.367857 0.367850 -0.854030
vn -0.520222 0.000000 -0.854031
vn -0.520222 0.000000 -0.854031
vn -0.480623 -0.199080 -0.854031
vn -0.480623 -0.199079 -0.854031
vn 0.520225 0.000000 -0.854030
vn 0.520225 0.000000 -0.854029
vn 0.480626 0.199080 -0.854029
vn 0.480627 0.199079 -0.854029
vn -0.480627 0.199079 -0.854029
vn -0.480627 0.199079 -0.854029
vn -0.520222 0.000000 -0.854031
vn -0.520222 0.000000 -0.854031
vn 0.480623 -0.199080 -0.854031
vn 0.480624 -0.199079 -0.854031
vn 0.520225 0.000000 -0.854030
vn 0.520225 0.000000 -0.854029
vn -0.367855 0.367851 -0.854031
vn -0.367855 0.367851 -0.854031
vn -0.480627 0.199079 -0.854029
vn -0.480627 0.199079 -0.854029
vn 0.367853 -0.367850 -0.854032
vn 0.367853 -0.367851 -0.854032
vn 0.480623 -0.199080 -0.854031
vn 0.480624 -0.199079 -0.854031
vn -0.199079 0.480622 -0.854032
vn -0.199078 0.480622 -0.854032
vn -0.367855 0.367851 -0.854031
vn -0.367855 0.367851 -0.854031
vn 0.199082 -0.480624 -0.854030
vn 0.199082 -0.480623 -0.854030
vn 0.367853 -0.367850 -0.854032
vn 0.367853 -0.367851 -0.854032
vn 0.000002 0.520223 -0.854031
vn 0.000002 0.520223 -0.854031
vn -0.199079 0.480622 -0.854032
vn -0.199078 0.480622 -0.854032
vn -0.199083 -0.480621 -0.854031
vn -0.199082 -0.480622 -0.854031
vn 0.000000 -0.520223 -0.854031
vn 0.000000 -0.520223 -0.854031
vn 0.000000 -0.520223 -0.854031
vn 0.000000 -0.520223 -0.854031
vn 0.199082 -0.480624 -0.854030
vn 0.199082 -0.480623 -0.854030
vn 0.199084 0.480623 -0.854030
vn 0.199084 0.480623 -0.854030
vn 0.000002 0.520223 -0.854031
vn 0.000002 0.520223 -0.854031
vn 0.000002 0.000000 -1.000000
vn 0.000002 0.000000 -1.000000
vn 0.000002 0.000000 -1.000000
vn 0.000002 0.000000 -1.000000
vn 0.000002 0.000000 -1.000000
vn 0.000002 0.000000 -1.000000
vn 0.000002 0.000000 -1.000000
vn 0.000002 0.000000 -1.000000
vn 0.000002 0.000000 -1.000000
vn 0.000002 0.000000 -1.000000
vn 0.000002 0.000000 -1.000000
vn 0.000002 0.000000 -1.000000
vn 0.000002 0.000000 -1.000000
vn 0.000002 0.000000 -1.000000
vn 0.000002 0.000000 -1.000000
vn 0.000002 0.000000 -1.000000
vn -0.218571 0.527672 -0.820846
vn -0.218571 0.527672 -0.820846
vn -0.403866 0.403857 -0.820848
vn -0.403868 0.403856 -0.820848
vn -0.000003 -0.571145 -0.820849
vn -0.000003 -0.571145 -0.820849
vn 0.218565 -0.527673 -0.820848
vn 0.218565 -0.527673 -0.820848
vn 0.218572 0.527671 -0.820847
vn 0.218572 0.527671 -0.820847
vn 0.000001 0.571145 -0.820849
vn 0.000001 0.571145 -0.820849
vn 0.000001 0.571145 -0.820849
vn 0.000001 0.571145 -0.820849
vn -0.218571 0.527672 -0.820846
vn -0.218571 0.527672 -0.820846
vn -0.218571 -0.527673 -0.820846
vn -0.218571 -0.527673 -0.820846
vn -0.000003 -0.571145 -0.820849
vn -0.000003 -0.571145 -0.820849
vn 0.403864 0.403862 -0.820847
vn 0.403865 0.403861 -0.820847
vn 0.218572 0.527671 -0.820847
vn 0.218572 0.527671 -0.820847
vn -0.403864 -0.403856 -0.820850
vn -0.403865 -0.403856 -0.820850
vn -0.218571 -0.527673 -0.820846
vn -0.218571 -0.527673 -0.820846
vn 0.527671 0.218575 -0.820846
vn 0.527671 0.218574 -0.820846
vn 0.403864 0.403862 -0.820847
vn 0.403865 0.403861 -0.820847
vn -0.527670 -0.218570 -0.820848
vn -0.527670 -0.218570 -0.820848
vn -0.403864 -0.403856 -0.820850
vn -0.403865 -0.403856 -0.820850
vn 0.571148 0.000000 -0.820847
vn 0.571148 0.000000 -0.820847
vn 0.527671 0.218575 -0.820846
vn 0.527671 0.218574 -0.820846
vn -0.571146 0.000000 -0.820849
vn -0.571146 0.000000 -0.820849
vn -0.527670 -0.218570 -0.820848
vn -0.527670 -0.218570 -0.820848
vn 0.527672 -0.218575 -0.820846
vn 0.527672 -0.218574 -0.820846
vn 0.571148 0.000000 -0.820847
vn 0.571148 0.000000 -0.820847
vn -0.527672 0.218571 -0.820846
vn -0.527672 0.218571 -0.820846
vn -0.571146 0.000000 -0.820849
vn -0.571146 0.000000 -0.820849
vn 0.403863 -0.403863 -0.820847
vn 0.403864 -0.403862 -0.820847
vn 0.527672 -0.218575 -0.820846
vn 0.527672 -0.218574 -0.820846
vn -0.403866 0.403857 -0.820848
vn -0.403868 0.403856 -0.820848
vn -0.527672 0.218571 -0.820846
vn -0.527672 0.218571 -0.820846
vn 0.267960 0.646914 -0.713933
vn 0.267960 0.646914 -0.713933
vn -0.000000 0.700214 -0.713933
vn -0.000000 0.700214 -0.713933
vn 0.495126 0.495126 -0.713933
vn 0.495126 0.495126 -0.713933
vn 0.267960 0.646914 -0.713933
vn 0.267960 0.646914 -0.713933
vn 0.646913 0.267960 -0.713933
vn 0.646913 0.267960 -0.713933
vn 0.495126 0.495126 -0.713933
vn 0.495126 0.495126 -0.713933
vn 0.700214 0.000000 -0.713933
vn 0.700214 0.000000 -0.713933
vn 0.646913 0.267960 -0.713933
vn 0.646913 0.267960 -0.713933
vn 0.646913 -0.267960 -0.713933
vn 0.646914 -0.267960 -0.713933
vn 0.700214 0.000000 -0.713933
vn 0.700214 0.000000 -0.713933
vn 0.495126 -0.495127 -0.713933
vn 0.495126 -0.495127 -0.713933
vn 0.646913 -0.267960 -0.713933
vn 0.646914 -0.267960 -0.713933
vn 0.267960 -0.646914 -0.713933
vn 0.267960 -0.646914 -0.713933
vn 0.495126 -0.495127 -0.713933
vn 0.495126 -0.495127 -0.713933
vn -0.000000 -0.700215 -0.713933
vn -0.000000 -0.700215 -0.713933
vn 0.267960 -0.646914 -0.713933
vn 0.267960 -0.646914 -0.713933
vn -0.267961 -0.646914 -0.713932
vn -0.267961 -0.646914 -0.713932
vn -0.000000 -0.700215 -0.713933
vn -0.000000 -0.700215 -0.713933
vn -0.495127 -0.495126 -0.713932
vn -0.495127 -0.495126 -0.713932
vn -0.267961 -0.646914 -0.713932
vn -0.267961 -0.646914 -0.713932
vn -0.646914 -0.267960 -0.713933
vn -0.646914 -0.267960 -0.713933
vn -0.495127 -0.495126 -0.713932
vn -0.495127 -0.495126 -0.713932
vn -0.700215 0.000000 -0.713932
vn -0.700215 0.000000 -0.713932
vn -0.646914 -0.267960 -0.713933
vn -0.646914 -0.267960 -0.713933
vn -0.646913 0.267960 -0.713933
vn -0.646913 0.267960 -0.713933
vn -0.700215 0.000000 -0.713932
vn -0.700215 0.000000 -0.713932
vn -0.495126 0.495125 -0.713933
vn -0.495126 0.495126 -0.713933
vn -0.646913 0.267960 -0.713933
vn -0.646913 0.267960 -0.713933
vn -0.267960 0.646913 -0.713933
vn -0.267961 0.646913 -0.713933
vn -0.495126 0.495125 -0.713933
vn -0.495126 0.495126 -0.713933
vn -0.000000 0.700214 -0.713933
vn -0.000000 0.700214 -0.713933
vn -0.267960 0.646913 -0.713933
vn -0.267961 0.646913 -0.713933
vn -0.000001 -0.000000 -1.000000
vn -0.000001 -0.000000 -1.000000
vn -0.000001 0.000000 -1.000000
vn -0.000001 0.000000 -1.000000
vn -0.382683 0.923880 0.000000
vn 0.000000 1.000000 -0.000000
vn -0.382683 0.923880 0.000000
vn 0.000000 1.000000 -0.000000
vn 0.382683 0.923880 -0.000000
vn 0.707107 0.707107 -0.000000
vn 0.382683 0.923880 -0.000000
vn 0.707107 0.707107 -0.000000
vn 0.707107 0.707107 -0.000000
vn 0.923880 0.382684 -0.000000
vn 0.707107 0.707107 -0.000000
vn 0.923880 0.382684 -0.000000
vn 0.923880 0.382684 -0.000000
vn 1.000000 0.000000 -0.000000
vn 0.923880 0.382684 -0.000000
vn 1.000000 0.000000 -0.000000
vn 1.000000 0.000000 -0.000000
vn 0.923880 -0.382683 -0.000000
vn 1.000000 0.000000 -0.000000
vn 0.923880 -0.382684 -0.000000
vn 0.923880 -0.382683 -0.000000
vn 0.707107 -0.707107 -0.000000
vn 0.923880 -0.382684 -0.000000
vn 0.707107 -0.707107 -0.000000
vn 0.707107 -0.707107 -0.000000
vn 0.382683 -0.923880 -0.000000
vn 0.707107 -0.707107 -0.000000
vn 0.382683 -0.923880 -0.000000
vn 0.382683 -0.923880 -0.000000
vn 0.000000 -1.000000 0.000000
vn 0.382683 -0.923880 -0.000000
vn 0.000000 -1.000000 0.000000
vn 0.000000 -1.000000 0.000000
vn -0.382683 -0.923880 0.000000
vn 0.000000 -1.000000 0.000000
vn -0.382683 -0.923880 0.000000
vn -0.382683 -0.923880 0.000000
vn -0.707107 -0.707107 0.000001
vn -0.382683 -0.923880 0.000000
vn -0.707107 -0.707107 0.000001
vn -0.707107 -0.707107 0.000001
vn -0.923880 -0.382683 0.000001
vn -0.707107 -0.707107 0.000001
vn -0.923880 -0.382683 0.000001
vn -0.923880 -0.382683 0.000001
vn -1.000000 0.000000 0.000001
vn -0.923880 -0.382683 0.000001
vn -1.000000 0.000000 0.000001
vn -1.000000 0.000000 0.000001
vn -0.923880 0.382683 0.000001
vn -1.000000 0.000000 0.000001
vn -0.923880 0.382682 0.000001
vn -0.923880 0.382683 0.000001
vn -0.707107 0.707107 0.000000
vn -0.923880 0.382682 0.000001
vn -0.707107 0.707107 0.000000
vn -0.707107 0.707107 0.000000
vn -0.382683 0.923880 0.000000
vn -0.707107 0.707107 0.000000
vn -0.382683 0.923880 0.000000
vn 0.000001 0.000000 1.000000
vn 0.000001 0.000000 1.000000
vn 0.000000 -0.000000 1.000000
vn 0.000001 0.700215 0.713932
vn 0.000001 0.700215 0.713932
vn 0.267961 0.646915 0.713931
vn 0.267961 0.646915 0.713931
vn 0.267961 0.646915 0.713931
vn 0.267961 0.646915 0.713931
vn 0.495127 0.495127 0.713932
vn 0.495127 0.495127 0.713932
vn 0.495127 0.495127 0.713932
vn 0.495127 0.495127 0.713932
vn 0.646915 0.267961 0.713931
vn 0.646915 0.267961 0.713931
vn 0.646915 0.267961 0.713931
vn 0.646915 0.267961 0.713931
vn 0.700216 0.000000 0.713931
vn 0.700217 0.000000 0.713931
vn 0.700216 0.000000 0.713931
vn 0.700217 0.000000 0.713931
vn 0.646916 -0.267961 0.713931
vn 0.646916 -0.267961 0.713931
vn 0.646916 -0.267961 0.713931
vn 0.646916 -0.267961 0.713931
vn 0.495128 -0.495127 0.713931
vn 0.495127 -0.495127 0.713931
vn 0.495128 -0.495127 0.713931
vn 0.495127 -0.495127 0.713931
vn 0.267961 -0.646915 0.713931
vn 0.267961 -0.646915 0.713931
vn 0.267961 -0.646915 0.713931
vn 0.267961 -0.646915 0.713931
vn 0.000000 -0.700216 0.713931
vn 0.000000 -0.700216 0.713932
vn 0.000000 -0.700216 0.713931
vn 0.000000 -0.700216 0.713932
vn -0.267960 -0.646915 0.713932
vn -0.267960 -0.646915 0.713932
vn -0.267960 -0.646915 0.713932
vn -0.267960 -0.646915 0.713932
vn -0.495127 -0.495126 0.713932
vn -0.495127 -0.495127 0.713932
vn -0.495127 -0.495126 0.713932
vn -0.495127 -0.495127 0.713932
vn -0.646914 -0.267960 0.713932
vn -0.646914 -0.267960 0.713932
vn -0.646914 -0.267960 0.713932
vn -0.646914 -0.267960 0.713932
vn -0.700215 -0.000000 0.713932
vn -0.700215 0.000000 0.713932
vn -0.700215 -0.000000 0.713932
vn -0.700215 0.000000 0.713932
vn -0.646914 0.267960 0.713933
vn -0.646914 0.267960 0.713933
vn -0.646914 0.267960 0.713933
vn -0.646914 0.267960 0.713933
vn -0.495127 0.495126 0.713932
vn -0.495127 0.495127 0.713932
vn -0.495127 0.495126 0.713932
vn -0.495127 0.495127 0.713932
vn -0.267961 0.646914 0.713932
vn -0.267961 0.646914 0.713932
vn -0.267961 0.646914 0.713932
vn -0.267961 0.646914 0.713932
vn 0.000001 0.700215 0.713932
vn 0.000001 0.700215 0.713932
vn 0.000001 0.000000 1.000000
vn 0.000000 -0.000000 1.000000
vn 0.000000 -0.000000 1.000000
vn -0.210379 -0.507897 -0.835333
vn -0.272892 -0.658817 -0.701064
vn -0.000001 -0.549744 -0.835333
vn -0.000001 -0.713099 -0.701064
vn -0.000001 0.549745 -0.835333
vn -0.000001 0.713099 -0.701064
vn -0.210379 0.507898 -0.835333
vn -0.272892 0.658817 -0.701064
vn 0.210378 -0.507897 -0.835333
vn 0.272890 -0.658817 -0.701064
vn 0.388728 -0.388728 -0.835333
vn 0.504237 -0.504237 -0.701064
vn -0.210379 0.507898 -0.835333
vn -0.272892 0.658817 -0.701064
vn -0.388729 0.388727 -0.835333
vn -0.504238 0.504237 -0.701063
vn 0.388728 -0.388728 -0.835333
vn 0.504237 -0.504237 -0.701064
vn 0.507898 -0.210379 -0.835333
vn 0.658817 -0.272892 -0.701064
vn -0.388729 0.388727 -0.835333
vn -0.504238 0.504237 -0.701063
vn -0.507898 0.210378 -0.835333
vn -0.658818 0.272891 -0.701063
vn 0.507898 -0.210379 -0.835333
vn 0.658817 -0.272892 -0.701064
vn 0.549745 0.000000 -0.835333
vn 0.713098 0.000000 -0.701064
vn -0.507898 0.210378 -0.835333
vn -0.658818 0.272891 -0.701063
vn -0.549745 0.000000 -0.835332
vn -0.713099 0.000000 -0.701063
vn 0.549745 0.000000 -0.835333
vn 0.713098 0.000000 -0.701064
vn 0.507897 0.210379 -0.835333
vn 0.658817 0.272892 -0.701064
vn -0.549745 0.000000 -0.835332
vn -0.713099 0.000000 -0.701063
vn -0.507898 -0.210378 -0.835333
vn -0.658818 -0.272891 -0.701063
vn 0.507897 0.210379 -0.835333
vn 0.658817 0.272892 -0.701064
vn 0.388728 0.388728 -0.835333
vn 0.504237 0.504237 -0.701064
vn -0.507898 -0.210378 -0.835333
vn -0.658818 -0.272891 -0.701063
vn -0.388729 -0.388727 -0.835333
vn -0.504237 -0.504237 -0.701063
vn 0.388728 0.388728 -0.835333
vn 0.504237 0.504237 -0.701064
vn 0.210379 0.507897 -0.835333
vn 0.272891 0.658817 -0.701064
vn -0.388729 -0.388727 -0.835333
vn -0.504237 -0.504237 -0.701063
vn -0.210379 -0.507897 -0.835333
vn -0.272892 -0.658817 -0.701064
vn 0.210379 0.507897 -0.835333
vn 0.272891 0.658817 -0.701064
vn -0.000001 0.549745 -0.835333
vn -0.000001 0.713099 -0.701064
vn 0.000001 0.000000 1.000000
vn 0.000000 0.000000 1.000000
vn 0.000000 0.000000 1.000000
vn -0.000001 -0.000000 -1.000000
vn -0.000001 -0.000000 -1.000000
vn -0.000001 -0.000000 -1.000000
vn -0.000001 -0.000000 -1.000000
vn -0.000001 -0.000000 -1.000000
vn -0.000001 -0.000000 -1.000000
vn -0.000001 -0.000000 -1.000000
vn -0.000001 -0.000000 -1.000000
vn -0.000001 -0.000000 -1.000000
vn -0.000001 -0.000000 -1.000000
vn -0.000001 0.000000 -1.000000
vn -0.000001 0.000000 -1.000000
vn -0.000001 0.000000 -1.000000
vn -0.000001 0.000000 -1.000000
vn -0.000001 0.000000 -1.000000
vn -0.000001 0.000000 -1.000000
vn -0.000001 0.000000 -1.000000
vn -0.000001 0.000000 -1.000000
vn -0.000001 0.000000 -1.000000
vn -0.000001 0.000000 -1.000000
vn -0.000001 0.000000 -1.000000
vn -0.000001 0.000000 -1.000000
vn 0.000000 0.000000 -1.000000
vn 0.000000 0.000000 -1.000000
vn 0.000000 0.000000 -1.000000
vn 0.000000 0.000000 -1.000000
vn -0.000001 -0.000000 -1.000000
vn -0.000001 -0.000000 -1.000000
vn -0.000001 -0.000000 -1.000000
vn -0.000001 -0.000000 -1.000000
vn -0.000001 0.000000 -1.000000
vn -0.000001 0.000000 -1.000000
vn -0.000001 0.000000 -1.000000
vn -0.000001 0.000000 -1.000000
vn -0.000001 0.000000 -1.000000
vn -0.000001 0.000000 -1.000000
vn -0.000001 0.000000 -1.000000
vn -0.000001 0.000000 -1.000000
vn -0.000001 0.000000 -1.000000
vn -0.000001 0.000000 -1.000000
vn -0.000001 0.000000 -1.000000
vn -0.000001 0.000000 -1.000000
vn 0.000000 0.000000 -1.000000
vn 0.000000 0.000000 -1.000000
vn 0.000000 0.000000 -1.000000
vn 0.000000 0.000000 -1.000000
vn -0.000000 -0.000000 -1.000000
vn -0.000000 -0.000000 -1.000000
vn -0.000000 -0.000000 -1.000000
vn -0.000000 -0.000000 -1.000000
vn -0.000001 -0.000000 -1.000000
vn -0.000001 -0.000000 -1.000000
vn 0.272891 0.658817 -0.701064
vn 0.331250 0.799707 -0.500743
vn -0.000000 0.713099 -0.701063
vn -0.000000 0.865596 -0.500743
vn -0.000001 -0.000000 -1.000000
vn -0.000001 -0.000000 -1.000000
vn -0.000001 -0.000000 -1.000000
vn -0.000001 -0.000000 -1.000000
vn -0.000001 -0.000000 -1.000000
vn -0.000001 -0.000000 -1.000000
vn -0.000001 0.000000 -1.000000
vn -0.000001 0.000000 -1.000000
vn 0.000001 0.000000 1.000000
vn 0.000000 0.000000 1.000000
vn 0.000000 0.000000 1.000000
vn 0.000000 1.000000 -0.000000
vn 0.382684 0.923879 -0.000000
vn 0.000000 1.000000 -0.000000
vn 0.382684 0.923879 -0.000000
vn 0.000001 0.000000 1.000000
vn 0.000000 0.000000 1.000000
vn 0.000000 0.000000 1.000000
vn 0.000001 0.000000 1.000000
vn -0.000000 0.000000 1.000000
vn 0.000000 0.000000 1.000000
vn 0.000001 0.000000 1.000000
vn 0.000001 0.000000 1.000000
vn -0.000000 0.000000 1.000000
vn 0.000001 0.000000 1.000000
vn 0.000001 0.000000 1.000000
vn 0.000001 0.000000 1.000000
vn 0.000001 0.000000 1.000000
vn 0.000000 0.000000 1.000000
vn 0.000001 0.000000 1.000000
vn 0.000001 0.000000 1.000000
vn 0.000001 0.000000 1.000000
vn 0.000000 0.000000 1.000000
vn 0.000001 0.000000 1.000000
vn 0.000001 0.000000 1.000000
vn 0.000001 0.000000 1.000000
vn 0.000001 0.000000 1.000000
vn 0.000001 -0.000000 1.000000
vn 0.000001 0.000000 1.000000
vn 0.000001 0.000000 1.000000
vn 0.000002 0.000000 1.000000
vn 0.000001 -0.000000 1.000000
vn 0.000001 0.000000 1.000000
vn 0.000001 0.000000 1.000000
vn 0.000002 0.000000 1.000000
vn 0.000001 0.000000 1.000000
vn 0.000000 0.000000 1.000000
vn 0.000001 0.000000 1.000000
vn -0.000001 -0.549745 -0.835332
vn -0.000001 -0.713099 -0.701064
vn 0.210378 -0.507898 -0.835333
vn 0.272891 -0.658817 -0.701064
vn 0.000001 0.000000 1.000000
vn 0.000000 0.000000 1.000000
vn 0.000000 0.000000 1.000000
vn -0.227797 0.227795 -0.946688
vn -0.339558 0.339556 -0.877155
vn -0.297630 0.123281 -0.946688
vn -0.443653 0.183765 -0.877156
vn -0.504238 -0.504237 -0.701063
vn -0.612070 -0.612068 -0.500742
vn -0.272892 -0.658817 -0.701063
vn -0.331251 -0.799706 -0.500743
vn 0.504237 0.504237 -0.701063
vn 0.612070 0.612068 -0.500742
vn 0.272891 0.658817 -0.701064
vn 0.331250 0.799707 -0.500743
vn -0.658818 -0.272890 -0.701063
vn -0.799708 -0.331249 -0.500741
vn -0.504238 -0.504237 -0.701063
vn -0.612070 -0.612068 -0.500742
vn 0.658817 0.272892 -0.701063
vn 0.799707 0.331251 -0.500741
vn 0.504237 0.504237 -0.701063
vn 0.612070 0.612068 -0.500742
vn -0.713100 -0.000000 -0.701063
vn -0.865598 0.000000 -0.500740
vn -0.658818 -0.272890 -0.701063
vn -0.799708 -0.331249 -0.500741
vn 0.713099 0.000000 -0.701064
vn 0.865597 0.000000 -0.500742
vn 0.658817 0.272892 -0.701063
vn 0.799707 0.331251 -0.500741
vn -0.658818 0.272891 -0.701063
vn -0.799708 0.331249 -0.500741
vn -0.713100 -0.000000 -0.701063
vn -0.865598 0.000000 -0.500740
vn 0.658817 -0.272892 -0.701063
vn 0.799707 -0.331251 -0.500742
vn 0.713099 0.000000 -0.701064
vn 0.865597 0.000000 -0.500742
vn -0.504238 0.504237 -0.701063
vn -0.612071 0.612068 -0.500742
vn -0.658818 0.272891 -0.701063
vn -0.799708 0.331249 -0.500741
vn 0.504237 -0.504237 -0.701063
vn 0.612070 -0.612068 -0.500742
vn 0.658817 -0.272892 -0.701063
vn 0.799707 -0.331251 -0.500742
vn -0.272892 0.658817 -0.701063
vn -0.331251 0.799706 -0.500743
vn -0.504238 0.504237 -0.701063
vn -0.612071 0.612068 -0.500742
vn 0.272891 -0.658817 -0.701064
vn 0.331250 -0.799706 -0.500743
vn 0.504237 -0.504237 -0.701063
vn 0.612070 -0.612068 -0.500742
vn -0.000000 0.713099 -0.701063
vn -0.000000 0.865596 -0.500743
vn -0.272892 0.658817 -0.701063
vn -0.331251 0.799706 -0.500743
vn -0.272892 -0.658817 -0.701063
vn -0.331251 -0.799706 -0.500743
vn -0.000001 -0.713099 -0.701064
vn -0.000001 -0.865596 -0.500743
vn -0.000001 -0.713099 -0.701064
vn -0.000001 -0.865596 -0.500743
vn 0.272891 -0.658817 -0.701064
vn 0.331250 -0.799706 -0.500743
vn -0.480205 -0.000000 -0.877156
vn -0.656560 -0.000000 -0.754274
vn -0.443653 -0.183765 -0.877156
vn -0.606583 -0.251252 -0.754274
vn 0.123283 -0.297629 -0.946688
vn 0.183768 -0.443652 -0.877156
vn 0.227796 -0.227795 -0.946688
vn 0.339557 -0.339556 -0.877156
vn -0.123283 0.297630 -0.946688
vn -0.183768 0.443654 -0.877155
vn -0.227797 0.227795 -0.946688
vn -0.339558 0.339556 -0.877155
vn 0.000000 -0.322152 -0.946688
vn 0.000000 -0.480207 -0.877155
vn 0.123283 -0.297629 -0.946688
vn 0.183768 -0.443652 -0.877156
vn 0.123282 0.297629 -0.946688
vn 0.183767 0.443652 -0.877156
vn -0.000001 0.322152 -0.946688
vn -0.000000 0.480207 -0.877155
vn -0.000001 0.322152 -0.946688
vn -0.000000 0.480207 -0.877155
vn -0.123283 0.297630 -0.946688
vn -0.183768 0.443654 -0.877155
vn -0.123284 -0.297630 -0.946688
vn -0.183769 -0.443654 -0.877155
vn 0.000000 -0.322152 -0.946688
vn 0.000000 -0.480207 -0.877155
vn 0.227796 0.227796 -0.946688
vn 0.339558 0.339556 -0.877156
vn 0.123282 0.297629 -0.946688
vn 0.183767 0.443652 -0.877156
vn -0.227798 -0.227795 -0.946688
vn -0.339559 -0.339556 -0.877155
vn -0.123284 -0.297630 -0.946688
vn -0.183769 -0.443654 -0.877155
vn 0.297629 0.123282 -0.946688
vn 0.443653 0.183768 -0.877155
vn 0.227796 0.227796 -0.946688
vn 0.339558 0.339556 -0.877156
vn -0.297630 -0.123281 -0.946688
vn -0.443653 -0.183765 -0.877156
vn -0.227798 -0.227795 -0.946688
vn -0.339559 -0.339556 -0.877155
vn 0.322151 -0.000000 -0.946688
vn 0.480205 -0.000000 -0.877156
vn 0.297629 0.123282 -0.946688
vn 0.443653 0.183768 -0.877155
vn -0.322152 -0.000000 -0.946688
vn -0.480205 -0.000000 -0.877156
vn -0.297630 -0.123281 -0.946688
vn -0.443653 -0.183765 -0.877156
vn 0.297629 -0.123282 -0.946688
vn 0.443653 -0.183768 -0.877155
vn 0.322151 -0.000000 -0.946688
vn 0.480205 -0.000000 -0.877156
vn -0.297630 0.123281 -0.946688
vn -0.443653 0.183765 -0.877156
vn -0.322152 -0.000000 -0.946688
vn -0.480205 -0.000000 -0.877156
vn 0.227796 -0.227795 -0.946688
vn 0.339557 -0.339556 -0.877156
vn 0.297629 -0.123282 -0.946688
vn 0.443653 -0.183768 -0.877155
vn -0.367855 -0.367850 -0.854031
vn -0.367855 -0.367850 -0.854031
vn -0.199078 -0.480623 -0.854032
vn -0.199079 -0.480623 -0.854031
vn 0.443653 -0.183768 -0.877155
vn 0.606584 -0.251257 -0.754272
vn 0.480205 -0.000000 -0.877156
vn 0.656561 -0.000000 -0.754273
vn -0.443653 0.183765 -0.877156
vn -0.606584 0.251252 -0.754274
vn -0.480205 -0.000000 -0.877156
vn -0.656560 -0.000000 -0.754274
vn 0.339557 -0.339556 -0.877156
vn 0.464260 -0.464257 -0.754273
vn 0.443653 -0.183768 -0.877155
vn 0.606584 -0.251257 -0.754272
vn -0.339558 0.339556 -0.877155
vn -0.464260 0.464259 -0.754272
vn -0.443653 0.183765 -0.877156
vn -0.606584 0.251252 -0.754274
vn 0.183768 -0.443652 -0.877156
vn 0.251256 -0.606582 -0.754274
vn 0.339557 -0.339556 -0.877156
vn 0.464260 -0.464257 -0.754273
vn -0.183768 0.443654 -0.877155
vn -0.251255 0.606586 -0.754271
vn -0.339558 0.339556 -0.877155
vn -0.464260 0.464259 -0.754272
vn 0.000000 -0.480207 -0.877155
vn 0.000000 -0.656563 -0.754271
vn 0.183768 -0.443652 -0.877156
vn 0.251256 -0.606582 -0.754274
vn 0.183767 0.443652 -0.877156
vn 0.251256 0.606582 -0.754274
vn -0.000000 0.480207 -0.877155
vn 0.000000 0.656563 -0.754271
vn -0.000000 0.480207 -0.877155
vn 0.000000 0.656563 -0.754271
vn -0.183768 0.443654 -0.877155
vn -0.251255 0.606586 -0.754271
vn -0.183769 -0.443654 -0.877155
vn -0.251256 -0.606586 -0.754270
vn 0.000000 -0.480207 -0.877155
vn 0.000000 -0.656563 -0.754271
vn 0.339558 0.339556 -0.877156
vn 0.464261 0.464257 -0.754273
vn 0.183767 0.443652 -0.877156
vn 0.251256 0.606582 -0.754274
vn -0.339559 -0.339556 -0.877155
vn -0.464261 -0.464258 -0.754272
vn -0.183769 -0.443654 -0.877155
vn -0.251256 -0.606586 -0.754270
vn 0.443653 0.183768 -0.877155
vn 0.606585 0.251257 -0.754271
vn 0.339558 0.339556 -0.877156
vn 0.464261 0.464257 -0.754273
vn -0.443653 -0.183765 -0.877156
vn -0.606583 -0.251252 -0.754274
vn -0.339559 -0.339556 -0.877155
vn -0.464261 -0.464258 -0.754272
vn 0.480205 -0.000000 -0.877156
vn 0.656561 -0.000000 -0.754273
vn 0.443653 0.183768 -0.877155
vn 0.606585 0.251257 -0.754271
vn 0.218571 -0.527673 -0.820846
vn 0.218571 -0.527673 -0.820846
vn 0.403868 -0.403860 -0.820846
vn 0.403868 -0.403860 -0.820846
vn 0.367855 0.367848 -0.854032
vn 0.367855 0.367848 -0.854032
vn 0.199078 0.480625 -0.854031
vn 0.199077 0.480625 -0.854030
vn -0.480623 -0.199079 -0.854031
vn -0.480623 -0.199079 -0.854031
vn -0.367855 -0.367850 -0.854031
vn -0.367855 -0.367850 -0.854031
vn 0.480626 0.199080 -0.854029
vn 0.480627 0.199079 -0.854029
vn 0.367855 0.367848 -0.854032
vn 0.367855 0.367848 -0.854032
vn -0.520220 0.000000 -0.854032
vn -0.520220 0.000000 -0.854032
vn -0.480623 -0.199079 -0.854031
vn -0.480623 -0.199079 -0.854031
vn 0.520226 0.000000 -0.854029
vn 0.520226 0.000000 -0.854029
vn 0.480626 0.199080 -0.854029
vn 0.480627 0.199079 -0.854029
vn -0.480623 0.199079 -0.854031
vn -0.480623 0.199078 -0.854031
vn -0.520220 0.000000 -0.854032
vn -0.520220 0.000000 -0.854032
vn 0.480624 -0.199080 -0.854030
vn 0.480625 -0.199079 -0.854030
vn 0.520226 0.000000 -0.854029
vn 0.520226 0.000000 -0.854029
vn -0.367855 0.367851 -0.854031
vn -0.367855 0.367850 -0.854031
vn -0.480623 0.199079 -0.854031
vn -0.480623 0.199078 -0.854031
vn 0.367853 -0.367849 -0.854032
vn 0.367854 -0.367849 -0.854032
vn 0.480624 -0.199080 -0.854030
vn 0.480625 -0.199079 -0.854030
vn -0.199078 0.480623 -0.854031
vn -0.199079 0.480623 -0.854031
vn -0.367855 0.367851 -0.854031
vn -0.367855 0.367850 -0.854031
vn 0.199078 -0.480625 -0.854031
vn 0.199077 -0.480625 -0.854031
vn 0.367853 -0.367849 -0.854032
vn 0.367854 -0.367849 -0.854032
vn -0.000000 0.520224 -0.854030
vn -0.000000 0.520224 -0.854030
vn -0.199078 0.480623 -0.854031
vn -0.199079 0.480623 -0.854031
vn -0.199078 -0.480623 -0.854032
vn -0.199079 -0.480623 -0.854031
vn -0.000000 -0.520224 -0.854030
vn -0.000000 -0.520224 -0.854030
vn -0.000000 -0.520224 -0.854030
vn -0.000000 -0.520224 -0.854030
vn 0.199078 -0.480625 -0.854031
vn 0.199077 -0.480625 -0.854031
vn 0.199078 0.480625 -0.854031
vn 0.199077 0.480625 -0.854030
vn -0.000000 0.520224 -0.854030
vn -0.000000 0.520224 -0.854030
vn 0.000001 0.000000 -1.000000
vn 0.000001 0.000000 -1.000000
vn 0.000001 0.000000 -1.000000
vn 0.000001 0.000000 -1.000000
vn 0.000001 0.000000 -1.000000
vn 0.000001 0.000000 -1.000000
vn 0.000001 0.000000 -1.000000
vn 0.000001 0.000000 -1.000000
vn 0.000001 0.000000 -1.000000
vn 0.000001 0.000000 -1.000000
vn 0.000001 0.000000 -1.000000
vn 0.000001 0.000000 -1.000000
vn 0.000001 0.000000 -1.000000
vn 0.000001 0.000000 -1.000000
vn 0.000001 0.000000 -1.000000
vn 0.000001 0.000000 -1.000000
vn -0.218570 0.527668 -0.820849
vn -0.218570 0.527668 -0.820849
vn -0.403865 0.403861 -0.820847
vn -0.403865 0.403861 -0.820847
vn -0.000000 -0.571146 -0.820849
vn -0.000000 -0.571146 -0.820849
vn 0.218571 -0.527673 -0.820846
vn 0.218571 -0.527673 -0.820846
vn 0.218571 0.527673 -0.820846
vn 0.218571 0.527673 -0.820846
vn -0.000000 0.571146 -0.820849
vn -0.000000 0.571146 -0.820849
vn -0.000000 0.571146 -0.820849
vn -0.000000 0.571146 -0.820849
vn -0.218570 0.527668 -0.820849
vn -0.218570 0.527668 -0.820849
vn -0.218570 -0.527669 -0.820849
vn -0.218570 -0.527669 -0.820849
vn -0.000000 -0.571146 -0.820849
vn -0.000000 -0.571146 -0.820849
vn 0.403864 0.403861 -0.820847
vn 0.403865 0.403860 -0.820847
vn 0.218571 0.527673 -0.820846
vn 0.218571 0.527673 -0.820846
vn -0.403862 -0.403862 -0.820848
vn -0.403862 -0.403862 -0.820848
vn -0.218570 -0.527669 -0.820849
vn -0.218570 -0.527669 -0.820849
vn 0.527672 0.218569 -0.820847
vn 0.527672 0.218568 -0.820847
vn 0.403864 0.403861 -0.820847
vn 0.403865 0.403860 -0.820847
vn -0.527672 -0.218571 -0.820847
vn -0.527672 -0.218571 -0.820847
vn -0.403862 -0.403862 -0.820848
vn -0.403862 -0.403862 -0.820848
vn 0.571152 0.000000 -0.820844
vn 0.571152 0.000000 -0.820844
vn 0.527672 0.218569 -0.820847
vn 0.527672 0.218568 -0.820847
vn -0.571155 -0.000000 -0.820842
vn -0.571155 -0.000000 -0.820842
vn -0.527672 -0.218571 -0.820847
vn -0.527672 -0.218571 -0.820847
vn 0.527675 -0.218568 -0.820846
vn 0.527675 -0.218567 -0.820846
vn 0.571152 0.000000 -0.820844
vn 0.571152 0.000000 -0.820844
vn -0.527673 0.218570 -0.820846
vn -0.527674 0.218569 -0.820846
vn -0.571155 -0.000000 -0.820842
vn -0.571155 -0.000000 -0.820842
vn 0.403868 -0.403860 -0.820846
vn 0.403868 -0.403860 -0.820846
vn 0.527675 -0.218568 -0.820846
vn 0.527675 -0.218567 -0.820846
vn -0.403865 0.403861 -0.820847
vn -0.403865 0.403861 -0.820847
vn -0.527673 0.218570 -0.820846
vn -0.527674 0.218569 -0.820846
vn 0.267960 0.646914 -0.713933
vn 0.267960 0.646914 -0.713933
vn -0.000000 0.700214 -0.713933
vn 0.000000 0.700214 -0.713933
vn 0.495126 0.495127 -0.713932
vn 0.495126 0.495127 -0.713932
vn 0.267960 0.646914 -0.713933
vn 0.267960 0.646914 -0.713933
vn 0.646914 0.267962 -0.713932
vn 0.646914 0.267962 -0.713932
vn 0.495126 0.495127 -0.713932
vn 0.495126 0.495127 -0.713932
vn 0.700215 0.000000 -0.713932
vn 0.700215 -0.000000 -0.713932
vn 0.646914 0.267962 -0.713932
vn 0.646914 0.267962 -0.713932
vn 0.646914 -0.267962 -0.713932
vn 0.646914 -0.267962 -0.713932
vn 0.700215 0.000000 -0.713932
vn 0.700215 -0.000000 -0.713932
vn 0.495127 -0.495127 -0.713932
vn 0.495127 -0.495127 -0.713932
vn 0.646914 -0.267962 -0.713932
vn 0.646914 -0.267962 -0.713932
vn 0.267960 -0.646914 -0.713932
vn 0.267960 -0.646914 -0.713932
vn 0.495127 -0.495127 -0.713932
vn 0.495127 -0.495127 -0.713932
vn -0.000000 -0.700215 -0.713932
vn 0.000000 -0.700215 -0.713932
vn 0.267960 -0.646914 -0.713932
vn 0.267960 -0.646914 -0.713932
vn -0.267961 -0.646914 -0.713932
vn -0.267961 -0.646914 -0.713932
vn -0.000000 -0.700215 -0.713932
vn 0.000000 -0.700215 -0.713932
vn -0.495127 -0.495127 -0.713932
vn -0.495127 -0.495127 -0.713932
vn -0.267961 -0.646914 -0.713932
vn -0.267961 -0.646914 -0.713932
vn -0.646915 -0.267961 -0.713932
vn -0.646915 -0.267961 -0.713932
vn -0.495127 -0.495127 -0.713932
vn -0.495127 -0.495127 -0.713932
vn -0.700215 -0.000000 -0.713932
vn -0.700215 -0.000000 -0.713932
vn -0.646915 -0.267961 -0.713932
vn -0.646915 -0.267961 -0.713932
vn -0.646915 0.267960 -0.713932
vn -0.646915 0.267960 -0.713932
vn -0.700215 -0.000000 -0.713932
vn -0.700215 -0.000000 -0.713932
vn -0.495127 0.495126 -0.713933
vn -0.495127 0.495126 -0.713933
vn -0.646915 0.267960 -0.713932
vn -0.646915 0.267960 -0.713932
vn -0.267960 0.646914 -0.713933
vn -0.267960 0.646914 -0.713933
vn -0.495127 0.495126 -0.713933
vn -0.495127 0.495126 -0.713933
vn -0.000000 0.700214 -0.713933
vn 0.000000 0.700214 -0.713933
vn -0.267960 0.646914 -0.713933
vn -0.267960 0.646914 -0.713933
vn -0.000001 0.000000 -1.000000
vn -0.000001 0.000000 -1.000000
vn -0.000001 -0.000000 -1.000000
vn -0.000001 -0.000000 -1.000000
vn -0.382683 0.923880 0.000000
vn 0.000000 1.000000 -0.000000
vn -0.382683 0.923880 0.000000
vn 0.000000 1.000000 -0.000000
vn 0.382684 0.923879 -0.000000
vn 0.707107 0.707106 -0.000000
vn 0.382684 0.923879 -0.000000
vn 0.707107 0.707106 -0.000000
vn 0.707107 0.707106 -0.000000
vn 0.923879 0.382685 -0.000001
vn 0.707107 0.707106 -0.000000
vn 0.923879 0.382685 -0.000001
vn 0.923879 0.382685 -0.000001
vn 1.000000 0.000000 -0.000001
vn 0.923879 0.382685 -0.000001
vn 1.000000 0.000000 -0.000001
vn 1.000000 0.000000 -0.000001
vn 0.923879 -0.382685 -0.000001
vn 1.000000 0.000000 -0.000001
vn 0.923879 -0.382685 -0.000001
vn 0.923879 -0.382685 -0.000001
vn 0.707107 -0.707106 -0.000000
vn 0.923879 -0.382685 -0.000001
vn 0.707107 -0.707106 -0.000000
vn 0.707107 -0.707106 -0.000000
vn 0.382684 -0.923880 -0.000000
vn 0.707107 -0.707106 -0.000000
vn 0.382684 -0.923880 -0.000000
vn 0.382684 -0.923880 -0.000000
vn 0.000000 -1.000000 0.000000
vn 0.382684 -0.923880 -0.000000
vn 0.000000 -1.000000 0.000000
vn 0.000000 -1.000000 0.000000
vn -0.382683 -0.923880 0.000000
vn 0.000000 -1.000000 0.000000
vn -0.382683 -0.923880 0.000000
vn -0.382683 -0.923880 0.000000
vn -0.707107 -0.707106 0.000001
vn -0.382683 -0.923880 0.000000
vn -0.707107 -0.707107 0.000001
vn -0.707107 -0.707106 0.000001
vn -0.923880 -0.382683 0.000001
vn -0.707107 -0.707107 0.000001
vn -0.923880 -0.382683 0.000001
vn -0.923880 -0.382683 0.000001
vn -1.000000 0.000000 0.000000
vn -0.923880 -0.382683 0.000001
vn -1.000000 0.000000 0.000000
vn -1.000000 0.000000 0.000000
vn -0.923880 0.382683 0.000000
vn -1.000000 0.000000 0.000000
vn -0.923880 0.382683 0.000000
vn -0.923880 0.382683 0.000000
vn -0.707107 0.707106 0.000000
vn -0.923880 0.382683 0.000000
vn -0.707107 0.707106 0.000000
vn -0.707107 0.707106 0.000000
vn -0.382683 0.923880 0.000000
vn -0.707107 0.707106 0.000000
vn -0.382683 0.923880 0.000000
vn 0.000001 0.000000 1.000000
vn 0.000000 0.000000 1.000000
vn 0.000001 -0.000000 1.000000
vn 0.000001 0.700215 0.713932
vn 0.000001 0.700215 0.713932
vn 0.267961 0.646914 0.713932
vn 0.267961 0.646914 0.713932
vn 0.267961 0.646914 0.713932
vn 0.267961 0.646914 0.713932
vn 0.495127 0.495127 0.713932
vn 0.495127 0.495127 0.713932
vn 0.495127 0.495127 0.713932
vn 0.495127 0.495127 0.713932
vn 0.646915 0.267962 0.713931
vn 0.646915 0.267961 0.713931
vn 0.646915 0.267962 0.713931
vn 0.646915 0.267961 0.713931
vn 0.700216 -0.000000 0.713931
vn 0.700216 0.000000 0.713931
vn 0.700216 -0.000000 0.713931
vn 0.700216 0.000000 0.713931
vn 0.646915 -0.267961 0.713931
vn 0.646915 -0.267961 0.713931
vn 0.646915 -0.267961 0.713931
vn 0.646915 -0.267961 0.713931
vn 0.495127 -0.495127 0.713932
vn 0.495127 -0.495127 0.713931
vn 0.495127 -0.495127 0.713932
vn 0.495127 -0.495127 0.713931
vn 0.267961 -0.646914 0.713932
vn 0.267961 -0.646915 0.713932
vn 0.267961 -0.646914 0.713932
vn 0.267961 -0.646915 0.713932
vn 0.000001 -0.700215 0.713932
vn 0.000001 -0.700215 0.713932
vn 0.000001 -0.700215 0.713932
vn 0.000001 -0.700215 0.713932
vn -0.267960 -0.646914 0.713932
vn -0.267960 -0.646914 0.713932
vn -0.267960 -0.646914 0.713932
vn -0.267960 -0.646914 0.713932
vn -0.495127 -0.495127 0.713932
vn -0.495127 -0.495127 0.713932
vn -0.495127 -0.495127 0.713932
vn -0.495127 -0.495127 0.713932
vn -0.646914 -0.267960 0.713933
vn -0.646914 -0.267960 0.713932
vn -0.646914 -0.267960 0.713933
vn -0.646914 -0.267960 0.713932
vn -0.700214 0.000000 0.713933
vn -0.700214 0.000000 0.713933
vn -0.700214 0.000000 0.713933
vn -0.700214 0.000000 0.713933
vn -0.646914 0.267960 0.713933
vn -0.646914 0.267960 0.713933
vn -0.646914 0.267960 0.713933
vn -0.646914 0.267960 0.713933
vn -0.495126 0.495126 0.713933
vn -0.495126 0.495126 0.713933
vn -0.495126 0.495126 0.713933
vn -0.495126 0.495126 0.713933
vn -0.267960 0.646914 0.713933
vn -0.267960 0.646914 0.713933
vn -0.267960 0.646914 0.713933
vn -0.267960 0.646914 0.713933
vn 0.000001 0.700215 0.713932
vn 0.000001 0.700215 0.713932
vn 0.000001 0.000000 1.000000
vn 0.000001 -0.000000 1.000000
vn 0.000000 0.000000 1.000000
vn -0.210379 -0.507898 -0.835332
vn -0.272892 -0.658817 -0.701063
vn -0.000001 -0.549745 -0.835332
vn -0.000001 -0.713099 -0.701064
vn -0.000001 0.549746 -0.835332
vn -0.000000 0.713099 -0.701063
vn -0.210379 0.507899 -0.835332
vn -0.272892 0.658817 -0.701063
vn 0.210378 -0.507898 -0.835333
vn 0.272891 -0.658817 -0.701064
vn 0.388729 -0.388728 -0.835333
vn 0.504237 -0.504237 -0.701063
vn -0.210379 0.507899 -0.835332
vn -0.272892 0.658817 -0.701063
vn -0.388729 0.388728 -0.835332
vn -0.504238 0.504237 -0.701063
vn 0.388729 -0.388728 -0.835333
vn 0.504237 -0.504237 -0.701063
vn 0.507898 -0.210379 -0.835333
vn 0.658817 -0.272892 -0.701063
vn -0.388729 0.388728 -0.835332
vn -0.504238 0.504237 -0.701063
vn -0.507898 0.210378 -0.835333
vn -0.658818 0.272891 -0.701063
vn 0.507898 -0.210379 -0.835333
vn 0.658817 -0.272892 -0.701063
vn 0.549744 0.000000 -0.835333
vn 0.713099 0.000000 -0.701064
vn -0.507898 0.210378 -0.835333
vn -0.658818 0.272891 -0.701063
vn -0.549744 -0.000000 -0.835333
vn -0.713100 -0.000000 -0.701063
vn 0.549744 0.000000 -0.835333
vn 0.713099 0.000000 -0.701064
vn 0.507897 0.210379 -0.835333
vn 0.658817 0.272892 -0.701063
vn -0.549744 -0.000000 -0.835333
vn -0.713100 -0.000000 -0.701063
vn -0.507898 -0.210378 -0.835333
vn -0.658818 -0.272890 -0.701063
vn 0.507897 0.210379 -0.835333
vn 0.658817 0.272892 -0.701063
vn 0.388728 0.388728 -0.835333
vn 0.504237 0.504237 -0.701063
vn -0.507898 -0.210378 -0.835333
vn -0.658818 -0.272890 -0.701063
vn -0.388729 -0.388728 -0.835333
vn -0.504238 -0.504237 -0.701063
vn 0.388728 0.388728 -0.835333
vn 0.504237 0.504237 -0.701063
vn 0.210378 0.507898 -0.835333
vn 0.272891 0.658817 -0.701064
vn -0.388729 -0.388728 -0.835333
vn -0.504238 -0.504237 -0.701063
vn -0.210379 -0.507898 -0.835332
vn -0.272892 -0.658817 -0.701063
vn 0.210378 0.507898 -0.835333
vn 0.272891 0.658817 -0.701064
vn -0.000001 0.549746 -0.835332
vn -0.000000 0.713099 -0.701063
vn -0.000001 0.000000 -1.000000
vn -0.000001 0.000000 -1.000000
vn -0.000002 0.000000 -1.000000
vn 0.000000 -0.000000 1.000000
vn 0.000001 -0.000000 1.000000
vn 0.000000 -0.000000 1.000000
vn 0.000001 -0.000000 1.000000
vn 0.000001 -0.000000 1.000000
vn 0.000000 -0.000000 1.000000
vn 0.000001 -0.000000 1.000000
vn 0.000000 -0.000000 1.000000
vn 0.000000 -0.000000 1.000000
vn 0.000000 0.000000 1.000000
vn 0.000000 -0.000000 1.000000
vn 0.000000 0.000000 1.000000
vn 0.000000 0.000000 1.000000
vn 0.000001 0.000000 1.000000
vn 0.000000 0.000000 1.000000
vn 0.000001 0.000000 1.000000
vn 0.000001 0.000000 1.000000
vn 0.000001 0.000000 1.000000
vn 0.000001 0.000000 1.000000
vn 0.000001 0.000000 1.000000
vn 0.000001 0.000000 1.000000
vn 0.000000 0.000000 1.000000
vn 0.000001 0.000000 1.000000
vn 0.000000 0.000000 1.000000
vn 0.000000 0.000000 1.000000
vn 0.000000 -0.000000 1.000000
vn 0.000000 0.000000 1.000000
vn 0.000000 -0.000000 1.000000
vn 0.000000 -0.000000 1.000000
vn 0.000001 0.000000 1.000000
vn 0.000000 -0.000000 1.000000
vn 0.000001 0.000000 1.000000
vn 0.000001 0.000000 1.000000
vn 0.000001 0.000000 1.000000
vn 0.000001 0.000000 1.000000
vn 0.000001 0.000000 1.000000
vn 0.000001 0.000000 1.000000
vn 0.000001 0.000000 1.000000
vn 0.000001 0.000000 1.000000
vn 0.000001 0.000000 1.000000
vn 0.000001 0.000000 1.000000
vn 0.000001 0.000000 1.000000
vn 0.000001 0.000000 1.000000
vn 0.000001 0.000000 1.000000
vn 0.000001 0.000000 1.000000
vn 0.000002 -0.000000 1.000000
vn 0.000001 0.000000 1.000000
vn 0.000002 -0.000000 1.000000
vn 0.000002 -0.000000 1.000000
vn 0.000001 -0.000000 1.000000
vn 0.000002 -0.000000 1.000000
vn 0.000001 -0.000000 1.000000
vn 0.272892 0.658818 0.701063
vn 0.000000 0.713099 0.701063
vn 0.331249 0.799706 0.500743
vn 0.000000 0.865596 0.500743
vn 0.000001 -0.000000 1.000000
vn 0.000000 -0.000000 1.000000
vn 0.000001 -0.000000 1.000000
vn 0.000000 -0.000000 1.000000
vn 0.000000 -0.000000 1.000000
vn 0.000001 0.000000 1.000000
vn 0.000000 -0.000000 1.000000
vn 0.000001 0.000000 1.000000
vn -0.000001 0.000000 -1.000000
vn -0.000001 -0.000000 -1.000000
vn -0.000001 -0.000000 -1.000000
vn 0.000000 1.000000 0.000000
vn 0.000000 1.000000 0.000000
vn 0.382684 0.923880 -0.000000
vn 0.382684 0.923880 -0.000000
vn -0.000001 0.000000 -1.000000
vn -0.000001 -0.000000 -1.000000
vn -0.000001 0.000000 -1.000000
vn -0.000001 0.000000 -1.000000
vn -0.000001 0.000000 -1.000000
vn -0.000002 0.000000 -1.000000
vn -0.000001 0.000000 -1.000000
vn -0.000002 0.000000 -1.000000
vn -0.000000 0.000000 -1.000000
vn -0.000001 0.000000 -1.000000
vn -0.000000 0.000000 -1.000000
vn -0.000000 0.000000 -1.000000
vn -0.000001 0.000000 -1.000000
vn -0.000000 0.000000 -1.000000
vn -0.000001 0.000000 -1.000000
vn -0.000001 0.000000 -1.000000
vn -0.000001 0.000000 -1.000000
vn -0.000000 0.000000 -1.000000
vn -0.000001 0.000000 -1.000000
vn -0.000000 0.000000 -1.000000
vn -0.000000 0.000000 -1.000000
vn -0.000001 0.000000 -1.000000
vn -0.000000 0.000000 -1.000000
vn 0.000000 0.000000 -1.000000
vn -0.000001 0.000000 -1.000000
vn 0.000000 0.000000 -1.000000
vn -0.000000 0.000000 -1.000000
vn -0.000001 0.000000 -1.000000
vn -0.000000 0.000000 -1.000000
vn -0.000000 -0.000000 -1.000000
vn -0.000001 0.000000 -1.000000
vn -0.000000 -0.000000 -1.000000
vn -0.000001 -0.000000 -1.000000
vn 0.000001 -0.549746 0.835332
vn 0.210379 -0.507899 0.835332
vn 0.000001 -0.713099 0.701063
vn 0.272892 -0.658817 0.701063
vn -0.000001 0.000000 -1.000000
vn -0.000002 0.000000 -1.000000
vn -0.000001 -0.000000 -1.000000
vn -0.227796 0.227797 0.946688
vn -0.297631 0.123282 0.946688
vn -0.339557 0.339555 0.877156
vn -0.443654 0.183765 0.877156
vn -0.504237 -0.504237 0.701063
vn -0.272890 -0.658817 0.701064
vn -0.612069 -0.612068 0.500743
vn -0.331249 -0.799706 0.500744
vn 0.504238 0.504236 0.701063
vn 0.272892 0.658818 0.701063
vn 0.612070 0.612067 0.500743
vn 0.331249 0.799706 0.500743
vn -0.658818 -0.272891 0.701063
vn -0.504237 -0.504237 0.701063
vn -0.799707 -0.331249 0.500742
vn -0.612069 -0.612068 0.500743
vn 0.658818 0.272891 0.701063
vn 0.504238 0.504236 0.701063
vn 0.799706 0.331250 0.500744
vn 0.612070 0.612067 0.500743
vn -0.713099 -0.000000 0.701063
vn -0.658818 -0.272891 0.701063
vn -0.865596 0.000000 0.500743
vn -0.799707 -0.331249 0.500742
vn 0.713099 0.000000 0.701063
vn 0.658818 0.272891 0.701063
vn 0.865595 0.000000 0.500745
vn 0.799706 0.331250 0.500744
vn -0.658818 0.272892 0.701063
vn -0.713099 -0.000000 0.701063
vn -0.799706 0.331250 0.500743
vn -0.865596 0.000000 0.500743
vn 0.658818 -0.272891 0.701063
vn 0.713099 0.000000 0.701063
vn 0.799705 -0.331250 0.500744
vn 0.865595 0.000000 0.500745
vn -0.504238 0.504237 0.701063
vn -0.658818 0.272892 0.701063
vn -0.612070 0.612068 0.500743
vn -0.799706 0.331250 0.500743
vn 0.504237 -0.504236 0.701064
vn 0.658818 -0.272891 0.701063
vn 0.612069 -0.612067 0.500745
vn 0.799705 -0.331250 0.500744
vn -0.272891 0.658818 0.701063
vn -0.504238 0.504237 0.701063
vn -0.331250 0.799706 0.500744
vn -0.612070 0.612068 0.500743
vn 0.272892 -0.658817 0.701063
vn 0.504237 -0.504236 0.701064
vn 0.331250 -0.799706 0.500744
vn 0.612069 -0.612067 0.500745
vn 0.000000 0.713099 0.701063
vn -0.272891 0.658818 0.701063
vn 0.000000 0.865596 0.500743
vn -0.331250 0.799706 0.500744
vn -0.272890 -0.658817 0.701064
vn 0.000001 -0.713099 0.701063
vn -0.331249 -0.799706 0.500744
vn 0.000001 -0.865596 0.500743
vn 0.000001 -0.713099 0.701063
vn 0.272892 -0.658817 0.701063
vn 0.000001 -0.865596 0.500743
vn 0.331250 -0.799706 0.500744
vn -0.480204 -0.000000 0.877157
vn -0.443653 -0.183765 0.877156
vn -0.656558 -0.000000 0.754276
vn -0.606582 -0.251250 0.754276
vn 0.123283 -0.297631 0.946687
vn 0.227798 -0.227796 0.946687
vn 0.183767 -0.443653 0.877155
vn 0.339558 -0.339556 0.877155
vn -0.123282 0.297631 0.946688
vn -0.227796 0.227797 0.946688
vn -0.183766 0.443654 0.877155
vn -0.339557 0.339555 0.877156
vn -0.000000 -0.322153 0.946688
vn 0.123283 -0.297631 0.946687
vn -0.000000 -0.480206 0.877156
vn 0.183767 -0.443653 0.877155
vn 0.123283 0.297631 0.946687
vn -0.000000 0.322153 0.946688
vn 0.183767 0.443653 0.877155
vn -0.000000 0.480207 0.877155
vn -0.000000 0.322153 0.946688
vn -0.123282 0.297631 0.946688
vn -0.000000 0.480207 0.877155
vn -0.183766 0.443654 0.877155
vn -0.123282 -0.297630 0.946688
vn -0.000000 -0.322153 0.946688
vn -0.183767 -0.443653 0.877155
vn -0.000000 -0.480206 0.877156
vn 0.227797 0.227796 0.946688
vn 0.123283 0.297631 0.946687
vn 0.339558 0.339556 0.877156
vn 0.183767 0.443653 0.877155
vn -0.227795 -0.227797 0.946688
vn -0.123282 -0.297630 0.946688
vn -0.339557 -0.339555 0.877157
vn -0.183767 -0.443653 0.877155
vn 0.297632 0.123282 0.946687
vn 0.227797 0.227796 0.946688
vn 0.443653 0.183766 0.877156
vn 0.339558 0.339556 0.877156
vn -0.297630 -0.123282 0.946688
vn -0.227795 -0.227797 0.946688
vn -0.443653 -0.183765 0.877156
vn -0.339557 -0.339555 0.877157
vn 0.322154 -0.000000 0.946687
vn 0.297632 0.123282 0.946687
vn 0.480206 -0.000000 0.877156
vn 0.443653 0.183766 0.877156
vn -0.322153 -0.000000 0.946688
vn -0.297630 -0.123282 0.946688
vn -0.480204 -0.000000 0.877157
vn -0.443653 -0.183765 0.877156
vn 0.297632 -0.123282 0.946687
vn 0.322154 -0.000000 0.946687
vn 0.443653 -0.183766 0.877156
vn 0.480206 -0.000000 0.877156
vn -0.297631 0.123282 0.946688
vn -0.322153 -0.000000 0.946688
vn -0.443654 0.183765 0.877156
vn -0.480204 -0.000000 0.877157
vn 0.227798 -0.227796 0.946687
vn 0.297632 -0.123282 0.946687
vn 0.339558 -0.339556 0.877155
vn 0.443653 -0.183766 0.877156
vn -0.367855 -0.367853 0.854030
vn -0.199079 -0.480623 0.854031
vn -0.367855 -0.367852 0.854030
vn -0.199078 -0.480624 0.854031
vn 0.443653 -0.183766 0.877156
vn 0.480206 -0.000000 0.877156
vn 0.606582 -0.251252 0.754275
vn 0.656557 -0.000000 0.754276
vn -0.443654 0.183765 0.877156
vn -0.480204 -0.000000 0.877157
vn -0.606583 0.251250 0.754274
vn -0.656558 -0.000000 0.754276
vn 0.339558 -0.339556 0.877155
vn 0.443653 -0.183766 0.877156
vn 0.464260 -0.464257 0.754273
vn 0.606582 -0.251252 0.754275
vn -0.339557 0.339555 0.877156
vn -0.443654 0.183765 0.877156
vn -0.464260 0.464254 0.754275
vn -0.606583 0.251250 0.754274
vn 0.183767 -0.443653 0.877155
vn 0.339558 -0.339556 0.877155
vn 0.251254 -0.606583 0.754273
vn 0.464260 -0.464257 0.754273
vn -0.183766 0.443654 0.877155
vn -0.339557 0.339555 0.877156
vn -0.251253 0.606585 0.754272
vn -0.464260 0.464254 0.754275
vn -0.000000 -0.480206 0.877156
vn 0.183767 -0.443653 0.877155
vn -0.000000 -0.656561 0.754273
vn 0.251254 -0.606583 0.754273
vn 0.183767 0.443653 0.877155
vn -0.000000 0.480207 0.877155
vn 0.251254 0.606583 0.754273
vn -0.000000 0.656561 0.754273
vn -0.000000 0.480207 0.877155
vn -0.183766 0.443654 0.877155
vn -0.000000 0.656561 0.754273
vn -0.251253 0.606585 0.754272
vn -0.183767 -0.443653 0.877155
vn -0.000000 -0.480206 0.877156
vn -0.251254 -0.606585 0.754272
vn -0.000000 -0.656561 0.754273
vn 0.339558 0.339556 0.877156
vn 0.183767 0.443653 0.877155
vn 0.464259 0.464257 0.754274
vn 0.251254 0.606583 0.754273
vn -0.339557 -0.339555 0.877157
vn -0.183767 -0.443653 0.877155
vn -0.464261 -0.464253 0.754275
vn -0.251254 -0.606585 0.754272
vn 0.443653 0.183766 0.877156
vn 0.339558 0.339556 0.877156
vn 0.606582 0.251252 0.754275
vn 0.464259 0.464257 0.754274
vn -0.443653 -0.183765 0.877156
vn -0.339557 -0.339555 0.877157
vn -0.606582 -0.251250 0.754276
vn -0.464261 -0.464253 0.754275
vn 0.480206 -0.000000 0.877156
vn 0.443653 0.183766 0.877156
vn 0.656557 -0.000000 0.754276
vn 0.606582 0.251252 0.754275
vn 0.218568 -0.527671 0.820848
vn 0.403866 -0.403861 0.820846
vn 0.218568 -0.527671 0.820848
vn 0.403867 -0.403861 0.820846
vn 0.367855 0.367854 0.854029
vn 0.199079 0.480627 0.854029
vn 0.367855 0.367854 0.854029
vn 0.199079 0.480627 0.854029
vn -0.480625 -0.199080 0.854030
vn -0.367855 -0.367853 0.854030
vn -0.480626 -0.199079 0.854030
vn -0.367855 -0.367852 0.854030
vn 0.480627 0.199082 0.854028
vn 0.367855 0.367854 0.854029
vn 0.480627 0.199081 0.854029
vn 0.367855 0.367854 0.854029
vn -0.520223 0.000000 0.854031
vn -0.480625 -0.199080 0.854030
vn -0.520223 0.000000 0.854031
vn -0.480626 -0.199079 0.854030
vn 0.520228 0.000000 0.854027
vn 0.480627 0.199082 0.854028
vn 0.520228 0.000000 0.854027
vn 0.480627 0.199081 0.854029
vn -0.480625 0.199079 0.854030
vn -0.520223 0.000000 0.854031
vn -0.480626 0.199078 0.854030
vn -0.520223 0.000000 0.854031
vn 0.480629 -0.199081 0.854027
vn 0.520228 0.000000 0.854027
vn 0.480630 -0.199080 0.854027
vn 0.520228 0.000000 0.854027
vn -0.367853 0.367853 0.854031
vn -0.480625 0.199079 0.854030
vn -0.367854 0.367852 0.854031
vn -0.480626 0.199078 0.854030
vn 0.367857 -0.367853 0.854029
vn 0.480629 -0.199081 0.854027
vn 0.367857 -0.367853 0.854029
vn 0.480630 -0.199080 0.854027
vn -0.199077 0.480624 0.854031
vn -0.367853 0.367853 0.854031
vn -0.199076 0.480624 0.854031
vn -0.367854 0.367852 0.854031
vn 0.199079 -0.480627 0.854029
vn 0.367857 -0.367853 0.854029
vn 0.199080 -0.480627 0.854029
vn 0.367857 -0.367853 0.854029
vn -0.000000 0.520224 0.854030
vn -0.199077 0.480624 0.854031
vn -0.000000 0.520224 0.854030
vn -0.199076 0.480624 0.854031
vn -0.199079 -0.480623 0.854031
vn -0.000000 -0.520224 0.854030
vn -0.199078 -0.480624 0.854031
vn -0.000000 -0.520224 0.854030
vn -0.000000 -0.520224 0.854030
vn 0.199079 -0.480627 0.854029
vn -0.000000 -0.520224 0.854030
vn 0.199080 -0.480627 0.854029
vn 0.199079 0.480627 0.854029
vn -0.000000 0.520224 0.854030
vn 0.199079 0.480627 0.854029
vn -0.000000 0.520224 0.854030
vn -0.000001 0.000000 1.000000
vn -0.000001 0.000000 1.000000
vn -0.000001 0.000000 1.000000
vn -0.000001 0.000000 1.000000
vn -0.000001 0.000000 1.000000
vn -0.000001 0.000000 1.000000
vn -0.000001 0.000000 1.000000
vn -0.000001 0.000000 1.000000
vn -0.000001 0.000000 1.000000
vn -0.000001 0.000000 1.000000
vn -0.000001 0.000000 1.000000
vn -0.000001 0.000000 1.000000
vn -0.000001 0.000000 1.000000
vn -0.000001 0.000000 1.000000
vn -0.000001 0.000000 1.000000
vn -0.000001 0.000000 1.000000
vn -0.218571 0.527672 0.820847
vn -0.403866 0.403859 0.820847
vn -0.218571 0.527672 0.820847
vn -0.403867 0.403857 0.820847
vn 0.000001 -0.571145 0.820849
vn 0.218568 -0.527671 0.820848
vn 0.000001 -0.571145 0.820849
vn 0.218568 -0.527671 0.820848
vn 0.218571 0.527672 0.820847
vn 0.000001 0.571144 0.820850
vn 0.218571 0.527672 0.820847
vn 0.000001 0.571144 0.820850
vn 0.000001 0.571144 0.820850
vn -0.218571 0.527672 0.820847
vn 0.000001 0.571144 0.820850
vn -0.218571 0.527672 0.820847
vn -0.218573 -0.527673 0.820845
vn 0.000001 -0.571145 0.820849
vn -0.218573 -0.527673 0.820845
vn 0.000001 -0.571145 0.820849
vn 0.403868 0.403862 0.820845
vn 0.218571 0.527672 0.820847
vn 0.403869 0.403861 0.820845
vn 0.218571 0.527672 0.820847
vn -0.403866 -0.403860 0.820847
vn -0.218573 -0.527673 0.820845
vn -0.403867 -0.403859 0.820847
vn -0.218573 -0.527673 0.820845
vn 0.527677 0.218570 0.820843
vn 0.403868 0.403862 0.820845
vn 0.527678 0.218569 0.820843
vn 0.403869 0.403861 0.820845
vn -0.527669 -0.218571 0.820849
vn -0.403866 -0.403860 0.820847
vn -0.527668 -0.218571 0.820849
vn -0.403867 -0.403859 0.820847
vn 0.571158 -0.000000 0.820840
vn 0.527677 0.218570 0.820843
vn 0.571158 -0.000000 0.820840
vn 0.527678 0.218569 0.820843
vn -0.571146 0.000000 0.820849
vn -0.527669 -0.218571 0.820849
vn -0.571146 0.000000 0.820849
vn -0.527668 -0.218571 0.820849
vn 0.527679 -0.218570 0.820842
vn 0.571158 -0.000000 0.820840
vn 0.527680 -0.218569 0.820842
vn 0.571158 -0.000000 0.820840
vn -0.527670 0.218570 0.820848
vn -0.571146 0.000000 0.820849
vn -0.527670 0.218570 0.820848
vn -0.571146 0.000000 0.820849
vn 0.403866 -0.403861 0.820846
vn 0.527679 -0.218570 0.820842
vn 0.403867 -0.403861 0.820846
vn 0.527680 -0.218569 0.820842
vn -0.403866 0.403859 0.820847
vn -0.527670 0.218570 0.820848
vn -0.403867 0.403857 0.820847
vn -0.527670 0.218570 0.820848
vn 0.267961 0.646914 0.713932
vn 0.000001 0.700214 0.713933
vn 0.267961 0.646914 0.713932
vn 0.000001 0.700214 0.713933
vn 0.495127 0.495127 0.713932
vn 0.267961 0.646914 0.713932
vn 0.495127 0.495127 0.713932
vn 0.267961 0.646914 0.713932
vn 0.646915 0.267961 0.713931
vn 0.495127 0.495127 0.713932
vn 0.646915 0.267961 0.713931
vn 0.495127 0.495127 0.713932
vn 0.700216 0.000000 0.713931
vn 0.646915 0.267961 0.713931
vn 0.700216 -0.000000 0.713931
vn 0.646915 0.267961 0.713931
vn 0.646915 -0.267961 0.713931
vn 0.700216 0.000000 0.713931
vn 0.646915 -0.267961 0.713931
vn 0.700216 -0.000000 0.713931
vn 0.495127 -0.495126 0.713932
vn 0.646915 -0.267961 0.713931
vn 0.495127 -0.495127 0.713932
vn 0.646915 -0.267961 0.713931
vn 0.267961 -0.646914 0.713932
vn 0.495127 -0.495126 0.713932
vn 0.267961 -0.646914 0.713932
vn 0.495127 -0.495127 0.713932
vn 0.000001 -0.700215 0.713932
vn 0.267961 -0.646914 0.713932
vn 0.000001 -0.700215 0.713932
vn 0.267961 -0.646914 0.713932
vn -0.267960 -0.646915 0.713932
vn 0.000001 -0.700215 0.713932
vn -0.267960 -0.646915 0.713932
vn 0.000001 -0.700215 0.713932
vn -0.495126 -0.495127 0.713932
vn -0.267960 -0.646915 0.713932
vn -0.495127 -0.495127 0.713932
vn -0.267960 -0.646915 0.713932
vn -0.646914 -0.267960 0.713932
vn -0.495126 -0.495127 0.713932
vn -0.646914 -0.267960 0.713932
vn -0.495127 -0.495127 0.713932
vn -0.700214 0.000000 0.713933
vn -0.646914 -0.267960 0.713932
vn -0.700214 -0.000000 0.713933
vn -0.646914 -0.267960 0.713932
vn -0.646914 0.267960 0.713933
vn -0.700214 0.000000 0.713933
vn -0.646914 0.267960 0.713933
vn -0.700214 -0.000000 0.713933
vn -0.495126 0.495126 0.713933
vn -0.646914 0.267960 0.713933
vn -0.495126 0.495126 0.713933
vn -0.646914 0.267960 0.713933
vn -0.267959 0.646914 0.713933
vn -0.495126 0.495126 0.713933
vn -0.267960 0.646914 0.713933
vn -0.495126 0.495126 0.713933
vn 0.000001 0.700214 0.713933
vn -0.267959 0.646914 0.713933
vn 0.000001 0.700214 0.713933
vn -0.267960 0.646914 0.713933
vn 0.000001 0.000000 1.000000
vn 0.000000 -0.000000 1.000000
vn 0.000001 0.000000 1.000000
vn 0.000000 -0.000000 1.000000
vn -0.382683 0.923880 0.000001
vn -0.382683 0.923880 0.000001
vn 0.000000 1.000000 0.000000
vn 0.000000 1.000000 0.000000
vn 0.382684 0.923880 -0.000000
vn 0.382684 0.923880 -0.000000
vn 0.707107 0.707107 -0.000000
vn 0.707107 0.707107 -0.000000
vn 0.707107 0.707107 -0.000000
vn 0.707107 0.707107 -0.000000
vn 0.923880 0.382683 -0.000000
vn 0.923880 0.382683 -0.000000
vn 0.923880 0.382683 -0.000000
vn 0.923880 0.382683 -0.000000
vn 1.000000 -0.000000 -0.000000
vn 1.000000 -0.000000 -0.000000
vn 1.000000 -0.000000 -0.000000
vn 1.000000 -0.000000 -0.000000
vn 0.923880 -0.382683 -0.000000
vn 0.923880 -0.382683 -0.000000
vn 0.923880 -0.382683 -0.000000
vn 0.923880 -0.382683 -0.000000
vn 0.707107 -0.707107 -0.000000
vn 0.707107 -0.707107 -0.000000
vn 0.707107 -0.707107 -0.000000
vn 0.707107 -0.707107 -0.000000
vn 0.382683 -0.923880 -0.000000
vn 0.382683 -0.923880 -0.000000
vn 0.382683 -0.923880 -0.000000
vn 0.382683 -0.923880 -0.000000
vn 0.000000 -1.000000 0.000000
vn 0.000000 -1.000000 0.000000
vn 0.000000 -1.000000 0.000000
vn 0.000000 -1.000000 0.000000
vn -0.382683 -0.923880 0.000000
vn -0.382683 -0.923880 0.000000
vn -0.382683 -0.923880 0.000000
vn -0.382683 -0.923880 0.000000
vn -0.707107 -0.707107 0.000001
vn -0.707107 -0.707107 0.000001
vn -0.707107 -0.707107 0.000001
vn -0.707107 -0.707107 0.000001
vn -0.923880 -0.382683 0.000001
vn -0.923880 -0.382683 0.000001
vn -0.923880 -0.382683 0.000001
vn -0.923880 -0.382683 0.000001
vn -1.000000 -0.000000 0.000001
vn -1.000000 -0.000000 0.000001
vn -1.000000 -0.000000 0.000001
vn -1.000000 -0.000000 0.000001
vn -0.923880 0.382683 0.000001
vn -0.923880 0.382683 0.000001
vn -0.923880 0.382683 0.000001
vn -0.923880 0.382683 0.000001
vn -0.707107 0.707107 0.000001
vn -0.707107 0.707107 0.000001
vn -0.707107 0.707107 0.000001
vn -0.707107 0.707107 0.000001
vn -0.382683 0.923880 0.000001
vn -0.382683 0.923880 0.000001
vn -0.000001 0.000000 -1.000000
vn 0.000000 -0.000000 -1.000000
vn -0.000001 0.000000 -1.000000
vn -0.000000 0.700214 -0.713933
vn 0.267960 0.646914 -0.713932
vn -0.000000 0.700214 -0.713933
vn 0.267960 0.646914 -0.713932
vn 0.267960 0.646914 -0.713932
vn 0.495126 0.495126 -0.713933
vn 0.267960 0.646914 -0.713932
vn 0.495126 0.495126 -0.713933
vn 0.495126 0.495126 -0.713933
vn 0.646912 0.267960 -0.713934
vn 0.495126 0.495126 -0.713933
vn 0.646913 0.267960 -0.713934
vn 0.646912 0.267960 -0.713934
vn 0.700214 0.000000 -0.713933
vn 0.646913 0.267960 -0.713934
vn 0.700214 0.000000 -0.713933
vn 0.700214 0.000000 -0.713933
vn 0.646913 -0.267960 -0.713933
vn 0.700214 0.000000 -0.713933
vn 0.646913 -0.267960 -0.713933
vn 0.646913 -0.267960 -0.713933
vn 0.495125 -0.495126 -0.713933
vn 0.646913 -0.267960 -0.713933
vn 0.495125 -0.495126 -0.713933
vn 0.495125 -0.495126 -0.713933
vn 0.267960 -0.646914 -0.713933
vn 0.495125 -0.495126 -0.713933
vn 0.267960 -0.646914 -0.713933
vn 0.267960 -0.646914 -0.713933
vn -0.000000 -0.700214 -0.713933
vn 0.267960 -0.646914 -0.713933
vn -0.000000 -0.700214 -0.713933
vn -0.000000 -0.700214 -0.713933
vn -0.267961 -0.646914 -0.713933
vn -0.000000 -0.700214 -0.713933
vn -0.267961 -0.646914 -0.713933
vn -0.267961 -0.646914 -0.713933
vn -0.495127 -0.495126 -0.713933
vn -0.267961 -0.646914 -0.713933
vn -0.495126 -0.495126 -0.713933
vn -0.495127 -0.495126 -0.713933
vn -0.646913 -0.267960 -0.713933
vn -0.495126 -0.495126 -0.713933
vn -0.646913 -0.267960 -0.713933
vn -0.646913 -0.267960 -0.713933
vn -0.700214 0.000000 -0.713933
vn -0.646913 -0.267960 -0.713933
vn -0.700214 0.000000 -0.713933
vn -0.700214 0.000000 -0.713933
vn -0.646913 0.267960 -0.713933
vn -0.700214 0.000000 -0.713933
vn -0.646913 0.267960 -0.713933
vn -0.646913 0.267960 -0.713933
vn -0.495126 0.495125 -0.713933
vn -0.646913 0.267960 -0.713933
vn -0.495126 0.495125 -0.713933
vn -0.495126 0.495125 -0.713933
vn -0.267960 0.646913 -0.713933
vn -0.495126 0.495125 -0.713933
vn -0.267960 0.646913 -0.713933
vn -0.267960 0.646913 -0.713933
vn -0.000000 0.700214 -0.713933
vn -0.267960 0.646913 -0.713933
vn -0.000000 0.700214 -0.713933
vn -0.000001 0.000000 -1.000000
vn -0.000001 -0.000000 -1.000000
vn 0.000000 -0.000000 -1.000000
vn -0.210378 -0.507899 0.835332
vn 0.000001 -0.549746 0.835332
vn -0.272890 -0.658817 0.701064
vn 0.000001 -0.713099 0.701063
vn 0.000000 0.549747 0.835331
vn -0.210378 0.507900 0.835332
vn 0.000000 0.713099 0.701063
vn -0.272891 0.658818 0.701063
vn 0.210379 -0.507899 0.835332
vn 0.388730 -0.388729 0.835332
vn 0.272892 -0.658817 0.701063
vn 0.504237 -0.504236 0.701064
vn -0.210378 0.507900 0.835332
vn -0.388730 0.388729 0.835332
vn -0.272891 0.658818 0.701063
vn -0.504238 0.504237 0.701063
vn 0.388730 -0.388729 0.835332
vn 0.507900 -0.210379 0.835331
vn 0.504237 -0.504236 0.701064
vn 0.658818 -0.272891 0.701063
vn -0.388730 0.388729 0.835332
vn -0.507899 0.210379 0.835332
vn -0.504238 0.504237 0.701063
vn -0.658818 0.272892 0.701063
vn 0.507900 -0.210379 0.835331
vn 0.549748 -0.000000 0.835331
vn 0.658818 -0.272891 0.701063
vn 0.713099 0.000000 0.701063
vn -0.507899 0.210379 0.835332
vn -0.549746 -0.000000 0.835332
vn -0.658818 0.272892 0.701063
vn -0.713099 -0.000000 0.701063
vn 0.549748 -0.000000 0.835331
vn 0.507900 0.210379 0.835331
vn 0.713099 0.000000 0.701063
vn 0.658818 0.272891 0.701063
vn -0.549746 -0.000000 0.835332
vn -0.507898 -0.210379 0.835332
vn -0.713099 -0.000000 0.701063
vn -0.658818 -0.272891 0.701063
vn 0.507900 0.210379 0.835331
vn 0.388730 0.388729 0.835332
vn 0.658818 0.272891 0.701063
vn 0.504238 0.504236 0.701063
vn -0.507898 -0.210379 0.835332
vn -0.388729 -0.388729 0.835332
vn -0.658818 -0.272891 0.701063
vn -0.504237 -0.504237 0.701063
vn 0.388730 0.388729 0.835332
vn 0.210380 0.507900 0.835331
vn 0.504238 0.504236 0.701063
vn 0.272892 0.658818 0.701063
vn -0.388729 -0.388729 0.835332
vn -0.210378 -0.507899 0.835332
vn -0.504237 -0.504237 0.701063
vn -0.272890 -0.658817 0.701064
vn 0.210380 0.507900 0.835331
vn 0.000000 0.549747 0.835331
vn 0.272892 0.658818 0.701063
vn 0.000000 0.713099 0.701063
vn -0.000001 0.000000 -1.000000
vn -0.000001 0.000000 -1.000000
vn -0.000002 0.000000 -1.000000
vn 0.000001 0.000000 1.000000
vn 0.000001 0.000000 1.000000
vn 0.000001 0.000000 1.000000
vn 0.000001 0.000000 1.000000
vn 0.000001 0.000000 1.000000
vn 0.000002 0.000000 1.000000
vn 0.000001 0.000000 1.000000
vn 0.000002 0.000000 1.000000
vn 0.000002 0.000000 1.000000
vn 0.000001 -0.000000 1.000000
vn 0.000002 0.000000 1.000000
vn 0.000001 -0.000000 1.000000
vn 0.000001 -0.000000 1.000000
vn 0.000001 -0.000000 1.000000
vn 0.000001 -0.000000 1.000000
vn 0.000001 -0.000000 1.000000
vn 0.000001 -0.000000 1.000000
vn 0.000001 -0.000000 1.000000
vn 0.000001 -0.000000 1.000000
vn 0.000001 -0.000000 1.000000
vn 0.000001 -0.000000 1.000000
vn 0.000001 -0.000000 1.000000
vn 0.000001 -0.000000 1.000000
vn 0.000001 -0.000000 1.000000
vn 0.000001 -0.000000 1.000000
vn 0.000001 0.000000 1.000000
vn 0.000001 -0.000000 1.000000
vn 0.000001 0.000000 1.000000
vn 0.000001 0.000000 1.000000
vn 0.000001 -0.000000 1.000000
vn 0.000001 0.000000 1.000000
vn 0.000001 -0.000000 1.000000
vn 0.000001 -0.000000 1.000000
vn 0.000000 -0.000000 1.000000
vn 0.000001 -0.000000 1.000000
vn 0.000000 -0.000000 1.000000
vn 0.000000 -0.000000 1.000000
vn 0.000001 -0.000000 1.000000
vn 0.000000 -0.000000 1.000000
vn 0.000001 -0.000000 1.000000
vn 0.000001 -0.000000 1.000000
vn 0.000001 -0.000000 1.000000
vn 0.000001 -0.000000 1.000000
vn 0.000001 -0.000000 1.000000
vn 0.000001 -0.000000 1.000000
vn 0.000001 0.000000 1.000000
vn 0.000001 -0.000000 1.000000
vn 0.000001 0.000000 1.000000
vn 0.000001 0.000000 1.000000
vn 0.000001 0.000000 1.000000
vn 0.000001 0.000000 1.000000
vn 0.000001 0.000000 1.000000
vn 0.272891 0.658818 0.701063
vn 0.000000 0.713100 0.701063
vn 0.331249 0.799707 0.500743
vn -0.000000 0.865596 0.500743
vn 0.000001 0.000000 1.000000
vn 0.000001 0.000000 1.000000
vn 0.000001 0.000000 1.000000
vn 0.000001 0.000000 1.000000
vn 0.000001 0.000000 1.000000
vn 0.000001 -0.000000 1.000000
vn 0.000001 0.000000 1.000000
vn 0.000001 -0.000000 1.000000
vn -0.000001 0.000000 -1.000000
vn -0.000001 -0.000000 -1.000000
vn -0.000001 -0.000000 -1.000000
vn 0.000001 1.000000 0.000000
vn 0.000001 1.000000 0.000000
vn 0.382683 0.923880 -0.000000
vn 0.382683 0.923880 -0.000000
vn -0.000001 0.000000 -1.000000
vn -0.000001 0.000000 -1.000000
vn -0.000001 0.000000 -1.000000
vn -0.000001 0.000000 -1.000000
vn -0.000001 0.000000 -1.000000
vn -0.000002 0.000000 -1.000000
vn -0.000001 0.000000 -1.000000
vn -0.000002 0.000000 -1.000000
vn -0.000000 0.000000 -1.000000
vn -0.000001 0.000000 -1.000000
vn -0.000000 0.000000 -1.000000
vn -0.000000 0.000000 -1.000000
vn -0.000001 0.000000 -1.000000
vn -0.000000 0.000000 -1.000000
vn -0.000001 0.000000 -1.000000
vn -0.000001 0.000000 -1.000000
vn -0.000001 0.000000 -1.000000
vn -0.000001 0.000000 -1.000000
vn -0.000001 0.000000 -1.000000
vn -0.000001 0.000000 -1.000000
vn -0.000000 0.000000 -1.000000
vn -0.000001 0.000000 -1.000000
vn -0.000000 0.000000 -1.000000
vn 0.000000 0.000000 -1.000000
vn -0.000001 0.000000 -1.000000
vn 0.000000 0.000000 -1.000000
vn 0.000000 0.000000 -1.000000
vn -0.000001 0.000000 -1.000000
vn 0.000000 0.000000 -1.000000
vn -0.000000 -0.000000 -1.000000
vn -0.000001 0.000000 -1.000000
vn -0.000000 -0.000000 -1.000000
vn -0.000001 -0.000000 -1.000000
vn 0.000001 -0.549746 0.835332
vn 0.210380 -0.507898 0.835332
vn 0.000000 -0.713099 0.701063
vn 0.272892 -0.658817 0.701064
vn -0.000001 0.000000 -1.000000
vn -0.000002 0.000000 -1.000000
vn -0.000001 0.000000 -1.000000
vn -0.227796 0.227797 0.946688
vn -0.297630 0.123282 0.946688
vn -0.339557 0.339557 0.877156
vn -0.443652 0.183765 0.877156
vn -0.504237 -0.504237 0.701063
vn -0.272891 -0.658818 0.701063
vn -0.612068 -0.612069 0.500743
vn -0.331248 -0.799707 0.500743
vn 0.504238 0.504237 0.701063
vn 0.272891 0.658818 0.701063
vn 0.612070 0.612068 0.500742
vn 0.331249 0.799707 0.500743
vn -0.658818 -0.272891 0.701063
vn -0.504237 -0.504237 0.701063
vn -0.799707 -0.331249 0.500742
vn -0.612068 -0.612069 0.500743
vn 0.658818 0.272892 0.701062
vn 0.504238 0.504237 0.701063
vn 0.799707 0.331250 0.500742
vn 0.612070 0.612068 0.500742
vn -0.713099 -0.000000 0.701063
vn -0.658818 -0.272891 0.701063
vn -0.865597 -0.000000 0.500741
vn -0.799707 -0.331249 0.500742
vn 0.713100 0.000000 0.701062
vn 0.658818 0.272892 0.701062
vn 0.865596 0.000000 0.500743
vn 0.799707 0.331250 0.500742
vn -0.658818 0.272891 0.701063
vn -0.713099 -0.000000 0.701063
vn -0.799708 0.331249 0.500741
vn -0.865597 -0.000000 0.500741
vn 0.658818 -0.272892 0.701062
vn 0.713100 0.000000 0.701062
vn 0.799707 -0.331250 0.500742
vn 0.865596 0.000000 0.500743
vn -0.504238 0.504237 0.701062
vn -0.658818 0.272891 0.701063
vn -0.612069 0.612069 0.500742
vn -0.799708 0.331249 0.500741
vn 0.504238 -0.504237 0.701063
vn 0.658818 -0.272892 0.701062
vn 0.612070 -0.612068 0.500743
vn 0.799707 -0.331250 0.500742
vn -0.272891 0.658818 0.701063
vn -0.504238 0.504237 0.701062
vn -0.331248 0.799707 0.500743
vn -0.612069 0.612069 0.500742
vn 0.272892 -0.658817 0.701064
vn 0.504238 -0.504237 0.701063
vn 0.331249 -0.799706 0.500743
vn 0.612070 -0.612068 0.500743
vn 0.000000 0.713100 0.701063
vn -0.272891 0.658818 0.701063
vn -0.000000 0.865596 0.500743
vn -0.331248 0.799707 0.500743
vn -0.272891 -0.658818 0.701063
vn 0.000000 -0.713099 0.701063
vn -0.331248 -0.799707 0.500743
vn -0.000000 -0.865596 0.500743
vn 0.000000 -0.713099 0.701063
vn 0.272892 -0.658817 0.701064
vn -0.000000 -0.865596 0.500743
vn 0.331249 -0.799706 0.500743
vn -0.480205 -0.000000 0.877156
vn -0.443652 -0.183765 0.877156
vn -0.656558 -0.000000 0.754275
vn -0.606581 -0.251251 0.754276
vn 0.123283 -0.297630 0.946688
vn 0.227798 -0.227797 0.946687
vn 0.183768 -0.443652 0.877156
vn 0.339559 -0.339557 0.877155
vn -0.123282 0.297631 0.946688
vn -0.227796 0.227797 0.946688
vn -0.183766 0.443654 0.877155
vn -0.339557 0.339557 0.877156
vn 0.000001 -0.322153 0.946688
vn 0.123283 -0.297630 0.946688
vn 0.000001 -0.480206 0.877156
vn 0.183768 -0.443652 0.877156
vn 0.123283 0.297630 0.946688
vn 0.000001 0.322153 0.946688
vn 0.183767 0.443652 0.877156
vn 0.000001 0.480206 0.877156
vn 0.000001 0.322153 0.946688
vn -0.123282 0.297631 0.946688
vn 0.000001 0.480206 0.877156
vn -0.183766 0.443654 0.877155
vn -0.123281 -0.297631 0.946688
vn 0.000001 -0.322153 0.946688
vn -0.183766 -0.443653 0.877156
vn 0.000001 -0.480206 0.877156
vn 0.227798 0.227797 0.946687
vn 0.123283 0.297630 0.946688
vn 0.339558 0.339557 0.877155
vn 0.183767 0.443652 0.877156
vn -0.227797 -0.227796 0.946688
vn -0.123281 -0.297631 0.946688
vn -0.339557 -0.339557 0.877156
vn -0.183766 -0.443653 0.877156
vn 0.297631 0.123284 0.946687
vn 0.227798 0.227797 0.946687
vn 0.443654 0.183768 0.877155
vn 0.339558 0.339557 0.877155
vn -0.297630 -0.123282 0.946688
vn -0.227797 -0.227796 0.946688
vn -0.443652 -0.183765 0.877156
vn -0.339557 -0.339557 0.877156
vn 0.322153 -0.000000 0.946688
vn 0.297631 0.123284 0.946687
vn 0.480207 -0.000000 0.877155
vn 0.443654 0.183768 0.877155
vn -0.322153 -0.000000 0.946688
vn -0.297630 -0.123282 0.946688
vn -0.480205 -0.000000 0.877156
vn -0.443652 -0.183765 0.877156
vn 0.297631 -0.123284 0.946687
vn 0.322153 -0.000000 0.946688
vn 0.443654 -0.183768 0.877155
vn 0.480207 -0.000000 0.877155
vn -0.297630 0.123282 0.946688
vn -0.322153 -0.000000 0.946688
vn -0.443652 0.183765 0.877156
vn -0.480205 -0.000000 0.877156
vn 0.227798 -0.227797 0.946687
vn 0.297631 -0.123284 0.946687
vn 0.339559 -0.339557 0.877155
vn 0.443654 -0.183768 0.877155
vn -0.367855 -0.367854 0.854030
vn -0.199083 -0.480625 0.854029
vn -0.367855 -0.367854 0.854030
vn -0.199084 -0.480625 0.854029
vn 0.443654 -0.183768 0.877155
vn 0.480207 -0.000000 0.877155
vn 0.606584 -0.251255 0.754272
vn 0.656561 -0.000000 0.754273
vn -0.443652 0.183765 0.877156
vn -0.480205 -0.000000 0.877156
vn -0.606582 0.251252 0.754275
vn -0.656558 -0.000000 0.754275
vn 0.339559 -0.339557 0.877155
vn 0.443654 -0.183768 0.877155
vn 0.464260 -0.464257 0.754273
vn 0.606584 -0.251255 0.754272
vn -0.339557 0.339557 0.877156
vn -0.443652 0.183765 0.877156
vn -0.464259 0.464258 0.754273
vn -0.606582 0.251252 0.754275
vn 0.183768 -0.443652 0.877156
vn 0.339559 -0.339557 0.877155
vn 0.251255 -0.606582 0.754274
vn 0.464260 -0.464257 0.754273
vn -0.183766 0.443654 0.877155
vn -0.339557 0.339557 0.877156
vn -0.251254 0.606585 0.754272
vn -0.464259 0.464258 0.754273
vn 0.000001 -0.480206 0.877156
vn 0.183768 -0.443652 0.877156
vn 0.000000 -0.656561 0.754273
vn 0.251255 -0.606582 0.754274
vn 0.183767 0.443652 0.877156
vn 0.000001 0.480206 0.877156
vn 0.251255 0.606582 0.754274
vn 0.000000 0.656561 0.754273
vn 0.000001 0.480206 0.877156
vn -0.183766 0.443654 0.877155
vn 0.000000 0.656561 0.754273
vn -0.251254 0.606585 0.754272
vn -0.183766 -0.443653 0.877156
vn 0.000001 -0.480206 0.877156
vn -0.251254 -0.606584 0.754273
vn 0.000000 -0.656561 0.754273
vn 0.339558 0.339557 0.877155
vn 0.183767 0.443652 0.877156
vn 0.464259 0.464257 0.754274
vn 0.251255 0.606582 0.754274
vn -0.339557 -0.339557 0.877156
vn -0.183766 -0.443653 0.877156
vn -0.464259 -0.464258 0.754274
vn -0.251254 -0.606584 0.754273
vn 0.443654 0.183768 0.877155
vn 0.339558 0.339557 0.877155
vn 0.606584 0.251255 0.754272
vn 0.464259 0.464257 0.754274
vn -0.443652 -0.183765 0.877156
vn -0.339557 -0.339557 0.877156
vn -0.606581 -0.251251 0.754276
vn -0.464259 -0.464258 0.754274
vn 0.480207 -0.000000 0.877155
vn 0.443654 0.183768 0.877155
vn 0.656561 -0.000000 0.754273
vn 0.606584 0.251255 0.754272
vn 0.218568 -0.527674 0.820846
vn 0.403865 -0.403858 0.820848
vn 0.218568 -0.527674 0.820846
vn 0.403866 -0.403857 0.820848
vn 0.367859 0.367852 0.854029
vn 0.199083 0.480624 0.854030
vn 0.367859 0.367851 0.854029
vn 0.199082 0.480624 0.854030
vn -0.480624 -0.199081 0.854030
vn -0.367855 -0.367854 0.854030
vn -0.480625 -0.199081 0.854030
vn -0.367855 -0.367854 0.854030
vn 0.480629 0.199081 0.854028
vn 0.367859 0.367852 0.854029
vn 0.480629 0.199080 0.854028
vn 0.367859 0.367851 0.854029
vn -0.520226 0.000000 0.854029
vn -0.480624 -0.199081 0.854030
vn -0.520226 0.000000 0.854029
vn -0.480625 -0.199081 0.854030
vn 0.520226 0.000000 0.854029
vn 0.480629 0.199081 0.854028
vn 0.520226 0.000000 0.854029
vn 0.480629 0.199080 0.854028
vn -0.480627 0.199080 0.854029
vn -0.520226 0.000000 0.854029
vn -0.480627 0.199080 0.854029
vn -0.520226 0.000000 0.854029
vn 0.480627 -0.199081 0.854028
vn 0.520226 0.000000 0.854029
vn 0.480628 -0.199080 0.854028
vn 0.520226 0.000000 0.854029
vn -0.367856 0.367854 0.854029
vn -0.480627 0.199080 0.854029
vn -0.367856 0.367853 0.854029
vn -0.480627 0.199080 0.854029
vn 0.367858 -0.367851 0.854029
vn 0.480627 -0.199081 0.854028
vn 0.367858 -0.367851 0.854029
vn 0.480628 -0.199080 0.854028
vn -0.199082 0.480626 0.854029
vn -0.367856 0.367854 0.854029
vn -0.199082 0.480625 0.854029
vn -0.367856 0.367853 0.854029
vn 0.199083 -0.480623 0.854030
vn 0.367858 -0.367851 0.854029
vn 0.199083 -0.480624 0.854030
vn 0.367858 -0.367851 0.854029
vn -0.000000 0.520225 0.854029
vn -0.199082 0.480626 0.854029
vn -0.000000 0.520225 0.854029
vn -0.199082 0.480625 0.854029
vn -0.199083 -0.480625 0.854029
vn -0.000000 -0.520225 0.854029
vn -0.199084 -0.480625 0.854029
vn -0.000000 -0.520225 0.854029
vn -0.000000 -0.520225 0.854029
vn 0.199083 -0.480623 0.854030
vn -0.000000 -0.520225 0.854029
vn 0.199083 -0.480624 0.854030
vn 0.199083 0.480624 0.854030
vn -0.000000 0.520225 0.854029
vn 0.199082 0.480624 0.854030
vn -0.000000 0.520225 0.854029
vn 0.000000 0.000000 1.000000
vn 0.000000 0.000000 1.000000
vn 0.000000 0.000000 1.000000
vn 0.000000 0.000000 1.000000
vn 0.000000 0.000000 1.000000
vn 0.000000 0.000000 1.000000
vn 0.000000 0.000000 1.000000
vn 0.000000 0.000000 1.000000
vn 0.000000 0.000000 1.000000
vn 0.000000 0.000000 1.000000
vn 0.000000 0.000000 1.000000
vn 0.000000 0.000000 1.000000
vn 0.000000 0.000000 1.000000
vn 0.000000 0.000000 1.000000
vn 0.000000 0.000000 1.000000
vn 0.000000 0.000000 1.000000
vn -0.218571 0.527667 0.820850
vn -0.403865 0.403858 0.820848
vn -0.218571 0.527667 0.820850
vn -0.403865 0.403858 0.820848
vn -0.000004 -0.571149 0.820847
vn 0.218568 -0.527674 0.820846
vn -0.000004 -0.571149 0.820847
vn 0.218568 -0.527674 0.820846
vn 0.218572 0.527673 0.820846
vn 0.000000 0.571148 0.820847
vn 0.218572 0.527672 0.820846
vn 0.000000 0.571148 0.820847
vn 0.000000 0.571148 0.820847
vn -0.218571 0.527667 0.820850
vn 0.000000 0.571148 0.820847
vn -0.218571 0.527667 0.820850
vn -0.218572 -0.527669 0.820849
vn -0.000004 -0.571149 0.820847
vn -0.218572 -0.527669 0.820849
vn -0.000004 -0.571149 0.820847
vn 0.403864 0.403858 0.820849
vn 0.218572 0.527673 0.820846
vn 0.403865 0.403857 0.820849
vn 0.218572 0.527672 0.820846
vn -0.403864 -0.403859 0.820848
vn -0.218572 -0.527669 0.820849
vn -0.403864 -0.403859 0.820848
vn -0.218572 -0.527669 0.820849
vn 0.527671 0.218565 0.820849
vn 0.403864 0.403858 0.820849
vn 0.527672 0.218564 0.820849
vn 0.403865 0.403857 0.820849
vn -0.527668 -0.218575 0.820848
vn -0.403864 -0.403859 0.820848
vn -0.527669 -0.218574 0.820848
vn -0.403864 -0.403859 0.820848
vn 0.571150 0.000000 0.820845
vn 0.527671 0.218565 0.820849
vn 0.571151 0.000000 0.820845
vn 0.527672 0.218564 0.820849
vn -0.571141 0.000000 0.820852
vn -0.527668 -0.218575 0.820848
vn -0.571141 0.000000 0.820852
vn -0.527669 -0.218574 0.820848
vn 0.527674 -0.218565 0.820847
vn 0.571150 0.000000 0.820845
vn 0.527674 -0.218564 0.820847
vn 0.571151 0.000000 0.820845
vn -0.527668 0.218575 0.820848
vn -0.571141 0.000000 0.820852
vn -0.527668 0.218574 0.820848
vn -0.571141 0.000000 0.820852
vn 0.403865 -0.403858 0.820848
vn 0.527674 -0.218565 0.820847
vn 0.403866 -0.403857 0.820848
vn 0.527674 -0.218564 0.820847
vn -0.403865 0.403858 0.820848
vn -0.527668 0.218575 0.820848
vn -0.403865 0.403858 0.820848
vn -0.527668 0.218574 0.820848
vn 0.267962 0.646913 0.713933
vn 0.000001 0.700214 0.713933
vn 0.267961 0.646913 0.713933
vn 0.000001 0.700214 0.713933
vn 0.495127 0.495126 0.713932
vn 0.267962 0.646913 0.713933
vn 0.495127 0.495126 0.713932
vn 0.267961 0.646913 0.713933
vn 0.646914 0.267961 0.713932
vn 0.495127 0.495126 0.713932
vn 0.646914 0.267961 0.713932
vn 0.495127 0.495126 0.713932
vn 0.700216 0.000000 0.713932
vn 0.646914 0.267961 0.713932
vn 0.700216 -0.000000 0.713932
vn 0.646914 0.267961 0.713932
vn 0.646914 -0.267962 0.713932
vn 0.700216 0.000000 0.713932
vn 0.646914 -0.267962 0.713932
vn 0.700216 -0.000000 0.713932
vn 0.495127 -0.495126 0.713932
vn 0.646914 -0.267962 0.713932
vn 0.495127 -0.495126 0.713932
vn 0.646914 -0.267962 0.713932
vn 0.267961 -0.646914 0.713933
vn 0.495127 -0.495126 0.713932
vn 0.267961 -0.646913 0.713933
vn 0.495127 -0.495126 0.713932
vn 0.000000 -0.700214 0.713933
vn 0.267961 -0.646914 0.713933
vn 0.000000 -0.700214 0.713933
vn 0.267961 -0.646913 0.713933
vn -0.267960 -0.646914 0.713933
vn 0.000000 -0.700214 0.713933
vn -0.267960 -0.646914 0.713933
vn 0.000000 -0.700214 0.713933
vn -0.495126 -0.495126 0.713933
vn -0.267960 -0.646914 0.713933
vn -0.495126 -0.495126 0.713933
vn -0.267960 -0.646914 0.713933
vn -0.646914 -0.267960 0.713933
vn -0.495126 -0.495126 0.713933
vn -0.646914 -0.267960 0.713933
vn -0.495126 -0.495126 0.713933
vn -0.700213 0.000000 0.713934
vn -0.646914 -0.267960 0.713933
vn -0.700213 0.000000 0.713934
vn -0.646914 -0.267960 0.713933
vn -0.646913 0.267960 0.713934
vn -0.700213 0.000000 0.713934
vn -0.646913 0.267960 0.713934
vn -0.700213 0.000000 0.713934
vn -0.495126 0.495126 0.713934
vn -0.646913 0.267960 0.713934
vn -0.495126 0.495126 0.713934
vn -0.646913 0.267960 0.713934
vn -0.267960 0.646914 0.713933
vn -0.495126 0.495126 0.713934
vn -0.267960 0.646914 0.713933
vn -0.495126 0.495126 0.713934
vn 0.000001 0.700214 0.713933
vn -0.267960 0.646914 0.713933
vn 0.000001 0.700214 0.713933
vn -0.267960 0.646914 0.713933
vn 0.000001 -0.000000 1.000000
vn 0.000001 0.000000 1.000000
vn 0.000001 -0.000000 1.000000
vn 0.000001 0.000000 1.000000
vn -0.382683 0.923880 0.000001
vn -0.382683 0.923880 0.000001
vn 0.000001 1.000000 0.000000
vn 0.000001 1.000000 0.000000
vn 0.382683 0.923880 -0.000000
vn 0.382683 0.923880 -0.000000
vn 0.707107 0.707107 -0.000000
vn 0.707107 0.707107 -0.000000
vn 0.707107 0.707107 -0.000000
vn 0.707107 0.707107 -0.000000
vn 0.923880 0.382683 -0.000001
vn 0.923880 0.382683 -0.000001
vn 0.923880 0.382683 -0.000001
vn 0.923880 0.382683 -0.000001
vn 1.000000 0.000000 -0.000001
vn 1.000000 0.000000 -0.000001
vn 1.000000 0.000000 -0.000001
vn 1.000000 0.000000 -0.000001
vn 0.923880 -0.382683 -0.000001
vn 0.923880 -0.382683 -0.000001
vn 0.923880 -0.382683 -0.000001
vn 0.923880 -0.382683 -0.000001
vn 0.707107 -0.707107 -0.000000
vn 0.707107 -0.707107 -0.000000
vn 0.707107 -0.707107 -0.000000
vn 0.707107 -0.707107 -0.000000
vn 0.382683 -0.923880 -0.000000
vn 0.382683 -0.923880 -0.000000
vn 0.382683 -0.923880 -0.000000
vn 0.382683 -0.923880 -0.000000
vn 0.000000 -1.000000 0.000000
vn 0.000000 -1.000000 0.000000
vn 0.000000 -1.000000 0.000000
vn 0.000000 -1.000000 0.000000
vn -0.382683 -0.923880 0.000000
vn -0.382683 -0.923880 0.000000
vn -0.382683 -0.923880 0.000000
vn -0.382683 -0.923880 0.000000
vn -0.707107 -0.707107 0.000000
vn -0.707107 -0.707107 0.000000
vn -0.707107 -0.707107 0.000000
vn -0.707107 -0.707107 0.000000
vn -0.923880 -0.382683 0.000000
vn -0.923880 -0.382683 0.000000
vn -0.923880 -0.382683 0.000000
vn -0.923880 -0.382683 0.000000
vn -1.000000 -0.000000 0.000000
vn -1.000000 -0.000000 0.000000
vn -1.000000 -0.000000 0.000000
vn -1.000000 -0.000000 0.000000
vn -0.923880 0.382683 0.000001
vn -0.923880 0.382683 0.000001
vn -0.923880 0.382683 0.000001
vn -0.923880 0.382683 0.000001
vn -0.707107 0.707106 0.000001
vn -0.707107 0.707106 0.000001
vn -0.707107 0.707106 0.000001
vn -0.707107 0.707106 0.000001
vn -0.382683 0.923880 0.000001
vn -0.382683 0.923880 0.000001
vn -0.000001 0.000000 -1.000000
vn 0.000000 -0.000000 -1.000000
vn -0.000001 0.000000 -1.000000
vn -0.000000 0.700214 -0.713933
vn 0.267960 0.646914 -0.713933
vn -0.000000 0.700214 -0.713933
vn 0.267960 0.646914 -0.713933
vn 0.267960 0.646914 -0.713933
vn 0.495126 0.495127 -0.713932
vn 0.267960 0.646914 -0.713933
vn 0.495127 0.495127 -0.713932
vn 0.495126 0.495127 -0.713932
vn 0.646914 0.267961 -0.713932
vn 0.495127 0.495127 -0.713932
vn 0.646914 0.267961 -0.713932
vn 0.646914 0.267961 -0.713932
vn 0.700215 -0.000000 -0.713932
vn 0.646914 0.267961 -0.713932
vn 0.700215 -0.000000 -0.713932
vn 0.700215 -0.000000 -0.713932
vn 0.646914 -0.267961 -0.713932
vn 0.700215 -0.000000 -0.713932
vn 0.646915 -0.267960 -0.713932
vn 0.646914 -0.267961 -0.713932
vn 0.495127 -0.495127 -0.713932
vn 0.646915 -0.267960 -0.713932
vn 0.495127 -0.495127 -0.713932
vn 0.495127 -0.495127 -0.713932
vn 0.267960 -0.646914 -0.713933
vn 0.495127 -0.495127 -0.713932
vn 0.267960 -0.646914 -0.713933
vn 0.267960 -0.646914 -0.713933
vn 0.000000 -0.700214 -0.713933
vn 0.267960 -0.646914 -0.713933
vn 0.000000 -0.700214 -0.713933
vn 0.000000 -0.700214 -0.713933
vn -0.267961 -0.646914 -0.713933
vn 0.000000 -0.700214 -0.713933
vn -0.267961 -0.646914 -0.713933
vn -0.267961 -0.646914 -0.713933
vn -0.495127 -0.495126 -0.713932
vn -0.267961 -0.646914 -0.713933
vn -0.495127 -0.495126 -0.713932
vn -0.495127 -0.495126 -0.713932
vn -0.646915 -0.267960 -0.713932
vn -0.495127 -0.495126 -0.713932
vn -0.646915 -0.267960 -0.713932
vn -0.646915 -0.267960 -0.713932
vn -0.700216 0.000000 -0.713932
vn -0.646915 -0.267960 -0.713932
vn -0.700216 0.000000 -0.713932
vn -0.700216 0.000000 -0.713932
vn -0.646914 0.267961 -0.713932
vn -0.700216 0.000000 -0.713932
vn -0.646914 0.267961 -0.713932
vn -0.646914 0.267961 -0.713932
vn -0.495126 0.495126 -0.713933
vn -0.646914 0.267961 -0.713932
vn -0.495126 0.495126 -0.713933
vn -0.495126 0.495126 -0.713933
vn -0.267960 0.646913 -0.713933
vn -0.495126 0.495126 -0.713933
vn -0.267960 0.646913 -0.713933
vn -0.267960 0.646913 -0.713933
vn -0.000000 0.700214 -0.713933
vn -0.267960 0.646913 -0.713933
vn -0.000000 0.700214 -0.713933
vn -0.000001 0.000000 -1.000000
vn -0.000001 -0.000000 -1.000000
vn 0.000000 -0.000000 -1.000000
vn -0.210378 -0.507899 0.835332
vn 0.000001 -0.549746 0.835332
vn -0.272891 -0.658818 0.701063
vn 0.000000 -0.713099 0.701063
vn 0.000000 0.549747 0.835331
vn -0.210379 0.507900 0.835331
vn 0.000000 0.713100 0.701063
vn -0.272891 0.658818 0.701063
vn 0.210380 -0.507898 0.835332
vn 0.388729 -0.388729 0.835332
vn 0.272892 -0.658817 0.701064
vn 0.504238 -0.504237 0.701063
vn -0.210379 0.507900 0.835331
vn -0.388730 0.388729 0.835331
vn -0.272891 0.658818 0.701063
vn -0.504238 0.504237 0.701062
vn 0.388729 -0.388729 0.835332
vn 0.507900 -0.210379 0.835331
vn 0.504238 -0.504237 0.701063
vn 0.658818 -0.272892 0.701062
vn -0.388730 0.388729 0.835331
vn -0.507899 0.210378 0.835332
vn -0.504238 0.504237 0.701062
vn -0.658818 0.272891 0.701063
vn 0.507900 -0.210379 0.835331
vn 0.549748 0.000000 0.835331
vn 0.658818 -0.272892 0.701062
vn 0.713100 0.000000 0.701062
vn -0.507899 0.210378 0.835332
vn -0.549745 0.000000 0.835333
vn -0.658818 0.272891 0.701063
vn -0.713099 -0.000000 0.701063
vn 0.549748 0.000000 0.835331
vn 0.507900 0.210379 0.835331
vn 0.713100 0.000000 0.701062
vn 0.658818 0.272892 0.701062
vn -0.549745 0.000000 0.835333
vn -0.507899 -0.210378 0.835332
vn -0.713099 -0.000000 0.701063
vn -0.658818 -0.272891 0.701063
vn 0.507900 0.210379 0.835331
vn 0.388730 0.388729 0.835332
vn 0.658818 0.272892 0.701062
vn 0.504238 0.504237 0.701063
vn -0.507899 -0.210378 0.835332
vn -0.388730 -0.388729 0.835332
vn -0.658818 -0.272891 0.701063
vn -0.504237 -0.504237 0.701063
vn 0.388730 0.388729 0.835332
vn 0.210379 0.507899 0.835332
vn 0.504238 0.504237 0.701063
vn 0.272891 0.658818 0.701063
vn -0.388730 -0.388729 0.835332
vn -0.210378 -0.507899 0.835332
vn -0.504237 -0.504237 0.701063
vn -0.272891 -0.658818 0.701063
vn 0.210379 0.507899 0.835332
vn 0.000000 0.549747 0.835331
vn 0.272891 0.658818 0.701063
vn 0.000000 0.713100 0.701063
s 1
g car10
usemtl car9SG
f 14/748/1 783/107/2 19/106/3
f 79/2546/4 107/2224/5 783/107/2
f 107/2224/5 121/121/6 783/107/2
f 783/107/2 121/121/6 19/106/3
s 3
f 625/155/7 763/2158/8 43/1397/9
f 43/1397/9 763/2158/8 91/720/10
s 4
f 789/711/11 1674/294/12 21/1695/13
f 21/1695/13 1674/294/12 1668/32/14
s 5
f 1673/1860/15 1671/191/16 13/460/17
f 13/460/17 1671/191/16 17/713/18
s 6
f 97/514/19 91/712/20 142/2437/21
f 150/2450/22 142/2437/21 68/112/23
f 68/112/23 142/2437/21 91/712/20
s 7
f 70/1946/24 168/1947/25 69/1897/26
f 69/1897/26 168/1947/25 153/1948/27
s 8
f 21/22/28 1668/636/29 466/2267/30
f 466/2267/30 1668/636/29 1732/622/31
s 9
f 6/1954/32 11/2105/33 39/792/34
f 39/792/34 11/2105/33 90/2058/35
s 10
f 185/910/36 178/862/37 186/704/38
f 186/704/38 178/862/37 179/300/39
s 11
f 1671/191/40 1855/2337/41 17/713/42
f 17/713/42 1855/2337/41 765/2139/43
s 12
f 90/1088/44 11/1089/45 42/1087/46
f 42/1087/46 11/1089/45 773/660/47
s 13
f 783/107/48 14/748/49 1661/1052/50
f 1661/1052/50 14/748/49 1672/2080/51
s 14
f 765/2139/52 762/1768/53 17/713/54
f 17/713/54 762/1768/53 628/2312/55
s 15
f 201/2081/56 200/2395/57 215/1919/58
f 215/1919/58 200/2395/57 214/1316/59
s 16
f 50/1525/60 619/1063/61 15/1102/62
f 15/1102/62 619/1063/61 623/860/63
s 17
f 51/1845/64 4/531/65 780/653/66
f 780/653/66 4/531/65 781/370/67
s 18
f 617/323/68 636/171/69 615/692/70
f 615/692/70 636/171/69 638/2138/71
s 19
f 457/21/72 29/2446/73 465/807/74
f 465/807/74 29/2446/73 461/68/75
s 20
f 13/460/76 17/713/77 626/1790/78
f 626/1790/78 17/713/77 628/2312/79
s 21
f 14/748/80 19/106/81 25/892/82
f 25/892/82 19/106/81 1/1660/83
s 22
f 38/2238/84 624/2239/85 43/1397/86
f 43/1397/86 624/2239/85 625/155/87
s 23
f 129/1270/88 130/943/89 139/583/90
f 139/583/90 130/943/89 140/771/91
s 24
f 87/2057/92 629/2431/93 38/2238/94
f 38/2238/94 629/2431/93 624/2239/95
s 25
f 86/861/96 13/460/97 630/1514/98
f 630/1514/98 13/460/97 626/1790/99
s 26
f 631/1283/100 85/2554/101 635/1394/102
f 635/1394/102 85/2554/101 640/1678/103
s 27
f 72/1028/104 783/107/105 1881/693/106
f 1881/693/106 783/107/105 1661/1052/107
s 28
f 773/1488/108 11/2105/109 772/2515/110
f 772/2515/110 11/2105/109 6/1954/111
s 29
f 1684/290/112 1673/1860/113 86/861/114
f 86/861/114 1673/1860/113 13/460/115
s 30
f 41/1851/116 8/1962/117 160/568/118
f 160/568/118 8/1962/117 165/1949/119
s 31
f 1669/1391/120 1861/2042/121 5/1703/122
f 5/1703/122 1861/2042/121 768/2478/123
s 32
f 12/108/124 116/356/125 21/1695/126
f 78/1392/127 789/711/128 108/31/129
f 108/31/129 789/711/128 116/356/125
f 21/1695/126 116/356/125 789/711/128
s 34
f 1679/1358/130 1667/1950/131 39/792/132
f 39/792/132 1667/1950/131 6/1954/133
s 35
f 772/2515/134 6/1954/135 1871/2382/136
f 1871/2382/136 6/1954/135 1667/1950/137
s 36
f 1662/301/138 1672/2080/139 25/892/140
f 25/892/140 1672/2080/139 14/748/141
s 37
f 25/892/142 1/1660/143 800/1329/144
f 60/768/145 800/1329/144 138/357/146
f 138/357/146 800/1329/144 143/170/147
f 1/1660/143 143/170/147 800/1329/144
s 39
f 1689/1821/148 157/88/149 1694/1926/150
f 1694/1926/150 157/88/149 175/806/151
s 40
f 1683/529/152 1665/1549/153 70/1946/154
f 70/1946/154 1665/1549/153 168/1947/155
s 41
f 49/2516/156 31/336/157 45/1307/158
f 45/1307/158 31/336/157 3/1576/159
s 42
f 1682/196/160 1678/973/161 66/1503/162
f 66/1503/162 1678/973/161 35/553/163
s 43
f 9/1963/164 794/1359/165 7/848/166
f 7/848/166 794/1359/165 147/109/167
f 61/1587/168 131/450/169 794/1359/165
f 794/1359/165 131/450/169 147/109/167
s 44
f 54/1677/170 794/1359/171 1882/694/172
f 1882/694/172 794/1359/171 1676/2323/173
s 45
f 60/1168/174 138/721/175 59/1706/176
f 59/1706/176 138/721/175 130/943/177
s 46
f 35/553/178 34/956/179 66/1503/180
f 66/1503/180 34/956/179 67/1516/181
s 47
f 63/1517/182 134/1496/183 62/2250/184
f 62/2250/184 134/1496/183 127/982/185
s 48
f 34/1951/186 44/2536/187 67/2183/188
f 67/2183/188 44/2536/187 68/1952/189
s 49
f 1699/2537/190 184/252/191 1697/255/192
f 1697/255/192 184/252/191 181/2365/193
s 50
f 32/2297/194 1729/1427/195 459/1308/196
f 459/1308/196 1729/1427/195 1731/1145/197
s 51
f 182/2149/198 1698/249/199 176/2033/200
f 176/2033/200 1698/249/199 1695/1684/201
s 52
f 794/1359/202 9/1963/203 1676/2323/204
f 1676/2323/204 9/1963/203 1666/1804/205
s 53
f 69/1398/206 153/258/207 71/695/208
f 71/695/208 153/258/207 155/817/209
s 54
f 456/2455/210 40/950/211 457/1197/212
f 457/1197/212 40/950/211 29/1905/213
s 55
f 31/336/214 92/154/215 3/1576/216
f 3/1576/216 92/154/215 36/1345/217
s 56
f 131/1224/218 127/982/219 147/459/220
f 147/459/220 127/982/219 145/1565/221
s 57
f 49/2516/222 45/1307/223 19/1689/224
f 19/1689/224 45/1307/223 1/243/225
s 58
f 800/1329/226 1677/937/227 25/892/228
f 25/892/228 1677/937/227 1662/301/229
s 59
f 12/591/230 467/1271/231 47/661/232
f 47/661/232 467/1271/231 470/1280/233
s 60
f 46/2310/234 48/42/235 7/1965/236
f 7/1965/236 48/42/235 9/278/237
s 61
f 9/278/238 48/42/239 1666/1723/240
f 1666/1723/240 48/42/239 1681/1927/241
s 62
f 12/967/242 21/22/243 467/2563/244
f 467/2563/244 21/22/243 466/2267/245
s 63
f 57/1489/246 58/1953/247 136/769/248
f 136/769/248 58/1953/247 129/1270/249
s 64
f 18/1484/250 16/1306/251 779/776/252
f 779/776/252 16/1306/251 782/1726/253
s 65
f 612/2295/254 26/259/255 637/85/256
f 637/85/256 26/259/255 633/77/257
s 66
f 617/323/258 612/1752/259 636/171/260
f 636/171/260 612/1752/259 637/1356/261
s 67
f 50/1525/262 2/2440/263 619/1063/264
f 619/1063/264 2/2440/263 621/2184/265
s 68
f 795/2188/266 796/834/267 55/1284/268
f 55/1284/268 796/834/267 56/2002/269
s 69
f 796/225/270 797/1597/271 56/1741/272
f 56/1741/272 797/1597/271 57/2185/273
s 70
f 797/2034/274 798/1707/275 57/1916/276
f 57/1916/276 798/1707/275 58/2553/277
s 71
f 798/1707/278 799/467/279 58/2553/280
f 58/2553/280 799/467/279 59/1824/281
s 72
f 799/467/282 800/1964/283 59/1824/284
f 59/1824/284 800/1964/283 60/362/285
s off
f 65/1495/286 135/1151/287 126/2540/288
s 73
f 148/570/289 134/1496/290 146/1518/291
f 146/1518/291 134/1496/290 128/2383/292
s 74
f 794/302/293 801/1360/294 61/752/295
f 61/752/295 801/1360/294 62/820/296
s 75
f 801/1360/297 802/1934/298 62/820/299
f 62/820/299 802/1934/298 63/1575/300
s 76
f 802/1934/301 803/260/302 63/1575/303
f 63/1575/303 803/260/302 64/1637/304
s 77
f 803/1602/305 804/172/306 64/1288/307
f 64/1288/307 804/172/306 65/808/308
s 78
f 804/292/309 795/2188/310 65/175/311
f 65/175/311 795/2188/310 55/1284/312
s 79
f 763/2158/313 67/2183/314 91/720/315
f 91/720/315 67/2183/314 68/1952/316
s 80
f 66/1503/317 67/1516/318 10/1955/319
f 10/1955/319 67/1516/318 763/1604/320
s 81
f 1682/196/321 66/1503/322 1853/2106/323
f 1853/2106/323 66/1503/322 10/1955/324
s 82
f 34/1951/325 69/1398/326 44/2536/327
f 44/2536/327 69/1398/326 71/695/328
s 83
f 1678/973/329 1683/529/330 35/553/331
f 35/553/331 1683/529/330 70/1946/332
s 84
f 35/553/333 70/1946/334 34/956/335
f 34/956/335 70/1946/334 69/1897/336
s 85
f 132/1184/337 133/1857/338 56/968/339
f 56/968/339 133/1857/338 55/1041/340
s off
f 71/1708/341 149/536/342 44/2538/343
s 86
f 784/1788/344 785/1498/345 73/835/346
f 73/835/346 785/1498/345 74/262/347
s 87
f 785/1498/348 786/1403/349 74/262/350
f 74/262/350 786/1403/349 75/809/351
s 88
f 786/1454/352 787/1317/353 75/1730/354
f 75/1730/354 787/1317/353 76/1254/355
s 89
f 787/1317/356 788/2035/357 76/1254/358
f 76/1254/358 788/2035/357 77/1485/359
s 90
f 788/2035/360 789/2572/361 77/1485/362
f 77/1485/362 789/2572/361 78/545/363
s 91
f 783/1985/364 790/1259/365 79/1534/366
f 79/1534/366 790/1259/365 80/1627/367
s 92
f 790/1259/368 791/2280/369 80/1627/370
f 80/1627/370 791/2280/369 81/697/371
s 93
f 791/2280/372 792/783/373 81/697/374
f 81/697/374 792/783/373 82/2122/375
s 94
f 792/1395/376 793/1656/377 82/1709/378
f 82/1709/378 793/1656/377 83/749/379
s 95
f 793/1656/380 784/1788/381 83/749/382
f 83/749/382 784/1788/381 73/835/383
s 96
f 773/660/384 776/1374/385 629/2431/386
f 629/2431/386 776/1374/385 88/849/387
s 97
f 1870/989/388 1684/290/389 774/2281/390
f 774/2281/390 1684/290/389 86/861/391
s 98
f 776/1374/392 775/2451/393 88/849/394
f 88/849/394 775/2451/393 630/407/395
s 99
f 774/2281/396 86/861/397 775/2001/398
f 775/2001/398 86/861/397 630/1514/399
s 100
f 42/1087/400 773/660/401 87/2057/402
f 87/2057/402 773/660/401 629/2431/403
s 101
f 73/1346/404 74/1659/405 106/1789/406
f 106/1789/406 74/1659/405 103/110/407
s 102
f 117/2366/408 110/30/409 116/111/410
f 116/111/410 110/30/409 108/200/411
s 103
f 113/25/412 110/30/413 118/1735/414
f 118/1735/414 110/30/413 117/2366/415
s 104
f 101/2075/416 113/25/417 115/1242/418
f 115/1242/418 113/25/417 118/1735/419
s 105
f 125/1174/420 114/2452/421 42/972/422
f 42/972/422 114/2452/421 90/1487/423
f 114/2452/421 95/1547/424 90/1487/423
s off
f 38/592/425 124/909/426 87/750/427
s 106
f 107/198/428 105/233/429 121/1612/430
f 121/1612/430 105/233/429 120/1216/431
s 107
f 120/1216/432 105/233/433 122/1146/434
f 122/1146/434 105/233/433 109/2568/435
s 108
f 122/1146/436 109/2568/437 123/1782/438
f 123/1782/438 109/2568/437 112/232/439
s 109
f 124/909/440 38/592/441 119/2109/442
f 38/592/441 43/1396/443 119/2109/442
f 43/1396/443 96/1323/444 119/2109/442
s 110
f 192/908/445 191/810/446 188/1443/447
f 191/810/446 190/303/448 188/1443/447
f 190/303/448 189/1783/449 188/1443/447
s 111
f 1687/837/450 1679/2268/451 99/1305/452
f 99/1305/452 1679/2268/451 39/836/453
s 112
f 99/518/454 95/1144/455 456/2569/456
f 456/2569/456 95/1144/455 40/631/457
s 113
f 92/841/458 96/1357/459 36/724/460
f 36/724/460 96/1357/459 97/770/461
s 114
f 37/2313/462 100/2311/463 161/1241/464
f 161/1241/464 100/2311/463 163/2140/465
s 115
f 1685/751/466 1687/2187/467 456/2569/468
f 456/2569/468 1687/2187/467 99/518/469
s 116
f 111/1228/470 101/1710/471 114/1603/472
f 114/1603/472 101/1710/471 115/1519/473
s 117
f 83/2016/474 104/582/475 82/33/476
f 82/33/476 104/582/475 112/700/477
s 118
f 96/1323/478 43/1396/479 97/514/480
f 97/514/480 43/1396/479 91/712/481
s 119
f 137/1760/482 136/597/483 142/1900/484
f 142/1900/484 136/597/483 141/11/485
s 120
f 146/1813/486 128/2269/487 144/383/488
f 144/383/488 128/2269/487 126/1467/489
s 121
f 95/1027/490 99/1305/491 90/476/492
f 90/476/492 99/1305/491 39/836/493
s 122
f 157/1313/494 158/75/495 175/2293/496
f 175/2293/496 158/75/495 173/1046/497
s 123
f 94/1784/498 98/436/499 166/1928/500
f 166/1928/500 98/436/499 162/586/501
s 124
f 110/30/502 77/1591/503 108/200/504
f 108/200/504 77/1591/503 78/1325/505
s 125
f 113/25/506 101/2075/507 76/1859/508
f 76/1859/508 101/2075/507 75/1798/509
s 126
f 102/2458/510 83/639/511 106/1789/512
f 106/1789/512 83/639/511 73/1346/513
s 127
f 105/233/514 80/1690/515 109/2568/516
f 109/2568/516 80/1690/515 81/698/517
s off
f 102/2458/518 104/1843/519 83/639/520
s 128
f 101/1710/521 111/1228/522 75/578/523
f 75/578/523 111/1228/522 74/2303/524
s 129
f 106/557/525 103/753/526 87/629/527
f 87/629/527 103/753/526 125/767/528
s 130
f 110/30/529 113/25/530 77/1591/531
f 77/1591/531 113/25/530 76/1859/532
s off
f 111/1931/533 103/110/534 74/1659/535
s 131
f 105/233/536 107/198/537 80/1690/538
f 80/1690/538 107/198/537 79/2240/539
s 132
f 109/2568/540 81/698/541 112/232/542
f 112/232/542 81/698/541 82/1330/543
s 133
f 119/2141/544 96/1357/545 123/1127/546
f 123/1127/546 96/1357/545 92/841/547
s 134
f 114/1603/548 115/1519/549 95/1008/550
f 95/1008/550 115/1519/549 40/1361/551
s 135
f 115/1242/552 118/1735/553 40/1571/554
f 40/1571/554 118/1735/553 29/1786/555
s 136
f 118/1735/556 117/2366/557 29/1786/558
f 29/1786/558 117/2366/557 47/1651/559
s 137
f 47/1651/560 117/2366/561 12/714/562
f 12/714/562 117/2366/561 116/111/563
s 138
f 104/582/564 119/2141/565 112/700/566
f 112/700/566 119/2141/565 123/1127/567
s 139
f 31/336/568 122/324/569 92/154/570
f 92/154/570 122/324/569 123/2248/571
s 140
f 49/2516/572 120/648/573 31/336/574
f 31/336/574 120/648/573 122/324/575
s 141
f 19/1689/576 121/162/577 49/2516/578
f 49/2516/578 121/162/577 120/648/579
s 142
f 136/769/580 129/1270/581 141/342/582
f 141/342/582 129/1270/581 139/583/583
s 143
f 124/1552/584 102/1399/585 87/629/586
f 87/629/586 102/1399/585 106/557/587
s 144
f 119/297/588 104/1053/589 124/1552/590
f 124/1552/590 104/1053/589 102/1399/591
s off
f 87/750/592 125/1174/593 42/972/594
s 145
f 114/614/595 125/767/596 111/1285/597
f 111/1285/597 125/767/596 103/753/598
s 146
f 143/99/599 1/243/600 140/1577/601
f 140/1577/601 1/243/600 45/1307/602
s 147
f 148/570/603 28/983/604 145/1565/605
f 145/1565/605 28/983/604 46/2407/606
s 148
f 135/1151/607 65/1495/608 133/623/609
f 133/623/609 65/1495/608 55/2359/610
s 149
f 128/2269/611 64/1054/612 126/1467/613
f 126/1467/613 64/1054/612 65/2265/614
s 150
f 141/2249/615 139/337/616 36/1345/617
f 36/1345/617 139/337/616 3/1576/618
s 151
f 130/943/619 129/1270/620 59/1706/621
f 59/1706/621 129/1270/620 58/1953/622
s 152
f 134/1496/623 63/1517/624 128/2383/625
f 128/2383/625 63/1517/624 64/2198/626
s 153
f 136/597/627 137/1760/628 57/906/629
f 57/906/629 137/1760/628 56/1235/630
s 154
f 127/982/631 131/1224/632 62/2250/633
f 62/2250/633 131/1224/632 61/122/634
s 155
f 133/931/635 132/2564/636 44/1428/637
f 44/1428/637 132/2564/636 150/1047/638
s 156
f 135/2101/639 149/2284/640 126/969/641
f 126/969/641 149/2284/640 144/1779/642
s off
f 137/1874/643 132/1184/644 56/968/645
s 157
f 138/721/646 143/802/647 130/943/648
f 130/943/648 143/802/647 140/771/649
s 158
f 142/1900/650 141/11/651 97/770/652
f 97/770/652 141/11/651 36/724/653
s 159
f 139/337/654 140/1577/655 3/1576/656
f 3/1576/656 140/1577/655 45/1307/657
s 160
f 134/2084/658 148/2151/659 127/624/660
f 127/624/660 148/2151/659 145/596/661
s 161
f 156/946/662 146/1813/663 159/1256/664
f 159/1256/664 146/1813/663 144/383/665
s 162
f 28/983/666 148/570/667 156/1628/668
f 156/1628/668 148/570/667 146/1518/669
s 163
f 147/459/670 145/1565/671 7/2473/672
f 7/2473/672 145/1565/671 46/2407/673
s 164
f 149/536/674 71/1708/675 144/482/676
f 71/1708/675 155/1038/677 144/482/676
f 144/482/676 155/1038/677 159/905/678
s 165
f 142/1829/679 150/1047/680 137/544/681
f 137/544/681 150/1047/680 132/2564/682
s 166
f 149/2284/683 135/2101/684 44/1428/685
f 44/1428/685 135/2101/684 133/931/686
s off
f 44/2538/687 150/2450/688 68/112/689
s 167
f 8/2263/690 153/448/691 23/2364/692
f 23/2364/692 153/448/691 168/1026/693
s 168
f 37/883/694 23/2364/695 169/1872/696
f 169/1872/696 23/2364/695 168/1026/697
s 169
f 41/537/698 155/1363/699 8/2263/700
f 8/2263/700 155/1363/699 153/448/701
s 170
f 93/384/702 170/2453/703 94/1773/704
f 94/1773/704 170/2453/703 156/859/705
s 171
f 100/350/706 37/884/707 171/2456/708
f 171/2456/708 37/884/707 169/1873/709
s 172
f 98/2348/710 159/492/711 41/274/712
f 41/274/712 159/492/711 155/2132/713
s 173
f 98/2360/714 94/593/715 159/1835/716
f 159/1835/716 94/593/715 156/955/717
s 174
f 100/2270/718 171/1067/719 93/1966/720
f 93/1966/720 171/1067/719 170/963/721
s 175
f 160/461/722 165/1967/723 161/664/724
f 161/664/724 165/1967/723 164/2259/725
s 176
f 166/1236/726 162/2271/727 167/169/728
f 167/169/728 162/2271/727 163/1748/729
s 177
f 163/2338/730 162/1861/731 161/1986/732
f 161/1986/732 162/1861/731 160/103/733
s 178
f 8/263/734 23/927/735 165/2266/736
f 165/2266/736 23/927/735 164/2377/737
s 179
f 100/500/738 93/1757/739 163/2333/740
f 163/2333/740 93/1757/739 167/1014/741
s 180
f 98/1830/742 41/530/743 162/140/744
f 162/140/744 41/530/743 160/569/745
s 181
f 93/1269/746 94/391/747 167/1825/748
f 167/1825/748 94/391/747 166/2434/749
s 182
f 23/1785/750 37/2517/751 164/1805/752
f 164/1805/752 37/2517/751 161/1243/753
s 183
f 1688/1457/754 152/360/755 1665/958/756
f 1665/958/756 152/360/755 168/1026/757
s 184
f 154/1880/758 169/1872/759 152/360/760
f 152/360/760 169/1872/759 168/1026/761
s 185
f 1689/1753/762 1686/2573/763 157/1713/764
f 157/1713/764 1686/2573/763 170/1594/765
s 186
f 154/1881/766 158/358/767 169/1873/768
f 169/1873/768 158/358/767 171/2456/769
s 187
f 158/1131/770 157/14/771 171/1067/772
f 171/1067/772 157/14/771 170/963/773
s 188
f 172/833/774 174/2214/775 1692/2103/776
f 1692/2103/776 174/2214/775 1691/928/777
s 189
f 175/2314/778 173/1566/779 1694/1520/780
f 1694/1520/780 173/1566/779 1693/1456/781
s 190
f 1693/1231/782 173/338/783 1692/1169/784
f 1692/1169/784 173/338/783 172/1567/785
s 191
f 154/2459/786 152/1596/787 172/1099/788
f 172/1099/788 152/1596/787 174/2179/789
s 192
f 158/864/790 154/2460/791 173/1929/792
f 173/1929/792 154/2460/791 172/1453/793
s 193
f 152/696/794 1688/2342/795 174/539/796
f 174/539/796 1688/2342/795 1691/1225/797
s 194
f 181/532/798 177/214/799 1697/1179/800
f 1697/1179/800 177/214/799 1696/2304/801
s 195
f 200/2395/802 198/1068/803 214/1316/804
f 214/1316/804 198/1068/803 212/2082/805
s 196
f 177/214/806 176/932/807 1696/2304/808
f 1696/2304/808 176/932/807 1695/1429/809
s 197
f 176/1136/810 204/1918/811 182/2215/812
f 182/2215/812 204/1918/811 205/2288/813
s 198
f 198/1327/814 183/2277/815 30/2574/816
f 30/2574/816 183/2277/815 180/1831/817
s 199
f 183/1670/818 186/704/819 180/2235/820
f 180/2235/820 186/704/819 179/300/821
s 200
f 156/1553/822 380/1226/823 28/69/824
f 28/69/824 380/1226/823 378/1055/825
s 201
f 1701/2357/826 188/1863/827 1707/1598/828
f 1707/1598/828 188/1863/827 387/2220/829
s 202
f 186/652/830 194/1716/831 185/615/832
f 185/615/832 194/1716/831 193/1522/833
s 203
f 1681/2424/834 48/371/835 1704/2076/836
f 1704/2076/836 48/371/835 382/2225/837
s 204
f 185/615/838 193/1522/839 199/2006/840
f 199/2006/840 193/1522/839 201/2531/841
s 205
f 1699/264/842 1702/347/843 184/2216/844
f 184/2216/844 1702/347/843 196/2508/845
s 206
f 187/2007/846 203/655/847 196/135/848
f 196/135/848 203/655/847 202/786/849
s 207
f 197/331/850 199/1362/851 210/423/852
f 210/423/852 199/1362/851 213/1157/853
s 208
f 183/2562/854 198/974/855 195/2532/856
f 195/2532/856 198/974/855 200/1523/857
s 209
f 196/2508/858 1702/347/859 187/1908/860
f 187/1908/860 1702/347/859 1703/2390/861
s 210
f 200/1523/862 201/2531/863 195/2532/864
f 195/2532/864 201/2531/863 194/1716/865
f 201/2531/863 193/1522/866 194/1716/865
s 211
f 1701/1268/867 1700/1315/868 188/1443/869
f 188/1443/869 1700/1315/868 192/908/870
s 212
f 186/652/871 183/2562/872 194/1716/873
f 194/1716/873 183/2562/872 195/2532/874
s 213
f 196/135/875 202/786/876 184/2083/877
f 184/2083/877 202/786/876 211/936/878
s 214
f 1700/475/879 1706/716/880 192/2500/881
f 192/2500/881 1706/716/880 386/1529/882
s 215
f 1698/2524/883 182/70/884 1703/2390/885
f 1703/2390/885 182/70/884 187/1908/886
s 216
f 46/790/887 381/176/888 48/371/889
f 48/371/889 381/176/888 382/2225/890
s 217
f 191/669/891 192/2500/892 385/2325/893
f 385/2325/893 192/2500/892 386/1529/894
s 218
f 33/1554/895 207/210/896 30/1995/897
f 30/1995/897 207/210/896 209/701/898
s 219
f 179/1025/899 178/2315/900 33/2533/901
f 33/2533/901 178/2315/900 197/558/902
s 220
f 179/1025/903 33/2533/904 180/1599/905
f 180/1599/905 33/2533/904 30/2411/906
s 221
f 185/1702/907 199/1733/908 178/2038/909
f 178/2038/909 199/1733/908 197/574/910
s 222
f 213/1426/911 205/1281/912 210/702/913
f 210/702/913 205/1281/912 204/2400/914
s 223
f 207/2499/915 206/633/916 209/2373/917
f 209/2373/917 206/633/916 208/589/918
s 224
f 207/2499/919 210/2490/920 206/633/921
f 206/633/921 210/2490/920 204/2289/922
s 225
f 205/1424/923 213/1507/924 203/298/925
f 203/298/925 213/1507/924 215/789/926
s 226
f 202/673/927 203/298/928 214/2233/929
f 214/2233/929 203/298/928 215/789/930
s 227
f 211/1815/931 202/673/932 212/361/933
f 212/361/933 202/673/932 214/2233/934
s 228
f 211/1384/935 212/1076/936 388/54/937
f 388/54/937 212/1076/936 389/388/938
s 229
f 211/936/939 388/2135/940 184/2083/941
f 184/2083/941 388/2135/940 181/2253/942
f 181/2253/942 388/2135/940 208/977/943
s 230
f 201/2081/944 215/1919/945 199/1362/946
f 199/1362/946 215/1919/945 213/1157/947
s 231
f 177/584/948 181/2253/949 206/124/950
f 206/124/950 181/2253/949 208/977/951
s 232
f 212/2082/952 198/1068/953 389/1490/954
f 389/1490/954 198/1068/953 209/701/955
f 198/1068/953 30/1995/956 209/701/955
s 233
f 187/2007/957 182/2215/958 203/655/959
f 203/655/959 182/2215/958 205/2288/960
s 234
f 33/1554/961 197/331/962 207/210/963
f 207/210/963 197/331/962 210/423/964
s 235
f 177/584/965 206/124/966 176/1136/967
f 176/1136/967 206/124/966 204/1918/968
s 236
f 221/1750/969 223/915/970 236/2376/971
f 236/2376/971 223/915/970 232/455/972
s 237
f 260/1568/973 259/1199/974 289/533/975
f 289/533/975 259/1199/974 287/632/976
s 238
f 251/1128/977 250/703/978 234/579/979
f 234/579/979 250/703/978 238/1159/980
s 239
f 247/717/981 217/364/982 296/1081/983
f 296/1081/983 217/364/982 240/2432/984
s 240
f 229/2331/985 231/349/986 220/34/987
f 220/34/987 231/349/986 280/573/988
s 241
f 248/2321/989 263/1826/990 246/12/991
f 246/12/991 263/1826/990 295/1289/992
s 242
f 255/1751/993 254/1609/994 218/1190/995
f 218/1190/995 254/1609/994 222/2492/996
s 243
f 237/2565/997 239/2102/998 286/261/999
f 286/261/999 239/2102/998 288/385/1000
s 244
f 219/1720/1001 221/1750/1002 242/2529/1003
f 242/2529/1003 221/1750/1002 236/2376/1004
s 245
f 259/1199/1005 258/657/1006 287/632/1007
f 287/632/1007 258/657/1006 285/213/1008
s 246
f 250/703/1009 249/1531/1010 238/1159/1011
f 238/1159/1011 249/1531/1010 244/1727/1012
s 247
f 245/747/1013 247/717/1014 294/911/1015
f 294/911/1015 247/717/1014 296/1081/1016
s 248
f 227/1692/1017 229/2331/1018 224/1799/1019
f 224/1799/1019 229/2331/1018 220/34/1020
s 249
f 263/1826/1021 262/1218/1022 295/1289/1023
f 295/1289/1023 262/1218/1022 293/2186/1024
s 250
f 219/1720/1025 217/364/1026 221/1750/1027
f 217/364/1026 247/717/1028 221/1750/1027
f 247/717/1028 245/747/1029 221/1750/1027
f 245/747/1029 243/2003/1030 221/1750/1027
f 243/2003/1030 241/2154/1031 221/1750/1027
f 241/2154/1031 239/2102/1032 221/1750/1027
f 239/2102/1032 237/2565/1033 221/1750/1027
f 237/2565/1033 235/715/1034 221/1750/1027
f 235/715/1034 233/352/1035 221/1750/1027
f 233/352/1035 231/349/1036 221/1750/1027
f 231/349/1036 229/2331/1037 221/1750/1027
f 229/2331/1037 227/1692/1038 221/1750/1027
f 227/1692/1038 225/1018/1039 221/1750/1027
f 225/1018/1039 223/915/1040 221/1750/1027
s 251
f 254/1609/1041 253/1062/1042 222/2492/1043
f 222/2492/1043 253/1062/1042 226/1148/1044
s 252
f 235/715/1045 237/2565/1046 284/1286/1047
f 284/1286/1047 237/2565/1046 286/261/1048
s 253
f 291/1555/1049 292/1482/1050 293/803/1051
f 293/803/1051 292/1482/1050 294/472/1052
s 254
f 265/793/1053 264/326/1054 249/904/1055
f 249/904/1055 264/326/1054 248/1282/1056
s 255
f 266/1754/1057 265/793/1058 250/1048/1059
f 250/1048/1059 265/793/1058 249/904/1060
s 256
f 267/2378/1061 266/1754/1062 251/2479/1063
f 251/2479/1063 266/1754/1062 250/1048/1064
s 257
f 268/718/1065 267/2378/1066 252/427/1067
f 252/427/1067 267/2378/1066 251/2479/1068
s 258
f 269/256/1069 268/718/1070 253/1314/1071
f 253/1314/1071 268/718/1070 252/427/1072
s 259
f 270/1092/1073 269/256/1074 254/398/1075
f 254/398/1075 269/256/1074 253/1314/1076
s 260
f 271/1827/1077 270/1092/1078 255/1096/1079
f 255/1096/1079 270/1092/1078 254/398/1080
s 261
f 272/1004/1081 271/1827/1082 256/705/1083
f 256/705/1083 271/1827/1082 255/1096/1084
s 262
f 273/483/1085 272/1004/1086 257/2401/1087
f 257/2401/1087 272/1004/1086 256/705/1088
s 263
f 274/355/1089 273/483/1090 258/2041/1091
f 258/2041/1091 273/483/1090 257/2401/1092
s 264
f 275/1968/1093 274/355/1094 259/1121/1095
f 259/1121/1095 274/355/1094 258/2041/1096
s 265
f 276/1970/1097 275/1968/1098 260/1666/1099
f 260/1666/1099 275/1968/1098 259/1121/1100
s 266
f 277/1800/1101 276/1970/1102 261/1650/1103
f 261/1650/1103 276/1970/1102 260/1666/1104
s 267
f 278/829/1105 277/1800/1106 262/215/1107
f 262/215/1107 277/1800/1106 261/1650/1108
s 268
f 279/1687/1109 278/829/1110 263/60/1111
f 263/60/1111 278/829/1110 262/215/1112
s 269
f 264/326/1113 279/1687/1114 248/1282/1115
f 248/1282/1115 279/1687/1114 263/60/1116
s off
f 216/15/1117 264/326/1118 265/793/1119
f 216/15/1120 265/793/1121 266/1754/1122
f 216/15/1123 266/1754/1124 267/2378/1125
f 216/15/1126 267/2378/1127 268/718/1128
f 216/15/1129 268/718/1130 269/256/1131
f 216/15/1132 269/256/1133 270/1092/1134
f 216/15/1135 270/1092/1136 271/1827/1137
f 216/15/1138 271/1827/1139 272/1004/1140
f 216/15/1141 272/1004/1142 273/483/1143
f 216/15/1144 273/483/1145 274/355/1146
f 216/15/1147 274/355/1148 275/1968/1149
f 216/15/1150 275/1968/1151 276/1970/1152
f 216/15/1153 276/1970/1154 277/1800/1155
f 216/15/1156 277/1800/1157 278/829/1158
f 216/15/1159 278/829/1160 279/1687/1161
f 216/15/1162 279/1687/1163 264/326/1164
s 270
f 289/1431/1165 290/794/1166 291/1555/1167
f 291/1555/1167 290/794/1166 292/1482/1168
s 271
f 287/2107/1169 288/295/1170 289/1431/1171
f 289/1431/1171 288/295/1170 290/794/1172
s 272
f 285/1007/1173 286/755/1174 287/2107/1175
f 287/2107/1175 286/755/1174 288/295/1176
s 273
f 283/2182/1177 284/1932/1178 285/2412/1179
f 285/2412/1179 284/1932/1178 286/351/1180
s 274
f 281/981/1181 282/1572/1182 283/2182/1183
f 283/2182/1183 282/1572/1182 284/1932/1184
s 275
f 218/2305/1185 280/428/1186 281/981/1187
f 281/981/1187 280/428/1186 282/1572/1188
s 276
f 222/1564/1189 220/397/1190 218/2305/1191
f 218/2305/1191 220/397/1190 280/428/1192
s 277
f 226/431/1193 224/206/1194 222/1058/1195
f 222/1058/1195 224/206/1194 220/2408/1196
s 278
f 230/38/1197 228/961/1198 226/431/1199
f 226/431/1199 228/961/1198 224/206/1200
s 279
f 234/1272/1201 232/1550/1202 230/38/1203
f 230/38/1203 232/1550/1202 228/961/1204
s 280
f 238/1186/1205 236/2005/1206 234/1272/1207
f 234/1272/1207 236/2005/1206 232/1550/1208
s 281
f 244/1139/1209 242/580/1210 238/275/1211
f 238/275/1211 242/580/1210 236/138/1212
s 282
f 246/2306/1213 240/61/1214 244/1139/1215
f 244/1139/1215 240/61/1214 242/580/1216
s 283
f 293/488/1217 294/1674/1218 295/754/1219
f 295/754/1219 294/1674/1218 296/2548/1220
s 284
f 295/754/1221 296/2548/1222 246/2306/1223
f 246/2306/1223 296/2548/1222 240/61/1224
s 285
f 239/2102/1225 241/2154/1226 288/385/1227
f 288/385/1227 241/2154/1226 290/2264/1228
s 286
f 256/774/1229 255/1751/1230 281/1451/1231
f 281/1451/1231 255/1751/1230 218/1190/1232
s 287
f 231/349/1233 233/352/1234 280/573/1235
f 280/573/1235 233/352/1234 282/1645/1236
s 288
f 252/1972/1237 251/1128/1238 230/18/1239
f 230/18/1239 251/1128/1238 234/579/1240
s 289
f 261/2489/1241 260/1568/1242 291/2336/1243
f 291/2336/1243 260/1568/1242 289/533/1244
s 290
f 223/915/1245 225/1018/1246 232/455/1247
f 232/455/1247 225/1018/1246 228/2077/1248
s 291
f 241/2154/1249 243/2003/1250 290/2264/1251
f 290/2264/1251 243/2003/1250 292/1113/1252
s 292
f 257/1586/1253 256/774/1254 283/1020/1255
f 283/1020/1255 256/774/1254 281/1451/1256
s 293
f 233/352/1257 235/715/1258 282/1645/1259
f 282/1645/1259 235/715/1258 284/1286/1260
s 294
f 253/1062/1261 252/1972/1262 226/1148/1263
f 226/1148/1263 252/1972/1262 230/18/1264
s 295
f 262/1218/1265 261/2489/1266 293/2186/1267
f 293/2186/1267 261/2489/1266 291/2336/1268
s 296
f 249/1531/1269 248/2321/1270 244/1727/1271
f 244/1727/1271 248/2321/1270 246/12/1272
s 297
f 225/1018/1273 227/1692/1274 228/2077/1275
f 228/2077/1275 227/1692/1274 224/1799/1276
s 298
f 243/2003/1277 245/747/1278 292/1113/1279
f 292/1113/1279 245/747/1278 294/911/1280
s 299
f 217/364/1281 219/1720/1282 240/2432/1283
f 240/2432/1283 219/1720/1282 242/2529/1284
s 300
f 258/657/1285 257/1586/1286 285/213/1287
f 285/213/1287 257/1586/1286 283/1020/1288
s 301
f 302/1573/1289 304/304/1290 317/1448/1291
f 317/1448/1291 304/304/1290 313/212/1292
s 302
f 341/1117/1293 340/2168/1294 370/2008/1295
f 370/2008/1295 340/2168/1294 368/1059/1296
s 303
f 332/2413/1297 331/2405/1298 315/481/1299
f 315/481/1299 331/2405/1298 319/1432/1300
s 304
f 328/1265/1301 298/1248/1302 377/832/1303
f 377/832/1303 298/1248/1302 321/839/1304
s 305
f 310/257/1305 312/587/1306 301/598/1307
f 301/598/1307 312/587/1306 361/13/1308
s 306
f 329/2308/1309 344/674/1310 327/585/1311
f 327/585/1311 344/674/1310 376/1691/1312
s 307
f 336/437/1313 335/561/1314 299/1123/1315
f 299/1123/1315 335/561/1314 303/189/1316
s 308
f 318/1110/1317 320/394/1318 367/508/1319
f 367/508/1319 320/394/1318 369/2326/1320
s 309
f 300/1354/1321 302/1573/1322 323/2221/1323
f 323/2221/1323 302/1573/1322 317/1448/1324
s 310
f 340/2168/1325 339/405/1326 368/1059/1327
f 368/1059/1327 339/405/1326 366/273/1328
s 311
f 331/2405/1329 330/920/1330 319/1432/1331
f 319/1432/1331 330/920/1330 325/603/1332
s 312
f 326/2399/1333 328/1265/1334 375/997/1335
f 375/997/1335 328/1265/1334 377/832/1336
s 313
f 308/1731/1337 310/257/1338 305/528/1339
f 305/528/1339 310/257/1338 301/598/1340
s 314
f 344/674/1341 343/804/1342 376/1691/1343
f 376/1691/1343 343/804/1342 374/562/1344
s 315
f 300/1354/1345 298/1248/1346 302/1573/1347
f 298/1248/1346 328/1265/1348 302/1573/1347
f 328/1265/1348 326/2399/1349 302/1573/1347
f 326/2399/1349 324/516/1350 302/1573/1347
f 324/516/1350 322/1222/1351 302/1573/1347
f 322/1222/1351 320/394/1352 302/1573/1347
f 320/394/1352 318/1110/1353 302/1573/1347
f 318/1110/1353 316/1611/1354 302/1573/1347
f 316/1611/1354 314/168/1355 302/1573/1347
f 314/168/1355 312/587/1356 302/1573/1347
f 312/587/1356 310/257/1357 302/1573/1347
f 310/257/1357 308/1731/1358 302/1573/1347
f 308/1731/1358 306/1010/1359 302/1573/1347
f 306/1010/1359 304/304/1360 302/1573/1347
s 316
f 335/561/1361 334/1309/1362 303/189/1363
f 303/189/1363 334/1309/1362 307/62/1364
s 317
f 316/1611/1365 318/1110/1366 365/17/1367
f 365/17/1367 318/1110/1366 367/508/1368
s 318
f 372/581/1369 373/667/1370 374/1935/1371
f 374/1935/1371 373/667/1370 375/1005/1372
s 319
f 346/1791/1373 345/2422/1374 330/1832/1375
f 330/1832/1375 345/2422/1374 329/2406/1376
s 320
f 347/1930/1377 346/1791/1378 331/1011/1379
f 331/1011/1379 346/1791/1378 330/1832/1380
s 321
f 348/555/1381 347/1930/1382 332/1631/1383
f 332/1631/1383 347/1930/1382 331/1011/1384
s 322
f 349/1801/1385 348/555/1386 333/1875/1387
f 333/1875/1387 348/555/1386 332/1631/1388
s 323
f 350/2276/1389 349/1801/1390 334/1326/1391
f 334/1326/1391 349/1801/1390 333/1875/1392
s 324
f 351/1191/1393 350/2276/1394 335/209/1395
f 335/209/1395 350/2276/1394 334/1326/1396
s 325
f 352/625/1397 351/1191/1398 336/72/1399
f 336/72/1399 351/1191/1398 335/209/1400
s 326
f 353/2555/1401 352/625/1402 337/2036/1403
f 337/2036/1403 352/625/1402 336/72/1404
s 327
f 354/216/1405 353/2555/1406 338/1165/1407
f 338/1165/1407 353/2555/1406 337/2036/1408
s 328
f 355/2507/1409 354/216/1410 339/1232/1411
f 339/1232/1411 354/216/1410 338/1165/1412
s 329
f 356/1626/1413 355/2507/1414 340/1542/1415
f 340/1542/1415 355/2507/1414 339/1232/1416
s 330
f 357/933/1417 356/1626/1418 341/470/1419
f 341/470/1419 356/1626/1418 340/1542/1420
s 331
f 358/2009/1421 357/933/1422 342/1324/1423
f 342/1324/1423 357/933/1422 341/470/1424
s 332
f 359/1210/1425 358/2009/1426 343/432/1427
f 343/432/1427 358/2009/1426 342/1324/1428
s 333
f 360/1082/1429 359/1210/1430 344/2180/1431
f 344/2180/1431 359/1210/1430 343/432/1432
s 334
f 345/2422/1433 360/1082/1434 329/2406/1435
f 329/2406/1435 360/1082/1434 344/2180/1436
s off
f 297/1728/1437 345/2422/1438 346/1791/1439
f 297/1728/1440 346/1791/1441 347/1930/1442
f 297/1728/1443 347/1930/1444 348/555/1445
f 297/1728/1446 348/555/1447 349/1801/1448
f 297/1728/1449 349/1801/1450 350/2276/1451
f 297/1728/1452 350/2276/1453 351/1191/1454
f 297/1728/1455 351/1191/1456 352/625/1457
f 297/1728/1458 352/625/1459 353/2555/1460
f 297/1728/1461 353/2555/1462 354/216/1463
f 297/1728/1464 354/216/1465 355/2507/1466
f 297/1728/1467 355/2507/1468 356/1626/1469
f 297/1728/1470 356/1626/1471 357/933/1472
f 297/1728/1473 357/933/1474 358/2009/1475
f 297/1728/1476 358/2009/1477 359/1210/1478
f 297/1728/1479 359/1210/1480 360/1082/1481
f 297/1728/1482 360/1082/1483 345/2422/1484
s 335
f 370/1142/1485 371/2322/1486 372/581/1487
f 372/581/1487 371/2322/1486 373/667/1488
s 336
f 368/1107/1489 369/73/1490 370/1142/1491
f 370/1142/1491 369/73/1490 371/2322/1492
s 337
f 366/1870/1493 367/2217/1494 368/1107/1495
f 368/1107/1495 367/2217/1494 369/73/1496
s 338
f 364/1237/1497 365/934/1498 366/141/1499
f 366/141/1499 365/934/1498 367/547/1500
s 339
f 362/1103/1501 363/1385/1502 364/1237/1503
f 364/1237/1503 363/1385/1502 365/934/1504
s 340
f 299/2488/1505 361/104/1506 362/1103/1507
f 362/1103/1507 361/104/1506 363/1385/1508
s 341
f 303/2230/1509 301/1491/1510 299/2488/1511
f 299/2488/1511 301/1491/1510 361/104/1512
s 342
f 307/1213/1513 305/1749/1514 303/2162/1515
f 303/2162/1515 305/1749/1514 301/929/1516
s 343
f 311/1193/1517 309/1758/1518 307/1213/1519
f 307/1213/1519 309/1758/1518 305/1749/1520
s 344
f 315/1854/1521 313/71/1522 311/1193/1523
f 311/1193/1523 313/71/1522 309/1758/1524
s 345
f 319/1310/1525 317/1909/1526 315/1854/1527
f 315/1854/1527 317/1909/1526 313/71/1528
s 346
f 325/1711/1529 323/2444/1530 319/1328/1531
f 319/1328/1531 323/2444/1530 317/392/1532
s 347
f 327/756/1533 321/2274/1534 325/1711/1535
f 325/1711/1535 321/2274/1534 323/2444/1536
s 348
f 374/1548/1537 375/1793/1538 376/390/1539
f 376/390/1539 375/1793/1538 377/1051/1540
s 349
f 376/390/1541 377/1051/1542 327/756/1543
f 327/756/1543 377/1051/1542 321/2274/1544
s 350
f 320/394/1545 322/1222/1546 369/2326/1547
f 369/2326/1547 322/1222/1546 371/916/1548
s 351
f 337/1551/1549 336/437/1550 362/1108/1551
f 362/1108/1551 336/437/1550 299/1123/1552
s 352
f 312/587/1553 314/168/1554 361/13/1555
f 361/13/1555 314/168/1554 363/113/1556
s 353
f 333/935/1557 332/2413/1558 311/142/1559
f 311/142/1559 332/2413/1558 315/481/1560
s 354
f 342/143/1561 341/1117/1562 372/1031/1563
f 372/1031/1563 341/1117/1562 370/2008/1564
s 355
f 304/304/1565 306/1010/1566 313/212/1567
f 313/212/1567 306/1010/1566 309/1486/1568
s 356
f 322/1222/1569 324/516/1570 371/916/1571
f 371/916/1571 324/516/1570 373/588/1572
s 357
f 338/441/1573 337/1551/1574 364/1311/1575
f 364/1311/1575 337/1551/1574 362/1108/1576
s 358
f 314/168/1577 316/1611/1578 363/113/1579
f 363/113/1579 316/1611/1578 365/17/1580
s 359
f 334/1309/1581 333/935/1582 307/62/1583
f 307/62/1583 333/935/1582 311/142/1584
s 360
f 343/804/1585 342/143/1586 374/562/1587
f 374/562/1587 342/143/1586 372/1031/1588
s 361
f 330/920/1589 329/2308/1590 325/603/1591
f 325/603/1591 329/2308/1590 327/585/1592
s 362
f 306/1010/1593 308/1731/1594 309/1486/1595
f 309/1486/1595 308/1731/1594 305/528/1596
s 363
f 324/516/1597 326/2399/1598 373/588/1599
f 373/588/1599 326/2399/1598 375/997/1600
s 364
f 298/1248/1601 300/1354/1602 321/839/1603
f 321/839/1603 300/1354/1602 323/2221/1604
s 365
f 339/405/1605 338/441/1606 366/273/1607
f 366/273/1607 338/441/1606 364/1311/1608
s 366
f 380/1226/1609 383/1515/1610 384/2275/1611
f 384/2275/1611 383/1515/1610 387/670/1612
s 367
f 1705/484/1613 1707/1109/1614 383/1515/1615
f 383/1515/1615 1707/1109/1614 387/670/1616
s 368
f 381/1876/1617 378/1055/1618 385/1205/1619
f 385/1205/1619 378/1055/1618 379/550/1620
s 369
f 381/1876/1621 385/1205/1622 382/1012/1623
f 382/1012/1623 385/1205/1622 386/1704/1624
s 370
f 1704/962/1625 382/1012/1626 1706/1238/1627
f 1706/1238/1627 382/1012/1626 386/1704/1628
s 371
f 380/1226/1629 384/2275/1630 378/1055/1631
f 378/1055/1631 384/2275/1630 379/550/1632
s 372
f 189/938/1633 384/699/1634 188/1863/1635
f 188/1863/1635 384/699/1634 387/2220/1636
s 373
f 46/2194/1637 28/69/1638 381/1876/1639
f 381/1876/1639 28/69/1638 378/1055/1640
s 374
f 1686/39/1641 1705/2575/1642 170/382/1643
f 170/382/1643 1705/2575/1642 383/1536/1644
s 375
f 189/1003/1645 190/1608/1646 384/332/1647
f 384/332/1647 190/1608/1646 379/1390/1648
s 376
f 156/2576/1649 170/382/1650 380/964/1651
f 380/964/1651 170/382/1650 383/1536/1652
s 377
f 191/658/1653 385/902/1654 190/1608/1655
f 190/1608/1655 385/902/1654 379/1390/1656
s 378
f 388/54/1657 389/388/1658 208/55/1659
f 208/55/1659 389/388/1658 209/389/1660
s 379
f 395/2530/1661 391/136/1662 397/855/1663
f 397/855/1663 391/136/1662 393/2457/1664
s 380
f 395/76/1665 394/2493/1666 1711/1034/1667
f 1711/1034/1667 394/2493/1666 1710/805/1668
s 381
f 397/2491/1669 396/1044/1670 395/76/1671
f 395/76/1671 396/1044/1670 394/2493/1672
s 382
f 393/2394/1673 392/1878/1674 397/2361/1675
f 397/2361/1675 392/1878/1674 396/1839/1676
s 383
f 390/299/1677 394/2494/1678 400/1781/1679
f 400/1781/1679 394/2494/1678 401/675/1680
s 384
f 391/1084/1681 390/2283/1682 393/35/1683
f 393/35/1683 390/2283/1682 392/620/1684
s 385
f 401/2039/1685 399/2477/1686 405/1104/1687
f 405/1104/1687 399/2477/1686 403/522/1688
s 386
f 392/620/1689 390/2283/1690 398/2577/1691
f 398/2577/1691 390/2283/1690 400/1425/1692
s 387
f 396/1839/1693 392/1878/1694 399/1021/1695
f 399/1021/1695 392/1878/1694 398/2245/1696
s 388
f 394/2493/1697 396/1044/1698 401/2039/1699
f 401/2039/1699 396/1044/1698 399/2477/1700
s 389
f 404/2415/1701 405/489/1702 408/2421/1703
f 408/2421/1703 405/489/1702 409/211/1704
s 390
f 398/2577/1705 400/1425/1706 402/791/1707
f 402/791/1707 400/1425/1706 404/2234/1708
s 391
f 413/1430/1709 412/572/1710 1718/477/1711
f 1718/477/1711 412/572/1710 1719/2136/1712
s 392
f 399/1021/1713 398/2245/1714 403/1206/1715
f 403/1206/1715 398/2245/1714 402/1879/1716
s 393
f 409/1971/1717 407/1906/1718 413/2367/1719
f 413/2367/1719 407/1906/1718 411/386/1720
s 394
f 403/1206/1721 402/1879/1722 407/322/1723
f 407/322/1723 402/1879/1722 406/333/1724
s 395
f 405/1104/1725 403/522/1726 409/1971/1727
f 409/1971/1727 403/522/1726 407/1906/1728
s 396
f 402/791/1729 404/2234/1730 406/2578/1731
f 406/2578/1731 404/2234/1730 408/787/1732
s 397
f 412/654/1733 413/1794/1734 416/1187/1735
f 416/1187/1735 413/1794/1734 417/1595/1736
s 398
f 406/2578/1737 408/787/1738 410/534/1739
f 410/534/1739 408/787/1738 412/2195/1740
s 399
f 400/2351/1741 401/1056/1742 1713/2110/1743
f 1713/2110/1743 401/1056/1742 1712/2549/1744
s 400
f 407/322/1745 406/333/1746 411/1013/1747
f 411/1013/1747 406/333/1746 410/985/1748
s 401
f 415/1533/1749 414/1632/1750 419/795/1751
f 419/795/1751 414/1632/1750 418/1899/1752
s 402
f 411/1013/1753 410/985/1754 415/1533/1755
f 415/1533/1755 410/985/1754 414/1632/1756
s 403
f 413/2367/1757 411/386/1758 417/671/1759
f 417/671/1759 411/386/1758 415/1158/1760
s 404
f 410/534/1761 412/2195/1762 414/2579/1763
f 414/2579/1763 412/2195/1762 416/399/1764
s 405
f 421/1122/1765 419/907/1766 425/1196/1767
f 425/1196/1767 419/907/1766 423/1652/1768
s 406
f 417/671/1769 415/1158/1770 421/1122/1771
f 421/1122/1771 415/1158/1770 419/907/1772
s 407
f 414/2579/1773 416/399/1774 418/2580/1775
f 418/2580/1775 416/399/1774 420/380/1776
s 408
f 408/1787/1777 409/2155/1778 1717/1634/1779
f 1717/1634/1779 409/2155/1778 1716/2566/1780
s 409
f 405/2213/1781 404/1921/1782 1714/630/1783
f 1714/630/1783 404/1921/1782 1715/1705/1784
s 410
f 418/2580/1785 420/380/1786 422/2581/1787
f 422/2581/1787 420/380/1786 424/1969/1788
s 411
f 420/1137/1789 421/1848/1790 424/2505/1791
f 424/2505/1791 421/1848/1790 425/1693/1792
s 412
f 419/795/1793 418/1899/1794 423/2142/1795
f 423/2142/1795 418/1899/1794 422/1085/1796
s 413
f 420/380/1797 416/399/1798 1723/2156/1799
f 1723/2156/1799 416/399/1798 1721/20/1800
s 414
f 423/2142/1801 422/1085/1802 427/1455/1803
f 427/1455/1803 422/1085/1802 426/36/1804
s 415
f 425/1196/1805 423/1652/1806 429/434/1807
f 429/434/1807 423/1652/1806 427/2159/1808
s 416
f 422/2581/1809 424/1969/1810 426/2582/1811
f 426/2582/1811 424/1969/1810 428/487/1812
s 417
f 427/2454/1813 426/986/1814 1727/1194/1815
f 1727/1194/1815 426/986/1814 1726/2571/1816
s 418
f 416/2010/1817 417/2583/1818 1721/296/1819
f 1721/296/1819 417/2583/1818 1720/2584/1820
s 419
f 421/2260/1821 420/2231/1822 1722/1888/1823
f 1722/1888/1823 420/2231/1822 1723/903/1824
s off
f 426/1155/1825 428/2585/1826 1726/2586/1827
s 420
f 424/2587/1828 425/1105/1829 1725/2588/1830
f 1725/2588/1830 425/1105/1829 1724/2307/1831
s 421
f 401/2039/1832 405/1104/1833 1712/1837/1834
f 1712/1837/1834 405/1104/1833 1714/1792/1835
s 422
f 404/2234/1836 400/1425/1837 1715/1006/1838
f 1715/1006/1838 400/1425/1837 1713/1833/1839
s 423
f 409/1971/1840 413/2367/1841 1716/924/1842
f 1716/924/1842 413/2367/1841 1718/1100/1843
s off
f 429/2589/1844 427/2590/1845 1727/2591/1846
s 424
f 390/2283/1847 391/1084/1848 1708/1060/1849
f 1708/1060/1849 391/1084/1848 1709/676/1850
s 425
f 412/2195/1851 408/787/1852 1719/959/1853
f 1719/959/1853 408/787/1852 1717/2523/1854
s 426
f 425/1196/1855 429/434/1856 1724/2409/1857
f 1724/2409/1857 429/434/1856 1727/37/1858
s 427
f 394/305/1859 390/480/1860 1710/1143/1861
f 1710/1143/1861 390/480/1860 1708/1686/1862
s 428
f 417/285/1863 421/1882/1864 1720/1877/1865
f 1720/1877/1865 421/1882/1864 1722/2385/1866
s 429
f 428/487/1867 424/1969/1868 1726/856/1869
f 1726/856/1869 424/1969/1868 1725/1814/1870
s 430
f 391/136/1871 395/2530/1872 1709/2160/1873
f 1709/2160/1873 395/2530/1872 1711/1984/1874
s 431
f 443/1029/1875 433/554/1876 455/2091/1877
f 455/2091/1877 433/554/1876 449/2425/1878
s 432
f 449/1537/1879 433/502/1880 450/641/1881
f 450/641/1881 433/502/1880 437/960/1882
s 433
f 435/1049/1883 441/2145/1884 445/1563/1885
f 445/1563/1885 441/2145/1884 447/2388/1886
s 434
f 451/1904/1887 435/403/1888 448/376/1889
f 448/376/1889 435/403/1888 431/1192/1890
s 435
f 442/2539/1891 444/1933/1892 430/2414/1893
f 430/2414/1893 444/1933/1892 434/1776/1894
s 436
f 445/2218/1895 443/2592/1896 435/1393/1897
f 435/1393/1897 443/2592/1896 431/2593/1898
s 437
f 447/2445/1899 441/1239/1900 454/1078/1901
f 454/1078/1901 441/1239/1900 453/1023/1902
s 438
f 450/1240/1903 437/139/1904 452/2370/1905
f 452/2370/1905 437/139/1904 438/2347/1906
s 439
f 451/59/1907 434/1593/1908 453/58/1909
f 453/58/1909 434/1593/1908 440/1287/1910
s 440
f 436/970/1911 439/174/1912 444/2466/1913
f 444/2466/1913 439/174/1912 446/424/1914
s 441
f 434/1101/1915 444/2466/1916 440/1538/1917
f 440/1538/1917 444/2466/1916 446/424/1918
s 442
f 452/2443/1919 438/2449/1920 454/1078/1921
f 454/1078/1921 438/2449/1920 447/2445/1922
s 443
f 437/1124/1923 433/279/1924 445/2218/1925
f 445/2218/1925 433/279/1924 443/2592/1926
s 444
f 432/2594/1927 436/23/1928 442/2539/1929
f 442/2539/1929 436/23/1928 444/1933/1930
s 445
f 437/1331/1931 445/1563/1932 438/626/1933
f 438/626/1933 445/1563/1932 447/2388/1934
s 446
f 448/649/1935 431/284/1936 455/2091/1937
f 455/2091/1937 431/284/1936 443/1029/1938
s 447
f 448/649/1939 455/2091/1940 430/1411/1941
f 430/1411/1941 455/2091/1940 442/875/1942
s 448
f 452/2443/1943 454/1078/1944 439/2534/1945
f 439/2534/1945 454/1078/1944 446/526/1946
s 449
f 451/59/1947 453/58/1948 435/418/1949
f 435/418/1949 453/58/1948 441/1355/1950
s 450
f 450/1240/1951 452/2370/1952 436/2496/1953
f 436/2496/1953 452/2370/1952 439/616/1954
s 451
f 446/526/1955 454/1078/1956 440/564/1957
f 440/564/1957 454/1078/1956 453/1023/1958
s 452
f 434/1080/1959 451/1904/1960 430/1167/1961
f 430/1167/1961 451/1904/1960 448/376/1962
s 453
f 432/2481/1963 449/1537/1964 436/1828/1965
f 436/1828/1965 449/1537/1964 450/641/1966
s 454
f 442/875/1967 455/2091/1968 432/1629/1969
f 432/1629/1969 455/2091/1968 449/2425/1970
s 455
f 32/1770/1971 89/1446/1972 457/1197/1973
f 457/1197/1973 89/1446/1972 456/2455/1974
s 456
f 1729/1987/1975 32/1770/1976 1675/2426/1977
f 1675/2426/1977 32/1770/1976 457/1197/1978
s 457
f 1728/2474/1979 1685/2025/1980 89/1446/1981
f 89/1446/1981 1685/2025/1980 456/2455/1982
s 458
f 1731/2246/1983 1730/1263/1984 459/449/1985
f 459/449/1985 1730/1263/1984 458/1039/1986
s 459
f 1728/74/1987 89/1170/1988 1730/773/1989
f 1730/773/1989 89/1170/1988 458/234/1990
s 460
f 89/1312/1991 32/1842/1992 458/1433/1993
f 458/1433/1993 32/1842/1992 459/535/1994
s 461
f 464/1341/1995 465/2290/1996 470/224/1997
f 470/224/1997 465/2290/1996 461/1132/1998
s 462
f 1733/719/1999 1734/1622/2000 464/1341/2001
f 464/1341/2001 1734/1622/2000 465/2290/2002
s 463
f 460/454/2003 463/2104/2004 477/1755/2005
f 463/2104/2004 476/2143/2006 477/1755/2005
s 464
f 471/1762/2007 460/2121/2008 472/177/2009
f 472/177/2009 460/2121/2008 477/1149/2010
s 465
f 1675/965/2011 457/21/2012 1734/2222/2013
f 1734/2222/2013 457/21/2012 465/807/2014
s 466
f 29/465/2015 47/661/2016 461/2137/2017
f 461/2137/2017 47/661/2016 470/1280/2018
s 467
f 462/2358/2019 463/575/2020 466/2040/2021
f 466/2040/2021 463/575/2020 467/2294/2022
s 468
f 462/2358/2023 466/2040/2024 469/1913/2025
f 469/1913/2025 466/2040/2024 1732/1569/2026
s 469
f 469/1913/2027 1732/1569/2028 468/16/2029
f 468/16/2029 1732/1569/2028 1733/1521/2030
s 470
f 463/575/2031 460/1729/2032 467/2294/2033
f 467/2294/2033 460/1729/2032 470/538/2034
s 471
f 471/1762/2035 468/442/2036 464/2498/2037
f 464/2498/2037 468/442/2036 1733/857/2038
s 472
f 471/1762/2039 464/2498/2040 460/2121/2041
f 460/2121/2041 464/2498/2040 470/1846/2042
s 473
f 475/1077/2043 474/801/2044 473/2309/2045
f 473/2309/2045 474/801/2044 472/1214/2046
s 474
f 473/2309/2047 472/1214/2048 476/1463/2049
f 476/1463/2049 472/1214/2048 477/485/2050
s 475
f 462/231/2051 469/642/2052 473/772/2053
f 473/772/2053 469/642/2052 475/2226/2054
s 476
f 468/442/2055 471/1762/2056 474/1449/2057
f 474/1449/2057 471/1762/2056 472/177/2058
s 477
f 468/617/2059 474/2402/2060 469/429/2061
f 469/429/2061 474/2402/2060 475/173/2062
s 478
f 463/966/2063 462/231/2064 476/375/2065
f 476/375/2065 462/231/2064 473/772/2066
s 479
f 496/178/2067 491/1855/2068 497/1560/2069
f 497/1560/2069 491/1855/2068 481/2300/2070
s 480
f 497/627/2071 481/1721/2072 498/401/2073
f 498/401/2073 481/1721/2072 485/2464/2074
s 481
f 478/2362/2075 482/897/2076 506/490/2077
f 506/490/2077 482/897/2076 507/602/2078
s 482
f 480/1556/2079 484/2144/2080 490/2298/2081
f 490/2298/2081 484/2144/2080 492/1195/2082
s 483
f 485/400/2083 481/2037/2084 493/2181/2085
f 493/2181/2085 481/2037/2084 491/2078/2086
s 484
f 499/19/2087 486/1528/2088 500/53/2089
f 500/53/2089 486/1528/2088 494/1600/2090
s 485
f 492/1195/2091 484/2144/2092 495/2495/2093
f 495/2495/2093 484/2144/2092 487/369/2094
s 486
f 485/400/2095 493/2181/2096 486/1558/2097
f 486/1558/2097 493/2181/2096 494/1902/2098
s 487
f 485/2464/2099 486/2363/2100 498/401/2101
f 498/401/2101 486/2363/2100 499/2329/2102
s 488
f 479/1601/2103 491/1855/2104 501/1527/2105
f 501/1527/2105 491/1855/2104 496/178/2106
s 489
f 482/2004/2107 478/2320/2108 492/1195/2109
f 492/1195/2109 478/2320/2108 490/2298/2110
s 490
f 483/1450/2111 493/2152/2112 479/1147/2113
f 479/1147/2113 493/2152/2112 491/339/2114
s 491
f 488/435/2115 495/523/2116 502/343/2117
f 502/343/2117 495/523/2116 500/53/2118
s 492
f 482/2004/2119 492/1195/2120 488/317/2121
f 488/317/2121 492/1195/2120 495/2495/2122
s 493
f 483/1450/2123 489/353/2124 493/2152/2125
f 493/2152/2125 489/353/2124 494/551/2126
s 494
f 489/1864/2127 502/343/2128 494/1600/2129
f 494/1600/2129 502/343/2128 500/53/2130
s 495
f 501/1527/2131 496/178/2132 478/381/2133
f 478/381/2133 496/178/2132 490/1452/2134
s 496
f 484/1795/2135 498/401/2136 487/2079/2137
f 487/2079/2137 498/401/2136 499/2329/2138
s 497
f 487/2410/2139 499/19/2140 495/523/2141
f 495/523/2141 499/19/2140 500/53/2142
s 498
f 501/621/2143 504/1668/2144 479/1009/2145
f 479/1009/2145 504/1668/2144 505/1086/2146
s 499
f 497/627/2147 498/401/2148 480/1765/2149
f 480/1765/2149 498/401/2148 484/1795/2150
s 500
f 490/1452/2151 496/178/2152 480/2448/2153
f 480/2448/2153 496/178/2152 497/1560/2154
s 501
f 489/137/2155 483/2535/2156 510/1094/2157
f 510/1094/2157 483/2535/2156 503/646/2158
s off
f 509/1160/2159 508/1400/2160 511/2153/2161
f 510/668/2162 503/863/2163 511/2153/2164
f 504/2381/2165 506/1807/2166 511/2153/2167
f 505/662/2168 504/2381/2169 511/2153/2170
f 506/1807/2171 507/1229/2172 511/2153/2173
f 508/1400/2174 510/668/2175 511/2153/2176
f 507/1229/2177 509/1160/2178 511/2153/2179
f 503/863/2180 505/662/2181 511/2153/2182
s 502
f 479/1802/2183 505/543/2184 483/2535/2185
f 483/2535/2185 505/543/2184 503/646/2186
s 503
f 502/2497/2187 508/1211/2188 488/2317/2189
f 488/2317/2189 508/1211/2188 509/540/2190
s 504
f 501/621/2191 478/144/2192 504/1668/2193
f 504/1668/2193 478/144/2192 506/2219/2194
s 505
f 488/858/2195 509/565/2196 482/897/2197
f 482/897/2197 509/565/2196 507/602/2198
s 506
f 502/2497/2199 489/1502/2200 508/1211/2201
f 508/1211/2201 489/1502/2200 510/1233/2202
s 507
f 530/207/2203 525/2541/2204 531/1618/2205
f 531/1618/2205 525/2541/2204 515/1057/2206
s 508
f 531/387/2207 515/1657/2208 532/980/2209
f 532/980/2209 515/1657/2208 519/1865/2210
s 509
f 512/491/2211 516/1756/2212 540/1761/2213
f 540/1761/2213 516/1756/2212 541/838/2214
s 510
f 514/1251/2215 518/2570/2216 524/1658/2217
f 524/1658/2217 518/2570/2216 526/1883/2218
s 511
f 519/1483/2219 515/1777/2220 527/445/2221
f 527/445/2221 515/1777/2220 525/478/2222
s 512
f 533/2176/2223 520/318/2224 534/1623/2225
f 534/1623/2225 520/318/2224 528/1150/2226
s 513
f 526/1883/2227 518/2570/2228 529/1653/2229
f 529/1653/2229 518/2570/2228 521/2046/2230
s 514
f 519/1483/2231 527/445/2232 520/2108/2233
f 520/2108/2233 527/445/2232 528/2157/2234
s 515
f 519/1865/2235 520/560/2236 532/980/2237
f 532/980/2237 520/560/2236 533/605/2238
s 516
f 513/2374/2239 525/2541/2240 535/105/2241
f 535/105/2241 525/2541/2240 530/207/2242
s 517
f 516/1227/2243 512/334/2244 526/1883/2245
f 526/1883/2245 512/334/2244 524/1658/2246
s 518
f 517/56/2247 527/873/2248 513/788/2249
f 513/788/2249 527/873/2248 525/1114/2250
s 519
f 522/1332/2251 529/656/2252 536/1853/2253
f 536/1853/2253 529/656/2252 534/1623/2254
s 520
f 516/1227/2255 526/1883/2256 522/1234/2257
f 522/1234/2257 526/1883/2256 529/1653/2258
s 521
f 517/56/2259 523/1654/2260 527/873/2261
f 527/873/2261 523/1654/2260 528/208/2262
s 522
f 523/930/2263 536/1853/2264 528/1150/2265
f 528/1150/2265 536/1853/2264 534/1623/2266
s 523
f 535/105/2267 530/207/2268 512/2486/2269
f 512/2486/2269 530/207/2268 524/2379/2270
s 524
f 518/1719/2271 532/980/2272 521/433/2273
f 521/433/2273 532/980/2272 533/605/2274
s 525
f 521/2223/2275 533/2176/2276 529/656/2277
f 529/656/2277 533/2176/2276 534/1623/2278
s 526
f 535/672/2279 538/1042/2280 513/187/2281
f 513/187/2281 538/1042/2280 539/1894/2282
s 527
f 531/387/2283 532/980/2284 514/57/2285
f 514/57/2285 532/980/2284 518/1719/2286
s 528
f 524/2379/2287 530/207/2288 514/1024/2289
f 514/1024/2289 530/207/2288 531/1618/2290
s 529
f 523/1050/2291 517/2301/2292 544/1803/2293
f 544/1803/2293 517/2301/2292 537/2368/2294
s off
f 543/2262/2295 542/1223/2296 545/2522/2297
f 544/1414/2298 537/628/2299 545/2522/2300
f 538/1956/2301 540/1914/2302 545/2522/2303
f 539/354/2304 538/1956/2305 545/2522/2306
f 540/1914/2307 541/2130/2308 545/2522/2309
f 542/1223/2310 544/1414/2311 545/2522/2312
f 541/2130/2313 543/2262/2314 545/2522/2315
f 537/628/2316 539/354/2317 545/2522/2318
s 530
f 513/486/2319 539/430/2320 517/2301/2321
f 517/2301/2321 539/430/2320 537/2368/2322
s 531
f 536/1655/2323 542/840/2324 522/223/2325
f 522/223/2325 542/840/2324 543/1083/2326
s 532
f 535/672/2327 512/1221/2328 538/1042/2329
f 538/1042/2329 512/1221/2328 540/1198/2330
s 533
f 522/1106/2331 543/775/2332 516/1756/2333
f 516/1756/2333 543/775/2332 541/838/2334
s 534
f 536/1655/2335 523/1097/2336 542/840/2337
f 542/840/2337 523/1097/2336 544/563/2338
s 535
f 549/1015/2339 548/1912/2340 557/1111/2341
f 557/1111/2341 548/1912/2340 554/1343/2342
s 536
f 548/1912/2343 549/1015/2344 552/815/2345
f 552/815/2345 549/1015/2344 553/2343/2346
s 537
f 552/1895/2347 553/50/2348 550/3/2349
f 550/3/2349 553/50/2348 551/2392/2350
s 538
f 550/422/2351 551/2205/2352 546/320/2353
f 546/320/2353 551/2205/2352 547/779/2354
s 539
f 552/1771/2355 550/128/2356 548/1621/2357
f 548/1621/2357 550/128/2356 546/610/2358
s 540
f 553/1701/2359 549/1699/2360 551/546/2361
f 551/546/2361 549/1699/2360 547/222/2362
s 541
f 556/607/2363 557/1856/2364 560/1671/2365
f 560/1671/2365 557/1856/2364 561/67/2366
s 542
f 546/320/2367 547/779/2368 555/230/2369
f 555/230/2369 547/779/2368 556/2117/2370
s 543
f 547/222/2371 549/1699/2372 556/607/2373
f 556/607/2373 549/1699/2372 557/1856/2374
s 544
f 548/1621/2375 546/610/2376 554/226/2377
f 554/226/2377 546/610/2376 555/468/2378
s 545
f 559/45/2379 560/991/2380 558/2012/2381
f 558/2012/2381 560/991/2380 561/1605/2382
s 546
f 555/468/2383 559/1665/2384 554/226/2385
f 554/226/2385 559/1665/2384 558/495/2386
s 547
f 557/1111/2387 554/1343/2388 561/2302/2389
f 561/2302/2389 554/1343/2388 558/2595/2390
s 548
f 555/230/2391 556/2117/2392 559/412/2393
f 559/412/2393 556/2117/2392 560/2375/2394
s 549
f 563/1164/2395 565/1957/2396 574/247/2397
f 574/247/2397 565/1957/2396 580/511/2398
s 550
f 580/2328/2399 565/2134/2400 588/1257/2401
f 588/1257/2401 565/2134/2400 591/2209/2402
s 551
f 583/325/2403 569/47/2404 577/156/2405
f 577/156/2405 569/47/2404 567/462/2406
s 552
f 592/227/2407 563/1116/2408 595/708/2409
f 595/708/2409 563/1116/2408 571/501/2410
s 553
f 581/2483/2411 589/880/2412 562/1098/2413
f 562/1098/2413 589/880/2412 590/2525/2414
s 554
f 591/4/2415 565/881/2416 592/227/2417
f 592/227/2417 565/881/2416 563/1116/2418
s 555
f 595/1545/2419 571/763/2420 593/1606/2421
f 593/1606/2421 571/763/2420 578/194/2422
s 556
f 567/462/2423 572/1504/2424 577/156/2425
f 577/156/2425 572/1504/2424 579/1769/2426
s 557
f 562/1220/2427 570/1353/2428 574/247/2429
f 574/247/2429 570/1353/2428 578/493/2430
s 558
f 562/1098/2431 590/2525/2432 570/1303/2433
f 570/1303/2433 590/2525/2432 594/419/2434
s 559
f 563/1164/2435 574/247/2436 571/2202/2437
f 571/2202/2437 574/247/2436 578/493/2438
s 560
f 566/921/2439 577/156/2440 573/1988/2441
f 573/1988/2441 577/156/2440 579/1769/2442
s 561
f 594/456/2443 593/1606/2444 570/1917/2445
f 570/1917/2445 593/1606/2444 578/194/2446
s 562
f 583/325/2447 577/156/2448 582/1505/2449
f 582/1505/2449 577/156/2448 566/921/2450
s 563
f 568/1584/2451 564/893/2452 586/1347/2453
f 586/1347/2453 564/893/2452 585/161/2454
s 564
f 562/1220/2455 574/247/2456 581/2131/2457
f 581/2131/2457 574/247/2456 580/511/2458
s 565
f 564/446/2459 581/2128/2460 575/1838/2461
f 575/1838/2461 581/2128/2460 580/2328/2462
s 566
f 564/446/2463 568/2285/2464 581/2128/2465
f 581/2128/2465 568/2285/2464 589/2014/2466
s 567
f 568/2285/2467 576/1774/2468 589/2014/2469
f 589/2014/2469 576/1774/2468 588/1257/2470
s 568
f 576/1774/2471 575/1838/2472 588/1257/2473
f 588/1257/2473 575/1838/2472 580/2328/2474
s 569
f 584/266/2475 587/1508/2476 585/182/2477
f 585/182/2477 587/1508/2476 586/1447/2478
s 570
f 575/780/2479 576/2547/2480 584/548/2481
f 584/548/2481 576/2547/2480 587/1649/2482
s 571
f 576/1669/2483 568/576/2484 587/1543/2485
f 587/1543/2485 568/576/2484 586/765/2486
s 572
f 575/1910/2487 584/677/2488 564/1380/2489
f 564/1380/2489 584/677/2488 585/1982/2490
s 573
f 583/101/2491 582/726/2492 588/1370/2493
f 588/1370/2493 582/726/2492 589/821/2494
s 574
f 566/515/2495 590/1559/2496 582/726/2497
f 582/726/2497 590/1559/2496 589/821/2498
s 575
f 567/78/2499 569/28/2500 592/764/2501
f 592/764/2501 569/28/2500 591/896/2502
s 576
f 579/663/2503 593/1366/2504 573/1437/2505
f 573/1437/2505 593/1366/2504 594/406/2506
s 577
f 567/78/2507 592/764/2508 572/1643/2509
f 572/1643/2509 592/764/2508 595/1974/2510
s 578
f 566/515/2511 573/1437/2512 590/1559/2513
f 590/1559/2513 573/1437/2512 594/406/2514
s 579
f 583/101/2515 588/1370/2516 569/28/2517
f 569/28/2517 588/1370/2516 591/896/2518
s 580
f 579/663/2519 572/1643/2520 593/1366/2521
f 593/1366/2521 572/1643/2520 595/1974/2522
s 581
f 599/1459/2523 598/2435/2524 607/1617/2525
f 607/1617/2525 598/2435/2524 604/1318/2526
s 582
f 598/2435/2527 599/1459/2528 602/202/2529
f 602/202/2529 599/1459/2528 603/1171/2530
s 583
f 602/925/2531 603/1891/2532 600/1582/2533
f 600/1582/2533 603/1891/2532 601/86/2534
s 584
f 600/1176/2535 601/2069/2536 596/167/2537
f 596/167/2537 601/2069/2536 597/917/2538
s 585
f 602/1500/2539 600/1461/2540 598/134/2541
f 598/134/2541 600/1461/2540 596/179/2542
s 586
f 603/1351/2543 599/1811/2544 601/1868/2545
f 601/1868/2545 599/1811/2544 597/2429/2546
s 587
f 606/420/2547 607/289/2548 610/1388/2549
f 610/1388/2549 607/289/2548 611/1434/2550
s 588
f 596/167/2551 597/917/2552 605/1244/2553
f 605/1244/2553 597/917/2552 606/727/2554
s 589
f 597/2429/2555 599/1811/2556 606/420/2557
f 606/420/2557 599/1811/2556 607/289/2558
s 590
f 598/134/2559 596/179/2560 604/1797/2561
f 604/1797/2561 596/179/2560 605/2327/2562
s 591
f 609/1944/2563 610/1072/2564 608/1907/2565
f 608/1907/2565 610/1072/2564 611/953/2566
s 592
f 605/2327/2567 609/1421/2568 604/1797/2569
f 604/1797/2569 609/1421/2568 608/1588/2570
s 593
f 607/1617/2571 604/1318/2572 611/521/2573
f 611/521/2573 604/1318/2572 608/887/2574
s 594
f 605/1244/2575 606/727/2576 609/853/2577
f 609/853/2577 606/727/2576 610/1744/2578
s 595
f 20/1989/2579 2/1071/2580 625/155/2581
f 625/155/2581 2/1071/2580 763/2158/2582
s 596
f 15/2557/2583 22/2552/2584 762/1574/2585
f 762/1574/2585 22/2552/2584 628/951/2586
s 597
f 50/619/2587 15/2557/2588 761/416/2589
f 761/416/2589 15/2557/2588 762/1574/2590
s 598
f 52/118/2591 20/1989/2592 627/922/2593
f 627/922/2593 20/1989/2592 625/155/2594
s 599
f 50/619/2595 761/416/2596 2/1071/2597
f 2/1071/2597 761/416/2596 763/2158/2598
s 600
f 52/118/2599 627/922/2600 22/2552/2601
f 22/2552/2601 627/922/2600 628/951/2602
s 601
f 622/2067/2603 623/2513/2604 618/2090/2605
f 618/2090/2605 623/2513/2604 619/740/2606
s 602
f 618/2090/2607 619/740/2608 620/217/2609
f 620/217/2609 619/740/2608 621/2484/2610
s 603
f 2/1295/2611 20/2072/2612 621/1512/2613
f 621/1512/2613 20/2072/2612 620/2161/2614
s 604
f 52/1296/2615 22/1016/2616 618/201/2617
f 618/201/2617 22/1016/2616 622/2093/2618
s 605
f 52/1296/2619 618/201/2620 20/1742/2621
f 20/1742/2621 618/201/2620 620/1219/2622
s 606
f 22/1513/2623 15/2120/2624 622/1479/2625
f 622/1479/2625 15/2120/2624 623/888/2626
s 607
f 26/845/2627 612/130/2628 624/2239/2629
f 624/2239/2629 612/130/2628 625/155/2630
s 608
f 27/889/2631 626/1264/2632 615/1630/2633
f 615/1630/2633 626/1264/2632 628/951/2634
s 609
f 617/2324/2635 627/922/2636 612/130/2637
f 612/130/2637 627/922/2636 625/155/2638
s 610
f 26/845/2639 624/2239/2640 84/851/2641
f 84/851/2641 624/2239/2640 629/2431/2642
s 611
f 27/889/2643 85/923/2644 626/1264/2645
f 626/1264/2645 85/923/2644 630/407/2646
s 612
f 617/2324/2647 615/1630/2648 627/922/2649
f 627/922/2649 615/1630/2648 628/951/2650
s 613
f 631/1943/2651 84/851/2652 88/849/2653
f 88/849/2653 84/851/2652 629/2431/2654
s 614
f 631/1943/2655 88/849/2656 85/923/2657
f 85/923/2657 88/849/2656 630/407/2658
s 615
f 632/1001/2659 634/1889/2660 636/2511/2661
f 636/2511/2661 634/1889/2660 638/1292/2662
s 616
f 635/270/2663 640/874/2664 632/1002/2665
f 632/1002/2665 640/874/2664 634/1890/2666
s 617
f 639/2396/2667 635/270/2668 633/678/2669
f 633/678/2669 635/270/2668 632/1002/2670
s 618
f 633/679/2671 632/1001/2672 637/1161/2673
f 637/1161/2673 632/1001/2672 636/2511/2674
s 619
f 26/259/2675 84/2514/2676 633/77/2677
f 633/77/2677 84/2514/2676 639/421/2678
s 620
f 27/2060/2679 615/2371/2680 634/40/2681
f 634/40/2681 615/2371/2680 638/1819/2682
s 621
f 631/1283/2683 635/1394/2684 84/796/2685
f 84/796/2685 635/1394/2684 639/2171/2686
s 622
f 85/1471/2687 27/2060/2688 640/1245/2689
f 640/1245/2689 27/2060/2688 634/40/2690
s 623
f 698/2099/2691 699/1822/2692 700/1410/2693
f 700/1410/2693 699/1822/2692 701/2330/2694
s 624
f 700/1435/2695 701/995/2696 702/900/2697
f 702/900/2697 701/995/2696 703/81/2698
s 625
f 656/159/2699 655/1274/2700 706/253/2701
f 706/253/2701 655/1274/2700 707/1172/2702
s 626
f 648/1849/2703 649/1724/2704 685/877/2705
f 685/877/2705 649/1724/2704 687/126/2706
s 627
f 694/1688/2707 695/998/2708 696/1460/2709
f 696/1460/2709 695/998/2708 697/2509/2710
s 628
f 653/1075/2711 652/1925/2712 709/1188/2713
f 709/1188/2713 652/1925/2712 710/2512/2714
s 629
f 692/1492/2715 693/637/2716 694/1688/2717
f 694/1688/2717 693/637/2716 695/998/2718
s 630
f 650/43/2719 649/1266/2720 712/1885/2721
f 712/1885/2721 649/1266/2720 713/606/2722
s 631
f 656/203/2723 742/1959/2724 701/2387/2725
f 701/2387/2725 742/1959/2724 703/2510/2726
s 632
f 690/854/2727 691/590/2728 692/2236/2729
f 692/2236/2729 691/590/2728 693/2433/2730
s 633
f 647/2190/2731 646/26/2732 715/867/2733
f 715/867/2733 646/26/2732 716/1745/2734
s 634
f 688/512/2735 689/1509/2736 690/854/2737
f 690/854/2737 689/1509/2736 691/590/2738
s 635
f 644/250/2739 737/868/2740 718/2543/2741
f 718/2543/2741 737/868/2740 738/183/2742
s 636
f 645/2051/2743 646/1759/2744 679/604/2745
f 679/604/2745 646/1759/2744 681/46/2746
s 637
f 686/329/2747 687/457/2748 688/512/2749
f 688/512/2749 687/457/2748 689/1509/2750
s 638
f 742/1648/2751 656/1641/2752 740/846/2753
f 740/846/2753 656/1641/2752 706/1996/2754
s 639
f 653/1350/2755 654/219/2756 695/315/2757
f 695/315/2757 654/219/2756 697/577/2758
s 640
f 684/1061/2759 685/443/2760 686/329/2761
f 686/329/2761 685/443/2760 687/457/2762
s 641
f 654/2166/2763 653/1075/2764 708/2257/2765
f 708/2257/2765 653/1075/2764 709/1188/2766
s 642
f 682/2544/2767 683/1037/2768 684/759/2769
f 684/759/2769 683/1037/2768 685/2119/2770
s 643
f 651/1249/2771 650/43/2772 711/706/2773
f 711/706/2773 650/43/2772 712/1885/2774
s 644
f 680/197/2775 681/509/2776 682/2544/2777
f 682/2544/2777 681/509/2776 683/1037/2778
s 645
f 648/825/2779 647/2190/2780 714/2018/2781
f 714/2018/2781 647/2190/2780 715/867/2782
s 646
f 650/63/2783 651/1406/2784 689/165/2785
f 689/165/2785 651/1406/2784 691/1938/2786
s 647
f 678/1869/2787 679/1712/2788 680/197/2789
f 680/197/2789 679/1712/2788 681/509/2790
s 648
f 645/2031/2791 644/82/2792 717/205/2793
f 717/205/2793 644/82/2792 718/898/2794
s 649
f 676/2011/2795 677/254/2796 678/1869/2797
f 678/1869/2797 677/254/2796 679/1712/2798
s 650
f 655/1274/2799 654/2166/2800 707/1172/2801
f 707/1172/2801 654/2166/2800 708/2257/2802
s 651
f 673/145/2803 674/1413/2804 676/2247/2805
f 676/2247/2805 674/1413/2804 677/556/2806
s 652
f 652/1615/2807 651/1249/2808 710/2528/2809
f 710/2528/2809 651/1249/2808 711/706/2810
s 653
f 642/1376/2811 737/978/2812 675/147/2813
f 675/147/2813 737/978/2812 674/2030/2814
s 654
f 672/1541/2815 675/66/2816 673/145/2817
f 673/145/2817 675/66/2816 674/1413/2818
s 655
f 649/1266/2819 648/316/2820 713/606/2821
f 713/606/2821 648/316/2820 714/2560/2822
s 656
f 647/1163/2823 648/1849/2824 683/348/2825
f 683/348/2825 648/1849/2824 685/877/2826
s 657
f 646/26/2827 645/2031/2828 716/1745/2829
f 716/1745/2829 645/2031/2828 717/205/2830
s 658
f 666/466/2831 665/277/2832 726/2441/2833
f 726/2441/2833 665/277/2832 727/2558/2834
s 659
f 655/330/2835 656/203/2836 699/730/2837
f 699/730/2837 656/203/2836 701/2387/2838
s 660
f 696/1460/2839 697/2509/2840 698/2099/2841
f 698/2099/2841 697/2509/2840 699/1822/2842
s 661
f 743/363/2843 746/1583/2844 749/870/2845
f 749/870/2845 746/1583/2844 822/2070/2846
s 662
f 702/900/2847 703/81/2848 672/1541/2849
f 672/1541/2849 703/81/2848 675/66/2850
s 663
f 651/1406/2851 652/163/2852 691/1938/2853
f 691/1938/2853 652/163/2852 693/426/2854
s 664
f 737/978/2855 644/816/2856 674/2030/2857
f 674/2030/2857 644/816/2856 677/1557/2858
s 665
f 742/1959/2859 642/1376/2860 703/2510/2861
f 703/2510/2861 642/1376/2860 675/147/2862
s 666
f 654/219/2863 655/330/2864 697/577/2865
f 697/577/2865 655/330/2864 699/730/2866
s 667
f 646/1759/2867 647/1163/2868 681/46/2869
f 681/46/2869 647/1163/2868 683/348/2870
s 668
f 649/1724/2871 650/63/2872 687/126/2873
f 687/126/2873 650/63/2872 689/165/2874
s 669
f 652/163/2875 653/1350/2876 693/426/2877
f 693/426/2877 653/1350/2876 695/315/2878
s 670
f 644/816/2879 645/2051/2880 677/1557/2881
f 677/1557/2881 645/2051/2880 679/604/2882
s 671
f 671/1993/2883 641/1499/2884 740/286/2885
f 740/286/2885 641/1499/2884 704/618/2886
s 672
f 670/894/2887 671/1993/2888 706/2318/2889
f 706/2318/2889 671/1993/2888 740/286/2890
s 673
f 669/451/2891 670/894/2892 707/1806/2893
f 707/1806/2893 670/894/2892 706/2318/2894
s 674
f 668/413/2895 669/451/2896 708/2028/2897
f 708/2028/2897 669/451/2896 707/1806/2898
s 675
f 667/119/2899 668/413/2900 709/474/2901
f 709/474/2901 668/413/2900 708/2028/2902
s 676
f 666/2023/2903 667/119/2904 710/95/2905
f 710/95/2905 667/119/2904 709/474/2906
s 677
f 665/2465/2907 666/2023/2908 711/819/2909
f 711/819/2909 666/2023/2908 710/95/2910
s 678
f 664/942/2911 665/2465/2912 712/912/2913
f 712/912/2913 665/2465/2912 711/819/2914
s 679
f 663/2261/2915 664/942/2916 713/2086/2917
f 713/2086/2917 664/942/2916 712/912/2918
s 680
f 662/1592/2919 663/2261/2920 714/1772/2921
f 714/1772/2921 663/2261/2920 713/2086/2922
s 681
f 661/2272/2923 662/1592/2924 715/1017/2925
f 715/1017/2925 662/1592/2924 714/1772/2926
s 682
f 660/710/2927 661/2272/2928 716/1175/2929
f 716/1175/2929 661/2272/2928 715/1017/2930
s 683
f 659/186/2931 660/710/2932 717/1743/2933
f 717/1743/2933 660/710/2932 716/1175/2934
s 684
f 658/1180/2935 659/186/2936 718/1809/2937
f 718/1809/2937 659/186/2936 717/1743/2938
s 685
f 53/2065/2939 658/1180/2940 738/1070/2941
f 738/1070/2941 658/1180/2940 718/1809/2942
s 686
f 641/1499/2943 53/2065/2944 704/618/2945
f 704/618/2945 53/2065/2944 738/1070/2946
s 687
f 731/1125/2947 732/1126/2948 816/1679/2949
f 816/1679/2949 732/1126/2948 817/235/2950
s 688
f 658/127/2951 53/84/2952 734/993/2953
f 734/993/2953 53/84/2952 735/2551/2954
s 689
f 665/277/2955 664/2520/2956 727/2558/2957
f 727/2558/2957 664/2520/2956 728/114/2958
s 690
f 641/2596/2959 671/1022/2960 720/1273/2961
f 720/1273/2961 671/1022/2960 721/2203/2962
s 691
f 53/84/2963 641/2596/2964 735/2551/2965
f 735/2551/2965 641/2596/2964 720/1273/2966
s 692
f 664/2520/2967 663/2279/2968 728/114/2969
f 728/114/2969 663/2279/2968 729/1468/2970
s 693
f 671/1022/2971 670/499/2972 721/2203/2973
f 721/2203/2973 670/499/2972 722/1035/2974
s 694
f 663/2279/2975 662/417/2976 729/1468/2977
f 729/1468/2977 662/417/2976 730/1279/2978
s 695
f 670/1419/2979 669/377/2980 722/1352/2981
f 722/1352/2981 669/377/2980 723/473/2982
s 696
f 662/92/2983 661/1680/2984 730/157/2985
f 730/157/2985 661/1680/2984 731/1125/2986
s 697
f 669/377/2987 668/2469/2988 723/473/2989
f 723/473/2989 668/2469/2988 724/97/2990
s 698
f 661/1680/2991 660/1506/2992 731/1125/2993
f 731/1125/2993 660/1506/2992 732/1126/2994
s 699
f 668/2469/2995 667/1093/2996 724/97/2997
f 724/97/2997 667/1093/2996 725/1847/2998
s 700
f 660/1506/2999 659/599/3000 732/1126/3001
f 732/1126/3001 659/599/3000 733/8/3002
s 701
f 667/1093/3003 666/2559/3004 725/1847/3005
f 725/1847/3005 666/2559/3004 726/2501/3006
s 702
f 659/599/3007 658/327/3008 733/8/3009
f 733/8/3009 658/327/3008 734/236/3010
s 703
f 724/97/3011 725/1847/3012 809/2015/3013
f 809/2015/3013 725/1847/3012 810/2052/3014
s 704
f 732/1126/3015 733/8/3016 817/235/3017
f 817/235/3017 733/8/3016 818/1030/3018
s 705
f 725/1847/3019 726/2501/3020 810/2052/3021
f 810/2052/3021 726/2501/3020 811/2212/3022
s 706
f 733/8/3023 734/236/3024 818/1030/3025
f 818/1030/3025 734/236/3024 819/2199/3026
s 707
f 726/2441/3027 727/2558/3028 811/240/3029
f 811/240/3029 727/2558/3028 812/1152/3030
s 708
f 734/993/3031 735/2551/3032 819/2146/3033
f 819/2146/3033 735/2551/3032 820/2550/3034
s 709
f 727/2558/3035 728/114/3036 812/1152/3037
f 812/1152/3037 728/114/3036 813/2163/3038
s 710
f 720/1273/3039 721/2203/3040 805/452/3041
f 805/452/3041 721/2203/3040 806/131/3042
s 711
f 735/2551/3043 720/1273/3044 820/2550/3045
f 820/2550/3045 720/1273/3044 805/452/3046
s 712
f 728/114/3047 729/1468/3048 813/2163/3049
f 813/2163/3049 729/1468/3048 814/971/3050
s 713
f 721/2203/3051 722/1035/3052 806/131/3053
f 806/131/3053 722/1035/3052 807/723/3054
s 714
f 729/1468/3055 730/1279/3056 814/971/3057
f 814/971/3057 730/1279/3056 815/1737/3058
s 715
f 722/1352/3059 723/473/3060 807/160/3061
f 807/160/3061 723/473/3060 808/1736/3062
s 716
f 730/157/3063 731/1125/3064 815/463/3065
f 815/463/3065 731/1125/3064 816/1679/3066
s 717
f 723/473/3067 724/97/3068 808/1736/3069
f 808/1736/3069 724/97/3068 809/2015/3070
s 718
f 643/1140/3071 719/1293/3072 737/868/3073
f 737/868/3073 719/1293/3072 738/183/3074
s 719
f 739/2273/3075 705/1333/3076 704/308/3077
f 704/308/3077 705/1333/3076 740/846/3078
s 720
f 741/1862/3079 643/1140/3080 642/762/3081
f 642/762/3081 643/1140/3080 737/868/3082
s 721
f 705/1333/3083 657/2227/3084 740/846/3085
f 740/846/3085 657/2227/3084 742/1648/3086
s 722
f 739/2273/3087 704/308/3088 719/1293/3089
f 719/1293/3089 704/308/3088 738/183/3090
s 723
f 741/1862/3091 642/762/3092 657/2227/3093
f 657/2227/3093 642/762/3092 742/1648/3094
s 724
f 745/745/3095 747/1747/3096 823/680/3097
f 823/680/3097 747/1747/3096 821/1589/3098
s 725
f 745/745/3099 823/680/3100 746/1339/3101
f 746/1339/3101 823/680/3100 822/1438/3102
s 726
f 705/1417/3103 739/2066/3104 748/346/3105
f 748/346/3105 739/2066/3104 744/2032/3106
s 727
f 657/2088/3107 705/797/3108 747/1619/3109
f 747/1619/3109 705/797/3108 748/2255/3110
s 728
f 657/1401/3111 747/1747/3112 741/2341/3113
f 741/2341/3113 747/1747/3112 745/745/3114
s 729
f 719/2332/3115 643/992/3116 743/363/3117
f 743/363/3117 643/992/3116 746/1583/3118
s 730
f 719/1638/3119 743/414/3120 739/2066/3121
f 739/2066/3121 743/414/3120 744/2032/3122
s 731
f 643/2063/3123 741/2341/3124 746/1339/3125
f 746/1339/3125 741/2341/3124 745/745/3126
s 732
f 754/1294/3127 750/265/3128 826/2598/3129
f 826/2598/3129 750/265/3128 824/2597/3130
s 733
f 749/1258/3131 1842/220/3132 753/2061/3133
f 753/2061/3133 1842/220/3132 1844/2471/3134
s 734
f 749/870/3135 822/2070/3136 1842/2243/3137
f 1842/2243/3137 822/2070/3136 1953/1714/3138
s 735
f 821/283/3139 752/379/3140 1955/709/3141
f 1955/709/3141 752/379/3140 1845/1892/3142
s 736
f 752/800/3143 753/2061/3144 1845/2380/3145
f 1845/2380/3145 753/2061/3144 1844/2471/3146
s 737
f 744/2032/3147 753/2061/3148 748/346/3149
f 748/346/3149 753/2061/3148 752/800/3150
s 738
f 744/2032/3151 743/414/3152 753/2061/3153
f 753/2061/3153 743/414/3152 749/1258/3154
s 739
f 747/1619/3155 748/2255/3156 821/283/3157
f 821/283/3157 748/2255/3156 752/379/3158
s 740
f 24/1255/3159 1664/2164/3160 778/1639/3161
f 778/1639/3161 1664/2164/3160 1875/1119/3162
s 741
f 1663/2258/3163 764/782/3164 1859/1381/3165
f 1859/1381/3165 764/782/3164 767/328/3166
s 742
f 616/1378/3167 769/1510/3168 613/1275/3169
f 613/1275/3169 769/1510/3168 771/1990/3170
s 743
f 24/1255/3171 778/1639/3172 4/739/3173
f 4/739/3173 778/1639/3172 781/2196/3174
s 744
f 764/782/3175 613/494/3176 767/328/3177
f 767/328/3177 613/494/3176 771/813/3178
s 745
f 1733/367/3179 1732/2189/3180 755/1138/3181
f 755/1138/3181 1732/2189/3180 756/613/3182
s 746
f 755/1840/3183 756/2191/3184 757/1442/3185
f 756/2191/3184 758/402/3186 757/1442/3185
s 747
f 1954/743/3187 1955/1253/3188 759/2480/3189
f 759/2480/3189 1955/1253/3188 760/2430/3190
s 748
f 616/827/3191 761/2502/3192 614/2024/3193
f 614/2024/3193 761/2502/3192 762/1624/3194
s 749
f 764/2397/3195 10/1610/3196 613/1135/3197
f 613/1135/3197 10/1610/3196 763/979/3198
s 750
f 764/2397/3199 1663/1613/3200 10/1610/3201
f 10/1610/3201 1663/1613/3200 1853/87/3202
s 751
f 5/2254/3203 765/1823/3204 1669/5/3205
f 1669/5/3205 765/1823/3204 1855/736/3206
s 752
f 5/2254/3207 614/2024/3208 765/1823/3209
f 765/1823/3209 614/2024/3208 762/1624/3210
s 753
f 616/827/3211 613/1135/3212 761/2502/3213
f 761/2502/3213 613/1135/3212 763/979/3214
s 754
f 769/1073/3215 770/1246/3216 766/781/3217
f 766/781/3217 770/1246/3216 768/408/3218
s 755
f 766/781/3219 768/408/3220 1858/687/3221
f 1858/687/3221 768/408/3220 1861/691/3222
s 756
f 767/885/3223 766/781/3224 1859/2169/3225
f 1859/2169/3225 766/781/3224 1858/687/3226
s 757
f 771/1153/3227 769/1073/3228 767/885/3229
f 767/885/3229 769/1073/3228 766/781/3230
s 758
f 614/939/3231 770/241/3232 616/1378/3233
f 616/1378/3233 770/241/3232 769/1510/3234
s 759
f 5/1703/3235 768/2478/3236 614/48/3237
f 614/48/3237 768/2478/3236 770/734/3238
s 760
f 24/1319/3239 4/2339/3240 772/2515/3241
f 772/2515/3241 4/2339/3240 773/1488/3242
s 761
f 18/116/3243 774/2281/3244 16/2354/3245
f 16/2354/3245 774/2281/3244 775/2001/3246
s 762
f 51/600/3247 16/2354/3248 776/2241/3249
f 776/2241/3249 16/2354/3248 775/2001/3250
s 763
f 18/116/3251 1670/1661/3252 774/2281/3253
f 774/2281/3253 1670/1661/3252 1870/989/3254
s 764
f 1664/1344/3255 24/1319/3256 1871/2382/3257
f 1871/2382/3257 24/1319/3256 772/2515/3258
s 765
f 51/600/3259 776/2241/3260 4/2339/3261
f 4/2339/3261 776/2241/3260 773/1488/3262
s 766
f 779/799/3263 782/2029/3264 777/1676/3265
f 777/1676/3265 782/2029/3264 780/852/3266
s 767
f 1877/1614/3267 779/799/3268 1874/1478/3269
f 1874/1478/3269 779/799/3268 777/1676/3270
s 768
f 1874/1478/3271 777/1676/3272 1875/686/3273
f 1875/686/3273 777/1676/3272 778/1810/3274
s 769
f 777/1676/3275 780/852/3276 778/1810/3277
f 778/1810/3277 780/852/3276 781/1997/3278
s 770
f 51/1845/3279 780/653/3280 16/2055/3281
f 16/2055/3281 780/653/3280 782/1439/3282
s 771
f 1670/2173/3283 18/1484/3284 1877/2175/3285
f 1877/2175/3285 18/1484/3284 779/776/3286
s 772
f 789/711/3287 72/1028/3288 1674/294/3289
f 1674/294/3289 72/1028/3288 1881/693/3290
s 773
f 800/1329/3291 54/1677/3292 1677/937/3293
f 1677/937/3293 54/1677/3292 1882/694/3294
s off
f 72/1065/3295 785/891/3296 784/1836/3297
f 72/146/3298 786/1045/3299 785/891/3300
f 72/1585/3301 787/1474/3302 786/1045/3303
f 72/1958/3304 788/1472/3305 787/1474/3306
f 72/1129/3307 789/1386/3308 788/1472/3309
f 72/1590/3310 790/1162/3311 783/373/3312
f 72/1217/3313 791/2403/3314 790/1162/3315
f 72/1032/3316 792/2071/3317 791/2403/3318
f 72/409/3319 793/239/3320 792/2071/3321
f 72/464/3322 784/1836/3323 793/239/3324
f 54/1412/3325 796/345/3326 795/645/3327
f 54/999/3328 797/2207/3329 796/345/3330
f 54/784/3331 798/2393/3332 797/2207/3333
f 54/1407/3334 799/192/3335 798/2393/3336
f 54/741/3337 800/237/3338 799/192/3339
f 54/2092/3340 801/2208/3341 794/947/3342
f 54/2112/3343 802/229/3344 801/2208/3345
f 54/2503/3346 803/2043/3347 802/229/3348
f 54/886/3349 804/1043/3350 803/2043/3351
f 54/650/3352 795/645/3353 804/1043/3354
f 736/9/3355 805/601/3356 806/785/3357
f 736/1342/3358 806/785/3359 807/2026/3360
f 736/1808/3361 807/2026/3362 808/2200/3363
f 736/1260/3364 808/2200/3365 809/1173/3366
f 736/1261/3367 809/1173/3368 810/1535/3369
f 736/506/3370 810/1535/3371 811/1375/3372
f 736/876/3373 811/1375/3374 812/2556/3375
f 736/507/3376 812/2556/3377 813/1852/3378
f 736/2427/3379 813/1852/3380 814/2059/3381
f 736/2518/3382 814/2059/3383 815/2428/3384
f 736/2172/3385 815/2428/3386 816/735/3387
f 736/93/3388 816/735/3389 817/368/3390
f 736/2123/3391 817/368/3392 818/1470/3393
f 736/1681/3394 818/1470/3395 819/1682/3396
f 736/818/3397 819/1682/3398 820/2027/3399
f 736/984/3400 820/2027/3401 805/601/3402
s 774
f 1846/41/3403 751/688/3404 1955/1253/3405
f 1955/1253/3405 751/688/3404 821/1589/3406
s 775
f 1843/1901/3407 1953/2068/3408 754/1294/3409
f 754/1294/3409 1953/2068/3408 822/1438/3410
s 776
f 750/265/3411 823/680/3412 751/688/3413
f 751/688/3413 823/680/3412 821/1589/3414
s 777
f 750/265/3415 754/1294/3416 823/680/3417
f 823/680/3417 754/1294/3416 822/1438/3418
s 778
f 826/2598/3419 824/2597/3420 1961/2599/3421
f 1961/2599/3421 824/2597/3420 1960/2087/3422
s 779
f 825/2600/3423 1962/2601/3424 824/2597/3425
f 824/2597/3425 1962/2601/3424 1960/2087/3426
s 780
f 1843/1901/3427 754/1294/3428 1961/2599/3429
f 1961/2599/3429 754/1294/3428 826/2598/3430
s 781
f 750/265/3431 751/688/3432 824/2597/3433
f 824/2597/3433 751/688/3432 825/2600/3434
s 782
f 751/688/3435 1846/41/3436 825/2600/3437
f 825/2600/3437 1846/41/3436 1962/2601/3438
s 783
f 840/2602/3439 845/2603/3440 1883/2607/3441
f 905/2606/3442 1883/2607/3441 933/2605/3443
f 933/2605/3443 1883/2607/3441 947/2604/3444
f 845/2603/3440 947/2604/3444 1883/2607/3441
s 785
f 917/2609/3445 1851/2610/3446 869/2608/3447
f 869/2608/3447 1851/2610/3446 1531/2611/3448
s 786
f 1889/2612/3449 847/2613/3450 1674/294/3451
f 1674/294/3451 847/2613/3450 1668/32/3452
s 787
f 1673/1860/3453 839/2614/3454 1671/191/3455
f 1671/191/3455 839/2614/3454 843/2615/3456
s 788
f 923/2618/3457 968/2619/3458 917/2617/3459
f 976/2620/3460 894/2616/3461 968/2619/3458
f 894/2616/3461 917/2617/3459 968/2619/3458
s 789
f 896/2621/3462 895/2622/3463 994/2624/3464
f 994/2624/3464 895/2622/3463 979/2623/3465
s 790
f 847/2625/3466 1292/2626/3467 1668/636/3468
f 1668/636/3468 1292/2626/3467 1732/622/3469
s 791
f 916/2628/3470 837/2629/3471 865/2627/3472
f 865/2627/3472 837/2629/3471 832/2630/3473
s 792
f 1005/2632/3474 1004/2633/3475 1012/2631/3476
f 1012/2631/3476 1004/2633/3475 1011/2634/3477
s 793
f 1671/191/3478 843/2615/3479 1855/2337/3480
f 1855/2337/3480 843/2615/3479 1854/2635/3481
s 794
f 1866/2637/3482 837/2638/3483 868/2636/3484
f 868/2636/3484 837/2638/3483 916/2639/3485
s 795
f 1672/2080/3486 840/2602/3487 1661/1052/3488
f 1661/1052/3488 840/2602/3487 1883/2607/3489
s 796
f 1534/2640/3490 1850/2641/3491 843/2615/3492
f 843/2615/3492 1850/2641/3491 1854/2635/3493
s 797
f 1027/2642/3494 1041/2643/3495 1026/2645/3496
f 1026/2645/3496 1041/2643/3495 1040/2644/3497
s 798
f 1529/2647/3498 1525/2648/3499 841/2646/3500
f 841/2646/3500 1525/2648/3499 876/2649/3501
s 799
f 877/2650/3502 1878/2651/3503 830/2653/3504
f 830/2653/3504 1878/2651/3503 1879/2652/3505
s 800
f 1544/2655/3506 1542/2656/3507 1521/2654/3508
f 1521/2654/3508 1542/2656/3507 1523/2657/3509
s 801
f 1283/2658/3510 1291/2659/3511 855/2661/3512
f 855/2661/3512 1291/2659/3511 1287/2660/3513
s 802
f 839/2614/3514 1532/2662/3515 843/2615/3516
f 843/2615/3516 1532/2662/3515 1534/2640/3517
s 803
f 827/2664/3518 845/2603/3519 851/2663/3520
f 851/2663/3520 845/2603/3519 840/2602/3521
s 804
f 864/2665/3522 869/2608/3523 1530/2666/3524
f 1530/2666/3524 869/2608/3523 1531/2611/3525
s 805
f 966/2668/3526 956/2669/3527 965/2667/3528
f 965/2667/3528 956/2669/3527 955/2670/3529
s 806
f 913/2671/3530 864/2665/3531 1535/2672/3532
f 1535/2672/3532 864/2665/3531 1530/2666/3533
s 807
f 912/2673/3534 1536/2674/3535 839/2614/3536
f 839/2614/3536 1536/2674/3535 1532/2662/3537
s 808
f 1537/2675/3538 1541/2676/3539 911/2678/3540
f 911/2678/3540 1541/2676/3539 1546/2677/3541
s 809
f 898/2679/3542 1881/693/3543 1883/2607/3544
f 1883/2607/3544 1881/693/3543 1661/1052/3545
s 810
f 1866/2680/3546 1865/2681/3547 837/2629/3548
f 837/2629/3548 1865/2681/3547 832/2630/3549
s 811
f 1684/290/3550 912/2673/3551 1673/1860/3552
f 1673/1860/3552 912/2673/3551 839/2614/3553
s 812
f 867/2682/3554 986/2683/3555 834/2685/3556
f 834/2685/3556 986/2683/3555 991/2684/3557
s 813
f 1860/2687/3558 1861/2042/3559 831/2686/3560
f 831/2686/3560 1861/2042/3559 1669/1391/3561
s 814
f 838/2691/3562 847/2613/3563 942/2690/3564
f 1889/2612/3565 904/2688/3566 847/2613/3563
f 904/2688/3566 934/2689/3567 847/2613/3563
f 847/2613/3563 934/2689/3567 942/2690/3564
s 816
f 1679/1358/3568 865/2627/3569 1667/1950/3570
f 1667/1950/3570 865/2627/3569 832/2630/3571
s 817
f 1865/2681/3572 1871/2382/3573 832/2630/3574
f 832/2630/3574 1871/2382/3573 1667/1950/3575
s 818
f 1662/301/3576 851/2663/3577 1672/2080/3578
f 1672/2080/3578 851/2663/3577 840/2602/3579
s 819
f 851/2663/3580 1900/2692/3581 827/2664/3582
f 886/2693/3583 964/2694/3584 1900/2692/3581
f 964/2694/3584 969/2695/3585 1900/2692/3581
f 1900/2692/3581 969/2695/3585 827/2664/3582
s 821
f 1689/1821/3586 1694/1926/3587 983/2697/3588
f 983/2697/3588 1694/1926/3587 1001/2696/3589
s 822
f 1683/529/3590 896/2621/3591 1665/1549/3592
f 1665/1549/3592 896/2621/3591 994/2624/3593
s 823
f 875/94/3594 871/2251/3595 857/823/3596
f 857/823/3596 871/2251/3595 829/519/3597
s 824
f 1682/196/3598 892/2698/3599 1678/973/3600
f 1678/973/3600 892/2698/3599 861/2699/3601
s 825
f 835/2700/3602 833/2701/3603 1894/2705/3604
f 833/2701/3603 973/2702/3605 1894/2705/3604
f 887/2704/3606 1894/2705/3604 957/2703/3607
f 973/2702/3605 957/2703/3607 1894/2705/3604
s 826
f 880/2706/3608 1882/694/3609 1894/2705/3610
f 1894/2705/3610 1882/694/3609 1676/2323/3611
s 827
f 886/2707/3612 885/2708/3613 964/2709/3614
f 964/2709/3614 885/2708/3613 956/2669/3615
s 828
f 893/2710/3616 860/2711/3617 892/2698/3618
f 892/2698/3618 860/2711/3617 861/2699/3619
s 829
f 953/2713/3620 960/2714/3621 888/2712/3622
f 888/2712/3622 960/2714/3621 889/2715/3623
s 830
f 894/2717/3624 870/2718/3625 893/2716/3626
f 893/2716/3626 870/2718/3625 860/2719/3627
s 831
f 1699/2537/3628 1697/255/3629 1010/2721/3630
f 1010/2721/3630 1697/255/3629 1007/2720/3631
s 832
f 858/2722/3632 1285/2723/3633 1729/1427/3634
f 1729/1427/3634 1285/2723/3633 1731/1145/3635
s 833
f 1008/2724/3636 1002/2725/3637 1698/249/3638
f 1698/249/3638 1002/2725/3637 1695/1684/3639
s 834
f 1666/1804/3640 835/2700/3641 1676/2323/3642
f 1676/2323/3642 835/2700/3641 1894/2705/3643
s 835
f 895/2726/3644 897/2727/3645 979/2729/3646
f 979/2729/3646 897/2727/3645 981/2728/3647
s 836
f 855/2731/3648 866/2732/3649 1283/2730/3650
f 1283/2730/3650 866/2732/3649 1282/2733/3651
s 837
f 857/823/3652 829/519/3653 918/2252/3654
f 918/2252/3654 829/519/3653 862/123/3655
s 838
f 971/2735/3656 953/2713/3657 973/2734/3658
f 973/2734/3658 953/2713/3657 957/2736/3659
s 839
f 827/1134/3660 871/2251/3661 845/2521/3662
f 845/2521/3662 871/2251/3661 875/94/3663
s 840
f 1662/301/3664 1677/937/3665 851/2663/3666
f 851/2663/3666 1677/937/3665 1900/2692/3667
s 841
f 1296/2738/3668 1293/2739/3669 873/2737/3670
f 873/2737/3670 1293/2739/3669 838/2740/3671
s 842
f 835/2742/3672 874/2743/3673 833/2741/3674
f 833/2741/3674 874/2743/3673 872/2744/3675
s 843
f 835/2742/3676 1666/1723/3677 874/2743/3678
f 874/2743/3678 1666/1723/3677 1681/1927/3679
s 844
f 838/2745/3680 1293/2746/3681 847/2625/3682
f 847/2625/3682 1293/2746/3681 1292/2626/3683
s 845
f 883/2747/3684 962/2748/3685 884/2749/3686
f 884/2749/3686 962/2748/3685 955/2670/3687
s 846
f 844/2750/3688 1876/2751/3689 842/2753/3690
f 842/2753/3690 1876/2751/3689 1880/2752/3691
s 847
f 1518/2754/3692 1543/2755/3693 852/2757/3694
f 852/2757/3694 1543/2755/3693 1539/2756/3695
s 848
f 1523/2657/3696 1542/2656/3697 1518/2759/3698
f 1518/2759/3698 1542/2656/3697 1543/2758/3699
s 849
f 876/2649/3700 1525/2648/3701 828/2761/3702
f 828/2761/3702 1525/2648/3701 1527/2760/3703
s 850
f 1895/2762/3704 881/2763/3705 1896/2765/3706
f 1896/2765/3706 881/2763/3705 882/2764/3707
s 851
f 1896/2766/3708 882/2767/3709 1897/2769/3710
f 1897/2769/3710 882/2767/3709 883/2768/3711
s 852
f 1897/2770/3712 883/2771/3713 1898/2773/3714
f 1898/2773/3714 883/2771/3713 884/2772/3715
s 853
f 1898/2773/3716 884/2772/3717 1899/2775/3718
f 1899/2775/3718 884/2772/3717 885/2774/3719
s 854
f 1899/2775/3720 885/2774/3721 1900/2777/3722
f 1900/2777/3722 885/2774/3721 886/2776/3723
s off
f 891/2778/3724 952/2779/3725 961/2780/3726
s 855
f 974/2781/3727 972/2782/3728 960/2714/3729
f 960/2714/3729 972/2782/3728 954/2783/3730
s 856
f 1894/2784/3731 887/2785/3732 1901/2787/3733
f 1901/2787/3733 887/2785/3732 888/2786/3734
s 857
f 1901/2787/3735 888/2786/3736 1902/2789/3737
f 1902/2789/3737 888/2786/3736 889/2788/3738
s 858
f 1902/2789/3739 889/2788/3740 1903/2791/3741
f 1903/2791/3741 889/2788/3740 890/2790/3742
s 859
f 1903/2792/3743 890/2793/3744 1904/2795/3745
f 1904/2795/3745 890/2793/3744 891/2794/3746
s 860
f 1904/2796/3747 891/2797/3748 1895/2762/3749
f 1895/2762/3749 891/2797/3748 881/2763/3750
s 861
f 1851/2610/3751 917/2609/3752 893/2716/3753
f 893/2716/3753 917/2609/3752 894/2717/3754
s 862
f 1851/2799/3755 893/2710/3756 836/2798/3757
f 836/2798/3757 893/2710/3756 892/2698/3758
s 863
f 836/2798/3759 892/2698/3760 1853/2106/3761
f 1853/2106/3761 892/2698/3760 1682/196/3762
s 864
f 860/2719/3763 870/2718/3764 895/2726/3765
f 895/2726/3765 870/2718/3764 897/2727/3766
s 865
f 1678/973/3767 861/2699/3768 1683/529/3769
f 1683/529/3769 861/2699/3768 896/2621/3770
s 866
f 861/2699/3771 860/2711/3772 896/2621/3773
f 896/2621/3773 860/2711/3772 895/2622/3774
s 867
f 881/2801/3775 959/2802/3776 882/2800/3777
f 882/2800/3777 959/2802/3776 958/2803/3778
s off
f 897/2804/3779 870/2805/3780 975/2806/3781
s 868
f 1884/2807/3782 899/2808/3783 1885/2810/3784
f 1885/2810/3784 899/2808/3783 900/2809/3785
s 869
f 1885/2810/3786 900/2809/3787 1886/2812/3788
f 1886/2812/3788 900/2809/3787 901/2811/3789
s 870
f 1886/2813/3790 901/2814/3791 1887/2816/3792
f 1887/2816/3792 901/2814/3791 902/2815/3793
s 871
f 1887/2816/3794 902/2815/3795 1888/2818/3796
f 1888/2818/3796 902/2815/3795 903/2817/3797
s 872
f 1888/2818/3798 903/2817/3799 1889/2820/3800
f 1889/2820/3800 903/2817/3799 904/2819/3801
s 873
f 1883/2821/3802 905/2822/3803 1890/2824/3804
f 1890/2824/3804 905/2822/3803 906/2823/3805
s 874
f 1890/2824/3806 906/2823/3807 1891/2826/3808
f 1891/2826/3808 906/2823/3807 907/2825/3809
s 875
f 1891/2826/3810 907/2825/3811 1892/2828/3812
f 1892/2828/3812 907/2825/3811 908/2827/3813
s 876
f 1892/2829/3814 908/2830/3815 1893/2832/3816
f 1893/2832/3816 908/2830/3815 909/2831/3817
s 877
f 1893/2832/3818 909/2831/3819 1884/2807/3820
f 1884/2807/3820 909/2831/3819 899/2808/3821
s 878
f 1866/2637/3822 1535/2672/3823 1869/2834/3824
f 1869/2834/3824 1535/2672/3823 914/2833/3825
s 879
f 1870/989/3826 1867/2835/3827 1684/290/3828
f 1684/290/3828 1867/2835/3827 912/2673/3829
s 880
f 1869/2834/3830 914/2833/3831 1868/2837/3832
f 1868/2837/3832 914/2833/3831 1536/2836/3833
s 881
f 1867/2835/3834 1868/2838/3835 912/2673/3836
f 912/2673/3836 1868/2838/3835 1536/2674/3837
s 882
f 868/2636/3838 913/2671/3839 1866/2637/3840
f 1866/2637/3840 913/2671/3839 1535/2672/3841
s 883
f 899/2839/3842 932/2840/3843 900/2842/3844
f 900/2842/3844 932/2840/3843 929/2841/3845
s 884
f 943/2843/3846 942/2844/3847 936/2846/3848
f 936/2846/3848 942/2844/3847 934/2845/3849
s 885
f 943/2843/3850 936/2846/3851 944/2847/3852
f 944/2847/3852 936/2846/3851 939/2848/3853
s 886
f 944/2847/3854 939/2848/3855 941/2849/3856
f 941/2849/3856 939/2848/3855 927/2850/3857
s 887
f 951/2855/3858 868/2851/3859 940/2854/3860
f 868/2851/3859 916/2852/3861 940/2854/3860
f 916/2852/3861 921/2853/3862 940/2854/3860
s off
f 864/2856/3863 913/2857/3864 950/2858/3865
s 888
f 946/2860/3866 931/2861/3867 947/2859/3868
f 947/2859/3868 931/2861/3867 933/2862/3869
s 889
f 946/2860/3870 948/2863/3871 931/2861/3872
f 931/2861/3872 948/2863/3871 935/2864/3873
s 890
f 948/2863/3874 949/2865/3875 935/2864/3876
f 935/2864/3876 949/2865/3875 938/2866/3877
s 891
f 950/2858/3878 945/2867/3879 864/2856/3880
f 864/2856/3880 945/2867/3879 869/2869/3881
f 945/2867/3879 922/2868/3882 869/2869/3881
s 892
f 1018/2870/3883 1014/2871/3884 1017/2874/3885
f 1017/2874/3885 1014/2871/3884 1016/2873/3886
f 1014/2871/3884 1015/2872/3887 1016/2873/3886
s 893
f 1687/837/3888 925/2875/3889 1679/2268/3890
f 1679/2268/3890 925/2875/3889 865/2876/3891
s 894
f 866/2878/3892 921/2879/3893 1282/2877/3894
f 1282/2877/3894 921/2879/3893 925/2880/3895
s 895
f 918/2881/3896 862/2882/3897 922/2884/3898
f 922/2884/3898 862/2882/3897 923/2883/3899
s 896
f 863/2885/3900 987/2886/3901 926/2888/3902
f 926/2888/3902 987/2886/3901 989/2887/3903
s 897
f 1685/751/3904 1282/2877/3905 1687/2187/3906
f 1687/2187/3906 1282/2877/3905 925/2880/3907
s 898
f 941/2890/3908 927/2891/3909 940/2889/3910
f 940/2889/3910 927/2891/3909 937/2892/3911
s 899
f 909/2893/3912 908/2894/3913 930/2896/3914
f 930/2896/3914 908/2894/3913 938/2895/3915
s 900
f 917/2617/3916 869/2869/3917 923/2618/3918
f 923/2618/3918 869/2869/3917 922/2868/3919
s 901
f 967/2898/3920 962/2899/3921 968/2897/3922
f 968/2897/3922 962/2899/3921 963/2900/3923
s 902
f 952/2902/3924 954/2903/3925 970/2901/3926
f 970/2901/3926 954/2903/3925 972/2904/3927
s 903
f 921/2905/3928 916/2906/3929 925/2875/3930
f 925/2875/3930 916/2906/3929 865/2876/3931
s 904
f 983/2907/3932 1001/2908/3933 984/2910/3934
f 984/2910/3934 1001/2908/3933 999/2909/3935
s 905
f 920/2911/3936 992/2912/3937 924/2914/3938
f 924/2914/3938 992/2912/3937 988/2913/3939
s 906
f 904/2915/3940 903/2916/3941 934/2845/3942
f 934/2845/3942 903/2916/3941 936/2846/3943
s 907
f 939/2848/3944 902/2917/3945 927/2850/3946
f 927/2850/3946 902/2917/3945 901/2918/3947
s 908
f 899/2839/3948 909/2919/3949 932/2840/3950
f 932/2840/3950 909/2919/3949 928/2920/3951
s 909
f 907/2921/3952 906/2922/3953 935/2864/3954
f 935/2864/3954 906/2922/3953 931/2861/3955
s off
f 928/2920/3956 909/2919/3957 930/2923/3958
s 910
f 927/2891/3959 901/2924/3960 937/2892/3961
f 937/2892/3961 901/2924/3960 900/2925/3962
s 911
f 932/2926/3963 913/2927/3964 929/2929/3965
f 929/2929/3965 913/2927/3964 951/2928/3966
s 912
f 936/2846/3967 903/2916/3968 939/2848/3969
f 939/2848/3969 903/2916/3968 902/2917/3970
s off
f 937/2930/3971 900/2842/3972 929/2841/3973
s 913
f 931/2861/3974 906/2922/3975 933/2862/3976
f 933/2862/3976 906/2922/3975 905/2931/3977
s 914
f 908/2932/3978 907/2921/3979 938/2866/3980
f 938/2866/3980 907/2921/3979 935/2864/3981
s 915
f 918/2881/3982 922/2884/3983 949/2933/3984
f 949/2933/3984 922/2884/3983 945/2934/3985
s 916
f 866/2936/3986 941/2890/3987 921/2935/3988
f 921/2935/3988 941/2890/3987 940/2889/3989
s 917
f 855/2938/3990 944/2847/3991 866/2937/3992
f 866/2937/3992 944/2847/3991 941/2849/3993
s 918
f 873/2939/3994 943/2843/3995 855/2938/3996
f 855/2938/3996 943/2843/3995 944/2847/3997
s 919
f 873/2939/3998 838/2940/3999 943/2843/4000
f 943/2843/4000 838/2940/3999 942/2844/4001
s 920
f 949/2933/4002 945/2934/4003 938/2895/4004
f 938/2895/4004 945/2934/4003 930/2896/4005
s 921
f 857/823/4006 918/2252/4007 948/2021/4008
f 948/2021/4008 918/2252/4007 949/2282/4009
s 922
f 875/94/4010 857/823/4011 946/1578/4012
f 946/1578/4012 857/823/4011 948/2021/4013
s 923
f 845/2521/4014 875/94/4015 947/2345/4016
f 947/2345/4016 875/94/4015 946/1578/4017
s 924
f 962/2748/4018 967/2941/4019 955/2670/4020
f 955/2670/4020 967/2941/4019 965/2667/4021
s 925
f 932/2926/4022 928/2942/4023 913/2927/4024
f 913/2927/4024 928/2942/4023 950/2943/4025
s 926
f 928/2942/4026 930/2944/4027 950/2943/4028
f 950/2943/4028 930/2944/4027 945/2945/4029
s off
f 913/2857/4030 868/2851/4031 951/2855/4032
s 927
f 940/2946/4033 937/2947/4034 951/2928/4035
f 951/2928/4035 937/2947/4034 929/2929/4036
s 928
f 871/2251/4037 827/1134/4038 966/824/4039
f 966/824/4039 827/1134/4038 969/1579/4040
s 929
f 872/2948/4041 854/2949/4042 971/2735/4043
f 971/2735/4043 854/2949/4042 974/2781/4044
s 930
f 881/2951/4045 891/2778/4046 959/2950/4047
f 959/2950/4047 891/2778/4046 961/2780/4048
s 931
f 891/2952/4049 890/2953/4050 952/2902/4051
f 952/2902/4051 890/2953/4050 954/2903/4052
s 932
f 967/1580/4053 862/123/4054 965/1581/4055
f 965/1581/4055 862/123/4054 829/519/4056
s 933
f 956/2669/4057 885/2708/4058 955/2670/4059
f 955/2670/4059 885/2708/4058 884/2749/4060
s 934
f 890/2954/4061 889/2715/4062 954/2783/4063
f 954/2783/4063 889/2715/4062 960/2714/4064
s 935
f 962/2899/4065 883/2955/4066 963/2900/4067
f 963/2900/4067 883/2955/4066 882/2956/4068
s 936
f 953/2713/4069 888/2712/4070 957/2736/4071
f 957/2736/4071 888/2712/4070 887/2957/4072
s 937
f 959/2958/4073 870/2959/4074 958/2961/4075
f 958/2961/4075 870/2959/4074 976/2960/4076
s 938
f 970/2963/4077 975/2964/4078 952/2962/4079
f 952/2962/4079 975/2964/4078 961/2965/4080
s off
f 963/2966/4081 882/2800/4082 958/2803/4083
s 939
f 966/2668/4084 969/2967/4085 956/2669/4086
f 956/2669/4086 969/2967/4085 964/2709/4087
s 940
f 862/2882/4088 967/2898/4089 923/2883/4090
f 923/2883/4090 967/2898/4089 968/2897/4091
s 941
f 871/2251/4092 966/824/4093 829/519/4094
f 829/519/4094 966/824/4093 965/1581/4095
s 942
f 971/2969/4096 974/2970/4097 953/2968/4098
f 953/2968/4098 974/2970/4097 960/2971/4099
s 943
f 970/2901/4100 972/2904/4101 985/2972/4102
f 985/2972/4102 972/2904/4101 982/2973/4103
s 944
f 854/2949/4104 982/2974/4105 974/2781/4106
f 974/2781/4106 982/2974/4105 972/2782/4107
s 945
f 872/2948/4108 971/2735/4109 833/2975/4110
f 833/2975/4110 971/2735/4109 973/2734/4111
s 946
f 975/2806/4112 970/2976/4113 897/2804/4114
f 897/2804/4114 970/2976/4113 981/2978/4115
f 970/2976/4113 985/2977/4116 981/2978/4115
s 947
f 968/2979/4117 963/2980/4118 976/2960/4119
f 976/2960/4119 963/2980/4118 958/2961/4120
s 948
f 959/2958/4121 961/2965/4122 870/2959/4123
f 870/2959/4123 961/2965/4122 975/2964/4124
s off
f 870/2805/4125 894/2616/4126 976/2620/4127
s 949
f 994/2982/4128 979/2983/4129 849/2981/4130
f 849/2981/4130 979/2983/4129 834/2984/4131
s 950
f 863/2985/4132 995/2986/4133 849/2981/4134
f 849/2981/4134 995/2986/4133 994/2982/4135
s 951
f 979/2983/4136 981/2987/4137 834/2984/4138
f 834/2984/4138 981/2987/4137 867/2988/4139
s 952
f 982/2990/4140 996/2991/4141 920/2989/4142
f 920/2989/4142 996/2991/4141 919/2992/4143
s 953
f 926/2993/4144 997/2994/4145 863/2996/4146
f 863/2996/4146 997/2994/4145 995/2995/4147
s 954
f 981/2998/4148 985/2999/4149 867/2997/4150
f 867/2997/4150 985/2999/4149 924/3000/4151
s 955
f 924/3001/4152 985/3002/4153 920/3004/4154
f 920/3004/4154 985/3002/4153 982/3003/4155
s 956
f 996/3006/4156 997/3007/4157 919/3005/4158
f 919/3005/4158 997/3007/4157 926/3008/4159
s 957
f 986/3009/4160 987/3010/4161 991/3012/4162
f 991/3012/4162 987/3010/4161 990/3011/4163
s 958
f 992/3013/4164 993/3014/4165 988/3016/4166
f 988/3016/4166 993/3014/4165 989/3015/4167
s 959
f 989/3017/4168 987/3018/4169 988/3020/4170
f 988/3020/4170 987/3018/4169 986/3019/4171
s 960
f 834/3021/4172 991/3022/4173 849/3024/4174
f 849/3024/4174 991/3022/4173 990/3023/4175
s 961
f 926/3025/4176 989/3026/4177 919/3028/4178
f 919/3028/4178 989/3026/4177 993/3027/4179
s 962
f 924/3029/4180 988/3030/4181 867/3032/4182
f 867/3032/4182 988/3030/4181 986/3031/4183
s 963
f 919/3033/4184 993/3034/4185 920/3036/4186
f 920/3036/4186 993/3034/4185 992/3035/4187
s 964
f 849/3037/4188 990/3038/4189 863/3040/4190
f 863/3040/4190 990/3038/4189 987/3039/4191
s 965
f 1688/1457/4192 1665/958/4193 978/3041/4194
f 978/3041/4194 1665/958/4193 994/2982/4195
s 966
f 994/2982/4196 995/2986/4197 978/3041/4198
f 978/3041/4198 995/2986/4197 980/3042/4199
s 967
f 996/3044/4200 1686/2573/4201 983/3043/4202
f 983/3043/4202 1686/2573/4201 1689/1753/4203
s 968
f 980/3045/4204 995/2995/4205 984/3046/4206
f 984/3046/4206 995/2995/4205 997/2994/4207
s 969
f 984/3047/4208 997/3007/4209 983/3048/4210
f 983/3048/4210 997/3007/4209 996/3006/4211
s 970
f 998/3049/4212 1692/2103/4213 1000/3050/4214
f 1000/3050/4214 1692/2103/4213 1691/928/4215
s 971
f 1001/3051/4216 1694/1520/4217 999/3052/4218
f 999/3052/4218 1694/1520/4217 1693/1456/4219
s 972
f 1693/1231/4220 1692/1169/4221 999/3054/4222
f 999/3054/4222 1692/1169/4221 998/3053/4223
s 973
f 980/3055/4224 998/3056/4225 978/3058/4226
f 978/3058/4226 998/3056/4225 1000/3057/4227
s 974
f 984/3059/4228 999/3060/4229 980/3062/4230
f 980/3062/4230 999/3060/4229 998/3061/4231
s 975
f 978/3063/4232 1000/3064/4233 1688/2342/4234
f 1688/2342/4234 1000/3064/4233 1691/1225/4235
s 976
f 1007/3065/4236 1697/1179/4237 1003/3066/4238
f 1003/3066/4238 1697/1179/4237 1696/2304/4239
s 977
f 1026/2645/4240 1040/2644/4241 1024/3068/4242
f 1024/3068/4242 1040/2644/4241 1038/3067/4243
s 978
f 1003/3066/4244 1696/2304/4245 1002/3069/4246
f 1002/3069/4246 1696/2304/4245 1695/1429/4247
s 979
f 1031/3071/4248 1030/3072/4249 1008/3070/4250
f 1008/3070/4250 1030/3072/4249 1002/3073/4251
s 980
f 1024/3074/4252 856/3075/4253 1009/3077/4254
f 1009/3077/4254 856/3075/4253 1006/3076/4255
s 981
f 1009/3078/4256 1006/3079/4257 1012/2631/4258
f 1012/2631/4258 1006/3079/4257 1005/2632/4259
s 982
f 1204/3081/4260 1206/3082/4261 854/3080/4262
f 854/3080/4262 1206/3082/4261 982/3083/4263
s 983
f 1701/2357/4264 1707/1598/4265 1014/3085/4266
f 1014/3085/4266 1707/1598/4265 1213/3084/4267
s 984
f 1019/3087/4268 1020/3088/4269 1011/3086/4270
f 1011/3086/4270 1020/3088/4269 1012/3089/4271
s 985
f 1681/2424/4272 1704/2076/4273 874/3091/4274
f 874/3091/4274 1704/2076/4273 1208/3090/4275
s 986
f 1027/3093/4276 1019/3087/4277 1025/3092/4278
f 1025/3092/4278 1019/3087/4277 1011/3086/4279
s 987
f 1022/3095/4280 1702/347/4281 1010/3094/4282
f 1010/3094/4282 1702/347/4281 1699/264/4283
s 988
f 1028/3097/4284 1029/3098/4285 1022/3096/4286
f 1022/3096/4286 1029/3098/4285 1013/3099/4287
s 989
f 1023/3100/4288 1036/3101/4289 1025/3103/4290
f 1025/3103/4290 1036/3101/4289 1039/3102/4291
s 990
f 1009/3104/4292 1021/3105/4293 1024/3107/4294
f 1024/3107/4294 1021/3105/4293 1026/3106/4295
s 991
f 1022/3095/4296 1013/3108/4297 1702/347/4298
f 1702/347/4298 1013/3108/4297 1703/2390/4299
s 992
f 1026/3106/4300 1021/3105/4301 1027/3093/4302
f 1021/3105/4301 1020/3088/4303 1027/3093/4302
f 1020/3088/4303 1019/3087/4304 1027/3093/4302
s 993
f 1701/1268/4305 1014/2871/4306 1700/1315/4307
f 1700/1315/4307 1014/2871/4306 1018/2870/4308
s 994
f 1012/3089/4309 1020/3088/4310 1009/3104/4311
f 1009/3104/4311 1020/3088/4310 1021/3105/4312
s 995
f 1037/3110/4313 1028/3097/4314 1010/3109/4315
f 1010/3109/4315 1028/3097/4314 1022/3096/4316
s 996
f 1212/3112/4317 1706/716/4318 1018/3111/4319
f 1018/3111/4319 1706/716/4318 1700/475/4320
s 997
f 1698/2524/4321 1703/2390/4322 1008/3113/4323
f 1008/3113/4323 1703/2390/4322 1013/3108/4324
s 998
f 1208/3090/4325 1207/3114/4326 874/3091/4327
f 874/3091/4327 1207/3114/4326 872/3115/4328
s 999
f 1017/3116/4329 1211/3117/4330 1018/3111/4331
f 1018/3111/4331 1211/3117/4330 1212/3112/4332
s 1000
f 1035/3119/4333 1033/3120/4334 856/3118/4335
f 856/3118/4335 1033/3120/4334 859/3121/4336
s 1001
f 1005/3122/4337 859/3123/4338 1004/3125/4339
f 1004/3125/4339 859/3123/4338 1023/3124/4340
s 1002
f 856/3127/4341 859/3123/4342 1006/3126/4343
f 1006/3126/4343 859/3123/4342 1005/3122/4344
s 1003
f 1011/3128/4345 1004/3129/4346 1025/3131/4347
f 1025/3131/4347 1004/3129/4346 1023/3130/4348
s 1004
f 1039/3132/4349 1036/3133/4350 1031/3135/4351
f 1031/3135/4351 1036/3133/4350 1030/3134/4352
s 1005
f 1034/3137/4353 1032/3138/4354 1035/3136/4355
f 1035/3136/4355 1032/3138/4354 1033/3139/4356
s 1006
f 1033/3139/4357 1032/3138/4358 1036/3141/4359
f 1036/3141/4359 1032/3138/4358 1030/3140/4360
s 1007
f 1031/3142/4361 1029/3143/4362 1039/3145/4363
f 1039/3145/4363 1029/3143/4362 1041/3144/4364
s 1008
f 1028/3146/4365 1040/3147/4366 1029/3143/4367
f 1029/3143/4367 1040/3147/4366 1041/3144/4368
s 1009
f 1040/3147/4369 1028/3146/4370 1038/3148/4371
f 1038/3148/4371 1028/3146/4370 1037/3149/4372
s 1010
f 1037/3150/4373 1214/3151/4374 1038/3153/4375
f 1038/3153/4375 1214/3151/4374 1215/3152/4376
s 1011
f 1037/3110/4377 1010/3109/4378 1214/3156/4379
f 1010/3109/4378 1007/3154/4380 1214/3156/4379
f 1007/3154/4380 1034/3155/4381 1214/3156/4379
s 1012
f 1039/3102/4382 1041/2643/4383 1025/3103/4384
f 1025/3103/4384 1041/2643/4383 1027/2642/4385
s 1013
f 1003/3157/4386 1032/3158/4387 1007/3154/4388
f 1007/3154/4388 1032/3158/4387 1034/3155/4389
s 1014
f 1038/3067/4390 1215/3159/4391 1024/3068/4392
f 1215/3159/4391 1035/3119/4393 1024/3068/4392
f 1024/3068/4392 1035/3119/4393 856/3118/4394
s 1015
f 1013/3099/4395 1029/3098/4396 1008/3070/4397
f 1008/3070/4397 1029/3098/4396 1031/3071/4398
s 1016
f 859/3121/4399 1033/3120/4400 1023/3100/4401
f 1023/3100/4401 1033/3120/4400 1036/3101/4402
s 1017
f 1030/3072/4403 1032/3158/4404 1002/3073/4405
f 1002/3073/4405 1032/3158/4404 1003/3157/4406
s 1018
f 1047/3160/4407 1062/3161/4408 1049/3163/4409
f 1049/3163/4409 1062/3161/4408 1058/3162/4410
s 1019
f 1086/3164/4411 1115/3165/4412 1085/3167/4413
f 1085/3167/4413 1115/3165/4412 1113/3166/4414
s 1020
f 1077/3168/4415 1060/3169/4416 1076/3171/4417
f 1076/3171/4417 1060/3169/4416 1064/3170/4418
s 1021
f 1073/3172/4419 1122/3173/4420 1043/3175/4421
f 1043/3175/4421 1122/3173/4420 1066/3174/4422
s 1022
f 1055/3176/4423 1046/3177/4424 1057/3179/4425
f 1057/3179/4425 1046/3177/4424 1106/3178/4426
s 1023
f 1074/3180/4427 1072/3181/4428 1089/3183/4429
f 1089/3183/4429 1072/3181/4428 1121/3182/4430
s 1024
f 1081/3184/4431 1044/3185/4432 1080/3187/4433
f 1080/3187/4433 1044/3185/4432 1048/3186/4434
s 1025
f 1063/3188/4435 1112/3189/4436 1065/3191/4437
f 1065/3191/4437 1112/3189/4436 1114/3190/4438
s 1026
f 1045/3192/4439 1068/3193/4440 1047/3160/4441
f 1047/3160/4441 1068/3193/4440 1062/3161/4442
s 1027
f 1085/3167/4443 1113/3166/4444 1084/3195/4445
f 1084/3195/4445 1113/3166/4444 1111/3194/4446
s 1028
f 1076/3171/4447 1064/3170/4448 1075/3197/4449
f 1075/3197/4449 1064/3170/4448 1070/3196/4450
s 1029
f 1071/3198/4451 1120/3199/4452 1073/3172/4453
f 1073/3172/4453 1120/3199/4452 1122/3173/4454
s 1030
f 1053/3200/4455 1050/3201/4456 1055/3176/4457
f 1055/3176/4457 1050/3201/4456 1046/3177/4458
s 1031
f 1089/3183/4459 1121/3182/4460 1088/3203/4461
f 1088/3203/4461 1121/3182/4460 1119/3202/4462
s 1032
f 1045/3192/4463 1047/3160/4464 1043/3175/4465
f 1047/3160/4464 1049/3163/4466 1043/3175/4465
f 1049/3163/4466 1051/3204/4467 1043/3175/4465
f 1051/3204/4467 1053/3200/4468 1043/3175/4465
f 1053/3200/4468 1055/3176/4469 1043/3175/4465
f 1055/3176/4469 1057/3179/4470 1043/3175/4465
f 1057/3179/4470 1059/3205/4471 1043/3175/4465
f 1059/3205/4471 1061/3206/4472 1043/3175/4465
f 1061/3206/4472 1063/3188/4473 1043/3175/4465
f 1063/3188/4473 1065/3191/4474 1043/3175/4465
f 1065/3191/4474 1067/3207/4475 1043/3175/4465
f 1067/3207/4475 1069/3208/4476 1043/3175/4465
f 1069/3208/4476 1071/3198/4477 1043/3175/4465
f 1071/3198/4477 1073/3172/4478 1043/3175/4465
s 1033
f 1080/3187/4479 1048/3186/4480 1079/3210/4481
f 1079/3210/4481 1048/3186/4480 1052/3209/4482
s 1034
f 1061/3206/4483 1110/3211/4484 1063/3188/4485
f 1063/3188/4485 1110/3211/4484 1112/3189/4486
s 1035
f 1117/3212/4487 1119/3213/4488 1118/3215/4489
f 1118/3215/4489 1119/3213/4488 1120/3214/4490
s 1036
f 1091/3216/4491 1075/3217/4492 1090/3219/4493
f 1090/3219/4493 1075/3217/4492 1074/3218/4494
s 1037
f 1092/3220/4495 1076/3221/4496 1091/3216/4497
f 1091/3216/4497 1076/3221/4496 1075/3217/4498
s 1038
f 1093/3222/4499 1077/3223/4500 1092/3220/4501
f 1092/3220/4501 1077/3223/4500 1076/3221/4502
s 1039
f 1094/3224/4503 1078/3225/4504 1093/3222/4505
f 1093/3222/4505 1078/3225/4504 1077/3223/4506
s 1040
f 1095/3226/4507 1079/3227/4508 1094/3224/4509
f 1094/3224/4509 1079/3227/4508 1078/3225/4510
s 1041
f 1096/3228/4511 1080/3229/4512 1095/3226/4513
f 1095/3226/4513 1080/3229/4512 1079/3227/4514
s 1042
f 1097/3230/4515 1081/3231/4516 1096/3228/4517
f 1096/3228/4517 1081/3231/4516 1080/3229/4518
s 1043
f 1098/3232/4519 1082/3233/4520 1097/3230/4521
f 1097/3230/4521 1082/3233/4520 1081/3231/4522
s 1044
f 1099/3234/4523 1083/3235/4524 1098/3232/4525
f 1098/3232/4525 1083/3235/4524 1082/3233/4526
s 1045
f 1100/3236/4527 1084/3237/4528 1099/3234/4529
f 1099/3234/4529 1084/3237/4528 1083/3235/4530
s 1046
f 1101/3238/4531 1085/3239/4532 1100/3236/4533
f 1100/3236/4533 1085/3239/4532 1084/3237/4534
s 1047
f 1102/3240/4535 1086/3241/4536 1101/3238/4537
f 1101/3238/4537 1086/3241/4536 1085/3239/4538
s 1048
f 1103/3242/4539 1087/3243/4540 1102/3240/4541
f 1102/3240/4541 1087/3243/4540 1086/3241/4542
s 1049
f 1104/3244/4543 1088/3245/4544 1103/3242/4545
f 1103/3242/4545 1088/3245/4544 1087/3243/4546
s 1050
f 1105/3246/4547 1089/3247/4548 1104/3244/4549
f 1104/3244/4549 1089/3247/4548 1088/3245/4550
s 1051
f 1090/3219/4551 1074/3218/4552 1105/3246/4553
f 1105/3246/4553 1074/3218/4552 1089/3247/4554
s off
f 1042/3248/4555 1091/3216/4556 1090/3219/4557
f 1042/3248/4558 1092/3220/4559 1091/3216/4560
f 1042/3248/4561 1093/3222/4562 1092/3220/4563
f 1042/3248/4564 1094/3224/4565 1093/3222/4566
f 1042/3248/4567 1095/3226/4568 1094/3224/4569
f 1042/3248/4570 1096/3228/4571 1095/3226/4572
f 1042/3248/4573 1097/3230/4574 1096/3228/4575
f 1042/3248/4576 1098/3232/4577 1097/3230/4578
f 1042/3248/4579 1099/3234/4580 1098/3232/4581
f 1042/3248/4582 1100/3236/4583 1099/3234/4584
f 1042/3248/4585 1101/3238/4586 1100/3236/4587
f 1042/3248/4588 1102/3240/4589 1101/3238/4590
f 1042/3248/4591 1103/3242/4592 1102/3240/4593
f 1042/3248/4594 1104/3244/4595 1103/3242/4596
f 1042/3248/4597 1105/3246/4598 1104/3244/4599
f 1042/3248/4600 1090/3219/4601 1105/3246/4602
s 1052
f 1115/3249/4603 1117/3212/4604 1116/3250/4605
f 1116/3250/4605 1117/3212/4604 1118/3215/4606
s 1053
f 1113/3251/4607 1115/3249/4608 1114/3252/4609
f 1114/3252/4609 1115/3249/4608 1116/3250/4610
s 1054
f 1111/3253/4611 1113/3251/4612 1112/3254/4613
f 1112/3254/4613 1113/3251/4612 1114/3252/4614
s 1055
f 1109/3255/4615 1111/3256/4616 1110/3258/4617
f 1110/3258/4617 1111/3256/4616 1112/3257/4618
s 1056
f 1107/3259/4619 1109/3255/4620 1108/3260/4621
f 1108/3260/4621 1109/3255/4620 1110/3258/4622
s 1057
f 1044/3261/4623 1107/3259/4624 1106/3262/4625
f 1106/3262/4625 1107/3259/4624 1108/3260/4626
s 1058
f 1048/3263/4627 1044/3261/4628 1046/3264/4629
f 1046/3264/4629 1044/3261/4628 1106/3262/4630
s 1059
f 1052/3265/4631 1048/3266/4632 1050/3268/4633
f 1050/3268/4633 1048/3266/4632 1046/3267/4634
s 1060
f 1056/3269/4635 1052/3265/4636 1054/3270/4637
f 1054/3270/4637 1052/3265/4636 1050/3268/4638
s 1061
f 1060/3271/4639 1056/3269/4640 1058/3272/4641
f 1058/3272/4641 1056/3269/4640 1054/3270/4642
s 1062
f 1064/3273/4643 1060/3271/4644 1062/3274/4645
f 1062/3274/4645 1060/3271/4644 1058/3272/4646
s 1063
f 1070/3275/4647 1064/3276/4648 1068/3278/4649
f 1068/3278/4649 1064/3276/4648 1062/3277/4650
s 1064
f 1072/3279/4651 1070/3275/4652 1066/3280/4653
f 1066/3280/4653 1070/3275/4652 1068/3278/4654
s 1065
f 1119/3281/4655 1121/3282/4656 1120/3284/4657
f 1120/3284/4657 1121/3282/4656 1122/3283/4658
s 1066
f 1121/3282/4659 1072/3279/4660 1122/3283/4661
f 1122/3283/4661 1072/3279/4660 1066/3280/4662
s 1067
f 1065/3191/4663 1114/3190/4664 1067/3207/4665
f 1067/3207/4665 1114/3190/4664 1116/3285/4666
s 1068
f 1082/3286/4667 1107/3287/4668 1081/3184/4669
f 1081/3184/4669 1107/3287/4668 1044/3185/4670
s 1069
f 1057/3179/4671 1106/3178/4672 1059/3205/4673
f 1059/3205/4673 1106/3178/4672 1108/3288/4674
s 1070
f 1078/3289/4675 1056/3290/4676 1077/3168/4677
f 1077/3168/4677 1056/3290/4676 1060/3169/4678
s 1071
f 1087/3291/4679 1117/3292/4680 1086/3164/4681
f 1086/3164/4681 1117/3292/4680 1115/3165/4682
s 1072
f 1049/3163/4683 1058/3162/4684 1051/3204/4685
f 1051/3204/4685 1058/3162/4684 1054/3293/4686
s 1073
f 1067/3207/4687 1116/3285/4688 1069/3208/4689
f 1069/3208/4689 1116/3285/4688 1118/3294/4690
s 1074
f 1083/3295/4691 1109/3296/4692 1082/3286/4693
f 1082/3286/4693 1109/3296/4692 1107/3287/4694
s 1075
f 1059/3205/4695 1108/3288/4696 1061/3206/4697
f 1061/3206/4697 1108/3288/4696 1110/3211/4698
s 1076
f 1079/3210/4699 1052/3209/4700 1078/3289/4701
f 1078/3289/4701 1052/3209/4700 1056/3290/4702
s 1077
f 1088/3203/4703 1119/3202/4704 1087/3291/4705
f 1087/3291/4705 1119/3202/4704 1117/3292/4706
s 1078
f 1075/3197/4707 1070/3196/4708 1074/3180/4709
f 1074/3180/4709 1070/3196/4708 1072/3181/4710
s 1079
f 1051/3204/4711 1054/3293/4712 1053/3200/4713
f 1053/3200/4713 1054/3293/4712 1050/3201/4714
s 1080
f 1069/3208/4715 1118/3294/4716 1071/3198/4717
f 1071/3198/4717 1118/3294/4716 1120/3199/4718
s 1081
f 1043/3175/4719 1066/3174/4720 1045/3192/4721
f 1045/3192/4721 1066/3174/4720 1068/3193/4722
s 1082
f 1084/3195/4723 1111/3194/4724 1083/3295/4725
f 1083/3295/4725 1111/3194/4724 1109/3296/4726
s 1083
f 1128/3297/4727 1143/3298/4728 1130/3300/4729
f 1130/3300/4729 1143/3298/4728 1139/3299/4730
s 1084
f 1167/3301/4731 1196/3302/4732 1166/3304/4733
f 1166/3304/4733 1196/3302/4732 1194/3303/4734
s 1085
f 1158/3305/4735 1141/3306/4736 1157/3308/4737
f 1157/3308/4737 1141/3306/4736 1145/3307/4738
s 1086
f 1154/3309/4739 1203/3310/4740 1124/3312/4741
f 1124/3312/4741 1203/3310/4740 1147/3311/4742
s 1087
f 1136/3313/4743 1127/3314/4744 1138/3316/4745
f 1138/3316/4745 1127/3314/4744 1187/3315/4746
s 1088
f 1155/3317/4747 1153/3318/4748 1170/3320/4749
f 1170/3320/4749 1153/3318/4748 1202/3319/4750
s 1089
f 1162/3321/4751 1125/3322/4752 1161/3324/4753
f 1161/3324/4753 1125/3322/4752 1129/3323/4754
s 1090
f 1144/3325/4755 1193/3326/4756 1146/3328/4757
f 1146/3328/4757 1193/3326/4756 1195/3327/4758
s 1091
f 1126/3329/4759 1149/3330/4760 1128/3297/4761
f 1128/3297/4761 1149/3330/4760 1143/3298/4762
s 1092
f 1166/3304/4763 1194/3303/4764 1165/3332/4765
f 1165/3332/4765 1194/3303/4764 1192/3331/4766
s 1093
f 1157/3308/4767 1145/3307/4768 1156/3334/4769
f 1156/3334/4769 1145/3307/4768 1151/3333/4770
s 1094
f 1152/3335/4771 1201/3336/4772 1154/3309/4773
f 1154/3309/4773 1201/3336/4772 1203/3310/4774
s 1095
f 1134/3337/4775 1131/3338/4776 1136/3313/4777
f 1136/3313/4777 1131/3338/4776 1127/3314/4778
s 1096
f 1170/3320/4779 1202/3319/4780 1169/3340/4781
f 1169/3340/4781 1202/3319/4780 1200/3339/4782
s 1097
f 1126/3329/4783 1128/3297/4784 1124/3312/4785
f 1128/3297/4784 1130/3300/4786 1124/3312/4785
f 1130/3300/4786 1132/3341/4787 1124/3312/4785
f 1132/3341/4787 1134/3337/4788 1124/3312/4785
f 1134/3337/4788 1136/3313/4789 1124/3312/4785
f 1136/3313/4789 1138/3316/4790 1124/3312/4785
f 1138/3316/4790 1140/3342/4791 1124/3312/4785
f 1140/3342/4791 1142/3343/4792 1124/3312/4785
f 1142/3343/4792 1144/3325/4793 1124/3312/4785
f 1144/3325/4793 1146/3328/4794 1124/3312/4785
f 1146/3328/4794 1148/3344/4795 1124/3312/4785
f 1148/3344/4795 1150/3345/4796 1124/3312/4785
f 1150/3345/4796 1152/3335/4797 1124/3312/4785
f 1152/3335/4797 1154/3309/4798 1124/3312/4785
s 1098
f 1161/3324/4799 1129/3323/4800 1160/3347/4801
f 1160/3347/4801 1129/3323/4800 1133/3346/4802
s 1099
f 1142/3343/4803 1191/3348/4804 1144/3325/4805
f 1144/3325/4805 1191/3348/4804 1193/3326/4806
s 1100
f 1198/3349/4807 1200/3350/4808 1199/3352/4809
f 1199/3352/4809 1200/3350/4808 1201/3351/4810
s 1101
f 1172/3353/4811 1156/3354/4812 1171/3356/4813
f 1171/3356/4813 1156/3354/4812 1155/3355/4814
s 1102
f 1173/3357/4815 1157/3358/4816 1172/3353/4817
f 1172/3353/4817 1157/3358/4816 1156/3354/4818
s 1103
f 1174/3359/4819 1158/3360/4820 1173/3357/4821
f 1173/3357/4821 1158/3360/4820 1157/3358/4822
s 1104
f 1175/3361/4823 1159/3362/4824 1174/3359/4825
f 1174/3359/4825 1159/3362/4824 1158/3360/4826
s 1105
f 1176/3363/4827 1160/3364/4828 1175/3361/4829
f 1175/3361/4829 1160/3364/4828 1159/3362/4830
s 1106
f 1177/3365/4831 1161/3366/4832 1176/3363/4833
f 1176/3363/4833 1161/3366/4832 1160/3364/4834
s 1107
f 1178/3367/4835 1162/3368/4836 1177/3365/4837
f 1177/3365/4837 1162/3368/4836 1161/3366/4838
s 1108
f 1179/3369/4839 1163/3370/4840 1178/3367/4841
f 1178/3367/4841 1163/3370/4840 1162/3368/4842
s 1109
f 1180/3371/4843 1164/3372/4844 1179/3369/4845
f 1179/3369/4845 1164/3372/4844 1163/3370/4846
s 1110
f 1181/3373/4847 1165/3374/4848 1180/3371/4849
f 1180/3371/4849 1165/3374/4848 1164/3372/4850
s 1111
f 1182/3375/4851 1166/3376/4852 1181/3373/4853
f 1181/3373/4853 1166/3376/4852 1165/3374/4854
s 1112
f 1183/3377/4855 1167/3378/4856 1182/3375/4857
f 1182/3375/4857 1167/3378/4856 1166/3376/4858
s 1113
f 1184/3379/4859 1168/3380/4860 1183/3377/4861
f 1183/3377/4861 1168/3380/4860 1167/3378/4862
s 1114
f 1185/3381/4863 1169/3382/4864 1184/3379/4865
f 1184/3379/4865 1169/3382/4864 1168/3380/4866
s 1115
f 1186/3383/4867 1170/3384/4868 1185/3381/4869
f 1185/3381/4869 1170/3384/4868 1169/3382/4870
s 1116
f 1171/3356/4871 1155/3355/4872 1186/3383/4873
f 1186/3383/4873 1155/3355/4872 1170/3384/4874
s off
f 1123/3385/4875 1172/3353/4876 1171/3356/4877
f 1123/3385/4878 1173/3357/4879 1172/3353/4880
f 1123/3385/4881 1174/3359/4882 1173/3357/4883
f 1123/3385/4884 1175/3361/4885 1174/3359/4886
f 1123/3385/4887 1176/3363/4888 1175/3361/4889
f 1123/3385/4890 1177/3365/4891 1176/3363/4892
f 1123/3385/4893 1178/3367/4894 1177/3365/4895
f 1123/3385/4896 1179/3369/4897 1178/3367/4898
f 1123/3385/4899 1180/3371/4900 1179/3369/4901
f 1123/3385/4902 1181/3373/4903 1180/3371/4904
f 1123/3385/4905 1182/3375/4906 1181/3373/4907
f 1123/3385/4908 1183/3377/4909 1182/3375/4910
f 1123/3385/4911 1184/3379/4912 1183/3377/4913
f 1123/3385/4914 1185/3381/4915 1184/3379/4916
f 1123/3385/4917 1186/3383/4918 1185/3381/4919
f 1123/3385/4920 1171/3356/4921 1186/3383/4922
s 1117
f 1196/3386/4923 1198/3349/4924 1197/3387/4925
f 1197/3387/4925 1198/3349/4924 1199/3352/4926
s 1118
f 1194/3388/4927 1196/3386/4928 1195/3389/4929
f 1195/3389/4929 1196/3386/4928 1197/3387/4930
s 1119
f 1192/3390/4931 1194/3388/4932 1193/3391/4933
f 1193/3391/4933 1194/3388/4932 1195/3389/4934
s 1120
f 1190/3392/4935 1192/3393/4936 1191/3395/4937
f 1191/3395/4937 1192/3393/4936 1193/3394/4938
s 1121
f 1188/3396/4939 1190/3392/4940 1189/3397/4941
f 1189/3397/4941 1190/3392/4940 1191/3395/4942
s 1122
f 1125/3398/4943 1188/3396/4944 1187/3399/4945
f 1187/3399/4945 1188/3396/4944 1189/3397/4946
s 1123
f 1129/3400/4947 1125/3398/4948 1127/3401/4949
f 1127/3401/4949 1125/3398/4948 1187/3399/4950
s 1124
f 1133/3402/4951 1129/3403/4952 1131/3405/4953
f 1131/3405/4953 1129/3403/4952 1127/3404/4954
s 1125
f 1137/3406/4955 1133/3402/4956 1135/3407/4957
f 1135/3407/4957 1133/3402/4956 1131/3405/4958
s 1126
f 1141/3408/4959 1137/3406/4960 1139/3409/4961
f 1139/3409/4961 1137/3406/4960 1135/3407/4962
s 1127
f 1145/3410/4963 1141/3408/4964 1143/3411/4965
f 1143/3411/4965 1141/3408/4964 1139/3409/4966
s 1128
f 1151/3412/4967 1145/3413/4968 1149/3415/4969
f 1149/3415/4969 1145/3413/4968 1143/3414/4970
s 1129
f 1153/3416/4971 1151/3412/4972 1147/3417/4973
f 1147/3417/4973 1151/3412/4972 1149/3415/4974
s 1130
f 1200/3418/4975 1202/3419/4976 1201/3421/4977
f 1201/3421/4977 1202/3419/4976 1203/3420/4978
s 1131
f 1202/3419/4979 1153/3416/4980 1203/3420/4981
f 1203/3420/4981 1153/3416/4980 1147/3417/4982
s 1132
f 1146/3328/4983 1195/3327/4984 1148/3344/4985
f 1148/3344/4985 1195/3327/4984 1197/3422/4986
s 1133
f 1163/3423/4987 1188/3424/4988 1162/3321/4989
f 1162/3321/4989 1188/3424/4988 1125/3322/4990
s 1134
f 1138/3316/4991 1187/3315/4992 1140/3342/4993
f 1140/3342/4993 1187/3315/4992 1189/3425/4994
s 1135
f 1159/3426/4995 1137/3427/4996 1158/3305/4997
f 1158/3305/4997 1137/3427/4996 1141/3306/4998
s 1136
f 1168/3428/4999 1198/3429/5000 1167/3301/5001
f 1167/3301/5001 1198/3429/5000 1196/3302/5002
s 1137
f 1130/3300/5003 1139/3299/5004 1132/3341/5005
f 1132/3341/5005 1139/3299/5004 1135/3430/5006
s 1138
f 1148/3344/5007 1197/3422/5008 1150/3345/5009
f 1150/3345/5009 1197/3422/5008 1199/3431/5010
s 1139
f 1164/3432/5011 1190/3433/5012 1163/3423/5013
f 1163/3423/5013 1190/3433/5012 1188/3424/5014
s 1140
f 1140/3342/5015 1189/3425/5016 1142/3343/5017
f 1142/3343/5017 1189/3425/5016 1191/3348/5018
s 1141
f 1160/3347/5019 1133/3346/5020 1159/3426/5021
f 1159/3426/5021 1133/3346/5020 1137/3427/5022
s 1142
f 1169/3340/5023 1200/3339/5024 1168/3428/5025
f 1168/3428/5025 1200/3339/5024 1198/3429/5026
s 1143
f 1156/3334/5027 1151/3333/5028 1155/3317/5029
f 1155/3317/5029 1151/3333/5028 1153/3318/5030
s 1144
f 1132/3341/5031 1135/3430/5032 1134/3337/5033
f 1134/3337/5033 1135/3430/5032 1131/3338/5034
s 1145
f 1150/3345/5035 1199/3431/5036 1152/3335/5037
f 1152/3335/5037 1199/3431/5036 1201/3336/5038
s 1146
f 1124/3312/5039 1147/3311/5040 1126/3329/5041
f 1126/3329/5041 1147/3311/5040 1149/3330/5042
s 1147
f 1165/3332/5043 1192/3331/5044 1164/3432/5045
f 1164/3432/5045 1192/3331/5044 1190/3433/5046
s 1148
f 1206/3082/5047 1210/3434/5048 1209/3436/5049
f 1209/3436/5049 1210/3434/5048 1213/3435/5050
s 1149
f 1213/3435/5051 1707/1109/5052 1209/3436/5053
f 1209/3436/5053 1707/1109/5052 1705/484/5054
s 1150
f 1207/3437/5055 1211/3438/5056 1204/3081/5057
f 1204/3081/5057 1211/3438/5056 1205/3439/5058
s 1151
f 1212/3441/5059 1211/3438/5060 1208/3440/5061
f 1208/3440/5061 1211/3438/5060 1207/3437/5062
s 1152
f 1704/962/5063 1706/1238/5064 1208/3440/5065
f 1208/3440/5065 1706/1238/5064 1212/3441/5066
s 1153
f 1205/3439/5067 1210/3434/5068 1204/3081/5069
f 1204/3081/5069 1210/3434/5068 1206/3082/5070
s 1154
f 1213/3084/5071 1210/3442/5072 1014/3085/5073
f 1014/3085/5073 1210/3442/5072 1015/3443/5074
s 1155
f 872/3444/5075 1207/3437/5076 854/3080/5077
f 854/3080/5077 1207/3437/5076 1204/3081/5078
s 1156
f 1209/3446/5079 1705/2575/5080 996/3445/5081
f 996/3445/5081 1705/2575/5080 1686/39/5082
s 1157
f 1015/3447/5083 1210/3448/5084 1016/3450/5085
f 1016/3450/5085 1210/3448/5084 1205/3449/5086
s 1158
f 982/3451/5087 1206/3452/5088 996/3445/5089
f 996/3445/5089 1206/3452/5088 1209/3446/5090
s 1159
f 1205/3449/5091 1211/3453/5092 1016/3450/5093
f 1016/3450/5093 1211/3453/5092 1017/3454/5094
s 1160
f 1214/3151/5095 1034/3455/5096 1215/3152/5097
f 1215/3152/5097 1034/3455/5096 1035/3456/5098
s 1161
f 1221/3457/5099 1223/3458/5100 1217/3460/5101
f 1217/3460/5101 1223/3458/5100 1219/3459/5102
s 1162
f 1221/3461/5103 1711/1034/5104 1220/3462/5105
f 1220/3462/5105 1711/1034/5104 1710/805/5106
s 1163
f 1223/3463/5107 1221/3461/5108 1222/3464/5109
f 1222/3464/5109 1221/3461/5108 1220/3462/5110
s 1164
f 1219/3465/5111 1223/3466/5112 1218/3468/5113
f 1218/3468/5113 1223/3466/5112 1222/3467/5114
s 1165
f 1216/3469/5115 1226/3470/5116 1220/3472/5117
f 1220/3472/5117 1226/3470/5116 1227/3471/5118
s 1166
f 1217/3473/5119 1219/3474/5120 1216/3476/5121
f 1216/3476/5121 1219/3474/5120 1218/3475/5122
s 1167
f 1227/3477/5123 1231/3478/5124 1225/3480/5125
f 1225/3480/5125 1231/3478/5124 1229/3479/5126
s 1168
f 1218/3475/5127 1224/3481/5128 1216/3476/5129
f 1216/3476/5129 1224/3481/5128 1226/3482/5130
s 1169
f 1222/3467/5131 1225/3483/5132 1218/3468/5133
f 1218/3468/5133 1225/3483/5132 1224/3484/5134
s 1170
f 1220/3462/5135 1227/3477/5136 1222/3464/5137
f 1222/3464/5137 1227/3477/5136 1225/3480/5138
s 1171
f 1230/3485/5139 1234/3486/5140 1231/3488/5141
f 1231/3488/5141 1234/3486/5140 1235/3487/5142
s 1172
f 1224/3481/5143 1228/3489/5144 1226/3482/5145
f 1226/3482/5145 1228/3489/5144 1230/3490/5146
s 1173
f 1239/3491/5147 1718/477/5148 1238/3492/5149
f 1238/3492/5149 1718/477/5148 1719/2136/5150
s 1174
f 1225/3483/5151 1229/3493/5152 1224/3484/5153
f 1224/3484/5153 1229/3493/5152 1228/3494/5154
s 1175
f 1235/3495/5155 1239/3496/5156 1233/3498/5157
f 1233/3498/5157 1239/3496/5156 1237/3497/5158
s 1176
f 1229/3493/5159 1233/3499/5160 1228/3494/5161
f 1228/3494/5161 1233/3499/5160 1232/3500/5162
s 1177
f 1231/3478/5163 1235/3495/5164 1229/3479/5165
f 1229/3479/5165 1235/3495/5164 1233/3498/5166
s 1178
f 1228/3489/5167 1232/3501/5168 1230/3490/5169
f 1230/3490/5169 1232/3501/5168 1234/3502/5170
s 1179
f 1238/3503/5171 1242/3504/5172 1239/3506/5173
f 1239/3506/5173 1242/3504/5172 1243/3505/5174
s 1180
f 1232/3501/5175 1236/3507/5176 1234/3502/5177
f 1234/3502/5177 1236/3507/5176 1238/3508/5178
s 1181
f 1226/3509/5179 1713/2110/5180 1227/3510/5181
f 1227/3510/5181 1713/2110/5180 1712/2549/5182
s 1182
f 1233/3499/5183 1237/3511/5184 1232/3500/5185
f 1232/3500/5185 1237/3511/5184 1236/3512/5186
s 1183
f 1241/3513/5187 1245/3514/5188 1240/3516/5189
f 1240/3516/5189 1245/3514/5188 1244/3515/5190
s 1184
f 1237/3511/5191 1241/3513/5192 1236/3512/5193
f 1236/3512/5193 1241/3513/5192 1240/3516/5194
s 1185
f 1239/3496/5195 1243/3517/5196 1237/3497/5197
f 1237/3497/5197 1243/3517/5196 1241/3518/5198
s 1186
f 1236/3507/5199 1240/3519/5200 1238/3508/5201
f 1238/3508/5201 1240/3519/5200 1242/3520/5202
s 1187
f 1247/3521/5203 1251/3522/5204 1245/3524/5205
f 1245/3524/5205 1251/3522/5204 1249/3523/5206
s 1188
f 1243/3517/5207 1247/3521/5208 1241/3518/5209
f 1241/3518/5209 1247/3521/5208 1245/3524/5210
s 1189
f 1240/3519/5211 1244/3525/5212 1242/3520/5213
f 1242/3520/5213 1244/3525/5212 1246/3526/5214
s 1190
f 1234/3527/5215 1717/1634/5216 1235/3528/5217
f 1235/3528/5217 1717/1634/5216 1716/2566/5218
s 1191
f 1231/3529/5219 1714/630/5220 1230/3530/5221
f 1230/3530/5221 1714/630/5220 1715/1705/5222
s 1192
f 1244/3525/5223 1248/3531/5224 1246/3526/5225
f 1246/3526/5225 1248/3531/5224 1250/3532/5226
s 1193
f 1246/3533/5227 1250/3534/5228 1247/3536/5229
f 1247/3536/5229 1250/3534/5228 1251/3535/5230
s 1194
f 1245/3514/5231 1249/3537/5232 1244/3515/5233
f 1244/3515/5233 1249/3537/5232 1248/3538/5234
s 1195
f 1246/3526/5235 1723/2156/5236 1242/3520/5237
f 1242/3520/5237 1723/2156/5236 1721/20/5238
s 1196
f 1249/3537/5239 1253/3539/5240 1248/3538/5241
f 1248/3538/5241 1253/3539/5240 1252/3540/5242
s 1197
f 1251/3522/5243 1255/3541/5244 1249/3523/5245
f 1249/3523/5245 1255/3541/5244 1253/3542/5246
s 1198
f 1248/3531/5247 1252/3543/5248 1250/3532/5249
f 1250/3532/5249 1252/3543/5248 1254/3544/5250
s 1199
f 1253/3545/5251 1727/1194/5252 1252/3546/5253
f 1252/3546/5253 1727/1194/5252 1726/2571/5254
s 1200
f 1242/3547/5255 1721/296/5256 1243/3548/5257
f 1243/3548/5257 1721/296/5256 1720/2584/5258
s 1201
f 1247/3549/5259 1722/1888/5260 1246/3550/5261
f 1246/3550/5261 1722/1888/5260 1723/903/5262
s off
f 1252/3551/5263 1726/2586/5264 1254/3552/5265
s 1202
f 1250/3553/5266 1725/2588/5267 1251/3554/5268
f 1251/3554/5268 1725/2588/5267 1724/2307/5269
s 1203
f 1227/3477/5270 1712/1837/5271 1231/3478/5272
f 1231/3478/5272 1712/1837/5271 1714/1792/5273
s 1204
f 1230/3490/5274 1715/1006/5275 1226/3482/5276
f 1226/3482/5276 1715/1006/5275 1713/1833/5277
s 1205
f 1235/3495/5278 1716/924/5279 1239/3496/5280
f 1239/3496/5280 1716/924/5279 1718/1100/5281
s off
f 1255/3555/5282 1727/2591/5283 1253/3556/5284
s 1206
f 1216/3476/5285 1708/1060/5286 1217/3473/5287
f 1217/3473/5287 1708/1060/5286 1709/676/5288
s 1207
f 1238/3508/5289 1719/959/5290 1234/3502/5291
f 1234/3502/5291 1719/959/5290 1717/2523/5292
s 1208
f 1251/3522/5293 1724/2409/5294 1255/3541/5295
f 1255/3541/5295 1724/2409/5294 1727/37/5296
s 1209
f 1220/3557/5297 1710/1143/5298 1216/3558/5299
f 1216/3558/5299 1710/1143/5298 1708/1686/5300
s 1210
f 1243/3559/5301 1720/1877/5302 1247/3560/5303
f 1247/3560/5303 1720/1877/5302 1722/2385/5304
s 1211
f 1254/3544/5305 1726/856/5306 1250/3532/5307
f 1250/3532/5307 1726/856/5306 1725/1814/5308
s 1212
f 1217/3460/5309 1709/2160/5310 1221/3457/5311
f 1221/3457/5311 1709/2160/5310 1711/1984/5312
s 1213
f 1275/3562/5313 1259/3563/5314 1281/3561/5315
f 1281/3561/5315 1259/3563/5314 1269/3564/5316
s 1214
f 1275/3565/5317 1276/3566/5318 1259/3568/5319
f 1259/3568/5319 1276/3566/5318 1263/3567/5320
s 1215
f 1273/3570/5321 1267/3571/5322 1271/3569/5323
f 1271/3569/5323 1267/3571/5322 1261/3572/5324
s 1216
f 1277/3573/5325 1274/3574/5326 1261/3576/5327
f 1261/3576/5327 1274/3574/5326 1257/3575/5328
s 1217
f 1268/3577/5329 1256/3578/5330 1270/3580/5331
f 1270/3580/5331 1256/3578/5330 1260/3579/5332
s 1218
f 1271/3581/5333 1261/3582/5334 1269/3584/5335
f 1269/3584/5335 1261/3582/5334 1257/3583/5336
s 1219
f 1279/3586/5337 1267/3587/5338 1280/3585/5339
f 1280/3585/5339 1267/3587/5338 1273/3588/5340
s 1220
f 1276/3589/5341 1278/3590/5342 1263/3592/5343
f 1263/3592/5343 1278/3590/5342 1264/3591/5344
s 1221
f 1277/3593/5345 1279/3594/5346 1260/3596/5347
f 1260/3596/5347 1279/3594/5346 1266/3595/5348
s 1222
f 1272/3598/5349 1265/3599/5350 1270/3597/5351
f 1270/3597/5351 1265/3599/5350 1262/3600/5352
s 1223
f 1260/3601/5353 1266/3602/5354 1270/3597/5355
f 1270/3597/5355 1266/3602/5354 1272/3598/5356
s 1224
f 1278/3603/5357 1280/3585/5358 1264/3604/5359
f 1264/3604/5359 1280/3585/5358 1273/3588/5360
s 1225
f 1263/3605/5361 1271/3581/5362 1259/3606/5363
f 1259/3606/5363 1271/3581/5362 1269/3584/5364
s 1226
f 1258/3607/5365 1268/3577/5366 1262/3608/5367
f 1262/3608/5367 1268/3577/5366 1270/3580/5368
s 1227
f 1263/3609/5369 1264/3610/5370 1271/3569/5371
f 1271/3569/5371 1264/3610/5370 1273/3570/5372
s 1228
f 1274/3611/5373 1281/3561/5374 1257/3612/5375
f 1257/3612/5375 1281/3561/5374 1269/3564/5376
s 1229
f 1268/3614/5377 1281/3561/5378 1256/3613/5379
f 1256/3613/5379 1281/3561/5378 1274/3611/5380
s 1230
f 1272/3616/5381 1280/3585/5382 1265/3615/5383
f 1265/3615/5383 1280/3585/5382 1278/3603/5384
s 1231
f 1267/3618/5385 1279/3594/5386 1261/3617/5387
f 1261/3617/5387 1279/3594/5386 1277/3593/5388
s 1232
f 1265/3620/5389 1278/3590/5390 1262/3619/5391
f 1262/3619/5391 1278/3590/5390 1276/3589/5392
s 1233
f 1272/3616/5393 1266/3621/5394 1280/3585/5395
f 1280/3585/5395 1266/3621/5394 1279/3586/5396
s 1234
f 1260/3622/5397 1256/3623/5398 1277/3573/5399
f 1277/3573/5399 1256/3623/5398 1274/3574/5400
s 1235
f 1258/3624/5401 1262/3625/5402 1275/3565/5403
f 1275/3565/5403 1262/3625/5402 1276/3566/5404
s 1236
f 1268/3614/5405 1258/3626/5406 1281/3561/5407
f 1281/3561/5407 1258/3626/5406 1275/3562/5408
s 1237
f 858/3627/5409 1283/2730/5410 915/3628/5411
f 915/3628/5411 1283/2730/5410 1282/2733/5412
s 1238
f 1729/1987/5413 1675/2426/5414 858/3627/5415
f 858/3627/5415 1675/2426/5414 1283/2730/5416
s 1239
f 1282/2733/5417 1685/2025/5418 915/3628/5419
f 915/3628/5419 1685/2025/5418 1728/2474/5420
s 1240
f 1731/2246/5421 1285/3629/5422 1730/1263/5423
f 1730/1263/5423 1285/3629/5422 1284/3630/5424
s 1241
f 1728/74/5425 1730/773/5426 915/3632/5427
f 915/3632/5427 1730/773/5426 1284/3631/5428
s 1242
f 915/3633/5429 1284/3634/5430 858/3636/5431
f 858/3636/5431 1284/3634/5430 1285/3635/5432
s 1243
f 1290/3637/5433 1296/3638/5434 1291/3640/5435
f 1291/3640/5435 1296/3638/5434 1287/3639/5436
s 1244
f 1733/719/5437 1290/3637/5438 1734/1622/5439
f 1734/1622/5439 1290/3637/5438 1291/3640/5440
s 1245
f 1286/3641/5441 1303/3642/5442 1289/3644/5443
f 1303/3642/5442 1302/3643/5444 1289/3644/5443
s 1246
f 1297/3645/5445 1298/3646/5446 1286/3648/5447
f 1286/3648/5447 1298/3646/5446 1303/3647/5448
s 1247
f 1675/965/5449 1734/2222/5450 1283/2658/5451
f 1283/2658/5451 1734/2222/5450 1291/2659/5452
s 1248
f 855/3649/5453 1287/3650/5454 873/2737/5455
f 873/2737/5455 1287/3650/5454 1296/2738/5456
s 1249
f 1288/3651/5457 1292/3652/5458 1289/3654/5459
f 1289/3654/5459 1292/3652/5458 1293/3653/5460
s 1250
f 1732/1569/5461 1292/3652/5462 1295/3655/5463
f 1295/3655/5463 1292/3652/5462 1288/3651/5464
s 1251
f 1733/1521/5465 1732/1569/5466 1294/3656/5467
f 1294/3656/5467 1732/1569/5466 1295/3655/5468
s 1252
f 1289/3654/5469 1293/3653/5470 1286/3658/5471
f 1286/3658/5471 1293/3653/5470 1296/3657/5472
s 1253
f 1297/3645/5473 1290/3659/5474 1294/3660/5475
f 1294/3660/5475 1290/3659/5474 1733/857/5476
s 1254
f 1296/3661/5477 1290/3659/5478 1286/3648/5479
f 1286/3648/5479 1290/3659/5478 1297/3645/5480
s 1255
f 1301/3662/5481 1299/3663/5482 1300/3665/5483
f 1300/3665/5483 1299/3663/5482 1298/3664/5484
s 1256
f 1299/3663/5485 1302/3666/5486 1298/3664/5487
f 1298/3664/5487 1302/3666/5486 1303/3667/5488
s 1257
f 1288/3668/5489 1299/3669/5490 1295/3671/5491
f 1295/3671/5491 1299/3669/5490 1301/3670/5492
s 1258
f 1294/3660/5493 1300/3672/5494 1297/3645/5495
f 1297/3645/5495 1300/3672/5494 1298/3646/5496
s 1259
f 1294/3676/5497 1295/3673/5498 1300/3675/5499
f 1295/3673/5498 1301/3674/5500 1300/3675/5499
s 1260
f 1289/3677/5501 1302/3678/5502 1288/3668/5503
f 1288/3668/5503 1302/3678/5502 1299/3669/5504
s 1261
f 1743/640/5505 1304/1850/5506 1741/2073/5507
f 1741/2073/5507 1304/1850/5506 1742/2467/5508
s 1262
f 1305/1636/5509 1306/1734/5510 1743/1501/5511
f 1743/1501/5511 1306/1734/5510 1304/393/5512
s 1263
f 1305/1636/5513 1307/1267/5514 1306/1734/5515
f 1306/1734/5515 1307/1267/5514 1308/1675/5516
s 1264
f 1307/1267/5517 1309/1290/5518 1308/1675/5519
f 1308/1675/5519 1309/1290/5518 1310/2436/5520
s 1265
f 1309/1290/5521 1311/2201/5522 1310/2436/5523
f 1310/2436/5523 1311/2201/5522 1312/1040/5524
s 1266
f 1311/2296/5525 1313/2384/5526 1312/90/5527
f 1312/90/5527 1313/2384/5526 1314/1320/5528
s 1267
f 1313/2384/5529 1315/1570/5530 1314/1320/5531
f 1314/1320/5531 1315/1570/5530 1316/1422/5532
s 1268
f 1315/1570/5533 1317/2334/5534 1316/1422/5535
f 1316/1422/5535 1317/2334/5534 1318/1915/5536
s 1269
f 1317/2334/5537 1319/267/5538 1318/1915/5539
f 1318/1915/5539 1319/267/5538 1320/374/5540
s 1270
f 1319/707/5541 1321/940/5542 1320/321/5543
f 1320/321/5543 1321/940/5542 1322/2111/5544
s 1271
f 1321/940/5545 1323/1976/5546 1322/2111/5547
f 1322/2111/5547 1323/1976/5546 1324/166/5548
s 1272
f 1323/1976/5549 1325/1923/5550 1324/166/5551
f 1324/166/5551 1325/1923/5550 1326/218/5552
s 1273
f 1325/1923/5553 1767/571/5554 1326/218/5555
f 1326/218/5555 1767/571/5554 1327/2420/5556
s 1274
f 1322/2111/5557 1353/372/5558 1320/321/5559
f 1320/321/5559 1353/372/5558 1352/1685/5560
s 1275
f 1767/2228/5561 1769/2050/5562 1327/268/5563
f 1327/268/5563 1769/2050/5562 1770/1382/5564
s 1276
f 1377/1465/5565 1376/2064/5566 1315/1570/5567
f 1315/1570/5567 1376/2064/5566 1317/2334/5568
s 1277
f 1304/1850/5569 1344/2398/5570 1742/2467/5571
f 1742/2467/5571 1344/2398/5570 1787/96/5572
s 1278
f 1341/1978/5573 1950/1475/5574 1340/1372/5575
f 1340/1372/5575 1950/1475/5574 1949/2291/5576
s 1279
f 1314/1320/5577 1349/2286/5578 1312/90/5579
f 1312/90/5579 1349/2286/5578 1348/2113/5580
s 1280
f 1306/1734/5581 1345/1871/5582 1304/393/5583
f 1304/393/5583 1345/1871/5582 1344/757/5584
s 1281
f 1324/166/5585 1354/647/5586 1322/2111/5587
f 1322/2111/5587 1354/647/5586 1353/372/5588
s 1282
f 1316/1422/5589 1350/1642/5590 1314/1320/5591
f 1314/1320/5591 1350/1642/5590 1349/2286/5592
s 1283
f 1308/1675/5593 1346/1207/5594 1306/1734/5595
f 1306/1734/5595 1346/1207/5594 1345/1871/5596
s 1284
f 1326/218/5597 1355/2438/5598 1324/166/5599
f 1324/166/5599 1355/2438/5598 1354/647/5600
s 1285
f 1318/1915/5601 1351/251/5602 1316/1422/5603
f 1316/1422/5603 1351/251/5602 1350/1642/5604
s 1286
f 1310/2436/5605 1347/1335/5606 1308/1675/5607
f 1308/1675/5607 1347/1335/5606 1346/1207/5608
s 1287
f 1327/2420/5609 1356/843/5610 1326/218/5611
f 1326/218/5611 1356/843/5610 1355/2438/5612
s 1288
f 1320/374/5613 1352/918/5614 1318/1915/5615
f 1318/1915/5615 1352/918/5614 1351/251/5616
s 1289
f 1312/1040/5617 1348/1409/5618 1310/2436/5619
f 1310/2436/5619 1348/1409/5618 1347/1335/5620
s 1290
f 1802/2439/5621 1356/293/5622 1770/1382/5623
f 1770/1382/5623 1356/293/5622 1327/268/5624
s 1291
f 1328/1998/5625 1788/1816/5626 1329/129/5627
f 1329/129/5627 1788/1816/5626 1787/777/5628
s 1292
f 1329/129/5629 1787/777/5630 1330/1404/5631
f 1330/1404/5631 1787/777/5630 1344/1416/5632
s 1293
f 1330/1404/5633 1344/1416/5634 1331/1920/5635
f 1331/1920/5635 1344/1416/5634 1345/1683/5636
s 1294
f 1331/1920/5637 1345/1683/5638 1332/2116/5639
f 1332/2116/5639 1345/1683/5638 1346/1321/5640
s 1295
f 1332/2116/5641 1346/1321/5642 1333/504/5643
f 1333/504/5643 1346/1321/5642 1347/1141/5644
s 1296
f 1333/504/5645 1347/1141/5646 1334/10/5647
f 1334/10/5647 1347/1141/5646 1348/1130/5648
s 1297
f 1334/10/5649 1348/1130/5650 1335/994/5651
f 1335/994/5651 1348/1130/5650 1349/899/5652
s 1298
f 1335/994/5653 1349/899/5654 1336/2472/5655
f 1336/2472/5655 1349/899/5654 1350/975/5656
s 1299
f 1336/2472/5657 1350/975/5658 1337/2100/5659
f 1337/2100/5659 1350/975/5658 1351/319/5660
s 1300
f 1337/2100/5661 1351/319/5662 1338/1667/5663
f 1338/1667/5663 1351/319/5662 1352/2369/5664
s 1301
f 1338/1667/5665 1352/2369/5666 1339/1252/5667
f 1339/1252/5667 1352/2369/5666 1353/744/5668
s 1302
f 1339/1252/5669 1353/744/5670 1340/2125/5671
f 1340/2125/5671 1353/744/5670 1354/395/5672
s 1303
f 1340/2125/5673 1354/395/5674 1341/1700/5675
f 1341/1700/5675 1354/395/5674 1355/1373/5676
s 1304
f 1341/1700/5677 1355/1373/5678 1342/2133/5679
f 1342/2133/5679 1355/1373/5678 1356/1562/5680
s 1305
f 1356/1562/5681 1802/1440/5682 1342/2133/5683
f 1342/2133/5683 1802/1440/5682 1343/1230/5684
s 1306
f 1802/1440/5685 1788/1816/5686 1343/1230/5687
f 1343/1230/5687 1788/1816/5686 1328/1998/5688
s 1307
f 1334/1738/5689 1943/524/5690 1333/2519/5691
f 1333/2519/5691 1943/524/5690 1942/287/5692
s 1308
f 1342/1301/5693 1951/682/5694 1341/1978/5695
f 1341/1978/5695 1951/682/5694 1950/1475/5696
s 1309
f 1335/2482/5697 1944/2346/5698 1334/517/5699
f 1334/517/5699 1944/2346/5698 1943/1817/5700
s 1310
f 1343/559/5701 1952/158/5702 1342/1079/5703
f 1342/1079/5703 1952/158/5702 1951/2442/5704
s 1311
f 1336/541/5705 1945/1208/5706 1335/2482/5707
f 1335/2482/5707 1945/1208/5706 1944/2346/5708
s 1312
f 1329/890/5709 1937/195/5710 1328/1694/5711
f 1328/1694/5711 1937/195/5710 1938/190/5712
s 1313
f 1328/1694/5713 1938/190/5714 1343/559/5715
f 1343/559/5715 1938/190/5714 1952/158/5716
s 1314
f 1337/552/5717 1946/2423/5718 1336/541/5719
f 1336/541/5719 1946/2423/5718 1945/1208/5720
s 1315
f 1330/2417/5721 1939/1896/5722 1329/890/5723
f 1329/890/5723 1939/1896/5722 1937/195/5724
s 1316
f 1338/497/5725 1947/882/5726 1337/552/5727
f 1337/552/5727 1947/882/5726 1946/2423/5728
s 1317
f 1331/1402/5729 1940/1291/5730 1330/310/5731
f 1330/310/5731 1940/1291/5730 1939/44/5732
s 1318
f 1339/2461/5733 1948/148/5734 1338/193/5735
f 1338/193/5735 1948/148/5734 1947/1000/5736
s 1319
f 1332/1673/5737 1941/2053/5738 1331/1402/5739
f 1331/1402/5739 1941/2053/5738 1940/1291/5740
s 1320
f 1340/1372/5741 1949/2291/5742 1339/2461/5743
f 1339/2461/5743 1949/2291/5742 1948/148/5744
s 1321
f 1333/2519/5745 1942/287/5746 1332/1673/5747
f 1332/1673/5747 1942/287/5746 1941/2053/5748
s 1322
f 1381/778/5749 1380/1304/5750 1307/1267/5751
f 1307/1267/5751 1380/1304/5750 1309/1290/5752
s 1323
f 1805/1981/5753 1358/651/5754 1834/1200/5755
f 1834/1200/5755 1358/651/5754 1383/520/5756
s 1324
f 1359/1462/5757 1360/2349/5758 1382/2170/5759
f 1382/2170/5759 1360/2349/5758 1381/778/5760
s 1325
f 1381/778/5761 1360/2349/5762 1380/1304/5763
f 1380/1304/5763 1360/2349/5762 1361/683/5764
s 1326
f 1380/1304/5765 1361/683/5766 1379/271/5767
f 1379/271/5767 1361/683/5766 1362/2232/5768
s 1327
f 1379/1511/5769 1362/1722/5770 1378/117/5771
f 1378/117/5771 1362/1722/5770 1363/1154/5772
s 1328
f 1305/1636/5773 1382/2170/5774 1307/1267/5775
f 1307/1267/5775 1382/2170/5774 1381/778/5776
s 1329
f 1375/1033/5777 1374/1778/5778 1319/707/5779
f 1319/707/5779 1374/1778/5778 1321/940/5780
s 1330
f 1323/1976/5781 1373/24/5782 1325/1923/5783
f 1325/1923/5783 1373/24/5782 1372/1423/5784
s 1331
f 1378/117/5785 1377/1465/5786 1313/2384/5787
f 1313/2384/5787 1377/1465/5786 1315/1570/5788
s 1332
f 1767/2228/5789 1371/1302/5790 1769/2050/5791
f 1769/2050/5791 1371/1302/5790 1820/2229/5792
s 1333
f 1376/2064/5793 1375/2561/5794 1317/2334/5795
f 1317/2334/5795 1375/2561/5794 1319/267/5796
s 1334
f 1379/1511/5797 1378/117/5798 1311/2296/5799
f 1311/2296/5799 1378/117/5798 1313/2384/5800
s 1335
f 1325/1923/5801 1372/1423/5802 1767/571/5803
f 1767/571/5803 1372/1423/5802 1371/525/5804
s 1336
f 1358/731/5805 1359/1462/5806 1383/685/5807
f 1383/685/5807 1359/1462/5806 1382/2170/5808
s 1337
f 1377/1465/5809 1364/415/5810 1376/2064/5811
f 1376/2064/5811 1364/415/5810 1365/1389/5812
s 1338
f 1370/689/5813 1819/51/5814 1371/1302/5815
f 1371/1302/5815 1819/51/5814 1820/2229/5816
s 1339
f 1374/1778/5817 1373/24/5818 1321/940/5819
f 1321/940/5819 1373/24/5818 1323/1976/5820
s 1340
f 1378/117/5821 1363/1154/5822 1377/1465/5823
f 1377/1465/5823 1363/1154/5822 1364/415/5824
s 1341
f 1834/1200/5825 1383/520/5826 1741/2073/5827
f 1741/2073/5827 1383/520/5826 1743/640/5828
s 1342
f 1370/634/5829 1369/1204/5830 1819/949/5831
f 1819/949/5831 1369/1204/5830 1804/644/5832
f 1369/1204/5830 1368/1493/5833 1804/644/5832
f 1368/1493/5833 1367/1973/5834 1804/644/5832
f 1367/1973/5834 1366/2147/5835 1804/644/5832
f 1366/2147/5835 1365/1095/5836 1804/644/5832
f 1365/1095/5836 1364/1893/5837 1804/644/5832
f 1364/1893/5837 1363/2470/5838 1804/644/5832
f 1363/2470/5838 1362/2527/5839 1804/644/5832
f 1362/2527/5839 1361/1415/5840 1804/644/5832
f 1361/1415/5840 1360/27/5841 1804/644/5832
f 1360/27/5841 1359/2386/5842 1804/644/5832
f 1804/644/5832 1359/2386/5842 1805/1858/5843
f 1359/2386/5842 1358/2340/5844 1805/1858/5843
s 1343
f 1376/2064/5845 1365/1389/5846 1375/2561/5847
f 1375/2561/5847 1365/1389/5846 1366/527/5848
s 1344
f 1375/1033/5849 1366/1647/5850 1374/1778/5851
f 1374/1778/5851 1366/1647/5850 1367/2355/5852
s 1345
f 1380/1304/5853 1379/271/5854 1309/1290/5855
f 1309/1290/5855 1379/271/5854 1311/2201/5856
s 1346
f 1374/1778/5857 1367/2355/5858 1373/24/5859
f 1373/24/5859 1367/2355/5858 1368/2292/5860
s 1347
f 1368/2292/5861 1369/133/5862 1373/24/5863
f 1373/24/5863 1369/133/5862 1372/1423/5864
s 1348
f 1383/685/5865 1382/2170/5866 1743/1501/5867
f 1743/1501/5867 1382/2170/5866 1305/1636/5868
s 1349
f 1369/133/5869 1370/608/5870 1372/1423/5871
f 1372/1423/5871 1370/608/5870 1371/525/5872
s 1350
f 1402/1420/5873 1403/1202/5874 1397/913/5875
f 1397/913/5875 1403/1202/5874 1387/1697/5876
s 1351
f 1403/3679/5877 1404/3680/5878 1387/3682/5879
f 1387/3682/5879 1404/3680/5878 1391/3681/5880
s 1352
f 1384/396/5881 1412/2054/5882 1388/276/5883
f 1388/276/5883 1412/2054/5882 1413/125/5884
s 1353
f 1386/1181/5885 1396/1364/5886 1390/1212/5887
f 1390/1212/5887 1396/1364/5886 1398/102/5888
s 1354
f 1391/2204/5889 1399/1338/5890 1387/1884/5891
f 1387/1884/5891 1399/1338/5890 1397/513/5892
s 1355
f 1405/100/5893 1406/2416/5894 1392/2237/5895
f 1392/2237/5895 1406/2416/5894 1400/1090/5896
s 1356
f 1398/102/5897 1401/1939/5898 1390/1212/5899
f 1390/1212/5899 1401/1939/5898 1393/2206/5900
s 1357
f 1391/2204/5901 1392/1408/5902 1399/1338/5903
f 1399/1338/5903 1392/1408/5902 1400/1526/5904
s 1358
f 1405/3683/5905 1392/3684/5906 1404/3680/5907
f 1404/3680/5907 1392/3684/5906 1391/3681/5908
s 1359
f 1402/1420/5909 1397/913/5910 1407/291/5911
f 1407/291/5911 1397/913/5910 1385/188/5912
s 1360
f 1388/1979/5913 1398/102/5914 1384/1156/5915
f 1384/1156/5915 1398/102/5914 1396/1364/5916
s 1361
f 1397/248/5917 1399/1298/5918 1385/2124/5919
f 1385/2124/5919 1399/1298/5918 1389/306/5920
s 1362
f 1406/2416/5921 1401/1844/5922 1408/1074/5923
f 1408/1074/5923 1401/1844/5922 1394/919/5924
s 1363
f 1401/1939/5925 1398/102/5926 1394/869/5927
f 1394/869/5927 1398/102/5926 1388/1979/5928
s 1364
f 1389/306/5929 1399/1298/5930 1395/1812/5931
f 1395/1812/5931 1399/1298/5930 1400/89/5932
s 1365
f 1395/1662/5933 1400/1090/5934 1408/1074/5935
f 1408/1074/5935 1400/1090/5934 1406/2416/5936
s 1366
f 1396/690/5937 1402/1420/5938 1384/1961/5939
f 1384/1961/5939 1402/1420/5938 1407/291/5940
s 1367
f 1390/3685/5941 1393/3686/5942 1404/3680/5943
f 1404/3680/5943 1393/3686/5942 1405/3683/5944
s 1368
f 1393/2356/5945 1401/1844/5946 1405/100/5947
f 1405/100/5947 1401/1844/5946 1406/2416/5948
s 1369
f 1411/3687/5949 1410/3688/5950 1385/1115/5951
f 1385/1115/5951 1410/3688/5950 1407/311/5952
s 1370
f 1390/3685/5953 1404/3680/5954 1386/3689/5955
f 1386/3689/5955 1404/3680/5954 1403/3679/5956
s 1371
f 1396/690/5957 1386/1991/5958 1402/1420/5959
f 1402/1420/5959 1386/1991/5958 1403/1202/5960
s 1372
f 1395/1371/5961 1416/1201/5962 1389/2319/5963
f 1389/2319/5963 1416/1201/5962 1409/2350/5964
s off
f 1415/3690/5965 1417/3691/5966 1414/3692/5967
f 1416/3693/5968 1417/3691/5969 1409/3694/5970
f 1410/3688/5971 1417/3691/5972 1412/3695/5973
f 1411/3687/5974 1417/3691/5975 1410/3688/5976
f 1412/3695/5977 1417/3691/5978 1413/3696/5979
f 1414/3692/5980 1417/3691/5981 1416/3693/5982
f 1413/3696/5983 1417/3691/5984 1415/3690/5985
f 1409/3694/5986 1417/3691/5987 1411/3687/5988
s 1373
f 1409/2350/5989 1411/245/5990 1389/2319/5991
f 1389/2319/5991 1411/245/5990 1385/2389/5992
s 1374
f 1415/3690/5993 1414/3692/5994 1394/1185/5995
f 1394/1185/5995 1414/3692/5994 1408/2193/5996
s 1375
f 1407/311/5997 1410/3688/5998 1384/1644/5999
f 1384/1644/5999 1410/3688/5998 1412/3695/6000
s 1376
f 1413/125/6001 1415/151/6002 1388/276/6003
f 1388/276/6003 1415/151/6002 1394/1177/6004
s 1377
f 1408/2193/6005 1414/3692/6006 1395/878/6007
f 1395/878/6007 1414/3692/6006 1416/3693/6008
s 1378
f 1436/2352/6009 1437/2545/6010 1431/1775/6011
f 1431/1775/6011 1437/2545/6010 1421/52/6012
s 1379
f 1437/3697/6013 1438/3698/6014 1421/3700/6015
f 1421/3700/6015 1438/3698/6014 1425/3699/6016
s 1380
f 1418/1715/6017 1446/204/6018 1422/1203/6019
f 1422/1203/6019 1446/204/6018 1447/1640/6020
s 1381
f 1420/1625/6021 1430/1834/6022 1424/2020/6023
f 1424/2020/6023 1430/1834/6022 1432/498/6024
s 1382
f 1425/2148/6025 1433/1334/6026 1421/901/6027
f 1421/901/6027 1433/1334/6026 1431/1348/6028
s 1383
f 1439/2244/6029 1440/1717/6030 1426/1209/6031
f 1426/1209/6031 1440/1717/6030 1434/1992/6032
s 1384
f 1432/498/6033 1435/1663/6034 1424/2020/6035
f 1424/2020/6035 1435/1663/6034 1427/1166/6036
s 1385
f 1425/2148/6037 1426/1377/6038 1433/1334/6039
f 1433/1334/6039 1426/1377/6038 1434/865/6040
s 1386
f 1439/3701/6041 1426/3702/6042 1438/3698/6043
f 1438/3698/6043 1426/3702/6042 1425/3699/6044
s 1387
f 1436/2352/6045 1431/1775/6046 1441/988/6047
f 1441/988/6047 1431/1775/6046 1419/722/6048
s 1388
f 1422/2462/6049 1432/498/6050 1418/872/6051
f 1418/872/6051 1432/498/6050 1430/1834/6052
s 1389
f 1431/221/6053 1433/941/6054 1419/1019/6055
f 1419/1019/6055 1433/941/6054 1423/2150/6056
s 1390
f 1440/1717/6057 1435/729/6058 1442/844/6059
f 1442/844/6059 1435/729/6058 1428/1464/6060
s 1391
f 1435/1663/6061 1432/498/6062 1428/812/6063
f 1428/812/6063 1432/498/6062 1422/2462/6064
s 1392
f 1423/2150/6065 1433/941/6066 1429/595/6067
f 1429/595/6067 1433/941/6066 1434/425/6068
s 1393
f 1429/471/6069 1434/1992/6070 1442/844/6071
f 1442/844/6071 1434/1992/6070 1440/1717/6072
s 1394
f 1430/728/6073 1436/2352/6074 1418/798/6075
f 1418/798/6075 1436/2352/6074 1441/988/6076
s 1395
f 1424/3703/6077 1427/3704/6078 1438/3698/6079
f 1438/3698/6079 1427/3704/6078 1439/3701/6080
s 1396
f 1427/228/6081 1435/729/6082 1439/2244/6083
f 1439/2244/6083 1435/729/6082 1440/1717/6084
s 1397
f 1445/3705/6085 1444/3706/6086 1419/1066/6087
f 1419/1066/6087 1444/3706/6086 1441/2475/6088
s 1398
f 1424/3703/6089 1438/3698/6090 1420/3707/6091
f 1420/3707/6091 1438/3698/6090 1437/3697/6092
s 1399
f 1430/728/6093 1420/1942/6094 1436/2352/6095
f 1436/2352/6095 1420/1942/6094 1437/2545/6096
s 1400
f 1429/1561/6097 1450/1739/6098 1423/659/6099
f 1423/659/6099 1450/1739/6098 1443/828/6100
s off
f 1449/3708/6101 1451/3709/6102 1448/3710/6103
f 1450/3711/6104 1451/3709/6105 1443/3712/6106
f 1444/3706/6107 1451/3709/6108 1446/3713/6109
f 1445/3705/6110 1451/3709/6111 1444/3706/6112
f 1446/3713/6113 1451/3709/6114 1447/3714/6115
f 1448/3710/6116 1451/3709/6117 1450/3711/6118
f 1447/3714/6119 1451/3709/6120 1449/3708/6121
f 1443/3712/6122 1451/3709/6123 1445/3705/6124
s 1401
f 1443/828/6125 1445/1983/6126 1423/659/6127
f 1423/659/6127 1445/1983/6126 1419/269/6128
s 1402
f 1449/3708/6129 1448/3710/6130 1428/152/6131
f 1428/152/6131 1448/3710/6130 1442/1664/6132
s 1403
f 1441/2475/6133 1444/3706/6134 1418/2094/6135
f 1418/2094/6135 1444/3706/6134 1446/3713/6136
s 1404
f 1447/1640/6137 1449/2210/6138 1422/1203/6139
f 1422/1203/6139 1449/2210/6138 1428/469/6140
s 1405
f 1442/1664/6141 1448/3710/6142 1429/199/6143
f 1429/199/6143 1448/3710/6142 1450/3711/6144
s 1406
f 1455/3715/6145 1463/3716/6146 1454/3718/6147
f 1454/3718/6147 1463/3716/6146 1460/3717/6148
s 1407
f 1454/3718/6149 1458/3719/6150 1455/3715/6151
f 1455/3715/6151 1458/3719/6150 1459/3720/6152
s 1408
f 1458/3721/6153 1456/3722/6154 1459/3724/6155
f 1459/3724/6155 1456/3722/6154 1457/3723/6156
s 1409
f 1456/3725/6157 1452/3726/6158 1457/3728/6159
f 1457/3728/6159 1452/3726/6158 1453/3727/6160
s 1410
f 1452/3730/6161 1456/3731/6162 1454/3729/6163
f 1454/3729/6163 1456/3731/6162 1458/3732/6164
s 1411
f 1459/3733/6165 1457/3734/6166 1455/3736/6167
f 1455/3736/6167 1457/3734/6166 1453/3735/6168
s 1412
f 1462/3737/6169 1466/3738/6170 1463/3740/6171
f 1463/3740/6171 1466/3738/6170 1467/3739/6172
s 1413
f 1452/3726/6173 1461/3741/6174 1453/3727/6175
f 1453/3727/6175 1461/3741/6174 1462/3742/6176
s 1414
f 1453/3735/6177 1462/3737/6178 1455/3736/6179
f 1455/3736/6179 1462/3737/6178 1463/3740/6180
s 1415
f 1454/3729/6181 1460/3743/6182 1452/3730/6183
f 1452/3730/6183 1460/3743/6182 1461/3744/6184
s 1416
f 1465/3745/6185 1464/3746/6186 1466/3748/6187
f 1466/3748/6187 1464/3746/6186 1467/3747/6188
s 1417
f 1464/3749/6189 1465/3750/6190 1460/3743/6191
f 1460/3743/6191 1465/3750/6190 1461/3744/6192
s 1418
f 1463/3716/6193 1467/3751/6194 1460/3717/6195
f 1460/3717/6195 1467/3751/6194 1464/3752/6196
s 1419
f 1461/3741/6197 1465/3753/6198 1462/3742/6199
f 1462/3742/6199 1465/3753/6198 1466/3754/6200
s 1420
f 1486/3756/6201 1471/3757/6202 1480/3755/6203
f 1480/3755/6203 1471/3757/6202 1469/3758/6204
s 1421
f 1486/3759/6205 1494/3760/6206 1471/3762/6207
f 1471/3762/6207 1494/3760/6206 1497/3761/6208
s 1422
f 1489/3763/6209 1483/3764/6210 1475/3766/6211
f 1475/3766/6211 1483/3764/6210 1473/3765/6212
s 1423
f 1498/3767/6213 1501/3768/6214 1469/3770/6215
f 1469/3770/6215 1501/3768/6214 1477/3769/6216
s 1424
f 1487/3771/6217 1468/3772/6218 1495/3774/6219
f 1495/3774/6219 1468/3772/6218 1496/3773/6220
s 1425
f 1497/3775/6221 1498/3767/6222 1471/3776/6223
f 1471/3776/6223 1498/3767/6222 1469/3770/6224
s 1426
f 1484/3778/6225 1477/3779/6226 1499/3777/6227
f 1499/3777/6227 1477/3779/6226 1501/3780/6228
s 1427
f 1485/3781/6229 1478/3782/6230 1483/3764/6231
f 1483/3764/6231 1478/3782/6230 1473/3765/6232
s 1428
f 1484/3783/6233 1476/3784/6234 1480/3755/6235
f 1480/3755/6235 1476/3784/6234 1468/3785/6236
s 1429
f 1468/3772/6237 1476/3786/6238 1496/3773/6239
f 1496/3773/6239 1476/3786/6238 1500/3787/6240
s 1430
f 1469/3758/6241 1477/3788/6242 1480/3755/6243
f 1480/3755/6243 1477/3788/6242 1484/3783/6244
s 1431
f 1472/3789/6245 1479/3790/6246 1483/3764/6247
f 1483/3764/6247 1479/3790/6246 1485/3781/6248
s 1432
f 1500/3791/6249 1476/3792/6250 1499/3777/6251
f 1499/3777/6251 1476/3792/6250 1484/3778/6252
s 1433
f 1472/3789/6253 1483/3764/6254 1488/3793/6255
f 1488/3793/6255 1483/3764/6254 1489/3763/6256
s 1434
f 1474/3794/6257 1492/3795/6258 1470/3797/6259
f 1470/3797/6259 1492/3795/6258 1491/3796/6260
s 1435
f 1468/3785/6261 1487/3798/6262 1480/3755/6263
f 1480/3755/6263 1487/3798/6262 1486/3756/6264
s 1436
f 1486/3759/6265 1487/3800/6266 1481/3799/6267
f 1481/3799/6267 1487/3800/6266 1470/3801/6268
s 1437
f 1470/3801/6269 1487/3800/6270 1474/3803/6271
f 1474/3803/6271 1487/3800/6270 1495/3802/6272
s 1438
f 1474/3803/6273 1495/3802/6274 1482/3804/6275
f 1482/3804/6275 1495/3802/6274 1494/3760/6276
s 1439
f 1482/3804/6277 1494/3760/6278 1481/3799/6279
f 1481/3799/6279 1494/3760/6278 1486/3759/6280
s 1440
f 1492/3806/6281 1493/3807/6282 1491/3805/6283
f 1491/3805/6283 1493/3807/6282 1490/3808/6284
s 1441
f 1481/3809/6285 1490/3810/6286 1482/3812/6287
f 1482/3812/6287 1490/3810/6286 1493/3811/6288
s 1442
f 1482/3813/6289 1493/3814/6290 1474/3816/6291
f 1474/3816/6291 1493/3814/6290 1492/3815/6292
s 1443
f 1491/3818/6293 1490/3819/6294 1470/3817/6295
f 1470/3817/6295 1490/3819/6294 1481/3820/6296
s 1444
f 1489/3821/6297 1494/3822/6298 1488/3824/6299
f 1488/3824/6299 1494/3822/6298 1495/3823/6300
s 1445
f 1495/3823/6301 1496/3825/6302 1488/3824/6303
f 1488/3824/6303 1496/3825/6302 1472/3826/6304
s 1446
f 1473/3827/6305 1498/3828/6306 1475/3830/6307
f 1475/3830/6307 1498/3828/6306 1497/3829/6308
s 1447
f 1500/3832/6309 1499/3833/6310 1479/3831/6311
f 1479/3831/6311 1499/3833/6310 1485/3834/6312
s 1448
f 1501/3836/6313 1498/3828/6314 1478/3835/6315
f 1478/3835/6315 1498/3828/6314 1473/3827/6316
s 1449
f 1472/3826/6317 1496/3825/6318 1479/3831/6319
f 1479/3831/6319 1496/3825/6318 1500/3832/6320
s 1450
f 1497/3829/6321 1494/3822/6322 1475/3830/6323
f 1475/3830/6323 1494/3822/6322 1489/3821/6324
s 1451
f 1485/3834/6325 1499/3833/6326 1478/3835/6327
f 1478/3835/6327 1499/3833/6326 1501/3836/6328
s 1452
f 1505/3837/6329 1513/3838/6330 1504/3840/6331
f 1504/3840/6331 1513/3838/6330 1510/3839/6332
s 1453
f 1504/3840/6333 1508/3841/6334 1505/3837/6335
f 1505/3837/6335 1508/3841/6334 1509/3842/6336
s 1454
f 1508/3843/6337 1506/3844/6338 1509/3846/6339
f 1509/3846/6339 1506/3844/6338 1507/3845/6340
s 1455
f 1506/3847/6341 1502/3848/6342 1507/3850/6343
f 1507/3850/6343 1502/3848/6342 1503/3849/6344
s 1456
f 1502/3852/6345 1506/3853/6346 1504/3851/6347
f 1504/3851/6347 1506/3853/6346 1508/3854/6348
s 1457
f 1509/3855/6349 1507/3856/6350 1505/3858/6351
f 1505/3858/6351 1507/3856/6350 1503/3857/6352
s 1458
f 1512/3859/6353 1516/3860/6354 1513/3862/6355
f 1513/3862/6355 1516/3860/6354 1517/3861/6356
s 1459
f 1502/3848/6357 1511/3863/6358 1503/3849/6359
f 1503/3849/6359 1511/3863/6358 1512/3864/6360
s 1460
f 1503/3857/6361 1512/3859/6362 1505/3858/6363
f 1505/3858/6363 1512/3859/6362 1513/3862/6364
s 1461
f 1504/3851/6365 1510/3865/6366 1502/3852/6367
f 1502/3852/6367 1510/3865/6366 1511/3866/6368
s 1462
f 1515/3867/6369 1514/3868/6370 1516/3870/6371
f 1516/3870/6371 1514/3868/6370 1517/3869/6372
s 1463
f 1514/3871/6373 1515/3872/6374 1510/3865/6375
f 1510/3865/6375 1515/3872/6374 1511/3866/6376
s 1464
f 1513/3838/6377 1517/3873/6378 1510/3839/6379
f 1510/3839/6379 1517/3873/6378 1514/3874/6380
s 1465
f 1511/3863/6381 1515/3875/6382 1512/3864/6383
f 1512/3864/6383 1515/3875/6382 1516/3876/6384
s 1466
f 846/3877/6385 1531/2611/6386 828/3878/6387
f 828/3878/6387 1531/2611/6386 1851/2610/6388
s 1467
f 841/3879/6389 1850/3880/6390 848/3882/6391
f 848/3882/6391 1850/3880/6390 1534/3881/6392
s 1468
f 876/3883/6393 1849/3884/6394 841/3879/6395
f 841/3879/6395 1849/3884/6394 1850/3880/6396
s 1469
f 878/3885/6397 1533/3886/6398 846/3877/6399
f 846/3877/6399 1533/3886/6398 1531/2611/6400
s 1470
f 1851/2610/6401 1849/3884/6402 828/3878/6403
f 828/3878/6403 1849/3884/6402 876/3883/6404
s 1471
f 1534/3881/6405 1533/3886/6406 848/3882/6407
f 848/3882/6407 1533/3886/6406 878/3885/6408
s 1472
f 1525/3888/6409 1529/3889/6410 1524/3887/6411
f 1524/3887/6411 1529/3889/6410 1528/3890/6412
s 1473
f 1527/3892/6413 1525/3888/6414 1526/3891/6415
f 1526/3891/6415 1525/3888/6414 1524/3887/6416
s 1474
f 828/3893/6417 1527/3894/6418 846/3896/6419
f 846/3896/6419 1527/3894/6418 1526/3895/6420
s 1475
f 878/3897/6421 1524/3898/6422 848/3900/6423
f 848/3900/6423 1524/3898/6422 1528/3899/6424
s 1476
f 1526/3902/6425 1524/3898/6426 846/3901/6427
f 846/3901/6427 1524/3898/6426 878/3897/6428
s 1477
f 848/3903/6429 1528/3904/6430 841/3906/6431
f 841/3906/6431 1528/3904/6430 1529/3905/6432
s 1478
f 852/3907/6433 1530/2666/6434 1518/3908/6435
f 1518/3908/6435 1530/2666/6434 1531/2611/6436
s 1479
f 1534/3881/6437 1532/3910/6438 1521/3909/6439
f 1521/3909/6439 1532/3910/6438 853/3911/6440
s 1480
f 1531/2611/6441 1533/3886/6442 1518/3908/6443
f 1518/3908/6443 1533/3886/6442 1523/3912/6444
s 1481
f 1535/2672/6445 1530/2666/6446 910/3913/6447
f 910/3913/6447 1530/2666/6446 852/3907/6448
s 1482
f 853/3911/6449 1532/3910/6450 911/3914/6451
f 911/3914/6451 1532/3910/6450 1536/2836/6452
s 1483
f 1523/3912/6453 1533/3886/6454 1521/3909/6455
f 1521/3909/6455 1533/3886/6454 1534/3881/6456
s 1484
f 1537/3915/6457 914/2833/6458 910/3913/6459
f 910/3913/6459 914/2833/6458 1535/2672/6460
s 1485
f 1536/2836/6461 914/2833/6462 911/3914/6463
f 911/3914/6463 914/2833/6462 1537/3915/6464
s 1486
f 1538/3916/6465 1542/3917/6466 1540/3919/6467
f 1540/3919/6467 1542/3917/6466 1544/3918/6468
s 1487
f 1541/3920/6469 1538/3921/6470 1546/3923/6471
f 1546/3923/6471 1538/3921/6470 1540/3922/6472
s 1488
f 1545/3924/6473 1539/3925/6474 1541/3920/6475
f 1541/3920/6475 1539/3925/6474 1538/3921/6476
s 1489
f 1539/3926/6477 1543/3927/6478 1538/3916/6479
f 1538/3916/6479 1543/3927/6478 1542/3917/6480
s 1490
f 852/2757/6481 1539/2756/6482 910/3929/6483
f 910/3929/6483 1539/2756/6482 1545/3928/6484
s 1491
f 853/3930/6485 1540/3931/6486 1521/3933/6487
f 1521/3933/6487 1540/3931/6486 1544/3932/6488
s 1492
f 1545/3935/6489 1541/2676/6490 910/3934/6491
f 910/3934/6491 1541/2676/6490 1537/2675/6492
s 1493
f 911/3936/6493 1546/3937/6494 853/3930/6495
f 853/3930/6495 1546/3937/6494 1540/3931/6496
s 1494
f 1604/3938/6497 1606/3939/6498 1605/3941/6499
f 1605/3941/6499 1606/3939/6498 1607/3940/6500
s 1495
f 1606/3942/6501 1608/3943/6502 1607/3945/6503
f 1607/3945/6503 1608/3943/6502 1609/3944/6504
s 1496
f 1562/3946/6505 1612/3947/6506 1561/3949/6507
f 1561/3949/6507 1612/3947/6506 1613/3948/6508
s 1497
f 1554/3950/6509 1591/3951/6510 1555/3953/6511
f 1555/3953/6511 1591/3951/6510 1593/3952/6512
s 1498
f 1600/3954/6513 1602/3955/6514 1601/3957/6515
f 1601/3957/6515 1602/3955/6514 1603/3956/6516
s 1499
f 1559/3958/6517 1615/3959/6518 1558/3961/6519
f 1558/3961/6519 1615/3959/6518 1616/3960/6520
s 1500
f 1598/3962/6521 1600/3954/6522 1599/3963/6523
f 1599/3963/6523 1600/3954/6522 1601/3957/6524
s 1501
f 1556/3964/6525 1618/3965/6526 1555/3967/6527
f 1555/3967/6527 1618/3965/6526 1619/3966/6528
s 1502
f 1562/3968/6529 1607/3969/6530 1648/3971/6531
f 1648/3971/6531 1607/3969/6530 1609/3970/6532
s 1503
f 1596/3972/6533 1598/3973/6534 1597/3975/6535
f 1597/3975/6535 1598/3973/6534 1599/3974/6536
s 1504
f 1553/3976/6537 1621/3977/6538 1552/3979/6539
f 1552/3979/6539 1621/3977/6538 1622/3978/6540
s 1505
f 1594/3980/6541 1596/3972/6542 1595/3981/6543
f 1595/3981/6543 1596/3972/6542 1597/3975/6544
s 1506
f 1550/3982/6545 1624/3983/6546 1643/3985/6547
f 1643/3985/6547 1624/3983/6546 1644/3984/6548
s 1507
f 1551/3986/6549 1585/3987/6550 1552/3989/6551
f 1552/3989/6551 1585/3987/6550 1587/3988/6552
s 1508
f 1592/3990/6553 1594/3980/6554 1593/3991/6555
f 1593/3991/6555 1594/3980/6554 1595/3981/6556
s 1509
f 1648/3992/6557 1646/3993/6558 1562/3995/6559
f 1562/3995/6559 1646/3993/6558 1612/3994/6560
s 1510
f 1559/3996/6561 1601/3997/6562 1560/3999/6563
f 1560/3999/6563 1601/3997/6562 1603/3998/6564
s 1511
f 1590/4000/6565 1592/3990/6566 1591/4001/6567
f 1591/4001/6567 1592/3990/6566 1593/3991/6568
s 1512
f 1560/4002/6569 1614/4003/6570 1559/3958/6571
f 1559/3958/6571 1614/4003/6570 1615/3959/6572
s 1513
f 1588/4004/6573 1590/4005/6574 1589/4007/6575
f 1589/4007/6575 1590/4005/6574 1591/4006/6576
s 1514
f 1557/4008/6577 1617/4009/6578 1556/3964/6579
f 1556/3964/6579 1617/4009/6578 1618/3965/6580
s 1515
f 1586/4010/6581 1588/4004/6582 1587/4011/6583
f 1587/4011/6583 1588/4004/6582 1589/4007/6584
s 1516
f 1554/4012/6585 1620/4013/6586 1553/3976/6587
f 1553/3976/6587 1620/4013/6586 1621/3977/6588
s 1517
f 1556/4014/6589 1595/4015/6590 1557/4017/6591
f 1557/4017/6591 1595/4015/6590 1597/4016/6592
s 1518
f 1584/4018/6593 1586/4010/6594 1585/4019/6595
f 1585/4019/6595 1586/4010/6594 1587/4011/6596
s 1519
f 1551/4020/6597 1623/4021/6598 1550/4023/6599
f 1550/4023/6599 1623/4021/6598 1624/4022/6600
s 1520
f 1582/4024/6601 1584/4018/6602 1583/4025/6603
f 1583/4025/6603 1584/4018/6602 1585/4019/6604
s 1521
f 1561/3949/6605 1613/3948/6606 1560/4002/6607
f 1560/4002/6607 1613/3948/6606 1614/4003/6608
s 1522
f 1579/4026/6609 1582/4027/6610 1580/4029/6611
f 1580/4029/6611 1582/4027/6610 1583/4028/6612
s 1523
f 1558/4030/6613 1616/4031/6614 1557/4008/6615
f 1557/4008/6615 1616/4031/6614 1617/4009/6616
s 1524
f 1548/4032/6617 1581/4033/6618 1643/4035/6619
f 1643/4035/6619 1581/4033/6618 1580/4034/6620
s 1525
f 1578/4036/6621 1579/4026/6622 1581/4037/6623
f 1581/4037/6623 1579/4026/6622 1580/4029/6624
s 1526
f 1555/3967/6625 1619/3966/6626 1554/4039/6627
f 1554/4039/6627 1619/3966/6626 1620/4038/6628
s 1527
f 1553/4040/6629 1589/4041/6630 1554/3950/6631
f 1554/3950/6631 1589/4041/6630 1591/3951/6632
s 1528
f 1552/3979/6633 1622/3978/6634 1551/4020/6635
f 1551/4020/6635 1622/3978/6634 1623/4021/6636
s 1529
f 1572/4042/6637 1632/4043/6638 1571/4045/6639
f 1571/4045/6639 1632/4043/6638 1633/4044/6640
s 1530
f 1561/4046/6641 1605/4047/6642 1562/3968/6643
f 1562/3968/6643 1605/4047/6642 1607/3969/6644
s 1531
f 1602/3955/6645 1604/3938/6646 1603/3956/6647
f 1603/3956/6647 1604/3938/6646 1605/3941/6648
s 1532
f 1649/4048/6649 1655/4049/6650 1652/4051/6651
f 1652/4051/6651 1655/4049/6650 1957/4050/6652
s 1533
f 1608/3943/6653 1578/4036/6654 1609/3944/6655
f 1609/3944/6655 1578/4036/6654 1581/4037/6656
s 1534
f 1557/4017/6657 1597/4016/6658 1558/4053/6659
f 1558/4053/6659 1597/4016/6658 1599/4052/6660
s 1535
f 1643/4035/6661 1580/4034/6662 1550/4055/6663
f 1550/4055/6663 1580/4034/6662 1583/4054/6664
s 1536
f 1648/3971/6665 1609/3970/6666 1548/4032/6667
f 1548/4032/6667 1609/3970/6666 1581/4033/6668
s 1537
f 1560/3999/6669 1603/3998/6670 1561/4046/6671
f 1561/4046/6671 1603/3998/6670 1605/4047/6672
s 1538
f 1552/3989/6673 1587/3988/6674 1553/4040/6675
f 1553/4040/6675 1587/3988/6674 1589/4041/6676
s 1539
f 1555/3953/6677 1593/3952/6678 1556/4014/6679
f 1556/4014/6679 1593/3952/6678 1595/4015/6680
s 1540
f 1558/4053/6681 1599/4052/6682 1559/3996/6683
f 1559/3996/6683 1599/4052/6682 1601/3997/6684
s 1541
f 1550/4055/6685 1583/4054/6686 1551/3986/6687
f 1551/3986/6687 1583/4054/6686 1585/3987/6688
s 1542
f 1577/4056/6689 1646/4057/6690 1547/4059/6691
f 1547/4059/6691 1646/4057/6690 1610/4058/6692
s 1543
f 1576/4060/6693 1612/4061/6694 1577/4056/6695
f 1577/4056/6695 1612/4061/6694 1646/4057/6696
s 1544
f 1575/4062/6697 1613/4063/6698 1576/4060/6699
f 1576/4060/6699 1613/4063/6698 1612/4061/6700
s 1545
f 1574/4064/6701 1614/4065/6702 1575/4062/6703
f 1575/4062/6703 1614/4065/6702 1613/4063/6704
s 1546
f 1573/4066/6705 1615/4067/6706 1574/4064/6707
f 1574/4064/6707 1615/4067/6706 1614/4065/6708
s 1547
f 1572/4068/6709 1616/4069/6710 1573/4066/6711
f 1573/4066/6711 1616/4069/6710 1615/4067/6712
s 1548
f 1571/4070/6713 1617/4071/6714 1572/4068/6715
f 1572/4068/6715 1617/4071/6714 1616/4069/6716
s 1549
f 1570/4072/6717 1618/4073/6718 1571/4070/6719
f 1571/4070/6719 1618/4073/6718 1617/4071/6720
s 1550
f 1569/4074/6721 1619/4075/6722 1570/4072/6723
f 1570/4072/6723 1619/4075/6722 1618/4073/6724
s 1551
f 1568/4076/6725 1620/4077/6726 1569/4074/6727
f 1569/4074/6727 1620/4077/6726 1619/4075/6728
s 1552
f 1567/4078/6729 1621/4079/6730 1568/4076/6731
f 1568/4076/6731 1621/4079/6730 1620/4077/6732
s 1553
f 1566/4080/6733 1622/4081/6734 1567/4078/6735
f 1567/4078/6735 1622/4081/6734 1621/4079/6736
s 1554
f 1565/4082/6737 1623/4083/6738 1566/4080/6739
f 1566/4080/6739 1623/4083/6738 1622/4081/6740
s 1555
f 1564/4084/6741 1624/4085/6742 1565/4082/6743
f 1565/4082/6743 1624/4085/6742 1623/4083/6744
s 1556
f 879/4086/6745 1644/4087/6746 1564/4084/6747
f 1564/4084/6747 1644/4087/6746 1624/4085/6748
s 1557
f 1547/4059/6749 1610/4058/6750 879/4086/6751
f 879/4086/6751 1610/4058/6750 1644/4087/6752
s 1558
f 1637/4088/6753 1916/4089/6754 1638/4091/6755
f 1638/4091/6755 1916/4089/6754 1917/4090/6756
s 1559
f 1564/4092/6757 1640/4093/6758 879/4095/6759
f 879/4095/6759 1640/4093/6758 1641/4094/6760
s 1560
f 1571/4045/6761 1633/4044/6762 1570/4097/6763
f 1570/4097/6763 1633/4044/6762 1634/4096/6764
s 1561
f 1547/4098/6765 1626/4099/6766 1577/4101/6767
f 1577/4101/6767 1626/4099/6766 1627/4100/6768
s 1562
f 879/4095/6769 1641/4094/6770 1547/4098/6771
f 1547/4098/6771 1641/4094/6770 1626/4099/6772
s 1563
f 1570/4097/6773 1634/4096/6774 1569/4103/6775
f 1569/4103/6775 1634/4096/6774 1635/4102/6776
s 1564
f 1577/4101/6777 1627/4100/6778 1576/4105/6779
f 1576/4105/6779 1627/4100/6778 1628/4104/6780
s 1565
f 1569/4103/6781 1635/4102/6782 1568/4107/6783
f 1568/4107/6783 1635/4102/6782 1636/4106/6784
s 1566
f 1576/4108/6785 1628/4109/6786 1575/4111/6787
f 1575/4111/6787 1628/4109/6786 1629/4110/6788
s 1567
f 1568/4112/6789 1636/4113/6790 1567/4114/6791
f 1567/4114/6791 1636/4113/6790 1637/4088/6792
s 1568
f 1575/4111/6793 1629/4110/6794 1574/4116/6795
f 1574/4116/6795 1629/4110/6794 1630/4115/6796
s 1569
f 1567/4114/6797 1637/4088/6798 1566/4117/6799
f 1566/4117/6799 1637/4088/6798 1638/4091/6800
s 1570
f 1574/4116/6801 1630/4115/6802 1573/4119/6803
f 1573/4119/6803 1630/4115/6802 1631/4118/6804
s 1571
f 1566/4117/6805 1638/4091/6806 1565/4121/6807
f 1565/4121/6807 1638/4091/6806 1639/4120/6808
s 1572
f 1573/4119/6809 1631/4118/6810 1572/4123/6811
f 1572/4123/6811 1631/4118/6810 1632/4122/6812
s 1573
f 1565/4121/6813 1639/4120/6814 1564/4125/6815
f 1564/4125/6815 1639/4120/6814 1640/4124/6816
s 1574
f 1630/4115/6817 1909/4126/6818 1631/4118/6819
f 1631/4118/6819 1909/4126/6818 1910/4127/6820
s 1575
f 1638/4091/6821 1917/4090/6822 1639/4120/6823
f 1639/4120/6823 1917/4090/6822 1918/4128/6824
s 1576
f 1631/4118/6825 1910/4127/6826 1632/4122/6827
f 1632/4122/6827 1910/4127/6826 1911/4129/6828
s 1577
f 1639/4120/6829 1918/4128/6830 1640/4124/6831
f 1640/4124/6831 1918/4128/6830 1919/4130/6832
s 1578
f 1632/4043/6833 1911/4131/6834 1633/4044/6835
f 1633/4044/6835 1911/4131/6834 1912/4132/6836
s 1579
f 1640/4093/6837 1919/4133/6838 1641/4094/6839
f 1641/4094/6839 1919/4133/6838 1920/4134/6840
s 1580
f 1633/4044/6841 1912/4132/6842 1634/4096/6843
f 1634/4096/6843 1912/4132/6842 1913/4135/6844
s 1581
f 1626/4099/6845 1905/4136/6846 1627/4100/6847
f 1627/4100/6847 1905/4136/6846 1906/4137/6848
s 1582
f 1641/4094/6849 1920/4134/6850 1626/4099/6851
f 1626/4099/6851 1920/4134/6850 1905/4136/6852
s 1583
f 1634/4096/6853 1913/4135/6854 1635/4102/6855
f 1635/4102/6855 1913/4135/6854 1914/4138/6856
s 1584
f 1627/4100/6857 1906/4137/6858 1628/4104/6859
f 1628/4104/6859 1906/4137/6858 1907/4139/6860
s 1585
f 1635/4102/6861 1914/4138/6862 1636/4106/6863
f 1636/4106/6863 1914/4138/6862 1915/4140/6864
s 1586
f 1628/4109/6865 1907/4141/6866 1629/4110/6867
f 1629/4110/6867 1907/4141/6866 1908/4142/6868
s 1587
f 1636/4113/6869 1915/4143/6870 1637/4088/6871
f 1637/4088/6871 1915/4143/6870 1916/4089/6872
s 1588
f 1629/4110/6873 1908/4142/6874 1630/4115/6875
f 1630/4115/6875 1908/4142/6874 1909/4126/6876
s 1589
f 1549/4144/6877 1643/3985/6878 1625/4145/6879
f 1625/4145/6879 1643/3985/6878 1644/3984/6880
s 1590
f 1645/4146/6881 1610/4147/6882 1611/4148/6883
f 1611/4148/6883 1610/4147/6882 1646/3993/6884
s 1591
f 1647/4149/6885 1548/4150/6886 1549/4144/6887
f 1549/4144/6887 1548/4150/6886 1643/3985/6888
s 1592
f 1611/4148/6889 1646/3993/6890 1563/4151/6891
f 1563/4151/6891 1646/3993/6890 1648/3992/6892
s 1593
f 1644/3984/6893 1610/4147/6894 1625/4145/6895
f 1625/4145/6895 1610/4147/6894 1645/4146/6896
s 1594
f 1648/3992/6897 1548/4150/6898 1563/4151/6899
f 1563/4151/6899 1548/4150/6898 1647/4149/6900
s 1595
f 1651/4152/6901 1958/4153/6902 1653/4155/6903
f 1653/4155/6903 1958/4153/6902 1956/4154/6904
s 1596
f 1957/4157/6905 1958/4153/6906 1652/4156/6907
f 1652/4156/6907 1958/4153/6906 1651/4152/6908
s 1597
f 1611/4158/6909 1654/4159/6910 1645/4161/6911
f 1645/4161/6911 1654/4159/6910 1650/4160/6912
s 1598
f 1563/4162/6913 1653/4163/6914 1611/4165/6915
f 1611/4165/6915 1653/4163/6914 1654/4164/6916
s 1599
f 1651/4152/6917 1653/4155/6918 1647/4166/6919
f 1647/4166/6919 1653/4155/6918 1563/4167/6920
s 1600
f 1625/4168/6921 1649/4048/6922 1549/4169/6923
f 1549/4169/6923 1649/4048/6922 1652/4051/6924
s 1601
f 1650/4160/6925 1649/4170/6926 1645/4161/6927
f 1645/4161/6927 1649/4170/6926 1625/4171/6928
s 1602
f 1549/4172/6929 1652/4156/6930 1647/4166/6931
f 1647/4166/6931 1652/4156/6930 1651/4152/6932
s 1603
f 1660/4173/6933 1964/4174/6934 1656/4176/6935
f 1656/4176/6935 1964/4174/6934 1959/4175/6936
s 1604
f 1844/2471/6937 1842/220/6938 1659/4177/6939
f 1659/4177/6939 1842/220/6938 1655/4178/6940
s 1605
f 1655/4049/6941 1842/2243/6942 1957/4050/6943
f 1957/4050/6943 1842/2243/6942 1953/1714/6944
s 1606
f 1954/4179/6945 1960/2087/6946 1843/1901/6947
f 1843/1901/6947 1960/2087/6946 1961/2599/6948
s 1607
f 1956/4180/6949 1955/709/6950 1658/4181/6951
f 1658/4181/6951 1955/709/6950 1845/1892/6952
s 1608
f 1658/4182/6953 1845/2380/6954 1659/4177/6955
f 1659/4177/6955 1845/2380/6954 1844/2471/6956
s 1609
f 1658/4182/6957 1659/4177/6958 1654/4159/6959
f 1654/4159/6959 1659/4177/6958 1650/4160/6960
s 1610
f 1650/4160/6961 1659/4177/6962 1649/4170/6963
f 1649/4170/6963 1659/4177/6962 1655/4178/6964
s 1611
f 1653/4163/6965 1956/4180/6966 1654/4164/6967
f 1654/4164/6967 1956/4180/6966 1658/4181/6968
s 1612
f 850/4183/6969 1873/4184/6970 1664/2164/6971
f 1664/2164/6971 1873/4184/6970 1875/1119/6972
s 1613
f 1663/2258/6973 1859/1381/6974 1852/4186/6975
f 1852/4186/6975 1859/1381/6974 1857/4185/6976
s 1614
f 1864/4188/6977 1862/4189/6978 1519/4187/6979
f 1519/4187/6979 1862/4189/6978 1522/4190/6980
s 1615
f 1879/4192/6981 1873/4184/6982 830/4191/6983
f 830/4191/6983 1873/4184/6982 850/4183/6984
s 1616
f 1852/4186/6985 1857/4185/6986 1519/4194/6987
f 1519/4194/6987 1857/4185/6986 1864/4193/6988
s 1617
f 1711/1767/6989 1710/732/6990 1709/1262/6991
f 1709/1262/6991 1710/732/6990 1708/2177/6992
s 1618
f 1713/1539/6993 1712/2095/6994 1715/4196/6995
f 1715/4196/6995 1712/2095/6994 1714/4195/6996
s 1619
f 1717/1620/6997 1716/1940/6998 1719/2074/6999
f 1719/2074/6999 1716/1940/6998 1718/2487/7000
s 1620
f 1721/944/7001 1720/1368/7002 1723/4198/7003
f 1723/4198/7003 1720/1368/7002 1722/4197/7004
s 1621
f 1725/153/7005 1724/2165/7006 1726/458/7007
f 1726/458/7007 1724/2165/7006 1727/643/7008
s 1622
f 1736/4200/7009 1732/2189/7010 1735/4199/7011
f 1735/4199/7011 1732/2189/7010 1733/367/7012
s 1623
f 1735/4202/7013 1737/4203/7014 1736/4201/7015
f 1736/4201/7015 1737/4203/7014 1738/4204/7016
s 1624
f 1740/914/7017 1742/378/7018 1739/2418/7019
f 1739/2418/7019 1742/378/7018 1741/2129/7020
s 1625
f 1742/378/7021 1744/1841/7022 1741/2129/7023
f 1741/2129/7023 1744/1841/7022 1743/439/7024
s 1626
f 1744/758/7025 1746/2174/7026 1743/1182/7027
f 1743/1182/7027 1746/2174/7026 1745/288/7028
s 1627
f 1745/288/7029 1746/2174/7030 1747/2045/7031
f 1747/2045/7031 1746/2174/7030 1748/2485/7032
s 1628
f 1747/2045/7033 1748/2485/7034 1749/987/7035
f 1749/987/7035 1748/2485/7034 1750/2404/7036
s 1629
f 1749/987/7037 1750/2404/7038 1751/945/7039
f 1751/945/7039 1750/2404/7038 1752/2098/7040
s 1630
f 1751/510/7041 1752/1994/7042 1753/954/7043
f 1753/954/7043 1752/1994/7042 1754/1818/7044
s 1631
f 1753/954/7045 1754/1818/7046 1755/1336/7047
f 1755/1336/7047 1754/1818/7046 1756/365/7048
s 1632
f 1755/1336/7049 1756/365/7050 1757/638/7051
f 1757/638/7051 1756/365/7050 1758/1999/7052
s 1633
f 1757/638/7053 1758/1999/7054 1759/496/7055
f 1759/496/7055 1758/1999/7054 1760/64/7056
s 1634
f 1759/2316/7057 1760/335/7058 1761/2047/7059
f 1761/2047/7059 1760/335/7058 1762/746/7060
s 1635
f 1761/2047/7061 1762/746/7062 1763/2056/7063
f 1763/2056/7063 1762/746/7062 1764/2299/7064
s 1636
f 1763/2056/7065 1764/2299/7066 1765/1379/7067
f 1765/1379/7067 1764/2299/7066 1766/611/7068
s 1637
f 1765/1379/7069 1766/611/7070 1767/1278/7071
f 1767/1278/7071 1766/611/7070 1768/2476/7072
s 1638
f 1762/746/7073 1760/335/7074 1798/1975/7075
f 1798/1975/7075 1760/335/7074 1797/1458/7076
s 1639
f 1767/1725/7077 1768/1250/7078 1769/1945/7079
f 1769/1945/7079 1768/1250/7078 1770/976/7080
s 1640
f 1769/1945/7081 1770/976/7082 1739/2418/7083
f 1739/2418/7083 1770/976/7082 1740/914/7084
s 1641
f 1757/638/7085 1826/2048/7086 1755/1336/7087
f 1755/1336/7087 1826/2048/7086 1827/871/7088
s 1642
f 1744/1841/7089 1742/378/7090 1789/1746/7091
f 1789/1746/7091 1742/378/7090 1787/2526/7092
s 1643
f 1784/98/7093 1783/990/7094 1934/281/7095
f 1934/281/7095 1783/990/7094 1933/826/7096
s 1644
f 1754/1818/7097 1752/1994/7098 1794/2114/7099
f 1794/2114/7099 1752/1994/7098 1793/2126/7100
s 1645
f 1770/976/7101 1802/440/7102 1740/914/7103
f 1740/914/7103 1802/440/7102 1788/115/7104
s 1646
f 1746/2174/7105 1744/758/7106 1790/814/7107
f 1790/814/7107 1744/758/7106 1789/1036/7108
s 1647
f 1764/2299/7109 1762/746/7110 1799/149/7111
f 1799/149/7111 1762/746/7110 1798/1975/7112
s 1648
f 1756/365/7113 1754/1818/7114 1795/479/7115
f 1795/479/7115 1754/1818/7114 1794/2114/7116
s 1649
f 1748/2485/7117 1746/2174/7118 1791/1481/7119
f 1791/1481/7119 1746/2174/7118 1790/814/7120
s 1650
f 1766/611/7121 1764/2299/7122 1800/1941/7123
f 1800/1941/7123 1764/2299/7122 1799/149/7124
s 1651
f 1758/1999/7125 1756/365/7126 1796/1924/7127
f 1796/1924/7127 1756/365/7126 1795/479/7128
s 1652
f 1750/2404/7129 1748/2485/7130 1792/2197/7131
f 1792/2197/7131 1748/2485/7130 1791/1481/7132
s 1653
f 1768/2476/7133 1766/611/7134 1801/1718/7135
f 1801/1718/7135 1766/611/7134 1800/1941/7136
s 1654
f 1742/378/7137 1740/914/7138 1787/2526/7139
f 1787/2526/7139 1740/914/7138 1788/115/7140
s 1655
f 1760/64/7141 1758/1999/7142 1797/185/7143
f 1797/185/7143 1758/1999/7142 1796/1924/7144
s 1656
f 1752/2098/7145 1750/2404/7146 1793/2344/7147
f 1793/2344/7147 1750/2404/7146 1792/2197/7148
s 1657
f 1768/1250/7149 1801/312/7150 1770/976/7151
f 1770/976/7151 1801/312/7150 1802/440/7152
s 1658
f 1771/1937/7153 1772/180/7154 1788/1816/7155
f 1788/1816/7155 1772/180/7154 1787/777/7156
s 1659
f 1772/180/7157 1773/1820/7158 1787/777/7159
f 1787/777/7159 1773/1820/7158 1789/2192/7160
s 1660
f 1773/1820/7161 1774/1340/7162 1789/2192/7163
f 1789/2192/7163 1774/1340/7162 1790/313/7164
s 1661
f 1774/1340/7165 1775/1977/7166 1790/313/7167
f 1790/313/7167 1775/1977/7166 1791/65/7168
s 1662
f 1775/1977/7169 1776/184/7170 1791/65/7171
f 1791/65/7171 1776/184/7170 1792/1349/7172
s 1663
f 1776/184/7173 1777/2096/7174 1792/1349/7175
f 1792/1349/7175 1777/2096/7174 1793/1369/7176
s 1664
f 1777/2096/7177 1778/1886/7178 1793/1369/7179
f 1793/1369/7179 1778/1886/7178 1794/2278/7180
s 1665
f 1778/1886/7181 1779/811/7182 1794/2278/7183
f 1794/2278/7183 1779/811/7182 1795/1299/7184
s 1666
f 1779/811/7185 1780/2017/7186 1795/1299/7187
f 1795/1299/7187 1780/2017/7186 1796/1866/7188
s 1667
f 1780/2017/7189 1781/1441/7190 1796/1866/7191
f 1796/1866/7191 1781/1441/7190 1797/1178/7192
s 1668
f 1781/1441/7193 1782/2127/7194 1797/1178/7195
f 1797/1178/7195 1782/2127/7194 1798/1540/7196
s 1669
f 1782/2127/7197 1783/1530/7198 1798/1540/7199
f 1798/1540/7199 1783/1530/7198 1799/438/7200
s 1670
f 1783/1530/7201 1784/1418/7202 1799/438/7203
f 1799/438/7203 1784/1418/7202 1800/761/7204
s 1671
f 1784/1418/7205 1785/957/7206 1800/761/7207
f 1800/761/7207 1785/957/7206 1801/503/7208
s 1672
f 1786/309/7209 1802/1440/7210 1785/957/7211
f 1785/957/7211 1802/1440/7210 1801/503/7212
s 1673
f 1771/1937/7213 1788/1816/7214 1786/309/7215
f 1786/309/7215 1788/1816/7214 1802/1440/7216
s 1674
f 1777/4205/7217 1776/2353/7218 1927/4206/7219
f 1927/4206/7219 1776/2353/7218 1926/1112/7220
s 1675
f 1785/2372/7221 1784/98/7222 1935/737/7223
f 1935/737/7223 1784/98/7222 1934/281/7224
s 1676
f 1778/996/7225 1777/4207/7226 1928/1698/7227
f 1928/1698/7227 1777/4207/7226 1927/4208/7228
s 1677
f 1786/1276/7229 1785/181/7230 1936/612/7231
f 1936/612/7231 1785/181/7230 1935/1635/7232
s 1678
f 1779/1532/7233 1778/996/7234 1929/1436/7235
f 1929/1436/7235 1778/996/7234 1928/1698/7236
s 1679
f 1772/2/7237 1771/2022/7238 1921/1887/7239
f 1921/1887/7239 1771/2022/7238 1922/1337/7240
s 1680
f 1771/2022/7241 1786/1276/7242 1922/1337/7243
f 1922/1337/7243 1786/1276/7242 1936/612/7244
s 1681
f 1780/733/7245 1779/1532/7246 1930/411/7247
f 1930/411/7247 1779/1532/7246 1929/1436/7248
s 1682
f 1773/1365/7249 1772/2/7250 1923/2468/7251
f 1923/2468/7251 1772/2/7250 1921/1887/7252
s 1683
f 1781/2085/7253 1780/733/7254 1931/635/7255
f 1931/635/7255 1780/733/7254 1930/411/7256
s 1684
f 1774/79/7257 1773/1898/7258 1924/542/7259
f 1924/542/7259 1773/1898/7258 1923/2335/7260
s 1685
f 1782/2178/7261 1781/447/7262 1932/1740/7263
f 1932/1740/7263 1781/447/7262 1931/238/7264
s 1686
f 1775/866/7265 1774/79/7266 1925/2115/7267
f 1925/2115/7267 1774/79/7266 1924/542/7268
s 1687
f 1783/990/7269 1782/2178/7270 1933/826/7271
f 1933/826/7271 1782/2178/7270 1932/1740/7272
s 1688
f 1776/2353/7273 1775/866/7274 1926/1112/7275
f 1926/1112/7275 1775/866/7274 1925/2115/7276
s 1689
f 1749/987/7277 1830/272/7278 1747/2045/7279
f 1747/2045/7279 1830/272/7278 1831/760/7280
s 1690
f 1833/280/7281 1806/2118/7282 1834/1247/7283
f 1834/1247/7283 1806/2118/7282 1805/1780/7284
s 1691
f 1831/760/7285 1808/150/7286 1832/1494/7287
f 1832/1494/7287 1808/150/7286 1807/1277/7288
s 1692
f 1831/760/7289 1830/272/7290 1808/150/7291
f 1808/150/7291 1830/272/7290 1809/549/7292
s 1693
f 1830/272/7293 1829/766/7294 1809/549/7295
f 1809/549/7295 1829/766/7294 1810/359/7296
s 1694
f 1829/1387/7297 1828/567/7298 1810/1672/7299
f 1810/1672/7299 1828/567/7298 1811/2242/7300
s 1695
f 1835/1936/7301 1804/684/7302 1820/1118/7303
f 1820/1118/7303 1804/684/7302 1819/1607/7304
s 1696
f 1834/1247/7305 1805/1780/7306 1835/1936/7307
f 1835/1936/7307 1805/1780/7306 1804/684/7308
s 1697
f 1745/288/7309 1747/2045/7310 1832/1494/7311
f 1832/1494/7311 1747/2045/7310 1831/760/7312
s 1698
f 1761/2047/7313 1824/2256/7314 1759/2316/7315
f 1759/2316/7315 1824/2256/7314 1825/1616/7316
s 1699
f 1763/2056/7317 1765/1379/7318 1823/6/7319
f 1823/6/7319 1765/1379/7318 1822/1922/7320
s 1700
f 1755/1336/7321 1827/871/7322 1753/954/7323
f 1753/954/7323 1827/871/7322 1828/567/7324
s 1701
f 1767/1725/7325 1769/1945/7326 1821/83/7327
f 1821/83/7327 1769/1945/7326 1820/1118/7328
s 1702
f 1759/496/7329 1825/1091/7330 1757/638/7331
f 1757/638/7331 1825/1091/7330 1826/2048/7332
s 1703
f 1753/954/7333 1828/567/7334 1751/510/7335
f 1751/510/7335 1828/567/7334 1829/1387/7336
s 1704
f 1765/1379/7337 1767/1278/7338 1822/1922/7339
f 1822/1922/7339 1767/1278/7338 1821/1/7340
s 1705
f 1832/1494/7341 1807/1277/7342 1833/91/7343
f 1833/91/7343 1807/1277/7342 1806/2419/7344
s 1706
f 1827/871/7345 1826/2048/7346 1812/2019/7347
f 1812/2019/7347 1826/2048/7346 1813/164/7348
s 1707
f 1820/1118/7349 1819/1607/7350 1821/83/7351
f 1821/83/7351 1819/1607/7350 1818/1405/7352
s 1708
f 1763/2056/7353 1823/6/7354 1761/2047/7355
f 1761/2047/7355 1823/6/7354 1824/2256/7356
s 1709
f 1828/567/7357 1827/871/7358 1811/2242/7359
f 1811/2242/7359 1827/871/7358 1812/2019/7360
s 1710
f 1743/439/7361 1833/280/7362 1741/2129/7363
f 1741/2129/7363 1833/280/7362 1834/1247/7364
s 1711
f 1806/120/7365 1807/242/7366 1805/1858/7367
f 1805/1858/7367 1807/242/7366 1804/644/7368
f 1807/242/7366 1808/594/7369 1804/644/7368
f 1808/594/7369 1809/1633/7370 1804/644/7368
f 1809/1633/7370 1810/2542/7371 1804/644/7368
f 1810/2542/7371 1811/410/7372 1804/644/7368
f 1811/410/7372 1812/2062/7373 1804/644/7368
f 1812/2062/7373 1813/842/7374 1804/644/7368
f 1813/842/7374 1814/404/7375 1804/644/7368
f 1814/404/7375 1815/2447/7376 1804/644/7368
f 1815/2447/7376 1816/282/7377 1804/644/7368
f 1816/282/7377 1817/1544/7378 1804/644/7368
f 1804/644/7368 1817/1544/7378 1819/949/7379
f 1817/1544/7378 1818/666/7380 1819/949/7379
s 1712
f 1826/2048/7381 1825/1091/7382 1813/164/7383
f 1813/164/7383 1825/1091/7382 1814/340/7384
s 1713
f 1769/1945/7385 1739/2418/7386 1820/1118/7387
f 1820/1118/7387 1739/2418/7386 1835/1936/7388
s 1714
f 1825/1616/7389 1824/2256/7390 1814/1069/7391
f 1814/1069/7391 1824/2256/7390 1815/847/7392
s 1715
f 1751/945/7393 1829/766/7394 1749/987/7395
f 1749/987/7395 1829/766/7394 1830/272/7396
s 1716
f 1824/2256/7397 1823/6/7398 1815/847/7399
f 1815/847/7399 1823/6/7398 1816/341/7400
s 1717
f 1739/2418/7401 1741/2129/7402 1835/1936/7403
f 1835/1936/7403 1741/2129/7402 1834/1247/7404
s 1718
f 1822/1922/7405 1817/314/7406 1823/6/7407
f 1823/6/7407 1817/314/7406 1816/341/7408
s 1719
f 1745/288/7409 1832/1494/7410 1743/1182/7411
f 1743/1182/7411 1832/1494/7410 1833/91/7412
s 1720
f 1821/1/7413 1818/2097/7414 1822/1922/7415
f 1822/1922/7415 1818/2097/7414 1817/314/7416
s 1721
f 1840/1911/7417 1841/1064/7418 1845/1300/7419
f 1845/1300/7419 1841/1064/7418 1955/7/7420
s 1722
f 1837/1476/7421 1841/1064/7422 1836/831/7423
f 1836/831/7423 1841/1064/7422 1840/1911/7424
s 1723
f 1838/1764/7425 1837/1476/7426 1839/1297/7427
f 1839/1297/7427 1837/1476/7426 1836/831/7428
s 1724
f 1837/1476/7429 1838/1764/7430 1954/1766/7431
f 1954/1766/7431 1838/1764/7430 1953/1477/7432
s 1725
f 1837/1476/7433 1954/1766/7434 1841/1064/7435
f 1841/1064/7435 1954/1766/7434 1955/7/7436
s 1726
f 1848/4210/7437 1955/1253/7438 1847/4209/7439
f 1847/4209/7439 1955/1253/7438 1954/743/7440
s 1727
f 1838/1764/7441 1839/1297/7442 1953/1477/7443
f 1953/1477/7443 1839/1297/7442 1842/681/7444
s 1728
f 1836/831/7445 1844/1120/7446 1839/1297/7447
f 1839/1297/7447 1844/1120/7446 1842/681/7448
s 1729
f 1836/831/7449 1840/1911/7450 1844/1120/7451
f 1844/1120/7451 1840/1911/7450 1845/1300/7452
s 1730
f 1850/4212/7453 1849/4213/7454 1520/4211/7455
f 1520/4211/7455 1849/4213/7454 1522/4214/7456
s 1731
f 1851/4216/7457 836/4217/7458 1519/4215/7459
f 1519/4215/7459 836/4217/7458 1852/4218/7460
s 1732
f 1852/4218/7461 836/4217/7462 1663/1613/7463
f 1663/1613/7463 836/4217/7462 1853/87/7464
s 1733
f 1855/736/7465 1854/4219/7466 1669/5/7467
f 1669/5/7467 1854/4219/7466 831/4220/7468
s 1734
f 831/4220/7469 1854/4219/7470 1520/4211/7471
f 1520/4211/7471 1854/4219/7470 1850/4212/7472
s 1735
f 1522/4214/7473 1849/4213/7474 1519/4215/7475
f 1519/4215/7475 1849/4213/7474 1851/4216/7476
s 1736
f 1862/4221/7477 1856/4222/7478 1863/4224/7479
f 1863/4224/7479 1856/4222/7478 1860/4223/7480
s 1737
f 1856/4222/7481 1858/687/7482 1860/4223/7483
f 1860/4223/7483 1858/687/7482 1861/691/7484
s 1738
f 1857/4225/7485 1859/2169/7486 1856/4222/7487
f 1856/4222/7487 1859/2169/7486 1858/687/7488
s 1739
f 1864/4226/7489 1857/4225/7490 1862/4221/7491
f 1862/4221/7491 1857/4225/7490 1856/4222/7492
s 1740
f 1862/4189/7493 1863/4227/7494 1522/4190/7495
f 1522/4190/7495 1863/4227/7494 1520/4228/7496
s 1741
f 1863/4230/7497 1860/2687/7498 1520/4229/7499
f 1520/4229/7499 1860/2687/7498 831/2686/7500
s 1742
f 850/4231/7501 1865/2681/7502 830/4232/7503
f 830/4232/7503 1865/2681/7502 1866/2680/7504
s 1743
f 1868/2838/7505 1867/2835/7506 842/4233/7507
f 842/4233/7507 1867/2835/7506 844/4234/7508
s 1744
f 877/4235/7509 1869/4236/7510 842/4233/7511
f 842/4233/7511 1869/4236/7510 1868/2838/7512
s 1745
f 844/4234/7513 1867/2835/7514 1670/1661/7515
f 1670/1661/7515 1867/2835/7514 1870/989/7516
s 1746
f 1664/1344/7517 1871/2382/7518 850/4231/7519
f 850/4231/7519 1871/2382/7518 1865/2681/7520
s 1747
f 1866/2680/7521 1869/4236/7522 830/4232/7523
f 830/4232/7523 1869/4236/7522 877/4235/7524
s 1748
f 1878/4238/7525 1880/4239/7526 1872/4237/7527
f 1872/4237/7527 1880/4239/7526 1876/4240/7528
s 1749
f 1872/4237/7529 1876/4240/7530 1874/1478/7531
f 1874/1478/7531 1876/4240/7530 1877/1614/7532
s 1750
f 1873/4241/7533 1872/4237/7534 1875/686/7535
f 1875/686/7535 1872/4237/7534 1874/1478/7536
s 1751
f 1879/4242/7537 1878/4238/7538 1873/4241/7539
f 1873/4241/7539 1878/4238/7538 1872/4237/7540
s 1752
f 1880/4244/7541 1878/2651/7542 842/4243/7543
f 842/4243/7543 1878/2651/7542 877/2650/7544
s 1753
f 1670/2173/7545 1877/2175/7546 844/2750/7547
f 844/2750/7547 1877/2175/7546 1876/2751/7548
s 1754
f 1889/2612/7549 1674/294/7550 898/2679/7551
f 898/2679/7551 1674/294/7550 1881/693/7552
s 1755
f 1900/2692/7553 1677/937/7554 880/2706/7555
f 880/2706/7555 1677/937/7554 1882/694/7556
s off
f 898/4245/7557 1884/4246/7558 1885/4247/7559
f 898/4248/7560 1885/4247/7561 1886/4249/7562
f 898/4250/7563 1886/4249/7564 1887/4251/7565
f 898/4252/7566 1887/4251/7567 1888/4253/7568
f 898/4254/7569 1888/4253/7570 1889/4255/7571
f 898/4256/7572 1883/4257/7573 1890/4258/7574
f 898/4259/7575 1890/4258/7576 1891/4260/7577
f 898/4261/7578 1891/4260/7579 1892/4262/7580
f 898/4263/7581 1892/4262/7582 1893/4264/7583
f 898/4265/7584 1893/4264/7585 1884/4246/7586
f 880/4266/7587 1895/4267/7588 1896/4268/7589
f 880/4269/7590 1896/4268/7591 1897/4270/7592
f 880/4271/7593 1897/4270/7594 1898/4272/7595
f 880/4273/7596 1898/4272/7597 1899/4274/7598
f 880/4275/7599 1899/4274/7600 1900/4276/7601
f 880/4277/7602 1894/4278/7603 1901/4279/7604
f 880/4280/7605 1901/4279/7606 1902/4281/7607
f 880/4282/7608 1902/4281/7609 1903/4283/7610
f 880/4284/7611 1903/4283/7612 1904/4285/7613
f 880/4286/7614 1904/4285/7615 1895/4267/7616
f 1642/4287/7617 1906/4288/7618 1905/4289/7619
f 1642/4290/7620 1907/4291/7621 1906/4288/7622
f 1642/4292/7623 1908/4293/7624 1907/4291/7625
f 1642/4294/7626 1909/4295/7627 1908/4293/7628
f 1642/4296/7629 1910/4297/7630 1909/4295/7631
f 1642/4298/7632 1911/4299/7633 1910/4297/7634
f 1642/4300/7635 1912/4301/7636 1911/4299/7637
f 1642/4302/7638 1913/4303/7639 1912/4301/7640
f 1642/4304/7641 1914/4305/7642 1913/4303/7643
f 1642/4306/7644 1915/4307/7645 1914/4305/7646
f 1642/4308/7647 1916/4309/7648 1915/4307/7649
f 1642/4310/7650 1917/4311/7651 1916/4309/7652
f 1642/4312/7653 1918/4313/7654 1917/4311/7655
f 1642/4314/7656 1919/4315/7657 1918/4313/7658
f 1642/4316/7659 1920/4317/7660 1919/4315/7661
f 1642/4318/7662 1905/4289/7663 1920/4317/7664
f 1803/444/7665 1921/2089/7666 1922/49/7667
f 1803/1383/7668 1923/80/7669 1921/2089/7670
f 1803/1646/7671 1924/1480/7672 1923/80/7673
f 1803/505/7674 1925/2567/7675 1924/1480/7676
f 1803/1980/7677 1926/2504/7678 1925/2567/7679
f 1803/246/7680 1927/566/7681 1926/2504/7682
f 1803/1524/7683 1928/1133/7684 1927/566/7685
f 1803/29/7686 1929/2287/7687 1928/1133/7688
f 1803/1444/7689 1930/725/7690 1929/2287/7691
f 1803/742/7692 1931/2463/7693 1930/725/7694
f 1803/1215/7695 1932/948/7696 1931/2463/7697
f 1803/244/7698 1933/1367/7699 1932/948/7700
f 1803/366/7701 1934/1867/7702 1933/1367/7703
f 1803/1183/7704 1935/1696/7705 1934/1867/7706
f 1803/1732/7707 1936/822/7708 1935/1696/7709
f 1803/2044/7710 1922/49/7711 1936/822/7712
f 1357/850/7713 1938/2211/7714 1937/344/7715
f 1357/1960/7716 1937/344/7717 1939/2167/7718
f 1357/1189/7719 1939/2167/7720 1940/609/7721
f 1357/1445/7722 1940/609/7723 1941/1903/7724
f 1357/1796/7725 1941/1903/7726 1942/952/7727
f 1357/1763/7728 1942/952/7729 1943/1546/7730
f 1357/830/7731 1943/1546/7732 1944/926/7733
f 1357/307/7734 1944/926/7735 1945/1322/7736
f 1357/895/7737 1945/1322/7738 1946/665/7739
f 1357/2506/7740 1946/665/7741 1947/1469/7742
f 1357/738/7743 1947/1469/7744 1948/453/7745
f 1357/2391/7746 1948/453/7747 1949/1466/7748
f 1357/2049/7749 1949/1466/7750 1950/879/7751
f 1357/1497/7752 1950/879/7753 1951/2013/7754
f 1357/132/7755 1951/2013/7756 1952/2000/7757
f 1357/1473/7758 1952/2000/7759 1938/2211/7760
f 1843/1901/7761 1953/2068/7762 1954/743/7763
f 1954/4179/7764 1955/1253/7765 1846/41/7766
s 1756
f 1846/41/7767 1955/1253/7768 1657/4319/7769
f 1657/4319/7769 1955/1253/7768 1956/4154/7770
s 1757
f 1957/4157/7771 1953/2068/7772 1660/4173/7773
f 1660/4173/7773 1953/2068/7772 1843/1901/7774
s 1758
f 1956/4154/7775 1958/4153/7776 1657/4319/7777
f 1657/4319/7777 1958/4153/7776 1656/4176/7778
s 1759
f 1656/4176/7779 1958/4153/7780 1660/4173/7781
f 1660/4173/7781 1958/4153/7780 1957/4157/7782
s 1760
f 1964/4174/7783 1961/2599/7784 1959/4175/7785
f 1959/4175/7785 1961/2599/7784 1960/2087/7786
s 1761
f 1960/2087/7787 1962/2601/7788 1959/4175/7789
f 1959/4175/7789 1962/2601/7788 1963/4320/7790
s 1762
f 1843/1901/7791 1961/2599/7792 1660/4173/7793
f 1660/4173/7793 1961/2599/7792 1964/4174/7794
s 1763
f 1846/41/7795 1962/2601/7796 1954/4179/7797
f 1954/4179/7797 1962/2601/7796 1960/2087/7798
s 1764
f 1656/4176/7799 1959/4175/7800 1657/4319/7801
f 1657/4319/7801 1959/4175/7800 1963/4320/7802
s 1765
f 1657/4319/7803 1963/4320/7804 1846/41/7805
f 1846/41/7805 1963/4320/7804 1962/2601/7806
s off
f 1965//7807 2117//7808 2115//7809
s 1766
f 1967//7810 2062//7811 1968//7812
f 1968//7812 2062//7811 2066//7813
s 1767
f 1968//7814 2066//7815 1969//7816
f 1969//7816 2066//7815 2068//7817
s 1768
f 1969//7818 2068//7819 1970//7820
f 1970//7820 2068//7819 2070//7821
s 1769
f 1970//7822 2070//7823 1971//7824
f 1971//7824 2070//7823 2072//7825
s 1770
f 1971//7826 2072//7827 1972//7828
f 1972//7828 2072//7827 2074//7829
s 1771
f 1972//7830 2074//7831 1973//7832
f 1973//7832 2074//7831 2076//7833
s 1772
f 1973//7834 2076//7835 1974//7836
f 1974//7836 2076//7835 2078//7837
s 1773
f 1974//7838 2078//7839 1975//7840
f 1975//7840 2078//7839 2080//7841
s 1774
f 1975//7842 2080//7843 1976//7844
f 1976//7844 2080//7843 2082//7845
s 1775
f 1976//7846 2082//7847 1977//7848
f 1977//7848 2082//7847 2084//7849
s 1776
f 1977//7850 2084//7851 1978//7852
f 1978//7852 2084//7851 2086//7853
s 1777
f 1978//7854 2086//7855 1979//7856
f 1979//7856 2086//7855 2088//7857
s 1778
f 1979//7858 2088//7859 1980//7860
f 1980//7860 2088//7859 2090//7861
s 1779
f 2108//7862 1991//7863 2109//7864
f 2109//7864 1991//7863 1990//7865
s 1780
f 1980//7866 2090//7867 1981//7868
f 1981//7868 2090//7867 2092//7869
s 1781
f 1981//7870 2092//7871 1966//7872
f 1966//7872 2092//7871 2065//7873
s off
f 1965//7874 2110//7875 2141//7876
s 1782
f 2111//7877 2112//7878 2064//7879
f 2064//7879 2112//7878 2063//7880
s off
f 1965//7881 2121//7882 2119//7883
f 1965//7884 2123//7885 2121//7886
f 1965//7887 2125//7888 2123//7889
f 1965//7890 2127//7891 2125//7892
f 1965//7893 2129//7894 2127//7895
f 1965//7896 2131//7897 2129//7898
f 1965//7899 2133//7900 2131//7901
f 1965//7902 2135//7903 2133//7904
f 1965//7905 2137//7906 2135//7907
f 1965//7908 2139//7909 2137//7910
f 1965//7911 2141//7912 2139//7913
s 1783
f 1966//7914 2094//7915 1981//7916
f 1981//7916 2094//7915 2095//7917
s off
f 1965//7918 2119//7919 2117//7920
s 1784
f 1996//7921 2012//7922 1995//7923
f 1995//7923 2012//7922 2011//7924
s 1785
f 2106//7925 1984//7926 2107//7927
f 2107//7927 1984//7926 1983//7928
s 1786
f 2105//7929 1992//7930 2108//7931
f 2108//7931 1992//7930 1991//7932
s 1787
f 2104//7933 1985//7934 2106//7935
f 2106//7935 1985//7934 1984//7936
s 1788
f 2103//7937 1993//7938 2105//7939
f 2105//7939 1993//7938 1992//7940
s 1789
f 2102//7941 1986//7942 2104//7943
f 2104//7943 1986//7942 1985//7944
s 1790
f 2101//7945 1994//7946 2103//7947
f 2103//7947 1994//7946 1993//7948
s 1791
f 2100//7949 1987//7950 2102//7951
f 2102//7951 1987//7950 1986//7952
s 1792
f 2099//7953 1995//7954 2101//7955
f 2101//7955 1995//7954 1994//7956
s 1793
f 2098//7957 1988//7958 2100//7959
f 2100//7959 1988//7958 1987//7960
s 1794
f 2097//7961 1996//7962 2099//7963
f 2099//7963 1996//7962 1995//7964
s 1795
f 2096//7965 1989//7966 2098//7967
f 2098//7967 1989//7966 1988//7968
s 1796
f 2095//7969 1997//7970 2097//7971
f 2097//7971 1997//7970 1996//7972
s 1797
f 2109//7973 1990//7974 2096//7975
f 2096//7975 1990//7974 1989//7976
s 1798
f 2107//7977 1983//7978 2094//7979
f 2094//7979 1983//7978 1982//7980
s 1799
f 2094//7981 1982//7982 2095//7983
f 2095//7983 1982//7982 1997//7984
s 1800
f 2010//7985 2026//7986 2009//7987
f 2009//7987 2026//7986 2025//7988
s 1801
f 1989//7989 2005//7990 1988//7991
f 1988//7991 2005//7990 2004//7992
s 1802
f 1997//7993 2013//7994 1996//7995
f 1996//7995 2013//7994 2012//7996
s 1803
f 1990//7997 2006//7998 1989//7999
f 1989//7999 2006//7998 2005//8000
s 1804
f 1983//8001 1999//8002 1982//8003
f 1982//8003 1999//8002 1998//8004
s 1805
f 1982//8005 1998//8006 1997//8007
f 1997//8007 1998//8006 2013//8008
s 1806
f 1991//8009 2007//8010 1990//8011
f 1990//8011 2007//8010 2006//8012
s 1807
f 1984//8013 2000//8014 1983//8015
f 1983//8015 2000//8014 1999//8016
s 1808
f 1992//8017 2008//8018 1991//8019
f 1991//8019 2008//8018 2007//8020
s 1809
f 1985//8021 2001//8022 1984//8023
f 1984//8023 2001//8022 2000//8024
s 1810
f 1993//8025 2009//8026 1992//8027
f 1992//8027 2009//8026 2008//8028
s 1811
f 1986//8029 2002//8030 1985//8031
f 1985//8031 2002//8030 2001//8032
s 1812
f 1994//8033 2010//8034 1993//8035
f 1993//8035 2010//8034 2009//8036
s 1813
f 1987//8037 2003//8038 1986//8039
f 1986//8039 2003//8038 2002//8040
s 1814
f 1995//8041 2011//8042 1994//8043
f 1994//8043 2011//8042 2010//8044
s 1815
f 1988//8045 2004//8046 1987//8047
f 1987//8047 2004//8046 2003//8048
s 1816
f 2016//8049 2032//8050 2015//8051
f 2015//8051 2032//8050 2031//8052
s 1817
f 2003//8053 2019//8054 2002//8055
f 2002//8055 2019//8054 2018//8056
s 1818
f 2011//8057 2027//8058 2010//8059
f 2010//8059 2027//8058 2026//8060
s 1819
f 2004//8061 2020//8062 2003//8063
f 2003//8063 2020//8062 2019//8064
s 1820
f 2012//8065 2028//8066 2011//8067
f 2011//8067 2028//8066 2027//8068
s 1821
f 2005//8069 2021//8070 2004//8071
f 2004//8071 2021//8070 2020//8072
s 1822
f 2013//8073 2029//8074 2012//8075
f 2012//8075 2029//8074 2028//8076
s 1823
f 2006//8077 2022//8078 2005//8079
f 2005//8079 2022//8078 2021//8080
s 1824
f 1999//8081 2015//8082 1998//8083
f 1998//8083 2015//8082 2014//8084
s 1825
f 1998//8085 2014//8086 2013//8087
f 2013//8087 2014//8086 2029//8088
s 1826
f 2007//8089 2023//8090 2006//8091
f 2006//8091 2023//8090 2022//8092
s 1827
f 2000//8093 2016//8094 1999//8095
f 1999//8095 2016//8094 2015//8096
s 1828
f 2008//8097 2024//8098 2007//8099
f 2007//8099 2024//8098 2023//8100
s 1829
f 2001//8101 2017//8102 2000//8103
f 2000//8103 2017//8102 2016//8104
s 1830
f 2009//8105 2025//8106 2008//8107
f 2008//8107 2025//8106 2024//8108
s 1831
f 2002//8109 2018//8110 2001//8111
f 2001//8111 2018//8110 2017//8112
s 1832
f 2037//8113 2053//8114 2036//8115
f 2036//8115 2053//8114 2052//8116
s 1833
f 2024//8117 2040//8118 2023//8119
f 2023//8119 2040//8118 2039//8120
s 1834
f 2017//8121 2033//8122 2016//8123
f 2016//8123 2033//8122 2032//8124
s 1835
f 2025//8125 2041//8126 2024//8127
f 2024//8127 2041//8126 2040//8128
s 1836
f 2018//8129 2034//8130 2017//8131
f 2017//8131 2034//8130 2033//8132
s 1837
f 2026//8133 2042//8134 2025//8135
f 2025//8135 2042//8134 2041//8136
s 1838
f 2019//8137 2035//8138 2018//8139
f 2018//8139 2035//8138 2034//8140
s 1839
f 2027//8141 2043//8142 2026//8143
f 2026//8143 2043//8142 2042//8144
s 1840
f 2020//8145 2036//8146 2019//8147
f 2019//8147 2036//8146 2035//8148
s 1841
f 2028//8149 2044//8150 2027//8151
f 2027//8151 2044//8150 2043//8152
s 1842
f 2021//8153 2037//8154 2020//8155
f 2020//8155 2037//8154 2036//8156
s 1843
f 2029//8157 2045//8158 2028//8159
f 2028//8159 2045//8158 2044//8160
s 1844
f 2022//8161 2038//8162 2021//8163
f 2021//8163 2038//8162 2037//8164
s 1845
f 2015//8165 2031//8166 2014//8167
f 2014//8167 2031//8166 2030//8168
s 1846
f 2014//8169 2030//8170 2029//8171
f 2029//8171 2030//8170 2045//8172
s 1847
f 2023//8173 2039//8174 2022//8175
f 2022//8175 2039//8174 2038//8176
s 1848
f 2047//8177 2048//8178 2046//8179
f 2048//8178 2049//8180 2046//8179
f 2049//8180 2050//8181 2046//8179
f 2050//8181 2051//8182 2046//8179
f 2051//8182 2052//8183 2046//8179
f 2052//8183 2053//8184 2046//8179
f 2053//8184 2054//8185 2046//8179
f 2054//8185 2055//8186 2046//8179
f 2055//8186 2056//8187 2046//8179
f 2056//8187 2057//8188 2046//8179
f 2057//8188 2058//8189 2046//8179
f 2058//8189 2059//8190 2046//8179
f 2059//8190 2060//8191 2046//8179
f 2060//8191 2061//8192 2046//8179
s 1849
f 2045//8193 2061//8194 2044//8195
f 2044//8195 2061//8194 2060//8196
s 1850
f 2038//8197 2054//8198 2037//8199
f 2037//8199 2054//8198 2053//8200
s 1851
f 2031//8201 2047//8202 2030//8203
f 2030//8203 2047//8202 2046//8204
s 1852
f 2030//8205 2046//8206 2045//8207
f 2045//8207 2046//8206 2061//8208
s 1853
f 2039//8209 2055//8210 2038//8211
f 2038//8211 2055//8210 2054//8212
s 1854
f 2032//8213 2048//8214 2031//8215
f 2031//8215 2048//8214 2047//8216
s 1855
f 2040//8217 2056//8218 2039//8219
f 2039//8219 2056//8218 2055//8220
s 1856
f 2033//8221 2049//8222 2032//8223
f 2032//8223 2049//8222 2048//8224
s 1857
f 2041//8225 2057//8226 2040//8227
f 2040//8227 2057//8226 2056//8228
s 1858
f 2034//8229 2050//8230 2033//8231
f 2033//8231 2050//8230 2049//8232
s 1859
f 2042//8233 2058//8234 2041//8235
f 2041//8235 2058//8234 2057//8236
s 1860
f 2035//8237 2051//8238 2034//8239
f 2034//8239 2051//8238 2050//8240
s 1861
f 2043//8241 2059//8242 2042//8243
f 2042//8243 2059//8242 2058//8244
s 1862
f 2036//8245 2052//8246 2035//8247
f 2035//8247 2052//8246 2051//8248
s 1863
f 2044//8249 2060//8250 2043//8251
f 2043//8251 2060//8250 2059//8252
s 1864
f 2063//8253 2062//8254 2064//8255
f 2064//8255 2062//8254 2065//8256
s 1865
f 2067//8257 2066//8258 2063//8259
f 2063//8259 2066//8258 2062//8260
s 1866
f 2069//8261 2068//8262 2067//8263
f 2067//8263 2068//8262 2066//8264
s 1867
f 2071//8265 2070//8266 2069//8267
f 2069//8267 2070//8266 2068//8268
s 1868
f 2073//8269 2072//8270 2071//8271
f 2071//8271 2072//8270 2070//8272
s 1869
f 2075//8273 2074//8274 2073//8275
f 2073//8275 2074//8274 2072//8276
s 1870
f 2077//8277 2076//8278 2075//8279
f 2075//8279 2076//8278 2074//8280
s 1871
f 2079//8281 2078//8282 2077//8283
f 2077//8283 2078//8282 2076//8284
s 1872
f 2081//8285 2080//8286 2079//8287
f 2079//8287 2080//8286 2078//8288
s 1873
f 2083//8289 2082//8290 2081//8291
f 2081//8291 2082//8290 2080//8292
s 1874
f 2085//8293 2084//8294 2083//8295
f 2083//8295 2084//8294 2082//8296
s 1875
f 2087//8297 2086//8298 2085//8299
f 2085//8299 2086//8298 2084//8300
s 1876
f 2089//8301 2088//8302 2087//8303
f 2087//8303 2088//8302 2086//8304
s 1877
f 2091//8305 2090//8306 2089//8307
f 2089//8307 2090//8306 2088//8308
s 1878
f 2093//8309 2092//8310 2091//8311
f 2091//8311 2092//8310 2090//8312
s 1879
f 2064//8313 2065//8314 2093//8315
f 2093//8315 2065//8314 2092//8316
s 1880
f 1966//8317 2065//8318 1967//8319
f 1967//8319 2065//8318 2062//8320
s 1881
f 2140//8321 2111//8322 2093//8323
f 2093//8323 2111//8322 2064//8324
s 1882
f 2112//8325 2114//8326 2063//8327
f 2063//8327 2114//8326 2067//8328
s 1883
f 2114//8329 2116//8330 2067//8331
f 2067//8331 2116//8330 2069//8332
s 1884
f 2116//8333 2118//8334 2069//8335
f 2069//8335 2118//8334 2071//8336
s 1885
f 2118//8337 2120//8338 2071//8339
f 2071//8339 2120//8338 2073//8340
s 1886
f 2120//8341 2122//8342 2073//8343
f 2073//8343 2122//8342 2075//8344
s 1887
f 2122//8345 2124//8346 2075//8347
f 2075//8347 2124//8346 2077//8348
s 1888
f 2124//8349 2126//8350 2077//8351
f 2077//8351 2126//8350 2079//8352
s 1889
f 2126//8353 2128//8354 2079//8355
f 2079//8355 2128//8354 2081//8356
s 1890
f 2128//8357 2130//8358 2081//8359
f 2081//8359 2130//8358 2083//8360
s 1891
f 2130//8361 2132//8362 2083//8363
f 2083//8363 2132//8362 2085//8364
s 1892
f 2132//8365 2134//8366 2085//8367
f 2085//8367 2134//8366 2087//8368
s 1893
f 2134//8369 2136//8370 2087//8371
f 2087//8371 2136//8370 2089//8372
s 1894
f 2136//8373 2138//8374 2089//8375
f 2089//8375 2138//8374 2091//8376
s 1895
f 2138//8377 2140//8378 2091//8379
f 2091//8379 2140//8378 2093//8380
s off
f 1965//8381 2115//8382 2113//8383
s 1896
f 2111//8384 2110//8385 2112//8386
f 2112//8386 2110//8385 2113//8387
s 1897
f 2112//8388 2113//8389 2114//8390
f 2114//8390 2113//8389 2115//8391
s 1898
f 2114//8392 2115//8393 2116//8394
f 2116//8394 2115//8393 2117//8395
s 1899
f 2116//8396 2117//8397 2118//8398
f 2118//8398 2117//8397 2119//8399
s 1900
f 2118//8400 2119//8401 2120//8402
f 2120//8402 2119//8401 2121//8403
s 1901
f 2120//8404 2121//8405 2122//8406
f 2122//8406 2121//8405 2123//8407
s 1902
f 2122//8408 2123//8409 2124//8410
f 2124//8410 2123//8409 2125//8411
s 1903
f 2124//8412 2125//8413 2126//8414
f 2126//8414 2125//8413 2127//8415
s 1904
f 2126//8416 2127//8417 2128//8418
f 2128//8418 2127//8417 2129//8419
s 1905
f 2128//8420 2129//8421 2130//8422
f 2130//8422 2129//8421 2131//8423
s 1906
f 2130//8424 2131//8425 2132//8426
f 2132//8426 2131//8425 2133//8427
s 1907
f 2132//8428 2133//8429 2134//8430
f 2134//8430 2133//8429 2135//8431
s 1908
f 2134//8432 2135//8433 2136//8434
f 2136//8434 2135//8433 2137//8435
s 1909
f 2136//8436 2137//8437 2138//8438
f 2138//8438 2137//8437 2139//8439
s 1910
f 2138//8440 2139//8441 2140//8442
f 2140//8442 2139//8441 2141//8443
s 1911
f 2140//8444 2141//8445 2111//8446
f 2111//8446 2141//8445 2110//8447
s off
f 1965//8448 2113//8449 2110//8450
s 1912
f 1967//8451 2107//8452 1966//8453
f 1966//8453 2107//8452 2094//8454
s 1913
f 1974//8455 2109//8456 1973//8457
f 1973//8457 2109//8456 2096//8458
s 1914
f 1981//8459 2095//8460 1980//8461
f 1980//8461 2095//8460 2097//8462
s 1915
f 1973//8463 2096//8464 1972//8465
f 1972//8465 2096//8464 2098//8466
s 1916
f 1980//8467 2097//8468 1979//8469
f 1979//8469 2097//8468 2099//8470
s 1917
f 1972//8471 2098//8472 1971//8473
f 1971//8473 2098//8472 2100//8474
s 1918
f 1979//8475 2099//8476 1978//8477
f 1978//8477 2099//8476 2101//8478
s 1919
f 1971//8479 2100//8480 1970//8481
f 1970//8481 2100//8480 2102//8482
s 1920
f 1978//8483 2101//8484 1977//8485
f 1977//8485 2101//8484 2103//8486
s 1921
f 1970//8487 2102//8488 1969//8489
f 1969//8489 2102//8488 2104//8490
s 1922
f 1977//8491 2103//8492 1976//8493
f 1976//8493 2103//8492 2105//8494
s 1923
f 1969//8495 2104//8496 1968//8497
f 1968//8497 2104//8496 2106//8498
s 1924
f 1976//8499 2105//8500 1975//8501
f 1975//8501 2105//8500 2108//8502
s 1925
f 1968//8503 2106//8504 1967//8505
f 1967//8505 2106//8504 2107//8506
s 1926
f 1975//8507 2108//8508 1974//8509
f 1974//8509 2108//8508 2109//8510
s off
f 2142//8511 2294//8512 2292//8513
s 1927
f 2144//8514 2239//8515 2145//8516
f 2145//8516 2239//8515 2243//8517
s 1928
f 2145//8518 2243//8519 2146//8520
f 2146//8520 2243//8519 2245//8521
s 1929
f 2146//8522 2245//8523 2147//8524
f 2147//8524 2245//8523 2247//8525
s 1930
f 2147//8526 2247//8527 2148//8528
f 2148//8528 2247//8527 2249//8529
s 1931
f 2148//8530 2249//8531 2149//8532
f 2149//8532 2249//8531 2251//8533
s 1932
f 2149//8534 2251//8535 2150//8536
f 2150//8536 2251//8535 2253//8537
s 1933
f 2150//8538 2253//8539 2151//8540
f 2151//8540 2253//8539 2255//8541
s 1934
f 2151//8542 2255//8543 2152//8544
f 2152//8544 2255//8543 2257//8545
s 1935
f 2152//8546 2257//8547 2153//8548
f 2153//8548 2257//8547 2259//8549
s 1936
f 2153//8550 2259//8551 2154//8552
f 2154//8552 2259//8551 2261//8553
s 1937
f 2154//8554 2261//8555 2155//8556
f 2155//8556 2261//8555 2263//8557
s 1938
f 2155//8558 2263//8559 2156//8560
f 2156//8560 2263//8559 2265//8561
s 1939
f 2156//8562 2265//8563 2157//8564
f 2157//8564 2265//8563 2267//8565
s 1940
f 2285//8566 2168//8567 2286//8568
f 2286//8568 2168//8567 2167//8569
s 1941
f 2157//8570 2267//8571 2158//8572
f 2158//8572 2267//8571 2269//8573
s 1942
f 2158//8574 2269//8575 2143//8576
f 2143//8576 2269//8575 2242//8577
s off
f 2142//8578 2287//8579 2318//8580
s 1943
f 2288//8581 2289//8582 2241//8583
f 2241//8583 2289//8582 2240//8584
s off
f 2142//8585 2298//8586 2296//8587
f 2142//8588 2300//8589 2298//8590
f 2142//8591 2302//8592 2300//8593
f 2142//8594 2304//8595 2302//8596
f 2142//8597 2306//8598 2304//8599
f 2142//8600 2308//8601 2306//8602
f 2142//8603 2310//8604 2308//8605
f 2142//8606 2312//8607 2310//8608
f 2142//8609 2314//8610 2312//8611
f 2142//8612 2316//8613 2314//8614
f 2142//8615 2318//8616 2316//8617
s 1944
f 2143//8618 2271//8619 2158//8620
f 2158//8620 2271//8619 2272//8621
s off
f 2142//8622 2296//8623 2294//8624
s 1945
f 2173//8625 2189//8626 2172//8627
f 2172//8627 2189//8626 2188//8628
s 1946
f 2283//8629 2161//8630 2284//8631
f 2284//8631 2161//8630 2160//8632
s 1947
f 2282//8633 2169//8634 2285//8635
f 2285//8635 2169//8634 2168//8636
s 1948
f 2281//8637 2162//8638 2283//8639
f 2283//8639 2162//8638 2161//8640
s 1949
f 2280//8641 2170//8642 2282//8643
f 2282//8643 2170//8642 2169//8644
s 1950
f 2279//8645 2163//8646 2281//8647
f 2281//8647 2163//8646 2162//8648
s 1951
f 2278//8649 2171//8650 2280//8651
f 2280//8651 2171//8650 2170//8652
s 1952
f 2277//8653 2164//8654 2279//8655
f 2279//8655 2164//8654 2163//8656
s 1953
f 2276//8657 2172//8658 2278//8659
f 2278//8659 2172//8658 2171//8660
s 1954
f 2275//8661 2165//8662 2277//8663
f 2277//8663 2165//8662 2164//8664
s 1955
f 2274//8665 2173//8666 2276//8667
f 2276//8667 2173//8666 2172//8668
s 1956
f 2273//8669 2166//8670 2275//8671
f 2275//8671 2166//8670 2165//8672
s 1957
f 2272//8673 2174//8674 2274//8675
f 2274//8675 2174//8674 2173//8676
s 1958
f 2286//8677 2167//8678 2273//8679
f 2273//8679 2167//8678 2166//8680
s 1959
f 2284//8681 2160//8682 2271//8683
f 2271//8683 2160//8682 2159//8684
s 1960
f 2271//8685 2159//8686 2272//8687
f 2272//8687 2159//8686 2174//8688
s 1961
f 2187//8689 2203//8690 2186//8691
f 2186//8691 2203//8690 2202//8692
s 1962
f 2166//8693 2182//8694 2165//8695
f 2165//8695 2182//8694 2181//8696
s 1963
f 2174//8697 2190//8698 2173//8699
f 2173//8699 2190//8698 2189//8700
s 1964
f 2167//8701 2183//8702 2166//8703
f 2166//8703 2183//8702 2182//8704
s 1965
f 2160//8705 2176//8706 2159//8707
f 2159//8707 2176//8706 2175//8708
s 1966
f 2159//8709 2175//8710 2174//8711
f 2174//8711 2175//8710 2190//8712
s 1967
f 2168//8713 2184//8714 2167//8715
f 2167//8715 2184//8714 2183//8716
s 1968
f 2161//8717 2177//8718 2160//8719
f 2160//8719 2177//8718 2176//8720
s 1969
f 2169//8721 2185//8722 2168//8723
f 2168//8723 2185//8722 2184//8724
s 1970
f 2162//8725 2178//8726 2161//8727
f 2161//8727 2178//8726 2177//8728
s 1971
f 2170//8729 2186//8730 2169//8731
f 2169//8731 2186//8730 2185//8732
s 1972
f 2163//8733 2179//8734 2162//8735
f 2162//8735 2179//8734 2178//8736
s 1973
f 2171//8737 2187//8738 2170//8739
f 2170//8739 2187//8738 2186//8740
s 1974
f 2164//8741 2180//8742 2163//8743
f 2163//8743 2180//8742 2179//8744
s 1975
f 2172//8745 2188//8746 2171//8747
f 2171//8747 2188//8746 2187//8748
s 1976
f 2165//8749 2181//8750 2164//8751
f 2164//8751 2181//8750 2180//8752
s 1977
f 2193//8753 2209//8754 2192//8755
f 2192//8755 2209//8754 2208//8756
s 1978
f 2180//8757 2196//8758 2179//8759
f 2179//8759 2196//8758 2195//8760
s 1979
f 2188//8761 2204//8762 2187//8763
f 2187//8763 2204//8762 2203//8764
s 1980
f 2181//8765 2197//8766 2180//8767
f 2180//8767 2197//8766 2196//8768
s 1981
f 2189//8769 2205//8770 2188//8771
f 2188//8771 2205//8770 2204//8772
s 1982
f 2182//8773 2198//8774 2181//8775
f 2181//8775 2198//8774 2197//8776
s 1983
f 2190//8777 2206//8778 2189//8779
f 2189//8779 2206//8778 2205//8780
s 1984
f 2183//8781 2199//8782 2182//8783
f 2182//8783 2199//8782 2198//8784
s 1985
f 2176//8785 2192//8786 2175//8787
f 2175//8787 2192//8786 2191//8788
s 1986
f 2175//8789 2191//8790 2190//8791
f 2190//8791 2191//8790 2206//8792
s 1987
f 2184//8793 2200//8794 2183//8795
f 2183//8795 2200//8794 2199//8796
s 1988
f 2177//8797 2193//8798 2176//8799
f 2176//8799 2193//8798 2192//8800
s 1989
f 2185//8801 2201//8802 2184//8803
f 2184//8803 2201//8802 2200//8804
s 1990
f 2178//8805 2194//8806 2177//8807
f 2177//8807 2194//8806 2193//8808
s 1991
f 2186//8809 2202//8810 2185//8811
f 2185//8811 2202//8810 2201//8812
s 1992
f 2179//8813 2195//8814 2178//8815
f 2178//8815 2195//8814 2194//8816
s 1993
f 2214//8817 2230//8818 2213//8819
f 2213//8819 2230//8818 2229//8820
s 1994
f 2201//8821 2217//8822 2200//8823
f 2200//8823 2217//8822 2216//8824
s 1995
f 2194//8825 2210//8826 2193//8827
f 2193//8827 2210//8826 2209//8828
s 1996
f 2202//8829 2218//8830 2201//8831
f 2201//8831 2218//8830 2217//8832
s 1997
f 2195//8833 2211//8834 2194//8835
f 2194//8835 2211//8834 2210//8836
s 1998
f 2203//8837 2219//8838 2202//8839
f 2202//8839 2219//8838 2218//8840
s 1999
f 2196//8841 2212//8842 2195//8843
f 2195//8843 2212//8842 2211//8844
s 2000
f 2204//8845 2220//8846 2203//8847
f 2203//8847 2220//8846 2219//8848
s 2001
f 2197//8849 2213//8850 2196//8851
f 2196//8851 2213//8850 2212//8852
s 2002
f 2205//8853 2221//8854 2204//8855
f 2204//8855 2221//8854 2220//8856
s 2003
f 2198//8857 2214//8858 2197//8859
f 2197//8859 2214//8858 2213//8860
s 2004
f 2206//8861 2222//8862 2205//8863
f 2205//8863 2222//8862 2221//8864
s 2005
f 2199//8865 2215//8866 2198//8867
f 2198//8867 2215//8866 2214//8868
s 2006
f 2192//8869 2208//8870 2191//8871
f 2191//8871 2208//8870 2207//8872
s 2007
f 2191//8873 2207//8874 2206//8875
f 2206//8875 2207//8874 2222//8876
s 2008
f 2200//8877 2216//8878 2199//8879
f 2199//8879 2216//8878 2215//8880
s 2009
f 2224//8881 2225//8882 2223//8883
f 2225//8882 2226//8884 2223//8883
f 2226//8884 2227//8885 2223//8883
f 2227//8885 2228//8886 2223//8883
f 2228//8886 2229//8887 2223//8883
f 2229//8887 2230//8888 2223//8883
f 2230//8888 2231//8889 2223//8883
f 2231//8889 2232//8890 2223//8883
f 2232//8890 2233//8891 2223//8883
f 2233//8891 2234//8892 2223//8883
f 2234//8892 2235//8893 2223//8883
f 2235//8893 2236//8894 2223//8883
f 2236//8894 2237//8895 2223//8883
f 2237//8895 2238//8896 2223//8883
s 2010
f 2222//8897 2238//8898 2221//8899
f 2221//8899 2238//8898 2237//8900
s 2011
f 2215//8901 2231//8902 2214//8903
f 2214//8903 2231//8902 2230//8904
s 2012
f 2208//8905 2224//8906 2207//8907
f 2207//8907 2224//8906 2223//8908
s 2013
f 2207//8909 2223//8910 2222//8911
f 2222//8911 2223//8910 2238//8912
s 2014
f 2216//8913 2232//8914 2215//8915
f 2215//8915 2232//8914 2231//8916
s 2015
f 2209//8917 2225//8918 2208//8919
f 2208//8919 2225//8918 2224//8920
s 2016
f 2217//8921 2233//8922 2216//8923
f 2216//8923 2233//8922 2232//8924
s 2017
f 2210//8925 2226//8926 2209//8927
f 2209//8927 2226//8926 2225//8928
s 2018
f 2218//8929 2234//8930 2217//8931
f 2217//8931 2234//8930 2233//8932
s 2019
f 2211//8933 2227//8934 2210//8935
f 2210//8935 2227//8934 2226//8936
s 2020
f 2219//8937 2235//8938 2218//8939
f 2218//8939 2235//8938 2234//8940
s 2021
f 2212//8941 2228//8942 2211//8943
f 2211//8943 2228//8942 2227//8944
s 2022
f 2220//8945 2236//8946 2219//8947
f 2219//8947 2236//8946 2235//8948
s 2023
f 2213//8949 2229//8950 2212//8951
f 2212//8951 2229//8950 2228//8952
s 2024
f 2221//8953 2237//8954 2220//8955
f 2220//8955 2237//8954 2236//8956
s 2025
f 2240//8957 2239//8958 2241//8959
f 2241//8959 2239//8958 2242//8960
s 2026
f 2244//8961 2243//8962 2240//8963
f 2240//8963 2243//8962 2239//8964
s 2027
f 2246//8965 2245//8966 2244//8967
f 2244//8967 2245//8966 2243//8968
s 2028
f 2248//8969 2247//8970 2246//8971
f 2246//8971 2247//8970 2245//8972
s 2029
f 2250//8973 2249//8974 2248//8975
f 2248//8975 2249//8974 2247//8976
s 2030
f 2252//8977 2251//8978 2250//8979
f 2250//8979 2251//8978 2249//8980
s 2031
f 2254//8981 2253//8982 2252//8983
f 2252//8983 2253//8982 2251//8984
s 2032
f 2256//8985 2255//8986 2254//8987
f 2254//8987 2255//8986 2253//8988
s 2033
f 2258//8989 2257//8990 2256//8991
f 2256//8991 2257//8990 2255//8992
s 2034
f 2260//8993 2259//8994 2258//8995
f 2258//8995 2259//8994 2257//8996
s 2035
f 2262//8997 2261//8998 2260//8999
f 2260//8999 2261//8998 2259//9000
s 2036
f 2264//9001 2263//9002 2262//9003
f 2262//9003 2263//9002 2261//9004
s 2037
f 2266//9005 2265//9006 2264//9007
f 2264//9007 2265//9006 2263//9008
s 2038
f 2268//9009 2267//9010 2266//9011
f 2266//9011 2267//9010 2265//9012
s 2039
f 2270//9013 2269//9014 2268//9015
f 2268//9015 2269//9014 2267//9016
s 2040
f 2241//9017 2242//9018 2270//9019
f 2270//9019 2242//9018 2269//9020
s 2041
f 2143//9021 2242//9022 2144//9023
f 2144//9023 2242//9022 2239//9024
s 2042
f 2317//9025 2288//9026 2270//9027
f 2270//9027 2288//9026 2241//9028
s 2043
f 2289//9029 2291//9030 2240//9031
f 2240//9031 2291//9030 2244//9032
s 2044
f 2291//9033 2293//9034 2244//9035
f 2244//9035 2293//9034 2246//9036
s 2045
f 2293//9037 2295//9038 2246//9039
f 2246//9039 2295//9038 2248//9040
s 2046
f 2295//9041 2297//9042 2248//9043
f 2248//9043 2297//9042 2250//9044
s 2047
f 2297//9045 2299//9046 2250//9047
f 2250//9047 2299//9046 2252//9048
s 2048
f 2299//9049 2301//9050 2252//9051
f 2252//9051 2301//9050 2254//9052
s 2049
f 2301//9053 2303//9054 2254//9055
f 2254//9055 2303//9054 2256//9056
s 2050
f 2303//9057 2305//9058 2256//9059
f 2256//9059 2305//9058 2258//9060
s 2051
f 2305//9061 2307//9062 2258//9063
f 2258//9063 2307//9062 2260//9064
s 2052
f 2307//9065 2309//9066 2260//9067
f 2260//9067 2309//9066 2262//9068
s 2053
f 2309//9069 2311//9070 2262//9071
f 2262//9071 2311//9070 2264//9072
s 2054
f 2311//9073 2313//9074 2264//9075
f 2264//9075 2313//9074 2266//9076
s 2055
f 2313//9077 2315//9078 2266//9079
f 2266//9079 2315//9078 2268//9080
s 2056
f 2315//9081 2317//9082 2268//9083
f 2268//9083 2317//9082 2270//9084
s off
f 2142//9085 2292//9086 2290//9087
s 2057
f 2288//9088 2287//9089 2289//9090
f 2289//9090 2287//9089 2290//9091
s 2058
f 2289//9092 2290//9093 2291//9094
f 2291//9094 2290//9093 2292//9095
s 2059
f 2291//9096 2292//9097 2293//9098
f 2293//9098 2292//9097 2294//9099
s 2060
f 2293//9100 2294//9101 2295//9102
f 2295//9102 2294//9101 2296//9103
s 2061
f 2295//9104 2296//9105 2297//9106
f 2297//9106 2296//9105 2298//9107
s 2062
f 2297//9108 2298//9109 2299//9110
f 2299//9110 2298//9109 2300//9111
s 2063
f 2299//9112 2300//9113 2301//9114
f 2301//9114 2300//9113 2302//9115
s 2064
f 2301//9116 2302//9117 2303//9118
f 2303//9118 2302//9117 2304//9119
s 2065
f 2303//9120 2304//9121 2305//9122
f 2305//9122 2304//9121 2306//9123
s 2066
f 2305//9124 2306//9125 2307//9126
f 2307//9126 2306//9125 2308//9127
s 2067
f 2307//9128 2308//9129 2309//9130
f 2309//9130 2308//9129 2310//9131
s 2068
f 2309//9132 2310//9133 2311//9134
f 2311//9134 2310//9133 2312//9135
s 2069
f 2311//9136 2312//9137 2313//9138
f 2313//9138 2312//9137 2314//9139
s 2070
f 2313//9140 2314//9141 2315//9142
f 2315//9142 2314//9141 2316//9143
s 2071
f 2315//9144 2316//9145 2317//9146
f 2317//9146 2316//9145 2318//9147
s 2072
f 2317//9148 2318//9149 2288//9150
f 2288//9150 2318//9149 2287//9151
s off
f 2142//9152 2290//9153 2287//9154
s 2073
f 2144//9155 2284//9156 2143//9157
f 2143//9157 2284//9156 2271//9158
s 2074
f 2151//9159 2286//9160 2150//9161
f 2150//9161 2286//9160 2273//9162
s 2075
f 2158//9163 2272//9164 2157//9165
f 2157//9165 2272//9164 2274//9166
s 2076
f 2150//9167 2273//9168 2149//9169
f 2149//9169 2273//9168 2275//9170
s 2077
f 2157//9171 2274//9172 2156//9173
f 2156//9173 2274//9172 2276//9174
s 2078
f 2149//9175 2275//9176 2148//9177
f 2148//9177 2275//9176 2277//9178
s 2079
f 2156//9179 2276//9180 2155//9181
f 2155//9181 2276//9180 2278//9182
s 2080
f 2148//9183 2277//9184 2147//9185
f 2147//9185 2277//9184 2279//9186
s 2081
f 2155//9187 2278//9188 2154//9189
f 2154//9189 2278//9188 2280//9190
s 2082
f 2147//9191 2279//9192 2146//9193
f 2146//9193 2279//9192 2281//9194
s 2083
f 2154//9195 2280//9196 2153//9197
f 2153//9197 2280//9196 2282//9198
s 2084
f 2146//9199 2281//9200 2145//9201
f 2145//9201 2281//9200 2283//9202
s 2085
f 2153//9203 2282//9204 2152//9205
f 2152//9205 2282//9204 2285//9206
s 2086
f 2145//9207 2283//9208 2144//9209
f 2144//9209 2283//9208 2284//9210
s 2087
f 2152//9211 2285//9212 2151//9213
f 2151//9213 2285//9212 2286//9214
s off
f 2319//9215 2469//9216 2471//9217
s 2088
f 2321//9218 2322//9219 2416//9220
f 2416//9220 2322//9219 2420//9221
s 2089
f 2322//9222 2323//9223 2420//9224
f 2420//9224 2323//9223 2422//9225
s 2090
f 2323//9226 2324//9227 2422//9228
f 2422//9228 2324//9227 2424//9229
s 2091
f 2324//9230 2325//9231 2424//9232
f 2424//9232 2325//9231 2426//9233
s 2092
f 2325//9234 2326//9235 2426//9236
f 2426//9236 2326//9235 2428//9237
s 2093
f 2326//9238 2327//9239 2428//9240
f 2428//9240 2327//9239 2430//9241
s 2094
f 2327//9242 2328//9243 2430//9244
f 2430//9244 2328//9243 2432//9245
s 2095
f 2328//9246 2329//9247 2432//9248
f 2432//9248 2329//9247 2434//9249
s 2096
f 2329//9250 2330//9251 2434//9252
f 2434//9252 2330//9251 2436//9253
s 2097
f 2330//9254 2331//9255 2436//9256
f 2436//9256 2331//9255 2438//9257
s 2098
f 2331//9258 2332//9259 2438//9260
f 2438//9260 2332//9259 2440//9261
s 2099
f 2332//9262 2333//9263 2440//9264
f 2440//9264 2333//9263 2442//9265
s 2100
f 2333//9266 2334//9267 2442//9268
f 2442//9268 2334//9267 2444//9269
s 2101
f 2462//9270 2463//9271 2345//9272
f 2345//9272 2463//9271 2344//9273
s 2102
f 2334//9274 2335//9275 2444//9276
f 2444//9276 2335//9275 2446//9277
s 2103
f 2335//9278 2320//9279 2446//9280
f 2446//9280 2320//9279 2419//9281
s off
f 2319//9282 2495//9283 2464//9284
s 2104
f 2465//9285 2418//9286 2466//9287
f 2466//9287 2418//9286 2417//9288
s off
f 2319//9289 2473//9290 2475//9291
f 2319//9292 2475//9293 2477//9294
f 2319//9295 2477//9296 2479//9297
f 2319//9298 2479//9299 2481//9300
f 2319//9301 2481//9302 2483//9303
f 2319//9304 2483//9305 2485//9306
f 2319//9307 2485//9308 2487//9309
f 2319//9310 2487//9311 2489//9312
f 2319//9313 2489//9314 2491//9315
f 2319//9316 2491//9317 2493//9318
f 2319//9319 2493//9320 2495//9321
s 2105
f 2320//9322 2335//9323 2448//9324
f 2448//9324 2335//9323 2449//9325
s off
f 2319//9326 2471//9327 2473//9328
s 2106
f 2350//9329 2349//9330 2366//9331
f 2366//9331 2349//9330 2365//9332
s 2107
f 2460//9333 2461//9334 2338//9335
f 2338//9335 2461//9334 2337//9336
s 2108
f 2459//9337 2462//9338 2346//9339
f 2346//9339 2462//9338 2345//9340
s 2109
f 2458//9341 2460//9342 2339//9343
f 2339//9343 2460//9342 2338//9344
s 2110
f 2457//9345 2459//9346 2347//9347
f 2347//9347 2459//9346 2346//9348
s 2111
f 2456//9349 2458//9350 2340//9351
f 2340//9351 2458//9350 2339//9352
s 2112
f 2455//9353 2457//9354 2348//9355
f 2348//9355 2457//9354 2347//9356
s 2113
f 2454//9357 2456//9358 2341//9359
f 2341//9359 2456//9358 2340//9360
s 2114
f 2453//9361 2455//9362 2349//9363
f 2349//9363 2455//9362 2348//9364
s 2115
f 2452//9365 2454//9366 2342//9367
f 2342//9367 2454//9366 2341//9368
s 2116
f 2451//9369 2453//9370 2350//9371
f 2350//9371 2453//9370 2349//9372
s 2117
f 2450//9373 2452//9374 2343//9375
f 2343//9375 2452//9374 2342//9376
s 2118
f 2449//9377 2451//9378 2351//9379
f 2351//9379 2451//9378 2350//9380
s 2119
f 2463//9381 2450//9382 2344//9383
f 2344//9383 2450//9382 2343//9384
s 2120
f 2461//9385 2448//9386 2337//9387
f 2337//9387 2448//9386 2336//9388
s 2121
f 2448//9389 2449//9390 2336//9391
f 2336//9391 2449//9390 2351//9392
s 2122
f 2364//9393 2363//9394 2380//9395
f 2380//9395 2363//9394 2379//9396
s 2123
f 2343//9397 2342//9398 2359//9399
f 2359//9399 2342//9398 2358//9400
s 2124
f 2351//9401 2350//9402 2367//9403
f 2367//9403 2350//9402 2366//9404
s 2125
f 2344//9405 2343//9406 2360//9407
f 2360//9407 2343//9406 2359//9408
s 2126
f 2337//9409 2336//9410 2353//9411
f 2353//9411 2336//9410 2352//9412
s 2127
f 2336//9413 2351//9414 2352//9415
f 2352//9415 2351//9414 2367//9416
s 2128
f 2345//9417 2344//9418 2361//9419
f 2361//9419 2344//9418 2360//9420
s 2129
f 2338//9421 2337//9422 2354//9423
f 2354//9423 2337//9422 2353//9424
s 2130
f 2346//9425 2345//9426 2362//9427
f 2362//9427 2345//9426 2361//9428
s 2131
f 2339//9429 2338//9430 2355//9431
f 2355//9431 2338//9430 2354//9432
s 2132
f 2347//9433 2346//9434 2363//9435
f 2363//9435 2346//9434 2362//9436
s 2133
f 2340//9437 2339//9438 2356//9439
f 2356//9439 2339//9438 2355//9440
s 2134
f 2348//9441 2347//9442 2364//9443
f 2364//9443 2347//9442 2363//9444
s 2135
f 2341//9445 2340//9446 2357//9447
f 2357//9447 2340//9446 2356//9448
s 2136
f 2349//9449 2348//9450 2365//9451
f 2365//9451 2348//9450 2364//9452
s 2137
f 2342//9453 2341//9454 2358//9455
f 2358//9455 2341//9454 2357//9456
s 2138
f 2370//9457 2369//9458 2386//9459
f 2386//9459 2369//9458 2385//9460
s 2139
f 2357//9461 2356//9462 2373//9463
f 2373//9463 2356//9462 2372//9464
s 2140
f 2365//9465 2364//9466 2381//9467
f 2381//9467 2364//9466 2380//9468
s 2141
f 2358//9469 2357//9470 2374//9471
f 2374//9471 2357//9470 2373//9472
s 2142
f 2366//9473 2365//9474 2382//9475
f 2382//9475 2365//9474 2381//9476
s 2143
f 2359//9477 2358//9478 2375//9479
f 2375//9479 2358//9478 2374//9480
s 2144
f 2367//9481 2366//9482 2383//9483
f 2383//9483 2366//9482 2382//9484
s 2145
f 2360//9485 2359//9486 2376//9487
f 2376//9487 2359//9486 2375//9488
s 2146
f 2353//9489 2352//9490 2369//9491
f 2369//9491 2352//9490 2368//9492
s 2147
f 2352//9493 2367//9494 2368//9495
f 2368//9495 2367//9494 2383//9496
s 2148
f 2361//9497 2360//9498 2377//9499
f 2377//9499 2360//9498 2376//9500
s 2149
f 2354//9501 2353//9502 2370//9503
f 2370//9503 2353//9502 2369//9504
s 2150
f 2362//9505 2361//9506 2378//9507
f 2378//9507 2361//9506 2377//9508
s 2151
f 2355//9509 2354//9510 2371//9511
f 2371//9511 2354//9510 2370//9512
s 2152
f 2363//9513 2362//9514 2379//9515
f 2379//9515 2362//9514 2378//9516
s 2153
f 2356//9517 2355//9518 2372//9519
f 2372//9519 2355//9518 2371//9520
s 2154
f 2391//9521 2390//9522 2407//9523
f 2407//9523 2390//9522 2406//9524
s 2155
f 2378//9525 2377//9526 2394//9527
f 2394//9527 2377//9526 2393//9528
s 2156
f 2371//9529 2370//9530 2387//9531
f 2387//9531 2370//9530 2386//9532
s 2157
f 2379//9533 2378//9534 2395//9535
f 2395//9535 2378//9534 2394//9536
s 2158
f 2372//9537 2371//9538 2388//9539
f 2388//9539 2371//9538 2387//9540
s 2159
f 2380//9541 2379//9542 2396//9543
f 2396//9543 2379//9542 2395//9544
s 2160
f 2373//9545 2372//9546 2389//9547
f 2389//9547 2372//9546 2388//9548
s 2161
f 2381//9549 2380//9550 2397//9551
f 2397//9551 2380//9550 2396//9552
s 2162
f 2374//9553 2373//9554 2390//9555
f 2390//9555 2373//9554 2389//9556
s 2163
f 2382//9557 2381//9558 2398//9559
f 2398//9559 2381//9558 2397//9560
s 2164
f 2375//9561 2374//9562 2391//9563
f 2391//9563 2374//9562 2390//9564
s 2165
f 2383//9565 2382//9566 2399//9567
f 2399//9567 2382//9566 2398//9568
s 2166
f 2376//9569 2375//9570 2392//9571
f 2392//9571 2375//9570 2391//9572
s 2167
f 2369//9573 2368//9574 2385//9575
f 2385//9575 2368//9574 2384//9576
s 2168
f 2368//9577 2383//9578 2384//9579
f 2384//9579 2383//9578 2399//9580
s 2169
f 2377//9581 2376//9582 2393//9583
f 2393//9583 2376//9582 2392//9584
s 2170
f 2401//9585 2400//9586 2402//9587
f 2400//9586 2415//9588 2402//9587
f 2415//9588 2414//9589 2402//9587
f 2414//9589 2413//9590 2402//9587
f 2413//9590 2412//9591 2402//9587
f 2412//9591 2411//9592 2402//9587
f 2402//9587 2411//9592 2403//9593
f 2411//9592 2410//9594 2403//9593
f 2410//9594 2409//9595 2403//9593
f 2409//9595 2408//9596 2403//9593
f 2408//9596 2407//9597 2403//9593
f 2407//9597 2406//9598 2403//9593
f 2406//9598 2405//9599 2403//9593
f 2405//9599 2404//9600 2403//9593
s 2171
f 2399//9601 2398//9602 2415//9603
f 2415//9603 2398//9602 2414//9604
s 2172
f 2392//9605 2391//9606 2408//9607
f 2408//9607 2391//9606 2407//9608
s 2173
f 2385//9609 2384//9610 2401//9611
f 2401//9611 2384//9610 2400//9612
s 2174
f 2384//9613 2399//9614 2400//9615
f 2400//9615 2399//9614 2415//9616
s 2175
f 2393//9617 2392//9618 2409//9619
f 2409//9619 2392//9618 2408//9620
s 2176
f 2386//9621 2385//9622 2402//9623
f 2402//9623 2385//9622 2401//9624
s 2177
f 2394//9625 2393//9626 2410//9627
f 2410//9627 2393//9626 2409//9628
s 2178
f 2387//9629 2386//9630 2403//9631
f 2403//9631 2386//9630 2402//9632
s 2179
f 2395//9633 2394//9634 2411//9635
f 2411//9635 2394//9634 2410//9636
s 2180
f 2388//9637 2387//9638 2404//9639
f 2404//9639 2387//9638 2403//9640
s 2181
f 2396//9641 2395//9642 2412//9643
f 2412//9643 2395//9642 2411//9644
s 2182
f 2389//9645 2388//9646 2405//9647
f 2405//9647 2388//9646 2404//9648
s 2183
f 2397//9649 2396//9650 2413//9651
f 2413//9651 2396//9650 2412//9652
s 2184
f 2390//9653 2389//9654 2406//9655
f 2406//9655 2389//9654 2405//9656
s 2185
f 2398//9657 2397//9658 2414//9659
f 2414//9659 2397//9658 2413//9660
s 2186
f 2417//9661 2418//9662 2416//9663
f 2416//9663 2418//9662 2419//9664
s 2187
f 2421//9665 2417//9666 2420//9667
f 2420//9667 2417//9666 2416//9668
s 2188
f 2423//9669 2421//9670 2422//9671
f 2422//9671 2421//9670 2420//9672
s 2189
f 2425//9673 2423//9674 2424//9675
f 2424//9675 2423//9674 2422//9676
s 2190
f 2427//9677 2425//9678 2426//9679
f 2426//9679 2425//9678 2424//9680
s 2191
f 2429//9681 2427//9682 2428//9683
f 2428//9683 2427//9682 2426//9684
s 2192
f 2431//9685 2429//9686 2430//9687
f 2430//9687 2429//9686 2428//9688
s 2193
f 2433//9689 2431//9690 2432//9691
f 2432//9691 2431//9690 2430//9692
s 2194
f 2435//9693 2433//9694 2434//9695
f 2434//9695 2433//9694 2432//9696
s 2195
f 2437//9697 2435//9698 2436//9699
f 2436//9699 2435//9698 2434//9700
s 2196
f 2439//9701 2437//9702 2438//9703
f 2438//9703 2437//9702 2436//9704
s 2197
f 2441//9705 2439//9706 2440//9707
f 2440//9707 2439//9706 2438//9708
s 2198
f 2443//9709 2441//9710 2442//9711
f 2442//9711 2441//9710 2440//9712
s 2199
f 2445//9713 2443//9714 2444//9715
f 2444//9715 2443//9714 2442//9716
s 2200
f 2447//9717 2445//9718 2446//9719
f 2446//9719 2445//9718 2444//9720
s 2201
f 2418//9721 2447//9722 2419//9723
f 2419//9723 2447//9722 2446//9724
s 2202
f 2320//9725 2321//9726 2419//9727
f 2419//9727 2321//9726 2416//9728
s 2203
f 2494//9729 2447//9730 2465//9731
f 2465//9731 2447//9730 2418//9732
s 2204
f 2466//9733 2417//9734 2468//9735
f 2468//9735 2417//9734 2421//9736
s 2205
f 2468//9737 2421//9738 2470//9739
f 2470//9739 2421//9738 2423//9740
s 2206
f 2470//9741 2423//9742 2472//9743
f 2472//9743 2423//9742 2425//9744
s 2207
f 2472//9745 2425//9746 2474//9747
f 2474//9747 2425//9746 2427//9748
s 2208
f 2474//9749 2427//9750 2476//9751
f 2476//9751 2427//9750 2429//9752
s 2209
f 2476//9753 2429//9754 2478//9755
f 2478//9755 2429//9754 2431//9756
s 2210
f 2478//9757 2431//9758 2480//9759
f 2480//9759 2431//9758 2433//9760
s 2211
f 2480//9761 2433//9762 2482//9763
f 2482//9763 2433//9762 2435//9764
s 2212
f 2482//9765 2435//9766 2484//9767
f 2484//9767 2435//9766 2437//9768
s 2213
f 2484//9769 2437//9770 2486//9771
f 2486//9771 2437//9770 2439//9772
s 2214
f 2486//9773 2439//9774 2488//9775
f 2488//9775 2439//9774 2441//9776
s 2215
f 2488//9777 2441//9778 2490//9779
f 2490//9779 2441//9778 2443//9780
s 2216
f 2490//9781 2443//9782 2492//9783
f 2492//9783 2443//9782 2445//9784
s 2217
f 2492//9785 2445//9786 2494//9787
f 2494//9787 2445//9786 2447//9788
s off
f 2319//9789 2467//9790 2469//9791
s 2218
f 2465//9792 2466//9793 2464//9794
f 2464//9794 2466//9793 2467//9795
s 2219
f 2466//9796 2468//9797 2467//9798
f 2467//9798 2468//9797 2469//9799
s 2220
f 2468//9800 2470//9801 2469//9802
f 2469//9802 2470//9801 2471//9803
s 2221
f 2470//9804 2472//9805 2471//9806
f 2471//9806 2472//9805 2473//9807
s 2222
f 2472//9808 2474//9809 2473//9810
f 2473//9810 2474//9809 2475//9811
s 2223
f 2474//9812 2476//9813 2475//9814
f 2475//9814 2476//9813 2477//9815
s 2224
f 2476//9816 2478//9817 2477//9818
f 2477//9818 2478//9817 2479//9819
s 2225
f 2478//9820 2480//9821 2479//9822
f 2479//9822 2480//9821 2481//9823
s 2226
f 2480//9824 2482//9825 2481//9826
f 2481//9826 2482//9825 2483//9827
s 2227
f 2482//9828 2484//9829 2483//9830
f 2483//9830 2484//9829 2485//9831
s 2228
f 2484//9832 2486//9833 2485//9834
f 2485//9834 2486//9833 2487//9835
s 2229
f 2486//9836 2488//9837 2487//9838
f 2487//9838 2488//9837 2489//9839
s 2230
f 2488//9840 2490//9841 2489//9842
f 2489//9842 2490//9841 2491//9843
s 2231
f 2490//9844 2492//9845 2491//9846
f 2491//9846 2492//9845 2493//9847
s 2232
f 2492//9848 2494//9849 2493//9850
f 2493//9850 2494//9849 2495//9851
s 2233
f 2494//9852 2465//9853 2495//9854
f 2495//9854 2465//9853 2464//9855
s off
f 2319//9856 2464//9857 2467//9858
s 2234
f 2321//9859 2320//9860 2461//9861
f 2461//9861 2320//9860 2448//9862
s 2235
f 2328//9863 2327//9864 2463//9865
f 2463//9865 2327//9864 2450//9866
s 2236
f 2335//9867 2334//9868 2449//9869
f 2449//9869 2334//9868 2451//9870
s 2237
f 2327//9871 2326//9872 2450//9873
f 2450//9873 2326//9872 2452//9874
s 2238
f 2334//9875 2333//9876 2451//9877
f 2451//9877 2333//9876 2453//9878
s 2239
f 2326//9879 2325//9880 2452//9881
f 2452//9881 2325//9880 2454//9882
s 2240
f 2333//9883 2332//9884 2453//9885
f 2453//9885 2332//9884 2455//9886
s 2241
f 2325//9887 2324//9888 2454//9889
f 2454//9889 2324//9888 2456//9890
s 2242
f 2332//9891 2331//9892 2455//9893
f 2455//9893 2331//9892 2457//9894
s 2243
f 2324//9895 2323//9896 2456//9897
f 2456//9897 2323//9896 2458//9898
s 2244
f 2331//9899 2330//9900 2457//9901
f 2457//9901 2330//9900 2459//9902
s 2245
f 2323//9903 2322//9904 2458//9905
f 2458//9905 2322//9904 2460//9906
s 2246
f 2330//9907 2329//9908 2459//9909
f 2459//9909 2329//9908 2462//9910
s 2247
f 2322//9911 2321//9912 2460//9913
f 2460//9913 2321//9912 2461//9914
s 2248
f 2329//9915 2328//9916 2462//9917
f 2462//9917 2328//9916 2463//9918
s off
f 2496//9919 2646//9920 2648//9921
s 2249
f 2498//9922 2499//9923 2593//9924
f 2593//9924 2499//9923 2597//9925
s 2250
f 2499//9926 2500//9927 2597//9928
f 2597//9928 2500//9927 2599//9929
s 2251
f 2500//9930 2501//9931 2599//9932
f 2599//9932 2501//9931 2601//9933
s 2252
f 2501//9934 2502//9935 2601//9936
f 2601//9936 2502//9935 2603//9937
s 2253
f 2502//9938 2503//9939 2603//9940
f 2603//9940 2503//9939 2605//9941
s 2254
f 2503//9942 2504//9943 2605//9944
f 2605//9944 2504//9943 2607//9945
s 2255
f 2504//9946 2505//9947 2607//9948
f 2607//9948 2505//9947 2609//9949
s 2256
f 2505//9950 2506//9951 2609//9952
f 2609//9952 2506//9951 2611//9953
s 2257
f 2506//9954 2507//9955 2611//9956
f 2611//9956 2507//9955 2613//9957
s 2258
f 2507//9958 2508//9959 2613//9960
f 2613//9960 2508//9959 2615//9961
s 2259
f 2508//9962 2509//9963 2615//9964
f 2615//9964 2509//9963 2617//9965
s 2260
f 2509//9966 2510//9967 2617//9968
f 2617//9968 2510//9967 2619//9969
s 2261
f 2510//9970 2511//9971 2619//9972
f 2619//9972 2511//9971 2621//9973
s 2262
f 2639//9974 2640//9975 2522//9976
f 2522//9976 2640//9975 2521//9977
s 2263
f 2511//9978 2512//9979 2621//9980
f 2621//9980 2512//9979 2623//9981
s 2264
f 2512//9982 2497//9983 2623//9984
f 2623//9984 2497//9983 2596//9985
s off
f 2496//9986 2672//9987 2641//9988
s 2265
f 2642//9989 2595//9990 2643//9991
f 2643//9991 2595//9990 2594//9992
s off
f 2496//9993 2650//9994 2652//9995
f 2496//9996 2652//9997 2654//9998
f 2496//9999 2654//10000 2656//10001
f 2496//10002 2656//10003 2658//10004
f 2496//10005 2658//10006 2660//10007
f 2496//10008 2660//10009 2662//10010
f 2496//10011 2662//10012 2664//10013
f 2496//10014 2664//10015 2666//10016
f 2496//10017 2666//10018 2668//10019
f 2496//10020 2668//10021 2670//10022
f 2496//10023 2670//10024 2672//10025
s 2266
f 2497//10026 2512//10027 2625//10028
f 2625//10028 2512//10027 2626//10029
s off
f 2496//10030 2648//10031 2650//10032
s 2267
f 2527//10033 2526//10034 2543//10035
f 2543//10035 2526//10034 2542//10036
s 2268
f 2637//10037 2638//10038 2515//10039
f 2515//10039 2638//10038 2514//10040
s 2269
f 2636//10041 2639//10042 2523//10043
f 2523//10043 2639//10042 2522//10044
s 2270
f 2635//10045 2637//10046 2516//10047
f 2516//10047 2637//10046 2515//10048
s 2271
f 2634//10049 2636//10050 2524//10051
f 2524//10051 2636//10050 2523//10052
s 2272
f 2633//10053 2635//10054 2517//10055
f 2517//10055 2635//10054 2516//10056
s 2273
f 2632//10057 2634//10058 2525//10059
f 2525//10059 2634//10058 2524//10060
s 2274
f 2631//10061 2633//10062 2518//10063
f 2518//10063 2633//10062 2517//10064
s 2275
f 2630//10065 2632//10066 2526//10067
f 2526//10067 2632//10066 2525//10068
s 2276
f 2629//10069 2631//10070 2519//10071
f 2519//10071 2631//10070 2518//10072
s 2277
f 2628//10073 2630//10074 2527//10075
f 2527//10075 2630//10074 2526//10076
s 2278
f 2627//10077 2629//10078 2520//10079
f 2520//10079 2629//10078 2519//10080
s 2279
f 2626//10081 2628//10082 2528//10083
f 2528//10083 2628//10082 2527//10084
s 2280
f 2640//10085 2627//10086 2521//10087
f 2521//10087 2627//10086 2520//10088
s 2281
f 2638//10089 2625//10090 2514//10091
f 2514//10091 2625//10090 2513//10092
s 2282
f 2625//10093 2626//10094 2513//10095
f 2513//10095 2626//10094 2528//10096
s 2283
f 2541//10097 2540//10098 2557//10099
f 2557//10099 2540//10098 2556//10100
s 2284
f 2520//10101 2519//10102 2536//10103
f 2536//10103 2519//10102 2535//10104
s 2285
f 2528//10105 2527//10106 2544//10107
f 2544//10107 2527//10106 2543//10108
s 2286
f 2521//10109 2520//10110 2537//10111
f 2537//10111 2520//10110 2536//10112
s 2287
f 2514//10113 2513//10114 2530//10115
f 2530//10115 2513//10114 2529//10116
s 2288
f 2513//10117 2528//10118 2529//10119
f 2529//10119 2528//10118 2544//10120
s 2289
f 2522//10121 2521//10122 2538//10123
f 2538//10123 2521//10122 2537//10124
s 2290
f 2515//10125 2514//10126 2531//10127
f 2531//10127 2514//10126 2530//10128
s 2291
f 2523//10129 2522//10130 2539//10131
f 2539//10131 2522//10130 2538//10132
s 2292
f 2516//10133 2515//10134 2532//10135
f 2532//10135 2515//10134 2531//10136
s 2293
f 2524//10137 2523//10138 2540//10139
f 2540//10139 2523//10138 2539//10140
s 2294
f 2517//10141 2516//10142 2533//10143
f 2533//10143 2516//10142 2532//10144
s 2295
f 2525//10145 2524//10146 2541//10147
f 2541//10147 2524//10146 2540//10148
s 2296
f 2518//10149 2517//10150 2534//10151
f 2534//10151 2517//10150 2533//10152
s 2297
f 2526//10153 2525//10154 2542//10155
f 2542//10155 2525//10154 2541//10156
s 2298
f 2519//10157 2518//10158 2535//10159
f 2535//10159 2518//10158 2534//10160
s 2299
f 2547//10161 2546//10162 2563//10163
f 2563//10163 2546//10162 2562//10164
s 2300
f 2534//10165 2533//10166 2550//10167
f 2550//10167 2533//10166 2549//10168
s 2301
f 2542//10169 2541//10170 2558//10171
f 2558//10171 2541//10170 2557//10172
s 2302
f 2535//10173 2534//10174 2551//10175
f 2551//10175 2534//10174 2550//10176
s 2303
f 2543//10177 2542//10178 2559//10179
f 2559//10179 2542//10178 2558//10180
s 2304
f 2536//10181 2535//10182 2552//10183
f 2552//10183 2535//10182 2551//10184
s 2305
f 2544//10185 2543//10186 2560//10187
f 2560//10187 2543//10186 2559//10188
s 2306
f 2537//10189 2536//10190 2553//10191
f 2553//10191 2536//10190 2552//10192
s 2307
f 2530//10193 2529//10194 2546//10195
f 2546//10195 2529//10194 2545//10196
s 2308
f 2529//10197 2544//10198 2545//10199
f 2545//10199 2544//10198 2560//10200
s 2309
f 2538//10201 2537//10202 2554//10203
f 2554//10203 2537//10202 2553//10204
s 2310
f 2531//10205 2530//10206 2547//10207
f 2547//10207 2530//10206 2546//10208
s 2311
f 2539//10209 2538//10210 2555//10211
f 2555//10211 2538//10210 2554//10212
s 2312
f 2532//10213 2531//10214 2548//10215
f 2548//10215 2531//10214 2547//10216
s 2313
f 2540//10217 2539//10218 2556//10219
f 2556//10219 2539//10218 2555//10220
s 2314
f 2533//10221 2532//10222 2549//10223
f 2549//10223 2532//10222 2548//10224
s 2315
f 2568//10225 2567//10226 2584//10227
f 2584//10227 2567//10226 2583//10228
s 2316
f 2555//10229 2554//10230 2571//10231
f 2571//10231 2554//10230 2570//10232
s 2317
f 2548//10233 2547//10234 2564//10235
f 2564//10235 2547//10234 2563//10236
s 2318
f 2556//10237 2555//10238 2572//10239
f 2572//10239 2555//10238 2571//10240
s 2319
f 2549//10241 2548//10242 2565//10243
f 2565//10243 2548//10242 2564//10244
s 2320
f 2557//10245 2556//10246 2573//10247
f 2573//10247 2556//10246 2572//10248
s 2321
f 2550//10249 2549//10250 2566//10251
f 2566//10251 2549//10250 2565//10252
s 2322
f 2558//10253 2557//10254 2574//10255
f 2574//10255 2557//10254 2573//10256
s 2323
f 2551//10257 2550//10258 2567//10259
f 2567//10259 2550//10258 2566//10260
s 2324
f 2559//10261 2558//10262 2575//10263
f 2575//10263 2558//10262 2574//10264
s 2325
f 2552//10265 2551//10266 2568//10267
f 2568//10267 2551//10266 2567//10268
s 2326
f 2560//10269 2559//10270 2576//10271
f 2576//10271 2559//10270 2575//10272
s 2327
f 2553//10273 2552//10274 2569//10275
f 2569//10275 2552//10274 2568//10276
s 2328
f 2546//10277 2545//10278 2562//10279
f 2562//10279 2545//10278 2561//10280
s 2329
f 2545//10281 2560//10282 2561//10283
f 2561//10283 2560//10282 2576//10284
s 2330
f 2554//10285 2553//10286 2570//10287
f 2570//10287 2553//10286 2569//10288
s 2331
f 2578//10289 2577//10290 2579//10291
f 2577//10290 2592//10292 2579//10291
f 2592//10292 2591//10293 2579//10291
f 2591//10293 2590//10294 2579//10291
f 2590//10294 2589//10295 2579//10291
f 2589//10295 2588//10296 2579//10291
f 2588//10296 2587//10297 2579//10291
f 2587//10297 2586//10298 2579//10291
f 2586//10298 2585//10299 2579//10291
f 2585//10299 2584//10300 2579//10291
f 2584//10300 2583//10301 2579//10291
f 2583//10301 2582//10302 2579//10291
f 2582//10302 2581//10303 2579//10291
f 2581//10303 2580//10304 2579//10291
s 2332
f 2576//10305 2575//10306 2592//10307
f 2592//10307 2575//10306 2591//10308
s 2333
f 2569//10309 2568//10310 2585//10311
f 2585//10311 2568//10310 2584//10312
s 2334
f 2562//10313 2561//10314 2578//10315
f 2578//10315 2561//10314 2577//10316
s 2335
f 2561//10317 2576//10318 2577//10319
f 2577//10319 2576//10318 2592//10320
s 2336
f 2570//10321 2569//10322 2586//10323
f 2586//10323 2569//10322 2585//10324
s 2337
f 2563//10325 2562//10326 2579//10327
f 2579//10327 2562//10326 2578//10328
s 2338
f 2571//10329 2570//10330 2587//10331
f 2587//10331 2570//10330 2586//10332
s 2339
f 2564//10333 2563//10334 2580//10335
f 2580//10335 2563//10334 2579//10336
s 2340
f 2572//10337 2571//10338 2588//10339
f 2588//10339 2571//10338 2587//10340
s 2341
f 2565//10341 2564//10342 2581//10343
f 2581//10343 2564//10342 2580//10344
s 2342
f 2573//10345 2572//10346 2589//10347
f 2589//10347 2572//10346 2588//10348
s 2343
f 2566//10349 2565//10350 2582//10351
f 2582//10351 2565//10350 2581//10352
s 2344
f 2574//10353 2573//10354 2590//10355
f 2590//10355 2573//10354 2589//10356
s 2345
f 2567//10357 2566//10358 2583//10359
f 2583//10359 2566//10358 2582//10360
s 2346
f 2575//10361 2574//10362 2591//10363
f 2591//10363 2574//10362 2590//10364
s 2347
f 2594//10365 2595//10366 2593//10367
f 2593//10367 2595//10366 2596//10368
s 2348
f 2598//10369 2594//10370 2597//10371
f 2597//10371 2594//10370 2593//10372
s 2349
f 2600//10373 2598//10374 2599//10375
f 2599//10375 2598//10374 2597//10376
s 2350
f 2602//10377 2600//10378 2601//10379
f 2601//10379 2600//10378 2599//10380
s 2351
f 2604//10381 2602//10382 2603//10383
f 2603//10383 2602//10382 2601//10384
s 2352
f 2606//10385 2604//10386 2605//10387
f 2605//10387 2604//10386 2603//10388
s 2353
f 2608//10389 2606//10390 2607//10391
f 2607//10391 2606//10390 2605//10392
s 2354
f 2610//10393 2608//10394 2609//10395
f 2609//10395 2608//10394 2607//10396
s 2355
f 2612//10397 2610//10398 2611//10399
f 2611//10399 2610//10398 2609//10400
s 2356
f 2614//10401 2612//10402 2613//10403
f 2613//10403 2612//10402 2611//10404
s 2357
f 2616//10405 2614//10406 2615//10407
f 2615//10407 2614//10406 2613//10408
s 2358
f 2618//10409 2616//10410 2617//10411
f 2617//10411 2616//10410 2615//10412
s 2359
f 2620//10413 2618//10414 2619//10415
f 2619//10415 2618//10414 2617//10416
s 2360
f 2622//10417 2620//10418 2621//10419
f 2621//10419 2620//10418 2619//10420
s 2361
f 2624//10421 2622//10422 2623//10423
f 2623//10423 2622//10422 2621//10424
s 2362
f 2595//10425 2624//10426 2596//10427
f 2596//10427 2624//10426 2623//10428
s 2363
f 2497//10429 2498//10430 2596//10431
f 2596//10431 2498//10430 2593//10432
s 2364
f 2671//10433 2624//10434 2642//10435
f 2642//10435 2624//10434 2595//10436
s 2365
f 2643//10437 2594//10438 2645//10439
f 2645//10439 2594//10438 2598//10440
s 2366
f 2645//10441 2598//10442 2647//10443
f 2647//10443 2598//10442 2600//10444
s 2367
f 2647//10445 2600//10446 2649//10447
f 2649//10447 2600//10446 2602//10448
s 2368
f 2649//10449 2602//10450 2651//10451
f 2651//10451 2602//10450 2604//10452
s 2369
f 2651//10453 2604//10454 2653//10455
f 2653//10455 2604//10454 2606//10456
s 2370
f 2653//10457 2606//10458 2655//10459
f 2655//10459 2606//10458 2608//10460
s 2371
f 2655//10461 2608//10462 2657//10463
f 2657//10463 2608//10462 2610//10464
s 2372
f 2657//10465 2610//10466 2659//10467
f 2659//10467 2610//10466 2612//10468
s 2373
f 2659//10469 2612//10470 2661//10471
f 2661//10471 2612//10470 2614//10472
s 2374
f 2661//10473 2614//10474 2663//10475
f 2663//10475 2614//10474 2616//10476
s 2375
f 2663//10477 2616//10478 2665//10479
f 2665//10479 2616//10478 2618//10480
s 2376
f 2665//10481 2618//10482 2667//10483
f 2667//10483 2618//10482 2620//10484
s 2377
f 2667//10485 2620//10486 2669//10487
f 2669//10487 2620//10486 2622//10488
s 2378
f 2669//10489 2622//10490 2671//10491
f 2671//10491 2622//10490 2624//10492
s off
f 2496//10493 2644//10494 2646//10495
s 2379
f 2642//10496 2643//10497 2641//10498
f 2641//10498 2643//10497 2644//10499
s 2380
f 2643//10500 2645//10501 2644//10502
f 2644//10502 2645//10501 2646//10503
s 2381
f 2645//10504 2647//10505 2646//10506
f 2646//10506 2647//10505 2648//10507
s 2382
f 2647//10508 2649//10509 2648//10510
f 2648//10510 2649//10509 2650//10511
s 2383
f 2649//10512 2651//10513 2650//10514
f 2650//10514 2651//10513 2652//10515
s 2384
f 2651//10516 2653//10517 2652//10518
f 2652//10518 2653//10517 2654//10519
s 2385
f 2653//10520 2655//10521 2654//10522
f 2654//10522 2655//10521 2656//10523
s 2386
f 2655//10524 2657//10525 2656//10526
f 2656//10526 2657//10525 2658//10527
s 2387
f 2657//10528 2659//10529 2658//10530
f 2658//10530 2659//10529 2660//10531
s 2388
f 2659//10532 2661//10533 2660//10534
f 2660//10534 2661//10533 2662//10535
s 2389
f 2661//10536 2663//10537 2662//10538
f 2662//10538 2663//10537 2664//10539
s 2390
f 2663//10540 2665//10541 2664//10542
f 2664//10542 2665//10541 2666//10543
s 2391
f 2665//10544 2667//10545 2666//10546
f 2666//10546 2667//10545 2668//10547
s 2392
f 2667//10548 2669//10549 2668//10550
f 2668//10550 2669//10549 2670//10551
s 2393
f 2669//10552 2671//10553 2670//10554
f 2670//10554 2671//10553 2672//10555
s 2394
f 2671//10556 2642//10557 2672//10558
f 2672//10558 2642//10557 2641//10559
s off
f 2496//10560 2641//10561 2644//10562
s 2395
f 2498//10563 2497//10564 2638//10565
f 2638//10565 2497//10564 2625//10566
s 2396
f 2505//10567 2504//10568 2640//10569
f 2640//10569 2504//10568 2627//10570
s 2397
f 2512//10571 2511//10572 2626//10573
f 2626//10573 2511//10572 2628//10574
s 2398
f 2504//10575 2503//10576 2627//10577
f 2627//10577 2503//10576 2629//10578
s 2399
f 2511//10579 2510//10580 2628//10581
f 2628//10581 2510//10580 2630//10582
s 2400
f 2503//10583 2502//10584 2629//10585
f 2629//10585 2502//10584 2631//10586
s 2401
f 2510//10587 2509//10588 2630//10589
f 2630//10589 2509//10588 2632//10590
s 2402
f 2502//10591 2501//10592 2631//10593
f 2631//10593 2501//10592 2633//10594
s 2403
f 2509//10595 2508//10596 2632//10597
f 2632//10597 2508//10596 2634//10598
s 2404
f 2501//10599 2500//10600 2633//10601
f 2633//10601 2500//10600 2635//10602
s 2405
f 2508//10603 2507//10604 2634//10605
f 2634//10605 2507//10604 2636//10606
s 2406
f 2500//10607 2499//10608 2635//10609
f 2635//10609 2499//10608 2637//10610
s 2407
f 2507//10611 2506//10612 2636//10613
f 2636//10613 2506//10612 2639//10614
s 2408
f 2499//10615 2498//10616 2637//10617
f 2637//10617 2498//10616 2638//10618
s 2409
f 2506//10619 2505//10620 2639//10621
f 2639//10621 2505//10620 2640//10622
