# This file uses centimeters as units for non-parametric coordinates.

g default
v 1.325418 12.388422 3.070230
v 1.104644 12.600590 2.877480
v 0.906926 12.441623 2.670560
v 1.253931 11.956871 2.957090
v 1.161958 11.898738 2.874157
v 0.849686 12.579753 3.002805
v 0.734945 12.526527 2.910396
v 0.682418 12.384784 2.871048
v 0.698180 12.251991 2.885133
v 0.725287 12.156820 2.912795
v 0.758616 12.053331 2.947527
v 0.816375 11.975262 2.998317
v 0.890674 11.926076 3.058152
v 0.982378 11.928704 3.124328
v 1.068662 11.989209 3.188328
v 1.126998 12.115527 3.231897
v 1.125346 12.271255 3.233987
v 1.081169 12.428869 3.194590
v 0.977850 12.553674 3.104797
v 1.009998 12.431224 3.223914
v 0.383990 11.703783 4.271909
v 0.306924 11.783393 4.323751
v 0.281695 11.784508 4.048907
v 0.269122 11.749854 4.053414
v 0.230347 11.833682 4.075693
v 0.200208 11.814852 4.086664
v 0.191452 11.790647 4.101719
v 0.253519 11.725978 4.071099
v 0.388363 11.842712 4.208644
v 0.254615 11.813259 4.054189
v 0.224844 11.781860 4.055405
v 0.215058 11.755247 4.075141
v 0.215076 12.181144 4.400508
v 0.082473 12.085147 4.233366
v 0.066334 12.049313 4.249835
v 0.024522 12.143826 4.232492
v -0.012771 12.128551 4.246306
v -0.032222 12.103839 4.271670
v 0.042571 12.028683 4.277856
v 0.184309 12.233196 4.393228
v 0.053279 12.114856 4.222920
v 0.016269 12.080695 4.231450
v -0.002843 12.056995 4.257422
v 0.175922 11.934989 4.222488
v 0.048311 11.985804 4.210750
v 0.087281 11.991600 4.197289
v 0.131962 11.922831 4.198820
v 0.106602 11.890393 4.216250
v 0.042060 11.982306 4.277892
v 0.032025 11.969956 4.234566
v 0.159212 11.985350 4.211213
v 0.109398 11.958268 4.187831
v 0.065289 11.933267 4.197110
v 0.040754 11.914532 4.224735
v 0.081339 11.878919 4.244413
v 0.142890 12.828336 3.938117
v 0.121300 12.867382 3.905099
v -0.037630 12.832725 3.893881
v -0.024656 12.782800 3.911385
v 0.084958 12.809571 3.966413
v 0.088868 12.856954 3.954778
v -0.005995 12.849598 3.844094
v -0.018448 12.864590 3.874258
v 0.042624 12.743917 3.943340
v 0.020077 12.805756 3.950300
v 0.012931 12.857714 3.936878
v 0.024222 12.888945 3.910140
v 0.085476 12.888289 3.921791
v 0.656008 12.604427 3.161876
v 0.533352 12.518441 3.117225
v 0.697031 11.941943 3.371424
v 1.070199 12.188032 3.445761
v 1.054537 12.351422 3.396576
v 0.983625 12.502959 3.332513
v 0.568960 12.634634 3.246177
v 0.458764 12.549829 3.213585
v 0.396635 12.431604 3.250529
v 0.798734 11.905515 3.399467
v 0.813826 11.864165 3.618091
v 0.925084 11.912303 3.634053
v 1.037931 12.122042 3.646385
v 1.033070 12.391470 3.604486
v 0.885922 12.618180 3.544665
v 0.324963 12.641385 3.370842
v 0.390271 12.590093 3.291538
v 0.688353 11.864623 3.853740
v 0.816142 11.853437 3.735222
v 0.927124 11.910428 3.742560
v 1.022084 12.149378 3.840360
v 0.996822 12.418301 3.808993
v 0.852550 12.642355 3.767976
v 0.457825 12.768957 3.560022
v 0.268838 12.686196 3.445450
v 0.205269 12.600122 3.470029
v 0.188561 12.475593 3.600984
v 0.826348 12.664296 3.886834
v 0.502072 12.736714 3.826424
v 0.524188 12.184575 3.710812
v 0.511720 12.159875 3.471457
v 0.691860 11.879202 3.961709
v 0.804411 11.868071 3.960475
v 0.909736 11.923436 3.958918
v 1.004233 12.160724 3.953206
v 0.970500 12.430402 3.929679
v 0.400302 12.490239 3.829537
v 0.539129 12.083755 3.864676
v 0.391914 12.539369 3.792277
v 0.463396 12.706462 3.891155
v 0.391451 12.744377 3.748240
v 0.262492 12.589147 3.766547
v 0.432766 12.543213 4.019224
v 0.888522 12.428202 4.226504
v 0.741417 12.708591 4.219778
v 0.485120 12.845168 4.223114
v 0.401321 12.785435 4.175435
v 0.080832 12.796665 3.754089
v 0.045065 12.736273 3.760971
v 0.565731 12.094107 3.976517
v 0.756538 11.888731 4.156895
v 0.834535 11.917451 4.208433
v 0.859428 12.094232 4.283539
v 0.378350 12.691760 4.161362
v 0.671335 11.917472 4.129827
v 0.447157 12.486297 4.289523
v 0.464088 12.429441 3.924896
v 0.601815 12.092628 4.244174
v 0.754902 12.053498 4.319305
v 0.760816 12.127851 4.326363
v 0.721140 12.312906 4.343886
v 0.680886 12.380852 4.383925
v 0.556915 12.658142 4.341889
v 0.369431 12.772949 4.209592
v 0.355200 12.687306 4.187438
v 0.604765 12.049615 4.226902
v 0.637024 11.909870 4.149188
v 0.713704 11.867957 4.180995
v 0.780408 11.888796 4.248395
v 0.657002 12.058165 4.297535
v 0.663600 12.085804 4.294292
v 0.608690 12.295323 4.323917
v 0.477702 12.547028 4.331514
v 0.670381 11.820332 4.310193
v 0.578961 11.977962 4.353644
v 0.530132 12.022573 4.466600
v 0.535771 12.059839 4.548211
v 0.430838 12.237562 4.461466
v 0.582172 12.306534 4.352230
v 0.579531 12.582686 4.368808
v 0.490901 12.572340 4.320996
v 0.550065 12.252150 4.262852
v 0.433318 12.188314 4.394270
v 0.511911 12.310831 4.290722
v 0.400073 12.285830 4.430324
v 0.435433 12.249437 4.492791
v 0.436569 12.268936 4.577431
v 0.317743 12.409061 4.441932
v 0.309872 12.443969 4.513974
v 0.340731 12.419010 4.595413
v 0.147029 12.102108 4.478265
v 0.072572 12.262131 4.442945
v 0.134981 12.267896 4.404231
v 0.204248 12.120597 4.436605
v 0.495065 12.053006 4.395328
v 0.460846 12.221766 4.548305
v 0.301956 12.162414 4.440156
v 0.331979 12.133605 4.365430
v 0.393398 12.009469 4.364415
v 0.396926 11.968606 4.446452
v 0.365609 12.000477 4.524939
v 0.303284 12.125756 4.521486
v 0.440821 12.552520 4.260786
v 0.432822 12.823504 4.276998
v 0.237714 12.589130 4.189628
v 0.308111 12.493288 4.234831
v 0.281587 12.444372 4.284107
v 0.169766 12.592521 4.214261
v 0.131251 12.547701 4.260574
v 0.340549 12.436450 4.175507
v 0.316069 12.432796 4.085444
v 0.256533 12.569732 4.116203
v 0.297719 12.576519 4.160406
v 0.354336 12.494422 4.201529
v 0.328480 12.521856 4.031062
v 0.363738 12.554256 4.083840
v 0.400266 12.490734 4.112882
v 0.391120 12.457904 4.088776
v 0.347029 12.545677 4.050272
v 0.550464 11.972161 4.293905
v 0.630360 11.819105 4.238970
v 0.577409 11.872617 4.212546
v 0.632374 11.936602 4.386737
v 0.310405 11.850205 4.291217
v 0.350586 11.869988 4.240810
v 0.414109 11.795111 4.196911
v 0.416872 11.731874 4.219780
v 0.458003 12.250589 3.279774
v 0.472545 12.385362 3.152788
v 0.151778 12.516779 3.639751
v 0.165511 12.637429 3.528167
v 0.227201 12.717040 3.511469
v 0.391346 12.783847 3.610264
v 0.460844 12.714942 3.763804
v 0.385058 12.588031 3.768764
v 0.493231 12.666933 3.322433
v 0.303419 12.398989 3.403041
v 0.363168 12.437347 4.067789
v 0.904822 11.920536 3.434523
v 0.256026 12.547894 3.396479
v 0.224529 12.462363 3.469337
v 0.514807 12.258204 3.694500
v 0.508887 12.315339 3.855140
v 0.583977 11.950191 3.862703
v 0.602596 11.968372 3.971650
v 0.405054 12.607824 4.174454
v 0.383888 12.607406 4.207865
v 0.287799 12.546693 4.199870
v 0.334786 12.545236 4.190275
v 0.390522 12.526193 4.096828
v 0.382381 12.502768 4.056768
v 0.359787 12.478041 4.037573
v 0.147266 12.483589 4.298096
v 0.517751 12.782119 4.340609
v 0.583597 12.811110 4.280329
v 0.458276 12.387769 4.279930
v 0.355184 12.346522 4.414148
v 0.087034 12.131851 4.495932
v 0.394986 12.341268 4.624983
v 0.668264 12.499199 4.423329
v 0.843325 12.584121 4.218808
v 0.909229 12.555308 3.909130
v 0.933097 12.539923 3.787902
v 0.974917 12.518936 3.571663
v 0.551698 12.164283 4.229479
v 0.458555 12.117676 4.373343
v 0.366908 12.073283 4.341774
v 0.330715 12.060305 4.549306
v 0.507102 12.142130 4.584771
v 0.779654 12.229982 4.357553
v 0.935741 12.285094 4.203442
v 1.001504 12.293114 3.942142
v 1.022826 12.280695 3.828072
v 1.051024 12.252419 3.632375
v 1.002343 12.011818 3.647161
v 0.615568 11.997656 4.138081
v 0.595559 11.982293 4.174510
v 0.552266 11.930679 4.242970
v 0.340965 11.724684 4.312586
v 0.671344 11.868737 4.371409
v 0.799622 11.962734 4.310238
v 0.873048 12.000261 4.263515
v 0.978047 12.029627 3.956541
v 0.999346 12.014925 3.745818
v 0.419026 12.622939 3.989718
v 0.432742 12.409716 3.828290
v 0.577901 11.947974 3.732974
v 0.528687 12.080997 3.733327
v 0.357960 12.415385 3.728324
v 0.397754 12.351455 3.718656
v 0.424053 12.710826 3.403651
v 0.359883 12.749681 3.479247
v 0.311565 12.770201 3.541839
v 0.159539 12.626460 3.895772
v 0.100864 12.616588 3.865466
v 0.184103 12.557997 3.736085
v 0.218592 12.515677 3.693255
v 0.330986 12.484103 3.724502
v 0.305318 12.552825 3.730662
v 0.295714 12.374978 3.644377
v 0.355605 12.304695 3.613904
v 0.494537 12.224935 3.560639
v 1.060039 12.226603 3.541084
v 0.983417 12.517095 3.453544
v 0.819862 12.620016 3.255932
v 1.059420 12.280689 3.274316
v 1.065971 12.126204 3.294979
v 1.007982 11.990378 3.279916
v 0.921766 11.927886 3.231359
v 0.832390 11.922233 3.177595
v 0.757794 11.960616 3.123777
v 0.689808 12.033701 3.070096
v 0.649440 12.138324 3.022529
v 0.628042 12.234023 2.980419
v 0.610581 12.362606 2.952975
v 0.657818 12.506679 2.974692
v 0.772669 12.560795 3.046017
v 0.902886 12.542646 3.134141
v 1.044256 12.378140 3.502400
v 0.654811 12.758941 3.713631
v 0.760828 12.680730 3.429384
v 0.458945 12.300036 3.697207
v 0.468988 12.348388 3.794515
v 0.430387 12.255884 3.574179
v 0.933239 12.147725 4.216148
v 0.932424 12.031480 4.185130
v 0.879317 11.936364 4.149571
v 0.794430 11.898123 4.118495
v 0.705842 11.921824 4.104905
v 0.640843 11.999887 4.105102
v 0.618532 12.093724 4.115879
v 0.518684 12.419582 4.158621
v 0.470534 12.532359 4.158802
v 0.425057 12.627295 4.138217
v 0.450457 12.799053 4.114026
v 0.544526 12.845906 4.123490
v 0.656464 12.814877 4.161037
v 0.176282 12.523607 3.533456
v 0.136878 12.560752 3.581239
v 0.039598 12.679872 3.786644
v 0.377629 12.335275 3.342880
v 0.326350 12.488826 3.324710
v 0.146400 12.829445 3.775676
v 0.207604 12.823204 3.813670
v 0.242643 12.791008 3.849723
v 0.128266 12.566208 3.694288
v 0.107648 12.605337 3.644391
v 0.127083 12.670033 3.600281
v 0.182215 12.739335 3.583728
v 0.261786 12.783997 3.610615
v 0.331150 12.788157 3.669075
v 0.564018 12.301402 4.138262
v 0.589324 12.192806 4.121891
v 0.535352 12.319985 3.991980
v 0.483295 12.436831 4.015872
v 0.416171 12.596286 3.891404
v 0.423526 12.527280 3.936707
v 0.434488 12.670269 3.941530
v 0.413196 12.714754 4.119323
v -0.038666 12.800097 3.846594
v -0.033872 12.754017 3.864993
v 0.066916 12.875671 3.860832
v 0.050506 12.196928 4.486404
v 0.139184 12.787895 3.953022
v 0.094908 12.752466 3.958654
v 0.004392 12.732619 3.907808
v 0.058601 11.924598 4.302408
v 0.066886 12.021592 4.249538
v 0.117982 12.020057 4.222195
v 0.153212 11.886725 4.253009
v 0.098891 11.881226 4.285169
v 0.209670 12.439076 4.311479
v 0.681469 12.717823 3.471223
v 0.611059 12.775367 3.824758
v 0.721916 12.744475 3.861358
v 0.755835 12.719920 3.748524
v 0.791199 12.683649 3.538321
v 0.874938 12.623754 3.415612
v 0.457772 12.225230 3.448280
v 0.392888 12.278972 3.458053
v 0.313540 12.333573 3.507416
v 0.238459 12.400724 3.558405
v 0.251145 12.459666 3.665198
v 0.688220 11.863286 3.730850
v 1.018530 12.026477 3.471950
v 0.602399 12.023494 3.352600
v 0.531690 12.089789 3.595201
v 0.582930 11.967525 3.601656
v 0.691596 11.880672 3.605353
v 0.554884 12.208558 3.979268
v 0.528252 12.197954 3.860920
v 0.535335 12.748256 3.744423
v 0.473201 12.745770 3.719154
v 0.383793 12.707644 3.767792
v 0.355749 12.652035 3.774236
v 0.621516 12.746299 3.546293
v 0.442698 12.670840 3.804312
v 0.428930 12.630468 3.848844
v 0.641044 12.712181 4.304709
v 0.812500 11.856473 3.850114
v 0.922184 11.915606 3.850333
v 0.991452 12.021812 3.848242
v 1.030795 12.137162 3.739643
v 1.038514 12.267015 3.726796
v 1.016311 12.404399 3.703686
v 0.954098 12.526679 3.679713
v 0.782689 12.698195 3.642684
v 0.872919 12.625519 3.657972
v 0.520062 12.170871 3.574002
v 0.696247 12.739332 3.611963
v 0.549965 12.760635 3.645824
v 0.370830 12.769397 3.719005
v 0.449881 12.770087 3.675284
v 0.254220 12.748372 3.876541
v 0.213532 12.659608 3.902563
v 0.244510 12.704375 3.894328
v 0.132467 12.754692 3.952242
v 0.056807 12.637618 3.824061
v -0.011525 12.725281 3.876067
v 0.724014 12.718715 3.539712
v 0.531116 12.739793 3.477062
v 0.598225 12.703400 3.392237
v 0.682053 12.672730 3.319930
v 1.039624 12.096504 3.557269
v 0.525078 12.128033 3.355529
v 2.587727 12.530980 1.354191
v 2.372365 12.528816 1.276397
v 2.222078 12.415023 1.224183
v 2.138509 12.274326 1.191610
v 2.092737 12.138987 1.139963
v 2.086475 11.973488 1.091341
v 2.150173 11.778333 1.080887
v 2.272300 11.617707 1.114198
v 2.744868 11.680145 1.375354
v 2.808647 11.906932 1.413109
v 2.823032 12.148142 1.422505
v 2.766926 12.379551 1.409620
v 2.676467 12.390850 1.593565
v 2.449690 12.189859 1.959391
v 2.400788 12.424418 1.910448
v 2.260507 12.592562 1.791012
v 2.072129 12.603052 1.632339
v 1.929901 12.460916 1.524014
v 1.859395 12.283238 1.489795
v 1.804929 12.125820 1.469625
v 1.769492 11.954434 1.458668
v 1.805759 11.781098 1.499720
v 1.906363 11.644348 1.589651
v 2.354832 11.733900 1.934301
v 2.434159 11.951967 1.971622
v 2.082558 11.838087 2.255744
v 1.281689 11.915406 2.363161
v 0.915781 12.183623 2.663278
v 0.895538 12.302916 2.650046
v 0.936787 12.077211 2.681045
v 0.989121 11.977054 2.724258
v 1.064496 11.908537 2.789026
v 1.322301 12.061882 3.027367
v 1.353744 12.210356 3.076102
v 1.235479 12.535223 2.992608
v 0.979573 12.567748 2.753354
v 2.582160 11.578949 1.279262
v 2.473969 11.558020 1.464390
v 2.210334 11.608405 1.830445
v 1.957428 11.704621 2.170889
v 1.570187 11.879861 2.631471
v 2.424565 11.549661 1.187266
v 2.301758 11.520078 1.353184
v 2.049521 11.572622 1.708050
v 1.817676 11.647483 2.057642
v 1.459966 11.813929 2.546780
v 1.674767 12.478669 1.834439
v 1.802897 12.607712 1.937307
v 1.975870 12.593504 2.085209
v 2.110537 12.446768 2.203093
v 2.177827 12.243463 2.271984
v 2.163392 12.029467 2.289380
v 1.691739 11.705665 1.936345
v 1.600525 11.827752 1.846655
v 1.569304 11.985105 1.802869
v 1.594645 12.143801 1.798841
v 1.624467 12.302865 1.804453
v 1.394535 12.583433 2.370567
v 1.537289 12.596194 2.500965
v 1.663695 12.514258 2.620630
v 1.740775 12.349663 2.713880
v 1.729962 12.157099 2.731987
v 1.663930 11.997217 2.696716
v 1.355727 11.832177 2.448746
v 1.248566 12.037034 2.305119
v 1.248298 12.170547 2.275731
v 1.262403 12.308550 2.265738
v 1.297207 12.457803 2.284977
v 1.256789 12.580602 2.489932
v 2.821358 11.894152 0.832479
v 2.666052 11.770336 0.763434
v 2.475410 11.741992 0.734352
v 2.304323 11.805629 0.752765
v 2.190701 11.936417 0.798226
v 2.115848 12.059835 0.860032
v 2.062596 12.191086 0.952480
v 2.094317 12.357207 1.058491
v 2.231788 12.503758 1.124170
v 2.418602 12.584165 1.139734
v 2.616412 12.592661 1.121001
v 2.793309 12.496495 1.070379
v 2.882641 12.304697 0.998682
v 2.874932 12.089956 0.917765
v 2.260019 12.439507 1.167881
v 2.420706 12.533395 1.200436
v 2.626387 12.538733 1.232134
v 2.810448 12.407120 1.238971
v 2.880112 12.193480 1.221515
v 2.876413 11.957684 1.190764
v 2.828518 11.733222 1.140746
v 2.662161 11.632357 1.053206
v 2.491130 11.616269 0.981031
v 2.334776 11.684310 0.943517
v 2.203548 11.847225 0.948446
v 2.138910 12.007568 0.984261
v 2.117674 12.148626 1.044565
v 2.153974 12.296683 1.118491
v 1.393614 12.608142 2.613281
v 1.517670 12.541270 2.737108
v 1.597196 12.389887 2.835778
v 1.595345 12.205538 2.860765
v 1.538245 12.051265 2.830735
v 1.455080 11.936933 2.772997
v 1.354095 11.869924 2.695113
v 1.254355 11.880275 2.603532
v 1.181087 11.950679 2.521022
v 1.141739 12.057052 2.459560
v 1.131589 12.178091 2.422115
v 1.136130 12.309238 2.400786
v 1.166487 12.455024 2.412955
v 1.800508 12.476602 1.672752
v 1.937565 12.612031 1.781777
v 2.119355 12.596790 1.940517
v 2.256350 12.436155 2.058891
v 2.315727 12.216219 2.116062
v 2.300843 11.988765 2.131719
v 2.219714 11.782860 2.099594
v 2.084799 11.652941 2.003577
v 1.934752 11.610272 1.883001
v 1.800007 11.677313 1.761677
v 1.705125 11.806287 1.671953
v 1.672862 11.968540 1.629573
v 1.703116 12.132655 1.631257
v 1.741017 12.295205 1.640624
v 2.303794 12.542650 1.368060
v 2.170496 12.412111 1.296121
v 2.091875 12.263783 1.264447
v 2.022929 12.130438 1.219756
v 1.988288 11.949431 1.178913
v 2.033732 11.750047 1.196235
v 2.145289 11.591891 1.260169
v 2.629181 11.681560 1.568073
v 2.710243 11.899208 1.614827
v 2.727620 12.146569 1.623789
v 2.509569 12.552225 1.494625
v 2.618973 11.919536 0.537890
v 2.770943 12.058115 0.600833
v 2.425750 11.870420 0.538003
v 2.248779 11.920441 0.583428
v 2.139432 12.049164 0.651229
v 2.047782 12.164135 0.734820
v 1.965795 12.292281 0.852572
v 1.986343 12.473382 0.986638
v 2.140232 12.634804 1.063834
v 2.355529 12.713337 1.056117
v 2.560584 12.703423 0.993935
v 2.737932 12.611759 0.910956
v 2.844298 12.439633 0.812583
v 2.838937 12.241107 0.703962
v -0.413972 12.004892 2.716684
v -0.425036 11.885620 2.735118
v -0.437644 11.779107 2.757647
v -0.480942 11.677483 2.806813
v -0.548592 11.606421 2.877539
v -0.806892 11.749133 3.122482
v -0.846891 11.896017 3.167395
v -0.755902 12.223451 3.066548
v -0.512893 12.265140 2.814078
v -0.417426 12.272212 3.082538
v -0.305407 12.227373 2.980798
v -0.255905 12.093218 2.929747
v -0.273745 11.963898 2.935592
v -0.302417 11.869503 2.957509
v -0.337574 11.766051 2.986243
v -0.396289 11.686140 3.034243
v -0.470741 11.633720 3.094260
v -0.561405 11.631309 3.165096
v -0.645433 11.685396 3.237291
v -0.700314 11.804985 3.292559
v -0.695131 11.956079 3.305764
v -0.648273 12.112011 3.275503
v -0.544105 12.239642 3.189324
v -0.578998 12.105238 3.301640
v -0.475368 12.217990 3.206139
v -0.348828 12.240853 3.107245
v -0.236626 12.193346 3.025216
v -0.189176 12.056893 2.997526
v -0.204599 11.932741 3.023737
v -0.224150 11.838734 3.064586
v -0.262826 11.734949 3.112538
v -0.328853 11.660880 3.170146
v -0.401412 11.620242 3.229472
v -0.488958 11.621764 3.290877
v -0.573862 11.678353 3.347345
v -0.632067 11.807408 3.369644
v -0.626534 11.957209 3.352046
v -0.001230 11.653879 4.818740
v 0.043275 11.800955 4.860718
v 0.068397 11.780063 4.811038
v 0.102622 11.738461 4.915473
v 0.114638 11.734021 4.880559
v 0.095249 11.664623 4.856512
v 0.075029 11.647687 4.882685
v 0.051337 11.647535 4.906454
v 0.114020 11.697716 4.868294
v 0.102421 11.687235 4.908659
v 0.074155 11.684343 4.928288
v 0.079150 11.734011 4.933296
v 0.383269 12.333685 4.872859
v 0.294061 12.211244 4.827889
v 0.389545 12.359632 4.805831
v 0.367368 12.328176 4.751449
v 0.470645 12.272424 4.822526
v 0.450602 12.263236 4.786102
v 0.405049 12.194926 4.794007
v 0.407022 12.180990 4.834225
v 0.407582 12.187510 4.875850
v 0.434333 12.224650 4.783857
v 0.457469 12.216365 4.828635
v 0.455737 12.217678 4.868594
v 0.469557 12.272787 4.862912
v 0.158137 11.967863 4.856185
v 0.226191 12.141733 4.835076
v 0.200466 12.106990 4.773571
v 0.378397 12.042604 4.832150
v 0.359507 12.030361 4.797132
v 0.323678 11.956903 4.804389
v 0.329084 11.943147 4.846586
v 0.327738 11.951658 4.885170
v 0.348815 11.990784 4.794010
v 0.373668 11.986338 4.838947
v 0.371918 11.988087 4.880299
v 0.373351 12.042859 4.864673
v 0.564828 12.718646 3.811932
v 0.609408 12.623420 3.835285
v 0.482174 12.614108 3.963158
v 0.426084 12.709012 3.936392
v 0.604270 12.668139 3.811037
v 0.631300 12.743376 3.885524
v 0.622793 12.695836 3.910727
v 0.520954 12.727153 3.977116
v 0.513655 12.772576 3.960419
v 0.511230 12.799524 3.923683
v 0.474257 12.775937 3.914974
v 0.583058 12.722624 3.952508
v 0.586281 12.772602 3.931911
v 0.570200 12.799942 3.903420
v 0.521582 12.779629 3.862730
v 0.608368 12.772094 3.865085
v -0.238284 12.286380 3.169001
v -0.118110 12.200912 3.118376
v -0.140465 11.736392 3.408284
v -0.327825 11.618907 3.489486
v -0.602670 11.892365 3.544484
v -0.598932 12.047515 3.478909
v -0.540564 12.192614 3.392779
v -0.144314 12.329369 3.227372
v -0.036556 12.243389 3.190106
v 0.034566 12.132076 3.232035
v -0.540253 11.740295 3.581129
v -0.305582 11.607579 3.722278
v -0.415338 11.655022 3.747860
v -0.533230 11.862335 3.750373
v -0.544520 12.124270 3.675419
v -0.415853 12.344552 3.567760
v 0.114191 12.356907 3.314152
v 0.040487 12.294617 3.251889
v -0.148347 11.640487 3.935879
v -0.291086 11.611836 3.839033
v -0.402098 11.667040 3.855063
v -0.491364 11.914355 3.934910
v -0.481005 12.177456 3.867404
v -0.352521 12.397310 3.779047
v 0.004137 12.504759 3.503220
v 0.178401 12.411971 3.373902
v 0.248012 12.331019 3.399559
v 0.287493 12.224539 3.541120
v -0.309454 12.432171 3.886234
v 0.002617 12.502353 3.773821
v -0.018218 11.943086 3.732660
v -0.038227 11.888404 3.498868
v -0.133813 11.666859 4.042302
v -0.246107 11.653918 4.057041
v -0.353574 11.706971 4.062152
v -0.457059 11.939401 4.038559
v -0.437154 12.203493 3.977249
v 0.109277 12.263768 3.793997
v -0.007353 11.862189 3.898460
v 0.110587 12.307869 3.750141
v -0.239007 12.206223 4.398540
v -0.107199 12.497021 4.355566
v -0.006396 12.639587 4.043068
v 0.103388 12.609736 4.063401
v 0.054642 12.479681 3.836391
v 0.143943 12.540258 3.589870
v 0.281310 12.484023 3.490805
v 0.340814 12.418528 3.507722
v 0.356674 12.327502 3.612988
v 0.107101 12.337752 3.981083
v -0.212479 11.701703 4.247897
v -0.306238 11.749148 4.244753
v 0.031432 12.713733 4.202070
v 0.351456 12.412257 3.807931
v 0.284953 12.595930 3.709942
v 0.442685 12.416265 3.721462
v 0.403126 12.564613 3.636597
v 0.441777 12.506321 3.645674
v 0.123053 12.378300 4.227590
v -0.013423 11.884253 4.013348
v -0.116299 11.720291 4.260891
v -0.266598 11.942978 4.403944
v -0.014069 11.905578 4.283562
v 0.062285 12.214046 3.904402
v -0.269618 12.016054 4.416414
v -0.211046 12.303305 4.428137
v -0.018611 12.253861 4.467373
v -0.108125 11.744564 4.375211
v -0.282680 11.759770 4.383630
v -0.174309 11.985911 4.454592
v -0.132927 12.216074 4.447101
v -0.113132 12.254977 4.483620
v 0.003464 12.488374 4.384398
v 0.006409 12.500967 4.354795
v 0.083955 12.481607 4.336823
v -0.199143 12.241912 4.603965
v -0.029203 12.542850 4.702932
v -0.073315 12.551525 4.301926
v 0.129252 12.674286 4.196606
v 0.170405 12.603011 4.230649
v 0.056860 12.430593 4.398229
v -0.050452 12.168744 4.448502
v -0.093972 11.986740 4.448490
v 0.076865 12.470121 4.611184
v 0.018338 12.335703 4.636436
v -0.045315 12.323325 4.685207
v -0.094580 12.378803 4.732936
v 0.041785 12.535390 4.645396
v 0.135537 12.477078 4.827791
v 0.079379 12.349775 4.844181
v 0.097743 12.300783 4.791343
v 0.183158 12.477763 4.764180
v 0.196792 12.420682 4.714299
v 0.138762 12.304889 4.734221
v -0.048756 12.175748 4.582984
v -0.096799 12.035331 4.614194
v -0.180950 12.023514 4.633769
v -0.251054 12.083471 4.637691
v -0.106204 12.239011 4.585105
v -0.017188 12.205411 4.816265
v -0.069513 12.078080 4.841565
v -0.045024 12.012145 4.784625
v 0.035394 12.208372 4.744039
v 0.058560 12.146917 4.689075
v 0.009748 12.019226 4.711286
v 0.140934 12.798367 4.437933
v 0.206447 12.750463 4.383700
v 0.222867 12.670036 4.378931
v 0.153358 12.565737 4.450238
v 0.094192 12.579166 4.501760
v 0.056721 12.652611 4.531747
v 0.336255 12.597229 4.672937
v 0.401795 12.686653 4.531079
v 0.381597 12.634821 4.498353
v 0.328073 12.550007 4.550416
v 0.395341 12.483076 4.558581
v 0.477999 12.614634 4.598727
v 0.395849 12.489952 4.623597
v 0.476643 12.606857 4.533352
v 0.448178 12.560655 4.505409
v 0.548551 12.527051 4.571026
v 0.524970 12.506692 4.548471
v 0.484901 12.454262 4.591601
v 0.493177 12.461073 4.631938
v -0.196145 11.715364 4.375109
v -0.173387 11.952497 4.440027
v -0.092362 11.921033 4.417721
v -0.172748 11.837150 4.693696
v -0.107773 11.859521 4.681456
v -0.055803 11.828952 4.660154
v -0.060677 11.717113 4.637127
v -0.123006 11.690238 4.648465
v -0.182282 11.721658 4.670623
v -0.014735 11.955606 3.292173
v -0.066530 11.841948 3.390098
v -0.049663 12.074676 3.156233
v 0.327714 12.271068 3.568864
v 0.294009 12.376240 3.446395
v 0.227601 12.451805 3.429003
v 0.076339 12.527272 3.541242
v 0.032767 12.476101 3.710155
v 0.112529 12.353137 3.720122
v -0.060010 12.372637 3.287469
v 0.149245 12.121052 3.372519
v 0.498532 12.487840 4.661929
v -0.430132 11.633755 3.536310
v 0.189542 12.268870 3.340987
v 0.234115 12.193944 3.418580
v -0.014006 12.014176 3.706255
v 0.012591 12.091154 3.856279
v -0.046965 11.728568 3.919320
v -0.046351 11.758055 4.029270
v 0.161676 12.469113 4.169162
v 0.152687 12.533032 4.281641
v 0.200693 12.603813 4.407300
v 0.418652 12.513704 4.518507
v 0.509588 12.473209 4.566267
v 0.535872 12.483618 4.603978
v 0.539395 12.504101 4.636510
v 0.376648 12.658962 4.659526
v 0.073756 12.748301 4.508317
v -0.062756 12.667922 4.247123
v -0.121427 12.602526 4.075932
v 0.078489 12.261271 4.268870
v 0.043468 12.336011 4.442665
v 0.063120 12.393052 4.610552
v 0.176769 12.352778 4.707184
v 0.093477 12.420789 4.858484
v -0.088853 12.474626 4.743686
v -0.384149 12.325586 3.933095
v -0.425529 12.296647 3.822675
v -0.496374 12.247752 3.619184
v -0.011472 12.045249 4.387844
v -0.040951 12.067456 4.448938
v -0.048559 12.096707 4.594906
v 0.045404 12.074932 4.681086
v -0.056879 12.149874 4.850275
v -0.258903 12.172562 4.626172
v -0.460872 12.068818 4.010874
v -0.498821 12.042956 3.906772
v -0.553117 11.989558 3.722436
v -0.493668 11.753894 3.759627
v -0.071447 11.826719 4.391264
v -0.041261 11.774563 4.643848
v -0.199597 11.779391 4.687667
v -0.316095 11.852232 4.394048
v -0.365307 11.851206 4.245391
v -0.425849 11.810719 4.055211
v -0.477082 11.769591 3.855703
v 0.115628 12.412311 3.940369
v 0.080112 12.183074 3.807307
v -0.059263 11.710143 3.791210
v -0.015586 11.843131 3.768162
v 0.139880 12.177564 3.697735
v 0.101614 12.112129 3.701771
v 0.018054 12.427911 3.351968
v 0.090561 12.477378 3.412292
v 0.146310 12.506664 3.464326
v 0.204603 12.530108 3.523071
v 0.340004 12.598532 3.663121
v 0.269077 12.275418 3.631080
v 0.163390 12.245801 3.681706
v 0.187066 12.315231 3.675626
v 0.191341 12.128100 3.611390
v 0.130515 12.053308 3.598671
v -0.011325 11.964596 3.575996
v -0.576493 11.948165 3.635840
v -0.522595 12.226971 3.506372
v -0.390278 12.307839 3.280378
v -0.546013 12.129914 3.328249
v -0.600091 11.988109 3.400530
v -0.606713 11.835348 3.450425
v -0.543574 11.693014 3.464284
v -0.444762 11.617076 3.421133
v -0.349501 11.613701 3.367010
v -0.266608 11.652221 3.312958
v -0.191817 11.720486 3.257322
v -0.137769 11.815041 3.197971
v -0.118044 11.925618 3.130837
v -0.129137 12.048994 3.066000
v -0.184227 12.181284 3.063164
v -0.298813 12.243169 3.131595
v -0.428941 12.230690 3.223580
v -0.571723 12.093346 3.578586
v -0.168919 12.510183 3.683284
v -0.310490 12.394251 3.429285
v 0.040031 12.057167 3.695791
v 0.041860 12.117245 3.786858
v 0.052864 11.998322 3.576323
v -0.215306 12.426710 4.405293
v -0.301304 12.117388 4.404730
v 0.017575 12.016619 4.288258
v 0.039172 12.133455 4.283171
v 0.288439 12.263820 3.467144
v 0.332647 12.307537 3.503863
v 0.368647 12.360383 3.556224
v 0.139621 12.418017 3.713423
v 0.250412 12.528762 3.787537
v 0.069890 12.048707 3.331868
v 0.112243 12.199715 3.287815
v 0.405669 12.399796 3.770980
v 0.452911 12.453773 3.677051
v 0.307542 12.323537 3.663017
v 0.096974 12.505639 3.681602
v 0.233020 12.356699 3.700284
v -0.043968 11.799922 4.273218
v 0.009878 12.110831 3.996196
v 0.060376 12.230698 3.998135
v 0.099979 12.375512 3.844304
v 0.100083 12.313515 3.898095
v 0.093348 12.451095 3.888208
v 0.159836 12.543648 4.111727
v 0.553343 12.543808 4.602280
v 0.565058 12.590646 3.909053
v 0.527472 12.597445 3.945095
v 0.429596 12.669957 3.956916
v 0.306398 12.232778 4.764444
v 0.335926 12.278869 4.739989
v 0.003459 11.769743 4.905696
v 0.067518 11.733853 4.782068
v 0.042337 11.682904 4.780905
v 0.297670 12.444885 3.818208
v 0.230571 12.111075 4.906815
v 0.175373 12.050396 4.763030
v 0.158127 11.998532 4.788584
v 0.399442 12.698698 4.601834
v 0.355627 12.587283 4.510899
v 0.310171 12.544718 4.622368
v -0.227521 12.438196 3.454175
v -0.109649 12.540009 3.783046
v -0.212854 12.510855 3.837355
v -0.262488 12.473786 3.736660
v -0.325497 12.410603 3.539959
v -0.423492 12.332233 3.440330
v 0.108753 12.471789 3.704237
v 0.009441 11.951358 3.460347
v 0.072949 12.007214 3.454083
v 0.156239 12.069257 3.484503
v 0.235053 12.143853 3.515637
v 0.235092 12.215624 3.615066
v -0.165496 11.623655 3.815270
v -0.230092 11.655290 3.446737
v -0.038116 11.834224 3.631857
v -0.083249 11.712749 3.660582
v -0.186960 11.624868 3.690361
v -0.006951 11.998529 4.000179
v -0.001494 11.975185 3.879137
v -0.045178 12.505171 3.697422
v 0.012341 12.501336 3.664413
v -0.158866 12.477203 3.515864
v 0.059014 12.437343 3.752846
v 0.080947 12.403095 3.799880
v -0.271398 11.629418 3.950948
v -0.382187 11.685862 3.959425
v -0.455111 11.789519 3.954066
v -0.513732 11.889404 3.839077
v -0.528108 12.016356 3.811586
v -0.514597 12.150101 3.768822
v -0.461032 12.269588 3.721371
v -0.303112 12.438464 3.639424
v -0.387502 12.366491 3.676263
v -0.032653 11.912176 3.599395
v -0.223410 12.477119 3.591866
v -0.074728 12.505507 3.601603
v 0.256513 12.567867 3.754301
v 0.112314 12.527186 3.646873
v 0.028059 12.520642 3.615101
v 0.446721 12.637496 3.963404
v 0.589132 12.598665 3.869351
v 0.264163 12.487587 3.809024
v -0.260161 12.446931 3.527458
v -0.078773 12.463788 3.435762
v -0.155595 12.415545 3.366529
v -0.247423 12.374195 3.311314
v -0.548185 11.823419 3.664551
v -2.197379 12.391006 1.543218
v -2.000866 12.417109 1.447866
v -1.850833 12.325548 1.366114
v -1.757306 12.201276 1.304653
v -1.702347 12.083337 1.227256
v -1.680208 11.933513 1.151928
v -1.719830 11.741090 1.117365
v -1.819471 11.569302 1.136523
v -2.266177 11.543504 1.441130
v -2.346357 11.750848 1.520017
v -2.382860 11.981458 1.571278
v -2.349618 12.217337 1.591419
v -2.102990 12.391201 1.689910
v -1.914863 12.418988 1.548278
v -1.782343 12.312792 1.444571
v -1.695137 12.179385 1.381995
v -1.617494 12.064318 1.310167
v -1.567837 11.899783 1.236602
v -1.592377 11.698952 1.223158
v -1.685176 11.523745 1.266704
v -2.148165 11.515652 1.617738
v -2.240803 11.713525 1.707345
v -2.275783 11.952536 1.761553
v -1.991322 11.947396 2.078903
v -1.958407 12.189951 2.074585
v -1.835128 12.387038 1.983952
v -1.658029 12.440460 1.821606
v -1.515188 12.331639 1.680875
v -1.436802 12.168853 1.609300
v -1.374280 12.022284 1.556416
v -1.329231 11.858999 1.510840
v -1.352956 11.678823 1.519003
v -1.440524 11.520718 1.584972
v -1.872915 11.511729 1.960845
v -1.961933 11.712906 2.043681
v -1.682236 11.742331 2.356019
v -1.709229 11.954244 2.382247
v -1.656937 12.171021 2.352486
v -1.537013 12.346395 2.260676
v -1.373291 12.400455 2.111454
v -1.244048 12.302630 1.979657
v -1.185926 12.139713 1.913134
v -1.147810 11.987064 1.874685
v -1.113663 11.832647 1.845945
v -1.133842 11.668049 1.858777
v -1.213306 11.525135 1.926057
v -0.857203 11.569857 2.438324
v -1.160329 11.661955 2.727069
v -1.233235 11.806992 2.796435
v -1.255794 11.998143 2.817820
v -1.193221 12.182625 2.756366
v -1.078235 12.294746 2.650385
v -0.942233 12.317448 2.514220
v -0.842762 12.217905 2.401157
v -0.800738 12.078062 2.350922
v -0.778399 11.942055 2.332413
v -0.769613 11.805660 2.334367
v -0.831738 12.074427 3.153774
v -0.634947 12.293277 2.942812
v -0.434574 12.142320 2.732629
v -2.106051 11.476521 1.317918
v -1.727879 11.418542 1.827814
v -0.734084 11.647134 3.052764
v -1.956386 11.479406 1.209469
v -1.572595 11.417948 1.693478
v -0.641599 11.592876 2.967580
v -1.593013 11.566866 2.281551
v -1.465540 11.460978 2.166620
v -1.329177 11.436290 2.038498
v -1.063827 11.566249 2.635713
v -0.954803 11.525771 2.534991
v -0.792691 11.673037 2.368151
v -0.782303 12.297792 2.856302
v -0.899244 12.212738 2.975107
v -0.971271 12.050437 3.051766
v -0.968507 11.867942 3.049640
v -0.913891 11.727632 2.995219
v -0.835765 11.630118 2.919789
v -0.740520 11.580165 2.830266
v -0.648772 11.604758 2.738556
v -0.582712 11.683856 2.667609
v -0.545893 11.793221 2.621747
v -0.536764 11.908857 2.603394
v -0.537538 12.036263 2.597773
v -0.567856 12.174288 2.630196
v -2.432601 11.768693 0.972712
v -2.272487 11.678710 0.870496
v -2.085051 11.688727 0.810485
v -1.923644 11.783803 0.807301
v -1.824918 11.931236 0.847053
v -1.758386 12.062976 0.911400
v -1.708120 12.196274 1.011604
v -1.745173 12.347586 1.139637
v -1.891905 12.462782 1.238681
v -2.086493 12.508294 1.285658
v -2.286795 12.483933 1.292150
v -2.455166 12.359571 1.257779
v -2.526299 12.156353 1.182573
v -2.500247 11.948683 1.082292
v -1.898182 12.369807 1.302760
v -2.063893 12.437885 1.361982
v -2.260253 12.416069 1.412793
v -2.421060 12.264024 1.421703
v -2.466844 12.046000 1.381933
v -2.439728 11.820214 1.317795
v -2.373498 11.615218 1.232396
v -2.210077 11.546987 1.117762
v -2.048134 11.562770 1.026920
v -1.905113 11.654238 0.982723
v -1.798090 11.825060 0.994120
v -1.750461 11.985538 1.045153
v -1.738423 12.118890 1.124402
v -1.781392 12.250876 1.223545
v -0.654496 12.284945 2.724243
v -1.377779 12.324780 1.825858
v -1.515753 12.427183 1.965358
v -1.687413 12.369509 2.125574
v -1.808794 12.180276 2.215490
v -1.852921 11.949979 2.230390
v -1.824856 11.725215 2.199994
v -1.734543 11.535156 2.124214
v -1.598198 11.435451 1.998608
v -1.452860 11.426949 1.865654
v -1.328733 11.524993 1.754388
v -1.246041 11.674865 1.688069
v -1.225040 11.844052 1.677372
v -1.264144 12.002439 1.712837
v -1.310332 12.157300 1.755861
v -1.828425 11.423759 1.356170
v -1.993517 11.426362 1.483788
v -2.245443 12.202229 1.771393
v -2.449024 11.940178 0.758030
v -2.288170 11.836634 0.660426
v -2.091550 11.827346 0.624480
v -1.920060 11.910664 0.643066
v -1.824107 12.056895 0.701131
v -1.739395 12.185312 0.777804
v -1.659601 12.323154 0.891905
v -1.686347 12.491895 1.042617
v -1.850552 12.617184 1.156332
v -2.075958 12.652360 1.188733
v -2.286127 12.604549 1.158504
v -2.458261 12.481668 1.098505
v -2.549289 12.294112 1.006545
v -2.528761 12.103275 0.884171
vt 7.504442 4.282341
vt 7.469403 4.283033
vt 7.540900 4.277482
vt 7.576801 4.270101
vt 7.612545 4.260324
vt 7.690640 4.233750
vt 7.713179 4.359278
vt 7.732787 4.215600
vt 9.473340 4.255077
vt 9.427195 4.245362
vt 9.487582 4.388201
vt 9.523439 4.262313
vt 9.574372 4.269080
vt 9.623394 4.275286
vt 9.596691 4.401006
vt 9.668774 4.280766
vt 9.697088 4.406842
vt 9.710635 4.285363
vt 9.750066 4.286968
vt 7.650044 4.248181
vt 7.667132 4.373639
vt 9.534615 4.209572
vt 6.571677 4.470085
vt 6.560240 4.471914
vt 6.542061 4.368733
vt 6.524640 4.487674
vt 6.498828 4.371143
vt 6.470114 4.474226
vt 6.606825 4.375834
vt 6.539886 4.474157
vt 6.496107 4.477544
vt 6.481148 4.476176
vt 6.578193 4.482302
vt 6.560281 4.491383
vt 6.429154 4.378932
vt 6.463972 4.486229
vt 6.481474 4.495394
vt 6.546787 4.489305
vt 6.495229 4.497183
vt 6.894244 4.952981
vt 6.917394 4.860693
vt 6.882195 4.955215
vt 6.842539 4.972068
vt 6.784618 4.954913
vt 6.942924 4.862424
vt 6.859135 4.958309
vt 6.811769 4.959891
vt 6.796120 4.957592
vt 6.901309 4.965699
vt 6.882614 4.975649
vt 6.738739 4.863044
vt 6.777591 4.967231
vt 6.795509 4.977779
vt 6.868362 4.973754
vt 6.809874 4.980334
vt 6.890930 4.465851
vt 6.908376 4.473577
vt 6.808868 4.466548
vt 6.777982 4.476197
vt 6.789159 4.478993
vt 6.889773 4.493407
vt 6.883842 4.480459
vt 6.871912 4.481681
vt 6.832634 4.494975
vt 6.804380 4.481564
vt 6.870795 4.501660
vt 6.849599 4.482610
vt 6.855987 4.481408
vt 6.755519 4.466666
vt 6.770890 4.488100
vt 6.788119 4.498732
vt 6.812479 4.484292
vt 6.857038 4.498748
vt 6.802086 4.501560
vt 6.255895 4.896238
vt 6.237853 4.903705
vt 6.296204 4.920431
vt 6.269209 4.893474
vt 6.183930 4.906046
vt 6.143873 4.913139
vt 6.159926 4.919199
vt 6.276346 4.938032
vt 6.271508 4.914486
vt 6.257501 4.919488
vt 6.212023 4.936592
vt 6.178768 4.923721
vt 6.257471 4.944358
vt 6.232589 4.922619
vt 6.241971 4.920184
vt 6.127502 4.901103
vt 6.118767 4.919009
vt 6.140193 4.935196
vt 6.158789 4.942815
vt 6.189152 4.925111
vt 6.241824 4.940362
vt 6.175150 4.946103
vt 5.209691 4.362481
vt 5.240616 4.321842
vt 5.200438 4.310941
vt 5.172610 4.344707
vt 5.770490 4.362860
vt 5.731836 4.355260
vt 5.741106 4.406622
vt 5.775299 4.409825
vt 5.601680 4.338804
vt 5.639143 4.322278
vt 5.540242 4.361700
vt 5.570850 4.352540
vt 5.577099 4.430432
vt 5.544703 4.436529
vt 5.480253 4.406608
vt 5.477191 4.443175
vt 5.511817 4.441026
vt 5.396025 4.400555
vt 5.350136 4.397821
vt 5.353486 4.442635
vt 5.395985 4.442324
vt 5.273875 4.533505
vt 5.313526 4.529838
vt 5.315367 4.488699
vt 5.278953 4.494064
vt 5.180833 4.400714
vt 5.145938 4.382078
vt 5.122355 4.420951
vt 5.155149 4.438575
vt 5.617932 4.507374
vt 5.653944 4.505499
vt 5.650744 4.462216
vt 5.614379 4.466252
vt 5.580493 4.470523
vt 5.547607 4.474740
vt 5.513731 4.478225
vt 5.477458 4.480404
vt 5.438117 4.443254
vt 5.438021 4.481431
vt 5.396512 4.482238
vt 5.355008 4.484345
vt 5.354617 4.525615
vt 5.068421 4.347517
vt 5.048902 4.397043
vt 5.086945 4.407038
vt 5.108507 4.364912
vt 5.711296 4.407649
vt 5.722129 4.456751
vt 5.754846 4.455593
vt 5.681560 4.411179
vt 5.678873 4.309121
vt 5.646830 4.416530
vt 5.656008 4.545504
vt 5.621408 4.546350
vt 5.584423 4.509971
vt 5.551215 4.512935
vt 5.439042 4.520348
vt 5.440672 4.561969
vt 5.482225 4.558432
vt 5.479295 4.518361
vt 5.397069 4.565516
vt 5.396894 4.522460
vt 5.352944 4.569248
vt 5.158397 4.636757
vt 5.174826 4.610680
vt 5.687714 4.458785
vt 5.692327 4.504278
vt 5.731714 4.504427
vt 5.445755 4.651215
vt 5.348523 4.664973
vt 5.309336 4.573134
vt 5.948818 4.555552
vt 5.924034 4.560889
vt 5.932552 4.622367
vt 6.280098 4.668994
vt 6.296203 4.679333
vt 5.081522 4.493184
vt 5.061458 4.525520
vt 5.084129 4.540989
vt 5.107282 4.508559
vt 5.053186 4.482907
vt 5.036757 4.513604
vt 5.929425 4.421995
vt 5.954232 4.434415
vt 5.960568 4.415469
vt 5.939167 4.396889
vt 5.924317 4.448929
vt 5.947631 4.454511
vt 5.779152 4.552521
vt 5.777769 4.506504
vt 5.735430 4.548041
vt 5.589469 4.549331
vt 5.555964 4.551819
vt 5.520518 4.554820
vt 5.492511 4.647448
vt 5.512044 4.675471
vt 5.397952 4.665142
vt 5.298467 4.674881
vt 5.279178 4.714211
vt 5.209043 4.712359
vt 5.211811 4.673572
vt 5.176074 4.685256
vt 5.174500 4.718498
vt 6.273242 4.731488
vt 6.203444 4.646769
vt 6.173481 4.648079
vt 6.178551 4.726808
vt 6.144705 4.655773
vt 6.153562 4.729644
vt 6.118030 4.665935
vt 6.131044 4.732931
vt 6.089955 4.742533
vt 6.099503 4.676521
vt 6.145161 4.893067
vt 6.161217 4.896348
vt 6.252929 4.727558
vt 6.230098 4.725306
vt 6.204796 4.725072
vt 6.211345 4.900923
vt 5.625640 4.636529
vt 5.596465 4.628898
vt 5.598671 4.659559
vt 5.626755 4.665024
vt 5.565468 4.627736
vt 5.570175 4.659315
vt 5.531956 4.633021
vt 5.540910 4.665112
vt 5.960879 4.605987
vt 5.941006 4.652360
vt 5.967850 4.639807
vt 5.694517 4.546134
vt 5.912875 4.668552
vt 5.904044 4.638586
vt 5.868814 4.653119
vt 5.868212 4.721003
vt 5.696640 4.655399
vt 5.713844 4.720519
vt 5.657318 4.674233
vt 5.658090 4.646007
vt 5.486583 4.722212
vt 5.526567 4.706626
vt 5.382135 4.750196
vt 5.419114 4.740521
vt 5.269979 4.756889
vt 5.310052 4.756230
vt 5.204950 4.746356
vt 5.174294 4.744213
vt 5.973535 4.665825
vt 5.950923 4.674779
vt 5.926760 4.689670
vt 5.900649 4.707245
vt 5.652272 4.692594
vt 5.628909 4.688257
vt 5.602124 4.685562
vt 5.574975 4.685798
vt 5.549598 4.693184
vt 5.510288 4.745263
vt 5.534573 4.734515
vt 5.398689 4.781149
vt 5.417514 4.774452
vt 5.295575 4.787019
vt 5.275660 4.786798
vt 5.826290 4.662068
vt 6.550773 4.169140
vt 6.519560 4.164469
vt 6.520063 4.232792
vt 6.546496 4.234183
vt 6.486094 4.167416
vt 6.463493 4.193541
vt 6.465909 4.243842
vt 6.911142 4.148788
vt 6.881914 4.127411
vt 6.860640 4.251576
vt 6.889036 4.256190
vt 6.841645 4.128800
vt 6.833408 4.250089
vt 6.803508 4.137894
vt 6.776714 4.163383
vt 6.776515 4.255309
vt 6.879504 4.574293
vt 6.907564 4.599005
vt 6.842022 4.574244
vt 6.773640 4.607348
vt 6.801170 4.583560
vt 6.572055 4.576520
vt 6.599962 4.598469
vt 6.530802 4.577517
vt 6.460088 4.593473
vt 6.433928 4.603820
vt 5.770506 4.731435
vt 5.808414 4.732337
vt 5.740942 4.724125
vt 5.677156 4.704550
vt 5.677577 4.732304
vt 5.700593 4.745568
vt 6.942146 4.156178
vt 6.740895 4.168414
vt 6.747779 4.258928
vt 5.778225 4.761903
vt 5.798215 4.762302
vt 6.940352 4.608553
vt 6.745859 4.610126
vt 5.882293 4.741745
vt 5.900177 4.732895
vt 5.841409 4.726411
vt 6.898345 4.711575
vt 6.926683 4.715617
vt 6.869649 4.709015
vt 6.841506 4.708802
vt 6.756103 4.717583
vt 6.974902 4.620543
vt 6.784490 4.714248
vt 6.813314 4.710871
vt 6.953273 4.720852
vt 6.840387 4.861186
vt 6.864481 4.860935
vt 6.789941 4.860621
vt 6.763773 4.861162
vt 6.890810 4.860292
vt 6.816200 4.860992
vt 6.916632 4.261974
vt 6.968841 4.173191
vt 6.940958 4.267181
vt 6.805719 4.251753
vt 6.748695 4.317684
vt 6.778008 4.316401
vt 6.912312 4.320346
vt 6.884027 4.317298
vt 6.831697 4.314477
vt 6.856226 4.315125
vt 6.806610 4.315086
vt 6.938075 4.322886
vt 6.873574 4.462376
vt 6.852730 4.467130
vt 6.831767 4.462487
vt 6.788919 4.459221
vt 6.772381 4.460733
vt 6.629077 4.603374
vt 6.494534 4.583862
vt 6.663586 4.613761
vt 6.614298 4.790129
vt 6.585664 4.788396
vt 6.528924 4.786754
vt 6.443883 4.789138
vt 6.472104 4.787276
vt 6.556725 4.787451
vt 6.501074 4.786660
vt 6.640931 4.795982
vt 6.577069 4.881979
vt 6.542110 4.909086
vt 6.532836 4.943464
vt 6.480877 4.882048
vt 6.458150 4.885373
vt 6.601512 4.885557
vt 6.623751 4.894537
vt 6.586998 4.924698
vt 6.574096 4.926561
vt 6.550493 4.928843
vt 6.471840 4.926110
vt 6.484139 4.928719
vt 6.594056 4.938531
vt 6.500866 4.930859
vt 6.573787 4.948397
vt 6.607603 4.196483
vt 6.579804 4.182778
vt 6.432688 4.203591
vt 6.438521 4.251095
vt 6.634691 4.204597
vt 6.573674 4.239867
vt 6.600424 4.247318
vt 6.626098 4.255408
vt 6.493409 4.236557
vt 6.474193 4.373685
vt 6.449862 4.376033
vt 6.588111 4.372482
vt 6.565456 4.370079
vt 6.520735 4.369179
vt 5.134283 4.325727
vt 5.163680 4.293607
vt 5.131078 4.474803
vt 5.101412 4.458532
vt 5.892881 4.474608
vt 5.857971 4.467836
vt 5.862188 4.504478
vt 5.895005 4.508568
vt 5.896731 4.407916
vt 5.892697 4.439899
vt 5.906053 4.378276
vt 5.069069 4.447374
vt 5.185193 4.574880
vt 5.152007 4.582533
vt 5.147986 4.608614
vt 5.139581 4.630114
vt 5.922877 4.510512
vt 5.922869 4.479523
vt 5.287373 4.342649
vt 5.243018 4.387416
vt 5.266156 4.422025
vt 5.304484 4.402741
vt 6.510216 4.933149
vt 5.857018 4.392207
vt 5.855081 4.429092
vt 5.797112 4.486366
vt 5.825146 4.527549
vt 5.826169 4.496447
vt 5.820706 4.459689
vt 9.655210 4.138976
vt 9.633161 4.223529
vt 9.677025 4.229998
vt 9.695173 4.146612
vt 9.717710 4.236725
vt 9.734621 4.150012
vt 9.756659 4.243741
vt 9.784748 4.156078
vt 7.500485 4.234654
vt 7.491628 4.148316
vt 7.438984 4.147151
vt 7.461970 4.238447
vt 7.538257 4.228795
vt 7.533439 4.147823
vt 7.573866 4.220445
vt 7.569875 4.139245
vt 7.607916 4.209377
vt 7.597116 4.126848
vt 7.623287 4.113228
vt 7.642904 4.196097
vt 7.681473 4.181794
vt 7.723344 4.167478
vt 7.712945 4.077377
vt 7.660616 4.093533
vt 9.484454 4.203043
vt 9.547713 4.112400
vt 9.495818 4.107705
vt 9.585145 4.216507
vt 9.608811 4.117454
vt 5.864572 4.535625
vt 6.402617 4.607875
vt 6.417988 4.795462
vt 6.437755 4.894767
vt 6.464532 4.939359
vt 6.483795 4.950287
vt 5.244420 4.711643
vt 5.236097 4.751347
vt 5.252398 4.669575
vt 5.237404 4.448699
vt 5.211829 4.423486
vt 5.185429 4.460406
vt 5.214942 4.482810
vt 6.716293 4.617633
vt 6.729292 4.720955
vt 5.347994 4.750714
vt 6.705472 4.160353
vt 6.721436 4.261945
vt 6.720842 4.318203
vt 5.451404 4.728566
vt 6.399082 4.210506
vt 6.412166 4.257822
vt 5.516565 4.515869
vt 5.865432 4.563093
vt 5.898110 4.562794
vt 5.896979 4.537644
vt 5.158746 4.496794
vt 5.129885 4.528492
vt 5.103313 4.558064
vt 6.231712 4.650708
vt 6.311244 4.742244
vt 6.329772 4.750395
vt 5.947117 4.482625
vt 5.814468 4.418027
vt 5.785857 4.454246
vt 5.440552 4.404253
vt 9.436798 4.196354
vt 5.397576 4.356900
vt 5.347597 4.348193
vt 5.738332 4.662224
vt 5.781834 4.665343
vt 5.034198 4.442073
vt 5.023802 4.479603
vt 5.011970 4.505158
vt 6.110308 4.737104
vt 6.292037 4.736515
vt 5.093174 4.301499
vt 5.813383 4.376317
vt 6.071112 4.750409
vt 6.077516 4.683526
vt 6.257580 4.657887
vt 6.050944 4.700008
vt 5.824279 4.559645
vt 6.558674 4.945842
vt 6.499153 4.952808
vt 6.279361 4.889830
vt 6.285709 4.901881
vt 6.133223 4.889675
vt 5.266386 4.576078
vt 5.224037 4.576419
vt 5.245986 4.494727
vt 5.234352 4.533450
vt 5.188547 4.528134
vt 5.146872 4.553636
vt 5.112361 4.625335
vt 5.124725 4.612835
vt 5.125632 4.596486
vt 5.125369 4.260589
vt 5.770792 4.314590
vt 5.725776 4.291541
vt 5.817264 4.335152
vt 5.864534 4.357162
vt 5.497917 4.368387
vt 5.610783 4.423442
vt 5.700186 4.359008
vt 9.445625 4.105501
vt 5.445148 4.365469
vt 5.313051 4.447340
vt 5.278092 4.457424
vt 5.118053 4.576406
vt 6.312798 4.688483
vt 6.346917 4.699244
vt 5.922810 4.537289
vt 5.943274 4.538193
vt 5.948518 4.513318
vt 5.254188 4.467050
vt 0.540547 5.482721
vt 0.615557 5.482996
vt 0.616140 5.402613
vt 0.539907 5.400275
vt 0.685944 5.480813
vt 0.684322 5.404314
vt 0.753373 5.474064
vt 0.743317 5.405055
vt 8.272024 4.466274
vt 8.335362 4.475630
vt 8.344456 4.400481
vt 8.287695 4.395982
vt 8.398741 4.481443
vt 8.405399 4.404382
vt 8.463894 4.485980
vt 8.470269 4.407991
vt 8.539501 4.412216
vt 8.532374 4.491199
vt 8.772823 4.430899
vt 8.690157 4.423802
vt 8.681461 4.505893
vt 8.763823 4.515673
vt 0.281955 5.482743
vt 0.274970 5.397361
vt 0.183100 5.398063
vt 0.190264 5.485129
vt 0.365691 5.397256
vt 0.371270 5.481802
vt 0.458742 5.481866
vt 0.455513 5.398250
vt 0.453294 5.314376
vt 0.540564 5.317712
vt 0.620415 5.322387
vt 0.691136 5.328011
vt 0.754523 5.335015
vt 8.292098 4.324030
vt 8.349751 4.325789
vt 8.410791 4.328125
vt 8.476129 4.330694
vt 8.546014 4.333717
vt 8.697697 4.341951
vt 8.780068 4.347332
vt 0.181967 5.312273
vt 0.271752 5.311796
vt 0.362330 5.312451
vt 0.456388 5.142428
vt 0.365764 5.139250
vt 0.547098 5.147414
vt 0.634797 5.156055
vt 0.714364 5.167349
vt 0.786398 5.180251
vt 8.354303 4.172409
vt 8.291553 4.171676
vt 8.417992 4.173443
vt 8.484894 4.174335
vt 8.555623 4.174929
vt 8.788854 4.176610
vt 8.707518 4.175466
vt 0.276305 5.136965
vt 0.186384 5.135311
vt 9.289688 4.847288
vt 9.211550 4.833811
vt 9.367868 4.858538
vt 9.446800 4.866559
vt 9.526321 4.870781
vt 9.605470 4.872000
vt 9.680178 4.871176
vt 9.749554 4.869517
vt 7.414854 4.871523
vt 7.476306 4.874682
vt 7.537898 4.877021
vt 7.601435 4.876719
vt 7.667683 4.871695
vt 7.884537 4.824808
vt 7.809316 4.844404
vt 7.812533 4.563098
vt 9.361070 4.598062
vt 9.299260 4.583911
vt 9.425129 4.609179
vt 9.490768 4.617512
vt 9.556026 4.623106
vt 9.619360 4.626196
vt 9.679047 4.627094
vt 9.733606 4.626055
vt 7.490610 4.624152
vt 7.439960 4.621540
vt 7.541269 4.623618
vt 7.644979 4.612112
vt 7.592375 4.619730
vt 7.756186 4.583921
vt 7.448620 4.544606
vt 7.495664 4.546023
vt 7.502873 4.402527
vt 7.462673 4.403284
vt 7.542485 4.544390
vt 7.542815 4.399048
vt 7.589441 4.539701
vt 7.582693 4.393176
vt 7.623668 4.384838
vt 7.637663 4.531745
vt 7.760717 4.341853
vt 7.739771 4.504580
vt 7.791381 4.485199
vt 9.328717 4.508631
vt 9.386051 4.521414
vt 9.433334 4.379514
vt 9.380173 4.368839
vt 9.445971 4.531790
vt 9.507507 4.539848
vt 9.542610 4.395380
vt 9.568647 4.545525
vt 9.648428 4.404985
vt 9.684003 4.550379
vt 9.737103 4.549848
vt 9.743067 4.405617
vt 8.612481 4.417463
vt 8.604439 4.497788
vt 8.619658 4.337428
vt 8.629523 4.174970
vt 7.736712 4.860612
vt 7.699721 4.600269
vt 7.687926 4.520112
vt 9.606167 4.956223
vt 9.685612 4.954322
vt 9.518997 4.955914
vt 9.434601 4.952948
vt 9.351305 4.944229
vt 9.269331 4.933222
vt 9.188601 4.919202
vt 7.903420 4.913664
vt 7.824026 4.934685
vt 7.746413 4.949921
vt 7.674401 4.961053
vt 7.603081 4.964196
vt 7.536142 4.962226
vt 7.473027 4.958628
vt 7.409842 4.954325
vt 9.754150 4.951005
vt 9.627859 4.548980
vt 8.752897 4.599086
vt 8.672752 4.588538
vt 8.665529 4.672757
vt 8.744016 4.681849
vt 8.596496 4.579388
vt 8.589339 4.663589
vt 8.524975 4.571787
vt 8.517455 4.655474
vt 8.456913 4.565852
vt 8.449087 4.649007
vt 8.382010 4.643289
vt 8.390919 4.560705
vt 8.313338 4.635701
vt 8.324515 4.553804
vt 8.241833 4.624774
vt 8.255604 4.543322
vt 0.706018 5.645064
vt 0.784445 5.635287
vt 0.767663 5.551838
vt 0.693828 5.560894
vt 0.628173 5.650807
vt 0.619443 5.565450
vt 0.550080 5.653185
vt 0.543407 5.566723
vt 0.463036 5.566677
vt 0.469389 5.653747
vt 0.385008 5.653958
vt 0.378027 5.567002
vt 0.291313 5.567821
vt 0.298997 5.653625
vt 0.214556 5.651858
vt 0.205226 5.569348
vt 0.729857 5.083339
vt 0.646675 5.069515
vt 0.553448 5.058389
vt 0.461547 5.054248
vt 0.371038 5.050614
vt 0.283134 5.047659
vt 0.196721 5.044520
vt 8.790967 4.089215
vt 8.709789 4.090067
vt 8.631146 4.091241
vt 8.558159 4.094006
vt 8.486217 4.093900
vt 8.419010 4.094068
vt 8.355926 4.093598
vt 8.292975 4.091406
vt 0.800715 5.097343
vn -0.724053 -0.106540 -0.681466
vn -0.722158 -0.258118 -0.641765
vn -0.715359 -0.255627 -0.650320
vn -0.708472 -0.364951 -0.604052
vn -0.722158 -0.258118 -0.641765
vn -0.683776 -0.454920 -0.570524
vn -0.708472 -0.364951 -0.604052
vn -0.647629 -0.567762 -0.508156
vn -0.683776 -0.454920 -0.570524
vn -0.520583 -0.727281 -0.447276
vn -0.647629 -0.567762 -0.508156
vn -0.472968 -0.799552 -0.370160
vn -0.520583 -0.727281 -0.447276
vn -0.217374 -0.951866 -0.216100
vn -0.472968 -0.799552 -0.370160
vn -0.170253 -0.973001 -0.155830
vn 0.484962 -0.781758 0.392003
vn 0.628075 -0.459666 0.627876
vn 0.545240 -0.715468 0.436829
vn 0.825806 -0.256800 0.502094
vn 0.628075 -0.459666 0.627876
vn 0.620471 -0.034313 0.783478
vn 0.825806 -0.256800 0.502094
vn 0.769888 0.204677 0.604466
vn 0.551039 0.622187 0.556093
vn 0.769888 0.204677 0.604466
vn 0.482345 0.424147 0.766448
vn 0.620471 -0.034313 0.783478
vn 0.482345 0.424147 0.766448
vn 0.239711 0.800976 0.548613
vn 0.551039 0.622187 0.556093
vn 0.224141 0.927031 0.300623
vn -0.090526 0.981573 0.168284
vn -0.455933 0.838401 -0.298677
vn -0.158755 0.984841 -0.069891
vn -0.566411 0.712479 -0.414189
vn -0.455933 0.838401 -0.298677
vn -0.683676 0.372724 -0.627427
vn -0.566411 0.712479 -0.414189
vn -0.731768 0.152689 -0.664231
vn -0.683676 0.372724 -0.627427
vn -0.724053 -0.106540 -0.681466
vn -0.731768 0.152689 -0.664231
vn -0.715359 -0.255627 -0.650320
vn -0.158755 0.984841 -0.069891
vn 0.224141 0.927031 0.300623
vn -0.090526 0.981573 0.168284
vn 0.239711 0.800976 0.548613
vn 0.545240 -0.715468 0.436829
vn 0.225040 -0.966068 0.126765
vn 0.484962 -0.781758 0.392003
vn 0.181721 -0.978061 0.101851
vn 0.225040 -0.966068 0.126765
vn -0.170253 -0.973001 -0.155830
vn 0.181721 -0.978061 0.101851
vn -0.217374 -0.951866 -0.216100
vn 0.224141 0.927031 0.300623
vn 0.551039 0.622187 0.556093
vn 0.224141 0.927031 0.300623
vn 0.551039 0.622187 0.556093
vn -0.158755 0.984841 -0.069891
vn 0.224141 0.927031 0.300623
vn -0.158755 0.984841 -0.069891
vn 0.224141 0.927031 0.300623
vn -0.596786 0.595704 -0.537571
vn -0.158755 0.984841 -0.069891
vn -0.566411 0.712479 -0.414189
vn -0.158755 0.984841 -0.069891
vn -0.802510 -0.000414 -0.596639
vn -0.596786 0.595704 -0.537571
vn -0.731768 0.152689 -0.664231
vn -0.566411 0.712479 -0.414189
vn -0.795700 -0.336841 -0.503388
vn -0.802510 -0.000414 -0.596639
vn -0.715359 -0.255627 -0.650320
vn -0.731768 0.152689 -0.664231
vn -0.767215 -0.490766 -0.412953
vn -0.795700 -0.336841 -0.503388
vn -0.708472 -0.364951 -0.604052
vn -0.715359 -0.255627 -0.650320
vn -0.679573 -0.656501 -0.327394
vn -0.767215 -0.490766 -0.412953
vn -0.647629 -0.567762 -0.508156
vn -0.708472 -0.364951 -0.604052
vn -0.322435 -0.930829 -0.172027
vn -0.679573 -0.656501 -0.327394
vn -0.472968 -0.799552 -0.370160
vn -0.647629 -0.567762 -0.508156
vn -0.322435 -0.930829 -0.172027
vn -0.322435 -0.930829 -0.172027
vn -0.170253 -0.973001 -0.155830
vn -0.472968 -0.799552 -0.370160
vn 0.324624 -0.944916 0.041866
vn -0.322435 -0.930829 -0.172027
vn 0.225040 -0.966068 0.126765
vn -0.170253 -0.973001 -0.155830
vn 0.744040 -0.644355 0.176670
vn 0.324624 -0.944916 0.041866
vn 0.545240 -0.715468 0.436829
vn 0.225040 -0.966068 0.126765
vn 0.744040 -0.644355 0.176670
vn 0.545240 -0.715468 0.436829
vn 0.825806 -0.256800 0.502094
vn 0.825806 -0.256800 0.502094
vn 0.769888 0.204677 0.604466
vn 0.825806 -0.256800 0.502094
vn 0.769888 0.204677 0.604466
vn 0.825806 -0.256800 0.502094
vn 0.551039 0.622187 0.556093
vn 0.769888 0.204677 0.604466
vn 0.551039 0.622187 0.556093
vn 0.769888 0.204677 0.604466
vn -0.205106 0.084679 -0.975070
vn 0.267231 0.721550 -0.638712
vn -0.205106 0.084679 -0.975070
vn 0.124134 -0.991637 0.035313
vn -0.205106 0.084679 -0.975070
vn 0.124134 -0.991637 0.035313
vn -0.205106 0.084679 -0.975070
vn 0.124134 -0.991637 0.035313
vn 0.124134 -0.991637 0.035313
vn 0.124134 -0.991637 0.035313
vn -0.205106 0.084679 -0.975070
vn -0.205106 0.084679 -0.975070
vn -0.644585 0.401386 0.650691
vn -0.644585 0.401386 0.650691
vn -0.955721 0.129794 0.264104
vn -0.205106 0.084679 -0.975070
vn -0.644585 0.401386 0.650691
vn 0.267231 0.721550 -0.638712
vn -0.205106 0.084679 -0.975070
vn -0.205106 0.084679 -0.975070
vn -0.205106 0.084679 -0.975070
vn 0.267231 0.721550 -0.638712
vn -0.205106 0.084679 -0.975070
vn 0.267231 0.721550 -0.638712
vn -0.205106 0.084679 -0.975070
vn -0.205106 0.084679 -0.975070
vn -0.205106 0.084679 -0.975070
vn -0.205106 0.084679 -0.975070
vn -0.205106 0.084679 -0.975070
vn -0.205106 0.084679 -0.975070
vn -0.205106 0.084679 -0.975070
vn -0.205106 0.084679 -0.975070
vn 0.267231 0.721550 -0.638712
vn 0.267231 0.721550 -0.638712
vn -0.205106 0.084679 -0.975070
vn -0.205106 0.084679 -0.975070
vn -0.205106 0.084679 -0.975070
vn -0.205106 0.084679 -0.975070
vn -0.205106 0.084679 -0.975070
vn -0.205106 0.084679 -0.975070
vn -0.205106 0.084679 -0.975070
vn -0.205106 0.084679 -0.975070
vn -0.955721 0.129794 0.264104
vn -0.205106 0.084679 -0.975070
vn 0.124134 -0.991637 0.035313
vn -0.644585 0.401386 0.650691
vn -0.205106 0.084679 -0.975070
vn -0.955721 0.129794 0.264104
vn 0.530118 0.017309 -0.847747
vn 0.530118 0.017309 -0.847747
vn 0.265322 -0.024161 -0.963857
vn 0.265322 -0.024161 -0.963857
vn 0.265322 -0.024161 -0.963857
vn 0.530118 0.017309 -0.847747
vn 0.265322 -0.024161 -0.963857
vn -0.102543 -0.699367 0.707369
vn -0.102543 -0.699367 0.707369
vn -0.102543 -0.699367 0.707369
vn 0.265322 -0.024161 -0.963857
vn 0.265322 -0.024161 -0.963857
vn 0.336517 0.587546 0.735898
vn 0.336517 0.587546 0.735898
vn -0.873736 0.431924 -0.223667
vn -0.873736 0.431924 -0.223667
vn -0.873736 0.431924 -0.223667
vn 0.336517 0.587546 0.735898
vn 0.265322 -0.024161 -0.963857
vn 0.336517 0.587546 0.735898
vn 0.265322 -0.024161 -0.963857
vn 0.530118 0.017309 -0.847747
vn 0.265322 -0.024161 -0.963857
vn 0.530118 0.017309 -0.847747
vn 0.265322 -0.024161 -0.963857
vn 0.265322 -0.024161 -0.963857
vn 0.265322 -0.024161 -0.963857
vn 0.265322 -0.024161 -0.963857
vn 0.265322 -0.024161 -0.963857
vn 0.265322 -0.024161 -0.963857
vn 0.265322 -0.024161 -0.963857
vn 0.265322 -0.024161 -0.963857
vn 0.336517 0.587546 0.735898
vn 0.530118 0.017309 -0.847747
vn 0.265322 -0.024161 -0.963857
vn 0.265322 -0.024161 -0.963857
vn -0.873736 0.431924 -0.223667
vn 0.265322 -0.024161 -0.963857
vn 0.265322 -0.024161 -0.963857
vn 0.265322 -0.024161 -0.963857
vn -0.873736 0.431924 -0.223667
vn 0.265322 -0.024161 -0.963857
vn -0.873736 0.431924 -0.223667
vn 0.265322 -0.024161 -0.963857
vn 0.336517 0.587546 0.735898
vn -0.873736 0.431924 -0.223667
vn -0.102543 -0.699367 0.707369
vn 0.265322 -0.024161 -0.963857
vn 0.265322 -0.024161 -0.963857
vn -0.733737 0.164017 -0.659340
vn 0.265322 -0.024161 -0.963857
vn -0.733737 0.164017 -0.659340
vn 0.464560 -0.389950 -0.795061
vn 0.464560 -0.389950 -0.795061
vn 0.464560 -0.389950 -0.795061
vn 0.464560 -0.389950 -0.795061
vn 0.464560 -0.389950 -0.795061
vn 0.464560 -0.389950 -0.795061
vn 0.464560 -0.389950 -0.795061
vn 0.464560 -0.389950 -0.795061
vn 0.464560 -0.389950 -0.795061
vn -0.467508 -0.813416 0.346109
vn 0.464560 -0.389950 -0.795061
vn -0.467508 -0.813416 0.346109
vn -0.467508 -0.813416 0.346109
vn -0.467508 -0.813416 0.346109
vn -0.467508 -0.813416 0.346109
vn -0.733737 0.164017 -0.659340
vn -0.733737 0.164017 -0.659340
vn 0.265322 -0.024161 -0.963857
vn -0.733737 0.164017 -0.659340
vn -0.733737 0.164017 -0.659340
vn 0.464560 -0.389950 -0.795061
vn 0.464560 -0.389950 -0.795061
vn -0.733737 0.164017 -0.659340
vn 0.464560 -0.389950 -0.795061
vn -0.733737 0.164017 -0.659340
vn 0.464560 -0.389950 -0.795061
vn -0.733737 0.164017 -0.659340
vn -0.467508 -0.813416 0.346109
vn -0.733737 0.164017 -0.659340
vn 0.265322 -0.024161 -0.963857
vn 0.464560 -0.389950 -0.795061
vn 0.464560 -0.389950 -0.795061
vn -0.733737 0.164017 -0.659340
vn -0.733737 0.164017 -0.659340
vn -0.733737 0.164017 -0.659340
vn 0.464560 -0.389950 -0.795061
vn -0.733737 0.164017 -0.659340
vn -0.733737 0.164017 -0.659340
vn -0.733737 0.164017 -0.659340
vn -0.733737 0.164017 -0.659340
vn -0.733737 0.164017 -0.659340
vn -0.733737 0.164017 -0.659340
vn -0.467508 -0.813416 0.346109
vn -0.733737 0.164017 -0.659340
vn -0.912633 0.327694 0.244371
vn -0.912633 0.327694 0.244371
vn -0.912633 0.327694 0.244371
vn -0.912633 0.327694 0.244371
vn -0.912633 0.327694 0.244371
vn -0.465485 -0.701391 0.539791
vn 0.454829 0.297629 0.839374
vn 0.454829 0.297629 0.839374
vn 0.454829 0.297629 0.839374
vn 0.454829 0.297629 0.839374
vn 0.454829 0.297629 0.839374
vn 0.454829 0.297629 0.839374
vn 0.454829 0.297629 0.839374
vn 0.454829 0.297629 0.839374
vn 0.454829 0.297629 0.839374
vn 0.454829 0.297629 0.839374
vn 0.454829 0.297629 0.839374
vn 0.109907 0.855717 -0.505637
vn 0.454829 0.297629 0.839374
vn -0.912633 0.327694 0.244371
vn -0.912633 0.327694 0.244371
vn -0.912633 0.327694 0.244371
vn -0.912633 0.327694 0.244371
vn -0.912633 0.327694 0.244371
vn -0.912633 0.327694 0.244371
vn -0.912633 0.327694 0.244371
vn 0.454829 0.297629 0.839374
vn 0.454829 0.297629 0.839374
vn -0.912633 0.327694 0.244371
vn -0.912633 0.327694 0.244371
vn 0.454829 0.297629 0.839374
vn 0.454829 0.297629 0.839374
vn -0.465485 -0.701391 0.539791
vn -0.465485 -0.701391 0.539791
vn -0.912633 0.327694 0.244371
vn -0.912633 0.327694 0.244371
vn -0.912633 0.327694 0.244371
vn -0.912633 0.327694 0.244371
vn -0.912633 0.327694 0.244371
vn -0.912633 0.327694 0.244371
vn -0.912633 0.327694 0.244371
vn -0.912633 0.327694 0.244371
vn -0.912633 0.327694 0.244371
vn -0.912633 0.327694 0.244371
vn 0.109907 0.855717 -0.505637
vn -0.912633 0.327694 0.244371
vn -0.912633 0.327694 0.244371
vn -0.912633 0.327694 0.244371
vn -0.067254 0.870054 -0.488347
vn -0.591311 0.504526 -0.629130
vn -0.162880 0.840695 -0.516432
vn -0.568958 0.463256 -0.679471
vn 0.156991 -0.858992 -0.487326
vn -0.818217 -0.574874 0.006360
vn -0.780060 -0.602708 0.168078
vn -0.780060 -0.602708 0.168078
vn -0.009743 -0.987764 -0.155651
vn 0.521876 -0.849981 -0.071957
vn 0.133049 -0.982379 -0.131258
vn 0.608431 -0.791541 -0.057227
vn 0.849743 -0.527082 -0.010983
vn 0.978410 -0.184476 0.093178
vn 0.889268 -0.455014 0.046520
vn 0.978410 -0.184476 0.093178
vn 0.811048 0.582875 -0.049574
vn 0.827041 0.559080 0.058592
vn 0.958427 0.282849 0.037607
vn 0.949236 0.300843 0.091894
vn 0.508694 0.860594 -0.024683
vn 0.709032 0.704365 0.033808
vn 0.540848 0.840535 -0.031376
vn 0.697857 0.715606 0.030071
vn -0.172201 0.815627 -0.552357
vn -0.515668 0.458348 -0.723881
vn -0.127925 0.838642 -0.529448
vn -0.488745 0.507921 -0.709327
vn -0.820710 -0.558188 0.121905
vn -0.806945 -0.589964 -0.027957
vn -0.389009 -0.917581 0.081957
vn -0.384615 -0.921449 -0.054810
vn 0.133049 -0.982379 -0.131258
vn 0.608431 -0.791541 -0.057227
vn 0.179472 -0.983344 -0.028714
vn 0.648851 -0.760617 0.021310
vn 0.889268 -0.455014 0.046520
vn 0.978410 -0.184476 0.093178
vn 0.889268 -0.455014 0.046520
vn 0.978410 -0.184476 0.093178
vn 0.994064 0.037840 0.102004
vn 0.978410 -0.184476 0.093178
vn 0.994064 0.037840 0.102004
vn 0.978410 -0.184476 0.093178
vn 0.994064 0.037840 0.102004
vn 0.994064 0.037840 0.102004
vn 0.937119 0.326737 0.122680
vn 0.949236 0.300843 0.091894
vn 0.937119 0.326737 0.122680
vn 0.949236 0.300843 0.091894
vn 0.826636 0.555713 0.088634
vn 0.827041 0.559080 0.058592
vn 0.709032 0.704365 0.033808
vn 0.831637 0.547657 0.091936
vn 0.697857 0.715606 0.030071
vn 0.826636 0.555713 0.088634
vn -0.167645 0.564731 -0.808068
vn -0.752612 0.024953 -0.657991
vn 0.367383 0.101203 -0.924547
vn -0.741692 -0.059300 -0.668114
vn -0.780060 -0.602708 0.168078
vn -0.780060 -0.602708 0.168078
vn -0.950500 -0.289255 0.113495
vn -0.950500 -0.289255 0.113495
vn -0.861436 -0.492967 -0.122115
vn -0.747543 -0.643894 -0.163035
vn -0.954151 -0.295082 -0.050221
vn -0.782744 -0.607452 -0.135331
vn -0.818723 -0.501619 0.279412
vn -0.820710 -0.558188 0.121905
vn -0.414272 -0.884721 0.213653
vn -0.389009 -0.917581 0.081957
vn 0.179472 -0.983344 -0.028714
vn 0.648851 -0.760617 0.021310
vn 0.201419 -0.976533 0.076250
vn 0.670477 -0.735027 0.100974
vn 0.608431 -0.791541 -0.057227
vn 0.889268 -0.455014 0.046520
vn 0.648851 -0.760617 0.021310
vn 0.889268 -0.455014 0.046520
vn 0.973913 0.138043 0.180107
vn 0.982243 -0.072321 0.173115
vn 0.981972 0.110929 0.153057
vn 0.984497 -0.106823 0.139120
vn 0.927498 0.340613 0.154047
vn 0.973913 0.138043 0.180107
vn 0.929126 0.342811 0.138586
vn 0.981972 0.110929 0.153057
vn 0.929126 0.342811 0.138586
vn 0.831637 0.547657 0.091936
vn 0.927498 0.340613 0.154047
vn 0.843210 0.529445 0.093190
vn -0.765981 0.506184 -0.396297
vn -0.039227 0.982922 -0.179792
vn -0.428943 0.892854 -0.137186
vn -0.428943 0.892854 -0.137186
vn -0.967665 -0.209363 0.140681
vn -0.984469 -0.119191 0.128899
vn -0.972136 -0.233939 0.014958
vn -0.950500 -0.289255 0.113495
vn 0.795879 0.169726 0.581180
vn 0.835020 0.117427 0.537543
vn 0.927498 0.340613 0.154047
vn 0.973913 0.138043 0.180107
vn 0.927498 0.340613 0.154047
vn 0.843210 0.529445 0.093190
vn 0.795879 0.169726 0.581180
vn 0.756776 0.444887 0.478922
vn 0.843210 0.529445 0.093190
vn 0.716024 0.697849 0.017766
vn 0.756776 0.444887 0.478922
vn 0.628430 0.656127 0.417819
vn -0.428943 0.892854 -0.137186
vn -0.821142 0.077977 0.565372
vn -0.765981 0.506184 -0.396297
vn -0.765981 0.506184 -0.396297
vn -0.707511 0.464188 -0.532877
vn 0.029666 0.988065 -0.151153
vn -0.513966 0.598772 -0.614256
vn -0.139445 0.899608 -0.413836
vn -0.707511 0.464188 -0.532877
vn -0.707511 0.464188 -0.532877
vn -0.602476 0.478253 -0.638982
vn -0.513966 0.598772 -0.614256
vn -0.659683 0.063563 0.748851
vn -0.843429 0.494198 -0.210701
vn -0.912783 -0.397512 0.093869
vn -0.843429 0.494198 -0.210701
vn -0.912783 -0.397512 0.093869
vn -0.338673 -0.660931 0.669680
vn -0.659683 0.063563 0.748851
vn -0.635265 -0.117873 0.763246
vn -0.915717 -0.323327 0.238584
vn -0.843982 -0.468196 0.261702
vn -0.952316 -0.149474 0.265991
vn -0.984469 -0.119191 0.128899
vn 0.200374 -0.965473 0.166470
vn 0.668623 -0.727073 0.155909
vn 0.163148 -0.981222 -0.102887
vn 0.680987 -0.706505 0.192633
vn 0.668623 -0.727073 0.155909
vn 0.920787 -0.356689 0.157872
vn 0.680987 -0.706505 0.192633
vn 0.907668 -0.301797 0.291645
vn 0.973913 0.138043 0.180107
vn 0.835020 0.117427 0.537543
vn 0.982243 -0.072321 0.173115
vn 0.846433 -0.073317 0.527423
vn -0.039227 0.982922 -0.179792
vn -0.765981 0.506184 -0.396297
vn -0.147193 0.959701 0.239393
vn -0.765981 0.506184 -0.396297
vn 0.318793 0.790205 0.523399
vn 0.787219 -0.068001 0.612913
vn 0.318793 0.790205 0.523399
vn 0.787219 -0.068001 0.612913
vn 0.029666 0.988065 -0.151153
vn -0.707511 0.464188 -0.532877
vn -0.486152 0.643350 -0.591403
vn -0.486152 0.643350 -0.591403
vn -0.707511 0.464188 -0.532877
vn -0.707511 0.464188 -0.532877
vn -0.486152 0.643350 -0.591403
vn -0.486152 0.643350 -0.591403
vn -0.707511 0.464188 -0.532877
vn -0.843429 0.494198 -0.210701
vn -0.486152 0.643350 -0.591403
vn -0.791767 -0.589566 -0.159739
vn 0.081865 -0.815766 0.572559
vn -0.791767 -0.589566 -0.159739
vn -0.635265 -0.117873 0.763246
vn -0.659683 0.063563 0.748851
vn -0.791767 -0.589566 -0.159739
vn -0.912633 0.327694 0.244371
vn -0.486152 0.643350 -0.591403
vn -0.912633 0.327694 0.244371
vn -0.465485 -0.701391 0.539791
vn -0.465485 -0.701391 0.539791
vn 0.081865 -0.815766 0.572559
vn 0.081865 -0.815766 0.572559
vn 0.787219 -0.068001 0.612913
vn 0.637221 0.767125 0.073953
vn 0.454829 0.297629 0.839374
vn 0.454829 0.297629 0.839374
vn 0.637221 0.767125 0.073953
vn 0.637221 0.767125 0.073953
vn 0.454829 0.297629 0.839374
vn 0.454829 0.297629 0.839374
vn -0.486152 0.643350 -0.591403
vn -0.486152 0.643350 -0.591403
vn 0.109907 0.855717 -0.505637
vn -0.912633 0.327694 0.244371
vn -0.486152 0.643350 -0.591403
vn -0.912633 0.327694 0.244371
vn -0.486152 0.643350 -0.591403
vn -0.912633 0.327694 0.244371
vn 0.163148 -0.981222 -0.102887
vn 0.163148 -0.981222 -0.102887
vn 0.163148 -0.981222 -0.102887
vn 0.163148 -0.981222 -0.102887
vn 0.163148 -0.981222 -0.102887
vn 0.163148 -0.981222 -0.102887
vn 0.163148 -0.981222 -0.102887
vn 0.680987 -0.706505 0.192633
vn 0.163148 -0.981222 -0.102887
vn 0.680987 -0.706505 0.192633
vn 0.644792 -0.204584 0.736470
vn 0.907668 -0.301797 0.291645
vn -0.765981 0.506184 -0.396297
vn -0.765981 0.506184 -0.396297
vn -0.765981 0.506184 -0.396297
vn -0.765981 0.506184 -0.396297
vn -0.818723 -0.501619 0.279412
vn -0.945711 -0.322609 0.039428
vn -0.934025 -0.200026 0.295952
vn -0.945711 -0.322609 0.039428
vn -0.414272 -0.884721 0.213653
vn 0.163148 -0.981222 -0.102887
vn -0.818723 -0.501619 0.279412
vn -0.945711 -0.322609 0.039428
vn -0.959273 -0.231018 -0.162562
vn -0.369611 -0.840844 0.395435
vn -0.771447 -0.405997 -0.489934
vn -0.943615 -0.141961 -0.299061
vn -0.977674 -0.209764 0.012376
vn -0.945711 -0.322609 0.039428
vn -0.938950 -0.286269 0.190848
vn -0.938950 -0.286269 0.190848
vn -0.655130 -0.218203 -0.723321
vn -0.945711 -0.322609 0.039428
vn 0.163148 -0.981222 -0.102887
vn 0.163148 -0.981222 -0.102887
vn 0.846433 -0.073317 0.527423
vn 0.373017 -0.131887 0.918403
vn 0.644792 -0.204584 0.736470
vn 0.373017 -0.131887 0.918403
vn 0.795879 0.169726 0.581180
vn 0.548071 -0.097871 0.830686
vn 0.548071 -0.097871 0.830686
vn 0.628430 0.656127 0.417819
vn 0.488207 0.478257 0.730017
vn 0.233028 0.442615 0.865904
vn 0.233028 0.442615 0.865904
vn -0.147193 0.959701 0.239393
vn -0.765981 0.506184 -0.396297
vn -0.147193 0.959701 0.239393
vn -0.765981 0.506184 -0.396297
vn -0.765981 0.506184 -0.396297
vn -0.765981 0.506184 -0.396297
vn -0.765981 0.506184 -0.396297
vn -0.771447 -0.405997 -0.489934
vn -0.771447 -0.405997 -0.489934
vn -0.771447 -0.405997 -0.489934
vn -0.943615 -0.141961 -0.299061
vn -0.943615 -0.141961 -0.299061
vn -0.655130 -0.218203 -0.723321
vn -0.655130 -0.218203 -0.723321
vn -0.655130 -0.218203 -0.723321
vn 0.163148 -0.981222 -0.102887
vn -0.655130 -0.218203 -0.723321
vn 0.163148 -0.981222 -0.102887
vn 0.163148 -0.981222 -0.102887
vn 0.163148 -0.981222 -0.102887
vn 0.163148 -0.981222 -0.102887
vn 0.163148 -0.981222 -0.102887
vn 0.163148 -0.981222 -0.102887
vn 0.163148 -0.981222 -0.102887
vn 0.163148 -0.981222 -0.102887
vn 0.163148 -0.981222 -0.102887
vn 0.549406 -0.250941 0.796983
vn 0.644792 -0.204584 0.736470
vn -0.938950 -0.286269 0.190848
vn 0.373017 -0.131887 0.918403
vn -0.938950 -0.286269 0.190848
vn 0.373017 -0.131887 0.918403
vn -0.713715 -0.372877 0.592936
vn -0.713715 -0.372877 0.592936
vn 0.548071 -0.097871 0.830686
vn 0.548071 -0.097871 0.830686
vn -0.943615 -0.141961 -0.299061
vn 0.233028 0.442615 0.865904
vn 0.208632 -0.613957 0.761268
vn 0.233028 0.442615 0.865904
vn -0.953415 -0.298694 -0.042206
vn -0.708322 -0.585208 -0.394730
vn -0.916301 -0.396069 -0.059343
vn -0.943615 -0.141961 -0.299061
vn 0.549406 -0.250941 0.796983
vn 0.436097 -0.879971 0.188337
vn 0.163148 -0.981222 -0.102887
vn 0.436097 -0.879971 0.188337
vn 0.373017 -0.131887 0.918403
vn -0.938950 -0.286269 0.190848
vn -0.419558 0.685517 0.595010
vn -0.419558 0.685517 0.595010
vn 0.373017 -0.131887 0.918403
vn 0.357229 -0.931945 0.062176
vn -0.938950 -0.286269 0.190848
vn 0.357229 -0.931945 0.062176
vn 0.373017 -0.131887 0.918403
vn 0.536052 0.068408 0.841409
vn 0.357229 -0.931945 0.062176
vn 0.451244 0.152627 0.879252
vn 0.548071 -0.097871 0.830686
vn -0.713715 -0.372877 0.592936
vn -0.462386 0.679002 -0.570224
vn -0.462386 0.679002 -0.570224
vn -0.938950 -0.286269 0.190848
vn -0.938950 -0.286269 0.190848
vn -0.938950 -0.286269 0.190848
vn -0.938950 -0.286269 0.190848
vn -0.938950 -0.286269 0.190848
vn -0.938950 -0.286269 0.190848
vn 0.357229 -0.931945 0.062176
vn 0.357229 -0.931945 0.062176
vn -0.713715 -0.372877 0.592936
vn -0.462386 0.679002 -0.570224
vn -0.713715 -0.372877 0.592936
vn -0.462386 0.679002 -0.570224
vn -0.713715 -0.372877 0.592936
vn -0.713715 -0.372877 0.592936
vn -0.708322 -0.585208 -0.394730
vn -0.713715 -0.372877 0.592936
vn -0.943615 -0.141961 -0.299061
vn -0.943615 -0.141961 -0.299061
vn -0.943615 -0.141961 -0.299061
vn 0.208632 -0.613957 0.761268
vn -0.708322 -0.585208 -0.394730
vn -0.713715 -0.372877 0.592936
vn -0.462386 0.679002 -0.570224
vn -0.462386 0.679002 -0.570224
vn 0.548071 -0.097871 0.830686
vn 0.351111 -0.341924 0.871670
vn -0.713715 -0.372877 0.592936
vn -0.462386 0.679002 -0.570224
vn 0.548071 -0.097871 0.830686
vn 0.510298 0.306581 0.803495
vn 0.351111 -0.341924 0.871670
vn 0.351111 -0.341924 0.871670
vn 0.233028 0.442615 0.865904
vn -0.943615 -0.141961 -0.299061
vn -0.726921 -0.512838 0.456709
vn -0.618576 0.531892 -0.578320
vn -0.943615 -0.141961 -0.299061
vn -0.618576 0.531892 -0.578320
vn -0.943615 -0.141961 -0.299061
vn -0.618576 0.531892 -0.578320
vn -0.708322 -0.585208 -0.394730
vn -0.462386 0.679002 -0.570224
vn -0.943615 -0.141961 -0.299061
vn -0.618576 0.531892 -0.578320
vn 0.351111 -0.341924 0.871670
vn 0.351111 -0.341924 0.871670
vn -0.102543 -0.699367 0.707369
vn -0.102543 -0.699367 0.707369
vn 0.336517 0.587546 0.735898
vn -0.726921 -0.512838 0.456709
vn 0.336517 0.587546 0.735898
vn -0.618576 0.531892 -0.578320
vn 0.336517 0.587546 0.735898
vn -0.618576 0.531892 -0.578320
vn 0.336517 0.587546 0.735898
vn -0.618576 0.531892 -0.578320
vn 0.530118 0.017309 -0.847747
vn -0.618576 0.531892 -0.578320
vn 0.530118 0.017309 -0.847747
vn -0.462386 0.679002 -0.570224
vn -0.462386 0.679002 -0.570224
vn -0.462386 0.679002 -0.570224
vn 0.530118 0.017309 -0.847747
vn 0.530118 0.017309 -0.847747
vn -0.462386 0.679002 -0.570224
vn 0.351111 -0.341924 0.871670
vn 0.530118 0.017309 -0.847747
vn -0.102543 -0.699367 0.707369
vn -0.938950 -0.286269 0.190848
vn -0.938950 -0.286269 0.190848
vn -0.503963 -0.173369 -0.846147
vn 0.357229 -0.931945 0.062176
vn -0.462386 0.679002 -0.570224
vn -0.462386 0.679002 -0.570224
vn 0.530118 0.017309 -0.847747
vn -0.030806 0.406312 -0.913215
vn 0.357229 -0.931945 0.062176
vn 0.416549 -0.842063 -0.342661
vn -0.503963 -0.173369 -0.846147
vn -0.030806 0.406312 -0.913215
vn 0.357229 -0.931945 0.062176
vn 0.416549 -0.842063 -0.342661
vn 0.357229 -0.931945 0.062176
vn 0.416549 -0.842063 -0.342661
vn 0.357229 -0.931945 0.062176
vn -0.139884 -0.471019 0.870961
vn 0.357229 -0.931945 0.062176
vn 0.416549 -0.842063 -0.342661
vn 0.451244 0.152627 0.879252
vn -0.139884 -0.471019 0.870961
vn 0.357229 -0.931945 0.062176
vn -0.139884 -0.471019 0.870961
vn -0.462386 0.679002 -0.570224
vn -0.462386 0.679002 -0.570224
vn -0.542729 0.468039 0.697413
vn 0.530118 0.017309 -0.847747
vn -0.943615 -0.141961 -0.299061
vn 0.588318 -0.342462 0.732531
vn -0.771447 -0.405997 -0.489934
vn -0.069786 0.991453 -0.110232
vn 0.208632 -0.613957 0.761268
vn 0.588318 -0.342462 0.732531
vn -0.943615 -0.141961 -0.299061
vn 0.588318 -0.342462 0.732531
vn 0.233028 0.442615 0.865904
vn -0.148704 -0.841672 0.519110
vn 0.208632 -0.613957 0.761268
vn 0.588318 -0.342462 0.732531
vn 0.314209 0.662337 0.680134
vn -0.190725 -0.751303 0.631798
vn 0.233028 0.442615 0.865904
vn -0.148704 -0.841672 0.519110
vn -0.147193 0.959701 0.239393
vn -0.765981 0.506184 -0.396297
vn -0.190725 -0.751303 0.631798
vn -0.069786 0.991453 -0.110232
vn -0.765981 0.506184 -0.396297
vn -0.771447 -0.405997 -0.489934
vn -0.069786 0.991453 -0.110232
vn -0.069786 0.991453 -0.110232
vn 0.588318 -0.342462 0.732531
vn 0.588318 -0.342462 0.732531
vn 0.588318 -0.342462 0.732531
vn 0.588318 -0.342462 0.732531
vn 0.588318 -0.342462 0.732531
vn -0.148704 -0.841672 0.519110
vn 0.588318 -0.342462 0.732531
vn 0.376003 -0.910833 -0.170310
vn -0.148704 -0.841672 0.519110
vn -0.190725 -0.751303 0.631798
vn 0.376003 -0.910833 -0.170310
vn -0.426758 0.585289 -0.689431
vn -0.069786 0.991453 -0.110232
vn -0.069786 0.991453 -0.110232
vn -0.190725 -0.751303 0.631798
vn -0.423591 0.219935 -0.878749
vn -0.069786 0.991453 -0.110232
vn -0.069786 0.991453 -0.110232
vn -0.069786 0.991453 -0.110232
vn -0.069786 0.991453 -0.110232
vn -0.069786 0.991453 -0.110232
vn 0.588318 -0.342462 0.732531
vn 0.588318 -0.342462 0.732531
vn 0.588318 -0.342462 0.732531
vn 0.588318 -0.342462 0.732531
vn -0.369611 -0.840844 0.395435
vn 0.588318 -0.342462 0.732531
vn -0.426758 0.585289 -0.689431
vn 0.588318 -0.342462 0.732531
vn 0.588318 -0.342462 0.732531
vn -0.369611 -0.840844 0.395435
vn 0.376003 -0.910833 -0.170310
vn 0.588318 -0.342462 0.732531
vn 0.376003 -0.910833 -0.170310
vn 0.376003 -0.910833 -0.170310
vn 0.376003 -0.910833 -0.170310
vn -0.423591 0.219935 -0.878749
vn -0.069786 0.991453 -0.110232
vn -0.426758 0.585289 -0.689431
vn -0.426758 0.585289 -0.689431
vn -0.069786 0.991453 -0.110232
vn -0.426758 0.585289 -0.689431
vn -0.069786 0.991453 -0.110232
vn 0.376003 -0.910833 -0.170310
vn 0.376003 -0.910833 -0.170310
vn -0.426758 0.585289 -0.689431
vn -0.426758 0.585289 -0.689431
vn -0.369611 -0.840844 0.395435
vn -0.426758 0.585289 -0.689431
vn 0.376003 -0.910833 -0.170310
vn -0.426758 0.585289 -0.689431
vn 0.376003 -0.910833 -0.170310
vn -0.426758 0.585289 -0.689431
vn 0.376003 -0.910833 -0.170310
vn 0.163148 -0.981222 -0.102887
vn 0.436097 -0.879971 0.188337
vn -0.655130 -0.218203 -0.723321
vn -0.655130 -0.218203 -0.723321
vn 0.163148 -0.981222 -0.102887
vn 0.436097 -0.879971 0.188337
vn 0.163148 -0.981222 -0.102887
vn 0.436097 -0.879971 0.188337
vn -0.938950 -0.286269 0.190848
vn -0.419558 0.685517 0.595010
vn -0.938950 -0.286269 0.190848
vn -0.419558 0.685517 0.595010
vn -0.655130 -0.218203 -0.723321
vn -0.655130 -0.218203 -0.723321
vn -0.655130 -0.218203 -0.723321
vn -0.534309 0.456470 -0.711441
vn -0.419558 0.685517 0.595010
vn -0.419558 0.685517 0.595010
vn -0.644585 0.401386 0.650691
vn 0.267231 0.721550 -0.638712
vn -0.534309 0.456470 -0.711441
vn -0.655130 -0.218203 -0.723321
vn 0.267231 0.721550 -0.638712
vn 0.267231 0.721550 -0.638712
vn 0.267231 0.721550 -0.638712
vn -0.655130 -0.218203 -0.723321
vn 0.124134 -0.991637 0.035313
vn 0.436097 -0.879971 0.188337
vn 0.124134 -0.991637 0.035313
vn 0.436097 -0.879971 0.188337
vn 0.124134 -0.991637 0.035313
vn 0.436097 -0.879971 0.188337
vn 0.124134 -0.991637 0.035313
vn 0.436097 -0.879971 0.188337
vn 0.124134 -0.991637 0.035313
vn 0.436097 -0.879971 0.188337
vn -0.419558 0.685517 0.595010
vn -0.419558 0.685517 0.595010
vn -0.644585 0.401386 0.650691
vn -0.644585 0.401386 0.650691
vn -0.784254 -0.115172 -0.609656
vn -0.568958 0.463256 -0.679471
vn -0.833341 -0.091340 -0.545161
vn -0.591311 0.504526 -0.629130
vn -0.127925 0.838642 -0.529448
vn -0.488745 0.507921 -0.709327
vn -0.139445 0.899608 -0.413836
vn -0.513966 0.598772 -0.614256
vn -0.214510 -0.751860 0.623451
vn -0.722791 -0.401105 0.562751
vn -0.214510 -0.751860 0.623451
vn -0.722791 -0.401105 0.562751
vn -0.912783 -0.397512 0.093869
vn -0.338673 -0.660931 0.669680
vn -0.912783 -0.397512 0.093869
vn -0.912783 -0.397512 0.093869
vn -0.912783 -0.397512 0.093869
vn -0.912783 -0.397512 0.093869
vn -0.843429 0.494198 -0.210701
vn -0.912783 -0.397512 0.093869
vn -0.513966 0.598772 -0.614256
vn -0.602476 0.478253 -0.638982
vn -0.513966 0.598772 -0.614256
vn -0.602476 0.478253 -0.638982
vn -0.139445 0.899608 -0.413836
vn -0.513966 0.598772 -0.614256
vn -0.139445 0.899608 -0.413836
vn -0.513966 0.598772 -0.614256
vn -0.428943 0.892854 -0.137186
vn -0.428943 0.892854 -0.137186
vn -0.428943 0.892854 -0.137186
vn 0.318793 0.790205 0.523399
vn -0.428943 0.892854 -0.137186
vn -0.428943 0.892854 -0.137186
vn -0.428943 0.892854 -0.137186
vn -0.428943 0.892854 -0.137186
vn -0.154171 -0.239992 0.958455
vn -0.635265 -0.117873 0.763246
vn -0.722791 -0.401105 0.562751
vn -0.214510 -0.751860 0.623451
vn -0.515668 0.458348 -0.723881
vn -0.172201 0.815627 -0.552357
vn -0.568958 0.463256 -0.679471
vn -0.162880 0.840695 -0.516432
vn 0.144166 0.929848 -0.338525
vn 0.286956 0.932212 -0.220536
vn 0.415377 0.852704 -0.316793
vn 0.577688 0.804751 -0.136578
vn -0.085682 -0.869726 0.486041
vn -0.912783 -0.397512 0.093869
vn -0.912783 -0.397512 0.093869
vn -0.912783 -0.397512 0.093869
vn -0.602476 0.478253 -0.638982
vn -0.513966 0.598772 -0.614256
vn -0.752612 0.024953 -0.657991
vn -0.488745 0.507921 -0.709327
vn -0.843982 -0.468196 0.261702
vn -0.843982 -0.468196 0.261702
vn -0.722791 -0.401105 0.562751
vn -0.868484 -0.432594 0.242072
vn -0.722791 -0.401105 0.562751
vn -0.214510 -0.751860 0.623451
vn -0.722791 -0.401105 0.562751
vn -0.214510 -0.751860 0.623451
vn -0.158755 0.984841 -0.069891
vn -0.596786 0.595704 -0.537571
vn -0.067254 0.870054 -0.488347
vn -0.591311 0.504526 -0.629130
vn -0.833341 -0.091340 -0.545161
vn -0.591311 0.504526 -0.629130
vn -0.802510 -0.000414 -0.596639
vn -0.596786 0.595704 -0.537571
vn -0.833756 -0.457183 -0.309571
vn -0.833341 -0.091340 -0.545161
vn -0.795700 -0.336841 -0.503388
vn -0.802510 -0.000414 -0.596639
vn -0.861436 -0.492967 -0.122115
vn -0.833756 -0.457183 -0.309571
vn -0.767215 -0.490766 -0.412953
vn -0.795700 -0.336841 -0.503388
vn -0.747543 -0.643894 -0.163035
vn -0.861436 -0.492967 -0.122115
vn -0.679573 -0.656501 -0.327394
vn -0.767215 -0.490766 -0.412953
vn -0.468361 -0.861896 -0.194353
vn -0.747543 -0.643894 -0.163035
vn -0.322435 -0.930829 -0.172027
vn -0.679573 -0.656501 -0.327394
vn -0.322435 -0.930829 -0.172027
vn -0.322435 -0.930829 -0.172027
vn -0.468361 -0.861896 -0.194353
vn -0.009743 -0.987764 -0.155651
vn 0.521876 -0.849981 -0.071957
vn -0.009743 -0.987764 -0.155651
vn 0.324624 -0.944916 0.041866
vn -0.322435 -0.930829 -0.172027
vn 0.744040 -0.644355 0.176670
vn 0.825806 -0.256800 0.502094
vn 0.849743 -0.527082 -0.010983
vn 0.995480 -0.091513 -0.025408
vn 0.769888 0.204677 0.604466
vn 0.551039 0.622187 0.556093
vn 0.966913 0.234486 -0.100474
vn 0.789361 0.577204 -0.209154
vn 0.415377 0.852704 -0.316793
vn 0.789361 0.577204 -0.209154
vn 0.224141 0.927031 0.300623
vn 0.551039 0.622187 0.556093
vn -0.426758 0.585289 -0.689431
vn -0.722791 -0.401105 0.562751
vn -0.868484 -0.432594 0.242072
vn -0.722791 -0.401105 0.562751
vn -0.934025 -0.200026 0.295952
vn -0.967665 -0.209363 0.140681
vn -0.818723 -0.501619 0.279412
vn -0.820710 -0.558188 0.121905
vn -0.765981 0.506184 -0.396297
vn -0.771447 -0.405997 -0.489934
vn -0.771447 -0.405997 -0.489934
vn -0.771447 -0.405997 -0.489934
vn -0.771447 -0.405997 -0.489934
vn -0.771447 -0.405997 -0.489934
vn -0.069786 0.991453 -0.110232
vn -0.069786 0.991453 -0.110232
vn -0.069786 0.991453 -0.110232
vn -0.069786 0.991453 -0.110232
vn -0.069786 0.991453 -0.110232
vn 0.588318 -0.342462 0.732531
vn -0.069786 0.991453 -0.110232
vn 0.588318 -0.342462 0.732531
vn -0.426758 0.585289 -0.689431
vn -0.426758 0.585289 -0.689431
vn -0.426758 0.585289 -0.689431
vn -0.426758 0.585289 -0.689431
vn -0.426758 0.585289 -0.689431
vn -0.426758 0.585289 -0.689431
vn -0.426758 0.585289 -0.689431
vn -0.426758 0.585289 -0.689431
vn -0.423591 0.219935 -0.878749
vn -0.426758 0.585289 -0.689431
vn -0.190725 -0.751303 0.631798
vn -0.423591 0.219935 -0.878749
vn -0.190725 -0.751303 0.631798
vn -0.426758 0.585289 -0.689431
vn 0.314209 0.662337 0.680134
vn -0.147193 0.959701 0.239393
vn -0.190725 -0.751303 0.631798
vn -0.190725 -0.751303 0.631798
vn 0.314209 0.662337 0.680134
vn -0.147193 0.959701 0.239393
vn 0.314209 0.662337 0.680134
vn -0.147193 0.959701 0.239393
vn 0.505436 0.862333 0.030284
vn -0.039227 0.982922 -0.179792
vn 0.314209 0.662337 0.680134
vn -0.147193 0.959701 0.239393
vn 0.062611 0.928524 -0.365954
vn 0.076479 0.949428 -0.304529
vn 0.286956 0.932212 -0.220536
vn 0.217574 0.967053 -0.132176
vn -0.943615 -0.141961 -0.299061
vn -0.618576 0.531892 -0.578320
vn -0.943615 -0.141961 -0.299061
vn -0.618576 0.531892 -0.578320
vn 0.336517 0.587546 0.735898
vn -0.618576 0.531892 -0.578320
vn 0.530118 0.017309 -0.847747
vn -0.618576 0.531892 -0.578320
vn 0.351111 -0.341924 0.871670
vn -0.726921 -0.512838 0.456709
vn -0.102543 -0.699367 0.707369
vn 0.336517 0.587546 0.735898
vn 0.233028 0.442615 0.865904
vn -0.726921 -0.512838 0.456709
vn 0.510298 0.306581 0.803495
vn 0.351111 -0.341924 0.871670
vn 0.756776 0.444887 0.478922
vn 0.628430 0.656127 0.417819
vn 0.510298 0.306581 0.803495
vn 0.233028 0.442615 0.865904
vn -0.977674 -0.209764 0.012376
vn -0.938950 -0.286269 0.190848
vn -0.953415 -0.298694 -0.042206
vn -0.708322 -0.585208 -0.394730
vn -0.713715 -0.372877 0.592936
vn -0.708322 -0.585208 -0.394730
vn -0.938950 -0.286269 0.190848
vn -0.938950 -0.286269 0.190848
vn -0.503963 -0.173369 -0.846147
vn -0.713715 -0.372877 0.592936
vn -0.462386 0.679002 -0.570224
vn -0.462386 0.679002 -0.570224
vn -0.503963 -0.173369 -0.846147
vn -0.030806 0.406312 -0.913215
vn -0.030806 0.406312 -0.913215
vn 0.451244 0.152627 0.879252
vn -0.462386 0.679002 -0.570224
vn -0.139884 -0.471019 0.870961
vn -0.542729 0.468039 0.697413
vn 0.536052 0.068408 0.841409
vn 0.548071 -0.097871 0.830686
vn 0.451244 0.152627 0.879252
vn -0.462386 0.679002 -0.570224
vn 0.795879 0.169726 0.581180
vn 0.548071 -0.097871 0.830686
vn 0.835020 0.117427 0.537543
vn 0.536052 0.068408 0.841409
vn -0.938950 -0.286269 0.190848
vn -0.655130 -0.218203 -0.723321
vn -0.938950 -0.286269 0.190848
vn -0.655130 -0.218203 -0.723321
vn -0.938950 -0.286269 0.190848
vn -0.655130 -0.218203 -0.723321
vn -0.419558 0.685517 0.595010
vn -0.534309 0.456470 -0.711441
vn -0.419558 0.685517 0.595010
vn -0.534309 0.456470 -0.711441
vn 0.267231 0.721550 -0.638712
vn 0.267231 0.721550 -0.638712
vn 0.436097 -0.879971 0.188337
vn -0.419558 0.685517 0.595010
vn 0.124134 -0.991637 0.035313
vn -0.644585 0.401386 0.650691
vn 0.373017 -0.131887 0.918403
vn -0.419558 0.685517 0.595010
vn 0.549406 -0.250941 0.796983
vn 0.436097 -0.879971 0.188337
vn 0.644792 -0.204584 0.736470
vn 0.373017 -0.131887 0.918403
vn 0.644792 -0.204584 0.736470
vn 0.549406 -0.250941 0.796983
vn 0.846433 -0.073317 0.527423
vn 0.644792 -0.204584 0.736470
vn 0.907668 -0.301797 0.291645
vn 0.644792 -0.204584 0.736470
vn 0.920787 -0.356689 0.157872
vn 0.982243 -0.072321 0.173115
vn 0.907668 -0.301797 0.291645
vn 0.846433 -0.073317 0.527423
vn 0.982243 -0.072321 0.173115
vn 0.920787 -0.356689 0.157872
vn 0.984497 -0.106823 0.139120
vn 0.914494 -0.385708 0.122188
vn -0.369611 -0.840844 0.395435
vn -0.959273 -0.231018 -0.162562
vn -0.426758 0.585289 -0.689431
vn -0.426758 0.585289 -0.689431
vn -0.959273 -0.231018 -0.162562
vn -0.765981 0.506184 -0.396297
vn -0.426758 0.585289 -0.689431
vn -0.821142 0.077977 0.565372
vn -0.722791 -0.401105 0.562751
vn -0.722791 -0.401105 0.562751
vn -0.821142 0.077977 0.565372
vn -0.426758 0.585289 -0.689431
vn -0.806945 -0.589964 -0.027957
vn -0.820710 -0.558188 0.121905
vn -0.972136 -0.233939 0.014958
vn -0.967665 -0.209363 0.140681
vn 0.085573 0.986169 -0.141940
vn -0.139445 0.899608 -0.413836
vn 0.085573 0.986169 -0.141940
vn -0.139445 0.899608 -0.413836
vn 0.029666 0.988065 -0.151153
vn 0.085573 0.986169 -0.141940
vn 0.029666 0.988065 -0.151153
vn -0.139445 0.899608 -0.413836
vn 0.029666 0.988065 -0.151153
vn 0.029666 0.988065 -0.151153
vn 0.637221 0.767125 0.073953
vn -0.486152 0.643350 -0.591403
vn 0.637221 0.767125 0.073953
vn -0.486152 0.643350 -0.591403
vn 0.454829 0.297629 0.839374
vn 0.109907 0.855717 -0.505637
vn -0.635265 -0.117873 0.763246
vn 0.081865 -0.815766 0.572559
vn -0.635265 -0.117873 0.763246
vn 0.081865 -0.815766 0.572559
vn -0.635265 -0.117873 0.763246
vn -0.635265 -0.117873 0.763246
vn -0.338673 -0.660931 0.669680
vn -0.635265 -0.117873 0.763246
vn -0.085682 -0.869726 0.486041
vn -0.214510 -0.751860 0.623451
vn -0.085682 -0.869726 0.486041
vn -0.214510 -0.751860 0.623451
vn -0.214510 -0.751860 0.623451
vn -0.085682 -0.869726 0.486041
vn -0.517745 -0.764840 0.383354
vn -0.780060 -0.602708 0.168078
vn 0.958427 0.282849 0.037607
vn 0.949236 0.300843 0.091894
vn 0.994064 0.037840 0.102004
vn 0.994064 0.037840 0.102004
vn -0.067254 0.870054 -0.488347
vn 0.415377 0.852704 -0.316793
vn -0.158755 0.984841 -0.069891
vn 0.224141 0.927031 0.300623
vn 0.889268 -0.455014 0.046520
vn 0.608431 -0.791541 -0.057227
vn 0.849743 -0.527082 -0.010983
vn 0.521876 -0.849981 -0.071957
vn 0.958427 0.282849 0.037607
vn 0.966913 0.234486 -0.100474
vn 0.811048 0.582875 -0.049574
vn 0.789361 0.577204 -0.209154
vn -0.517745 -0.764840 0.383354
vn -0.843982 -0.468196 0.261702
vn -0.214510 -0.751860 0.623451
vn -0.722791 -0.401105 0.562751
vn -0.517745 -0.764840 0.383354
vn -0.780060 -0.602708 0.168078
vn -0.950500 -0.289255 0.113495
vn -0.780060 -0.602708 0.168078
vn -0.912783 -0.397512 0.093869
vn -0.602476 0.478253 -0.638982
vn -0.167645 0.564731 -0.808068
vn -0.752612 0.024953 -0.657991
vn -0.602476 0.478253 -0.638982
vn -0.912783 -0.397512 0.093869
vn -0.602476 0.478253 -0.638982
vn -0.843429 0.494198 -0.210701
vn -0.843429 0.494198 -0.210701
vn -0.707511 0.464188 -0.532877
vn -0.843429 0.494198 -0.210701
vn -0.602476 0.478253 -0.638982
vn -0.791767 -0.589566 -0.159739
vn 0.081865 -0.815766 0.572559
vn -0.465485 -0.701391 0.539791
vn -0.465485 -0.701391 0.539791
vn -0.843429 0.494198 -0.210701
vn -0.659683 0.063563 0.748851
vn -0.791767 -0.589566 -0.159739
vn -0.791767 -0.589566 -0.159739
vn 0.454829 0.297629 0.839374
vn 0.454829 0.297629 0.839374
vn 0.787219 -0.068001 0.612913
vn 0.787219 -0.068001 0.612913
vn 0.367383 0.101203 -0.924547
vn -0.741692 -0.059300 -0.668114
vn -0.775916 -0.496777 -0.388803
vn -0.784254 -0.115172 -0.609656
vn 0.156991 -0.858992 -0.487326
vn -0.780060 -0.602708 0.168078
vn 0.739145 -0.515961 -0.432954
vn -0.085682 -0.869726 0.486041
vn -0.741692 -0.059300 -0.668114
vn -0.515668 0.458348 -0.723881
vn -0.784254 -0.115172 -0.609656
vn -0.568958 0.463256 -0.679471
vn -0.752612 0.024953 -0.657991
vn -0.488745 0.507921 -0.709327
vn -0.741692 -0.059300 -0.668114
vn -0.515668 0.458348 -0.723881
vn -0.916301 -0.396069 -0.059343
vn -0.369611 -0.840844 0.395435
vn -0.868484 -0.432594 0.242072
vn -0.426758 0.585289 -0.689431
vn -0.426758 0.585289 -0.689431
vn -0.426758 0.585289 -0.689431
vn -0.426758 0.585289 -0.689431
vn -0.821142 0.077977 0.565372
vn -0.868484 -0.432594 0.242072
vn -0.868484 -0.432594 0.242072
vn -0.426758 0.585289 -0.689431
vn -0.426758 0.585289 -0.689431
vn -0.765981 0.506184 -0.396297
vn -0.959273 -0.231018 -0.162562
vn -0.765981 0.506184 -0.396297
vn -0.771447 -0.405997 -0.489934
vn 0.454829 0.297629 0.839374
vn 0.454829 0.297629 0.839374
vn 0.454829 0.297629 0.839374
vn 0.454829 0.297629 0.839374
vn 0.081865 -0.815766 0.572559
vn 0.454829 0.297629 0.839374
vn 0.081865 -0.815766 0.572559
vn -0.465485 -0.701391 0.539791
vn -0.912633 0.327694 0.244371
vn -0.912633 0.327694 0.244371
vn -0.465485 -0.701391 0.539791
vn -0.465485 -0.701391 0.539791
vn -0.139884 -0.471019 0.870961
vn -0.542729 0.468039 0.697413
vn -0.467508 -0.813416 0.346109
vn -0.733737 0.164017 -0.659340
vn -0.542729 0.468039 0.697413
vn 0.530118 0.017309 -0.847747
vn -0.733737 0.164017 -0.659340
vn 0.265322 -0.024161 -0.963857
vn 0.530118 0.017309 -0.847747
vn -0.030806 0.406312 -0.913215
vn 0.265322 -0.024161 -0.963857
vn 0.265322 -0.024161 -0.963857
vn -0.030806 0.406312 -0.913215
vn 0.464560 -0.389950 -0.795061
vn -0.030806 0.406312 -0.913215
vn 0.265322 -0.024161 -0.963857
vn 0.416549 -0.842063 -0.342661
vn 0.464560 -0.389950 -0.795061
vn -0.030806 0.406312 -0.913215
vn 0.464560 -0.389950 -0.795061
vn 0.416549 -0.842063 -0.342661
vn 0.464560 -0.389950 -0.795061
vn 0.416549 -0.842063 -0.342661
vn 0.464560 -0.389950 -0.795061
vn -0.139884 -0.471019 0.870961
vn -0.467508 -0.813416 0.346109
vn 0.416549 -0.842063 -0.342661
vn 0.464560 -0.389950 -0.795061
vn -0.139884 -0.471019 0.870961
vn -0.467508 -0.813416 0.346109
vn -0.139884 -0.471019 0.870961
vn -0.467508 -0.813416 0.346109
vn 0.473583 0.877920 -0.070538
vn 0.716024 0.697849 0.017766
vn 0.508694 0.860594 -0.024683
vn 0.709032 0.704365 0.033808
vn 0.536351 0.839845 -0.083592
vn -0.039227 0.982922 -0.179792
vn 0.473583 0.877920 -0.070538
vn 0.505436 0.862333 0.030284
vn 0.540848 0.840535 -0.031376
vn 0.217574 0.967053 -0.132176
vn 0.508694 0.860594 -0.024683
vn 0.191117 0.979513 -0.063476
vn 0.811048 0.582875 -0.049574
vn 0.789361 0.577204 -0.209154
vn 0.577688 0.804751 -0.136578
vn 0.415377 0.852704 -0.316793
vn 0.473583 0.877920 -0.070538
vn 0.505436 0.862333 0.030284
vn 0.716024 0.697849 0.017766
vn 0.628430 0.656127 0.417819
vn 0.831637 0.547657 0.091936
vn 0.709032 0.704365 0.033808
vn 0.843210 0.529445 0.093190
vn 0.716024 0.697849 0.017766
vn -0.428943 0.892854 -0.137186
vn 0.076604 0.995671 -0.052634
vn 0.318793 0.790205 0.523399
vn 0.318793 0.790205 0.523399
vn 0.536351 0.839845 -0.083592
vn 0.473583 0.877920 -0.070538
vn 0.191117 0.979513 -0.063476
vn 0.508694 0.860594 -0.024683
vn -0.154171 -0.239992 0.958455
vn -0.428943 0.892854 -0.137186
vn 0.318793 0.790205 0.523399
vn -0.428943 0.892854 -0.137186
vn 0.318793 0.790205 0.523399
vn 0.318793 0.790205 0.523399
vn -0.428943 0.892854 -0.137186
vn 0.318793 0.790205 0.523399
vn -0.775916 -0.496777 -0.388803
vn -0.784254 -0.115172 -0.609656
vn -0.833756 -0.457183 -0.309571
vn -0.833341 -0.091340 -0.545161
vn -0.833756 -0.457183 -0.309571
vn -0.818217 -0.574874 0.006360
vn -0.775916 -0.496777 -0.388803
vn 0.156991 -0.858992 -0.487326
vn 0.739145 -0.515961 -0.432954
vn 0.367383 0.101203 -0.924547
vn 0.156991 -0.858992 -0.487326
vn -0.775916 -0.496777 -0.388803
vn 0.367383 0.101203 -0.924547
vn 0.739145 -0.515961 -0.432954
vn -0.167645 0.564731 -0.808068
vn -0.912783 -0.397512 0.093869
vn -0.912783 -0.397512 0.093869
vn -0.912783 -0.397512 0.093869
vn -0.167645 0.564731 -0.808068
vn -0.912783 -0.397512 0.093869
vn -0.085682 -0.869726 0.486041
vn -0.214510 -0.751860 0.623451
vn -0.912783 -0.397512 0.093869
vn -0.214510 -0.751860 0.623451
vn -0.912783 -0.397512 0.093869
vn -0.214510 -0.751860 0.623451
vn -0.338673 -0.660931 0.669680
vn -0.635265 -0.117873 0.763246
vn -0.912783 -0.397512 0.093869
vn 0.739145 -0.515961 -0.432954
vn -0.085682 -0.869726 0.486041
vn -0.085682 -0.869726 0.486041
vn -0.843982 -0.468196 0.261702
vn -0.843982 -0.468196 0.261702
vn -0.950500 -0.289255 0.113495
vn -0.517745 -0.764840 0.383354
vn 0.179472 -0.983344 -0.028714
vn 0.201419 -0.976533 0.076250
vn -0.384615 -0.921449 -0.054810
vn -0.389009 -0.917581 0.081957
vn 0.849743 -0.527082 -0.010983
vn 0.521876 -0.849981 -0.071957
vn 0.744040 -0.644355 0.176670
vn 0.324624 -0.944916 0.041866
vn -0.953415 -0.298694 -0.042206
vn -0.916301 -0.396069 -0.059343
vn -0.915717 -0.323327 0.238584
vn -0.868484 -0.432594 0.242072
vn -0.401252 -0.899871 -0.170963
vn -0.782744 -0.607452 -0.135331
vn -0.468361 -0.861896 -0.194353
vn -0.747543 -0.643894 -0.163035
vn 0.648851 -0.760617 0.021310
vn 0.889268 -0.455014 0.046520
vn 0.670477 -0.735027 0.100974
vn 0.914494 -0.385708 0.122188
vn -0.833756 -0.457183 -0.309571
vn -0.861436 -0.492967 -0.122115
vn -0.818217 -0.574874 0.006360
vn -0.818217 -0.574874 0.006360
vn 0.133049 -0.982379 -0.131258
vn -0.401252 -0.899871 -0.170963
vn -0.009743 -0.987764 -0.155651
vn -0.468361 -0.861896 -0.194353
vn -0.401252 -0.899871 -0.170963
vn 0.133049 -0.982379 -0.131258
vn -0.384615 -0.921449 -0.054810
vn 0.179472 -0.983344 -0.028714
vn -0.945711 -0.322609 0.039428
vn -0.655130 -0.218203 -0.723321
vn -0.945711 -0.322609 0.039428
vn -0.938950 -0.286269 0.190848
vn -0.952316 -0.149474 0.265991
vn -0.934025 -0.200026 0.295952
vn -0.977674 -0.209764 0.012376
vn -0.945711 -0.322609 0.039428
vn -0.967665 -0.209363 0.140681
vn -0.934025 -0.200026 0.295952
vn -0.984469 -0.119191 0.128899
vn -0.952316 -0.149474 0.265991
vn -0.369611 -0.840844 0.395435
vn -0.916301 -0.396069 -0.059343
vn -0.943615 -0.141961 -0.299061
vn -0.943615 -0.141961 -0.299061
vn -0.915717 -0.323327 0.238584
vn -0.952316 -0.149474 0.265991
vn -0.953415 -0.298694 -0.042206
vn -0.977674 -0.209764 0.012376
vn -0.843982 -0.468196 0.261702
vn -0.950500 -0.289255 0.113495
vn -0.984469 -0.119191 0.128899
vn -0.950500 -0.289255 0.113495
vn -0.954151 -0.295082 -0.050221
vn -0.782744 -0.607452 -0.135331
vn -0.972136 -0.233939 0.014958
vn -0.806945 -0.589964 -0.027957
vn 0.163148 -0.981222 -0.102887
vn 0.163148 -0.981222 -0.102887
vn 0.200374 -0.965473 0.166470
vn -0.414272 -0.884721 0.213653
vn 0.825806 -0.256800 0.502094
vn 0.769888 0.204677 0.604466
vn 0.995480 -0.091513 -0.025408
vn 0.966913 0.234486 -0.100474
vn 0.958427 0.282849 0.037607
vn 0.994064 0.037840 0.102004
vn 0.966913 0.234486 -0.100474
vn 0.995480 -0.091513 -0.025408
vn 0.577688 0.804751 -0.136578
vn 0.661350 0.750068 -0.003787
vn 0.811048 0.582875 -0.049574
vn 0.827041 0.559080 0.058592
vn 0.286956 0.932212 -0.220536
vn 0.448893 0.887090 -0.107545
vn 0.577688 0.804751 -0.136578
vn 0.661350 0.750068 -0.003787
vn 0.318793 0.790205 0.523399
vn 0.318793 0.790205 0.523399
vn 0.318793 0.790205 0.523399
vn 0.318793 0.790205 0.523399
vn -0.428943 0.892854 -0.137186
vn -0.428943 0.892854 -0.137186
vn 0.536351 0.839845 -0.083592
vn -0.039227 0.982922 -0.179792
vn 0.062611 0.928524 -0.365954
vn 0.286956 0.932212 -0.220536
vn 0.144166 0.929848 -0.338525
vn 0.286956 0.932212 -0.220536
vn 0.076604 0.995671 -0.052634
vn -0.428943 0.892854 -0.137186
vn 0.191117 0.979513 -0.063476
vn 0.536351 0.839845 -0.083592
vn -0.426758 0.585289 -0.689431
vn -0.821142 0.077977 0.565372
vn -0.821142 0.077977 0.565372
vn -0.821142 0.077977 0.565372
vn -0.821142 0.077977 0.565372
vn -0.428943 0.892854 -0.137186
vn -0.821142 0.077977 0.565372
vn -0.428943 0.892854 -0.137186
vn -0.635265 -0.117873 0.763246
vn -0.635265 -0.117873 0.763246
vn -0.154171 -0.239992 0.958455
vn -0.154171 -0.239992 0.958455
vn -0.154171 -0.239992 0.958455
vn -0.722791 -0.401105 0.562751
vn -0.821142 0.077977 0.565372
vn -0.821142 0.077977 0.565372
vn -0.154171 -0.239992 0.958455
vn -0.821142 0.077977 0.565372
vn -0.154171 -0.239992 0.958455
vn -0.428943 0.892854 -0.137186
vn 0.314209 0.662337 0.680134
vn 0.314209 0.662337 0.680134
vn 0.488207 0.478257 0.730017
vn 0.233028 0.442615 0.865904
vn 0.628430 0.656127 0.417819
vn 0.505436 0.862333 0.030284
vn 0.488207 0.478257 0.730017
vn 0.314209 0.662337 0.680134
vn 0.756776 0.444887 0.478922
vn 0.510298 0.306581 0.803495
vn 0.795879 0.169726 0.581180
vn 0.548071 -0.097871 0.830686
vn 0.835020 0.117427 0.537543
vn 0.536052 0.068408 0.841409
vn 0.846433 -0.073317 0.527423
vn 0.373017 -0.131887 0.918403
vn 0.201419 -0.976533 0.076250
vn 0.200374 -0.965473 0.166470
vn -0.389009 -0.917581 0.081957
vn -0.414272 -0.884721 0.213653
vn 0.200374 -0.965473 0.166470
vn 0.201419 -0.976533 0.076250
vn 0.668623 -0.727073 0.155909
vn 0.670477 -0.735027 0.100974
vn 0.914494 -0.385708 0.122188
vn 0.920787 -0.356689 0.157872
vn 0.670477 -0.735027 0.100974
vn 0.668623 -0.727073 0.155909
vn 0.984497 -0.106823 0.139120
vn 0.914494 -0.385708 0.122188
vn 0.978410 -0.184476 0.093178
vn 0.889268 -0.455014 0.046520
vn 0.981972 0.110929 0.153057
vn 0.984497 -0.106823 0.139120
vn 0.994064 0.037840 0.102004
vn 0.978410 -0.184476 0.093178
vn 0.929126 0.342811 0.138586
vn 0.981972 0.110929 0.153057
vn 0.937119 0.326737 0.122680
vn 0.994064 0.037840 0.102004
vn 0.937119 0.326737 0.122680
vn 0.826636 0.555713 0.088634
vn 0.929126 0.342811 0.138586
vn 0.831637 0.547657 0.091936
vn 0.661350 0.750068 -0.003787
vn 0.448893 0.887090 -0.107545
vn 0.697857 0.715606 0.030071
vn 0.540848 0.840535 -0.031376
vn 0.826636 0.555713 0.088634
vn 0.827041 0.559080 0.058592
vn 0.697857 0.715606 0.030071
vn 0.661350 0.750068 -0.003787
vn -0.780060 -0.602708 0.168078
vn -0.954151 -0.295082 -0.050221
vn -0.950500 -0.289255 0.113495
vn -0.972136 -0.233939 0.014958
vn 0.217574 0.967053 -0.132176
vn 0.540848 0.840535 -0.031376
vn 0.448893 0.887090 -0.107545
vn 0.448893 0.887090 -0.107545
vn 0.076479 0.949428 -0.304529
vn 0.085573 0.986169 -0.141940
vn 0.217574 0.967053 -0.132176
vn 0.076604 0.995671 -0.052634
vn 0.191117 0.979513 -0.063476
vn 0.217574 0.967053 -0.132176
vn 0.076604 0.995671 -0.052634
vn 0.217574 0.967053 -0.132176
vn 0.029666 0.988065 -0.151153
vn 0.637221 0.767125 0.073953
vn 0.318793 0.790205 0.523399
vn 0.637221 0.767125 0.073953
vn 0.029666 0.988065 -0.151153
vn 0.318793 0.790205 0.523399
vn 0.085573 0.986169 -0.141940
vn 0.318793 0.790205 0.523399
vn 0.076604 0.995671 -0.052634
vn 0.085573 0.986169 -0.141940
vn 0.318793 0.790205 0.523399
vn 0.085573 0.986169 -0.141940
vn 0.787219 -0.068001 0.612913
vn 0.318793 0.790205 0.523399
vn 0.637221 0.767125 0.073953
vn 0.318793 0.790205 0.523399
vn 0.081865 -0.815766 0.572559
vn -0.635265 -0.117873 0.763246
vn 0.081865 -0.815766 0.572559
vn -0.154171 -0.239992 0.958455
vn -0.791767 -0.589566 -0.159739
vn -0.465485 -0.701391 0.539791
vn -0.791767 -0.589566 -0.159739
vn -0.912633 0.327694 0.244371
vn 0.318793 0.790205 0.523399
vn 0.787219 -0.068001 0.612913
vn -0.154171 -0.239992 0.958455
vn 0.081865 -0.815766 0.572559
vn 0.787219 -0.068001 0.612913
vn 0.454829 0.297629 0.839374
vn 0.081865 -0.815766 0.572559
vn 0.454829 0.297629 0.839374
vn -0.818217 -0.574874 0.006360
vn -0.818217 -0.574874 0.006360
vn -0.780060 -0.602708 0.168078
vn -0.780060 -0.602708 0.168078
vn 0.286956 0.932212 -0.220536
vn 0.217574 0.967053 -0.132176
vn 0.448893 0.887090 -0.107545
vn 0.217574 0.967053 -0.132176
vn 0.286956 0.932212 -0.220536
vn 0.448893 0.887090 -0.107545
vn 0.286956 0.932212 -0.220536
vn 0.448893 0.887090 -0.107545
vn 0.076479 0.949428 -0.304529
vn -0.127925 0.838642 -0.529448
vn 0.085573 0.986169 -0.141940
vn -0.139445 0.899608 -0.413836
vn -0.172201 0.815627 -0.552357
vn -0.127925 0.838642 -0.529448
vn 0.062611 0.928524 -0.365954
vn 0.076479 0.949428 -0.304529
vn -0.172201 0.815627 -0.552357
vn 0.062611 0.928524 -0.365954
vn -0.162880 0.840695 -0.516432
vn 0.144166 0.929848 -0.338525
vn 0.415377 0.852704 -0.316793
vn -0.067254 0.870054 -0.488347
vn 0.144166 0.929848 -0.338525
vn -0.162880 0.840695 -0.516432
vn -0.868484 -0.432594 0.242072
vn -0.868484 -0.432594 0.242072
vn -0.915717 -0.323327 0.238584
vn -0.843982 -0.468196 0.261702
vn 0.978410 -0.184476 0.093178
vn 0.994064 0.037840 0.102004
vn 0.978410 -0.184476 0.093178
vn 0.994064 0.037840 0.102004
vn 0.849743 -0.527082 -0.010983
vn 0.995480 -0.091513 -0.025408
vn 0.978410 -0.184476 0.093178
vn 0.994064 0.037840 0.102004
vn -0.780060 -0.602708 0.168078
vn -0.818217 -0.574874 0.006360
vn -0.954151 -0.295082 -0.050221
vn -0.861436 -0.492967 -0.122115
vn -0.384615 -0.921449 -0.054810
vn -0.806945 -0.589964 -0.027957
vn -0.401252 -0.899871 -0.170963
vn -0.782744 -0.607452 -0.135331
vn 0.377757 0.779413 0.499815
vn -0.197664 0.929016 0.312822
vn 0.392093 0.851173 0.348952
vn -0.197664 0.929016 0.312822
vn -0.197664 0.929016 0.312822
vn -0.668288 0.743893 -0.003773
vn -0.197664 0.929016 0.312822
vn -0.668288 0.743893 -0.003773
vn -0.871991 0.475492 -0.116359
vn -0.668288 0.743893 -0.003773
vn -0.871991 0.475492 -0.116359
vn -0.668288 0.743893 -0.003773
vn -0.974013 0.160161 -0.160145
vn -0.974013 0.160161 -0.160145
vn -0.871991 0.475492 -0.116359
vn -0.871991 0.475492 -0.116359
vn -0.939123 -0.220934 -0.263127
vn -0.797076 0.076764 -0.598981
vn -0.974013 0.160161 -0.160145
vn -0.974013 0.160161 -0.160145
vn -0.939123 -0.220934 -0.263127
vn -0.795825 -0.393100 -0.460582
vn -0.797076 0.076764 -0.598981
vn -0.666029 -0.293507 -0.685755
vn -0.404799 -0.654156 -0.638919
vn -0.666029 -0.293507 -0.685755
vn -0.468271 -0.648423 -0.600225
vn -0.795825 -0.393100 -0.460582
vn 0.745284 -0.659898 0.095322
vn 0.382666 -0.902308 -0.198512
vn 0.841251 -0.506633 -0.188733
vn 0.463408 -0.763483 -0.449830
vn 0.985327 -0.165623 0.041217
vn 0.915127 -0.275900 0.293977
vn 0.841251 -0.506633 -0.188733
vn 0.745284 -0.659898 0.095322
vn 0.915127 -0.275900 0.293977
vn 0.985327 -0.165623 0.041217
vn 0.929973 -0.014392 0.367345
vn 0.983258 0.056241 0.173325
vn 0.831340 0.424886 0.358254
vn 0.808758 0.397281 0.433680
vn 0.983258 0.056241 0.173325
vn 0.929973 -0.014392 0.367345
vn 0.392093 0.851173 0.348952
vn 0.808758 0.397281 0.433680
vn 0.377757 0.779413 0.499815
vn 0.831340 0.424886 0.358254
vn 0.813042 -0.046489 0.580347
vn 0.717891 0.382730 0.581507
vn 0.754990 -0.018410 0.655477
vn 0.645890 0.394285 0.653732
vn 0.317072 0.847652 0.425383
vn 0.645890 0.394285 0.653732
vn 0.366152 0.862370 0.349644
vn 0.717891 0.382730 0.581507
vn 0.366152 0.862370 0.349644
vn -0.138816 0.986913 -0.082057
vn 0.317072 0.847652 0.425383
vn -0.163138 0.986289 -0.024913
vn -0.138816 0.986913 -0.082057
vn -0.668288 0.743893 -0.003773
vn -0.163138 0.986289 -0.024913
vn -0.543012 0.732261 -0.411013
vn -0.668288 0.743893 -0.003773
vn -0.871991 0.475492 -0.116359
vn -0.543012 0.732261 -0.411013
vn -0.701028 0.497528 -0.510906
vn -0.871991 0.475492 -0.116359
vn -0.691448 0.481140 -0.538891
vn -0.701028 0.497528 -0.510906
vn -0.786048 0.388150 -0.481111
vn -0.691448 0.481140 -0.538891
vn -0.750794 0.122954 -0.648993
vn -0.786048 0.388150 -0.481111
vn -0.850854 0.070540 -0.520645
vn -0.684214 -0.335304 -0.647628
vn -0.764656 -0.396996 -0.507637
vn -0.750794 0.122954 -0.648993
vn -0.850854 0.070540 -0.520645
vn -0.764656 -0.396996 -0.507637
vn -0.684214 -0.335304 -0.647628
vn -0.537124 -0.754211 -0.377709
vn -0.475573 -0.721023 -0.503941
vn 0.554723 -0.719751 0.417421
vn 0.222559 -0.963824 0.146665
vn 0.615348 -0.719106 0.322852
vn 0.282896 -0.958346 0.039271
vn 0.615348 -0.719106 0.322852
vn 0.788898 -0.349779 0.505267
vn 0.554723 -0.719751 0.417421
vn 0.734402 -0.344809 0.584603
vn 0.754990 -0.018410 0.655477
vn 0.734402 -0.344809 0.584603
vn 0.813042 -0.046489 0.580347
vn 0.788898 -0.349779 0.505267
vn 0.501821 -0.682712 0.531112
vn 0.285519 -0.891899 0.350708
vn 0.510799 -0.696210 0.504358
vn 0.255993 -0.922873 0.287702
vn 0.656097 -0.350306 0.668448
vn 0.501821 -0.682712 0.531112
vn 0.687633 -0.353104 0.634412
vn 0.510799 -0.696210 0.504358
vn 0.685059 0.146109 0.713685
vn 0.656097 -0.350306 0.668448
vn 0.723912 0.076943 0.685588
vn 0.687633 -0.353104 0.634412
vn 0.511010 0.610936 0.604670
vn 0.685059 0.146109 0.713685
vn 0.576868 0.502382 0.644077
vn 0.723912 0.076943 0.685588
vn 0.176894 0.912853 0.367978
vn 0.511010 0.610936 0.604670
vn 0.243782 0.857522 0.453020
vn 0.576868 0.502382 0.644077
vn -0.271066 0.962095 -0.029946
vn 0.176894 0.912853 0.367978
vn -0.247181 0.967255 0.057622
vn 0.243782 0.857522 0.453020
vn -0.628177 0.648812 -0.429460
vn -0.271066 0.962095 -0.029946
vn -0.649267 0.678870 -0.342912
vn -0.247181 0.967255 0.057622
vn -0.748018 0.309082 -0.587314
vn -0.628177 0.648812 -0.429460
vn -0.785883 0.361998 -0.501343
vn -0.649267 0.678870 -0.342912
vn -0.791581 0.131667 -0.596710
vn -0.748018 0.309082 -0.587314
vn -0.823708 0.247440 -0.510175
vn -0.785883 0.361998 -0.501343
vn -0.814435 -0.115705 -0.568602
vn -0.791581 0.131667 -0.596710
vn -0.851761 0.004785 -0.523909
vn -0.823708 0.247440 -0.510175
vn -0.730825 -0.491262 -0.473873
vn -0.814435 -0.115705 -0.568602
vn -0.758378 -0.422990 -0.495926
vn -0.851761 0.004785 -0.523909
vn -0.480413 -0.837634 -0.259946
vn -0.730825 -0.491262 -0.473873
vn -0.511927 -0.786311 -0.345897
vn -0.758378 -0.422990 -0.495926
vn -0.729414 0.175739 -0.661114
vn -0.762312 -0.061420 -0.644289
vn -0.724053 -0.106540 -0.681466
vn -0.722158 -0.258118 -0.641765
vn -0.762312 -0.061420 -0.644289
vn -0.754259 -0.296468 -0.585833
vn -0.722158 -0.258118 -0.641765
vn -0.683776 -0.454920 -0.570524
vn -0.754259 -0.296468 -0.585833
vn -0.635925 -0.616766 -0.463897
vn -0.683776 -0.454920 -0.570524
vn -0.520583 -0.727281 -0.447276
vn -0.217374 -0.951866 -0.216100
vn -0.520583 -0.727281 -0.447276
vn -0.365770 -0.901728 -0.230432
vn -0.635925 -0.616766 -0.463897
vn 0.628075 -0.459666 0.627876
vn 0.484962 -0.781758 0.392003
vn 0.556832 -0.618110 0.554867
vn 0.368156 -0.852728 0.370561
vn 0.556832 -0.618110 0.554867
vn 0.669836 -0.251906 0.698472
vn 0.628075 -0.459666 0.627876
vn 0.620471 -0.034313 0.783478
vn 0.482345 0.424147 0.766448
vn 0.620471 -0.034313 0.783478
vn 0.645312 0.266924 0.715768
vn 0.669836 -0.251906 0.698472
vn 0.645312 0.266924 0.715768
vn 0.432779 0.721298 0.540769
vn 0.482345 0.424147 0.766448
vn 0.239711 0.800976 0.548613
vn -0.090526 0.981573 0.168284
vn 0.239711 0.800976 0.548613
vn 0.092443 0.967954 0.233493
vn 0.432779 0.721298 0.540769
vn 0.092443 0.967954 0.233493
vn -0.313616 0.932830 -0.177407
vn -0.090526 0.981573 0.168284
vn -0.455933 0.838401 -0.298677
vn -0.683676 0.372724 -0.627427
vn -0.455933 0.838401 -0.298677
vn -0.619441 0.576275 -0.533105
vn -0.313616 0.932830 -0.177407
vn -0.619441 0.576275 -0.533105
vn -0.729414 0.175739 -0.661114
vn -0.683676 0.372724 -0.627427
vn -0.724053 -0.106540 -0.681466
vn 0.382666 -0.902308 -0.198512
vn 0.027623 -0.896646 -0.441885
vn 0.463408 -0.763483 -0.449830
vn 0.035105 -0.807862 -0.588326
vn 0.222559 -0.963824 0.146665
vn -0.174796 -0.974552 -0.140336
vn 0.282896 -0.958346 0.039271
vn -0.097764 -0.964494 -0.245345
vn 0.285519 -0.891899 0.350708
vn -0.071965 -0.995008 0.069146
vn 0.255993 -0.922873 0.287702
vn -0.121516 -0.991853 -0.038227
vn 0.484962 -0.781758 0.392003
vn 0.181721 -0.978061 0.101851
vn 0.368156 -0.852728 0.370561
vn 0.038033 -0.994502 0.097565
vn 0.027623 -0.896646 -0.441885
vn -0.404799 -0.654156 -0.638919
vn 0.035105 -0.807862 -0.588326
vn -0.468271 -0.648423 -0.600225
vn -0.537124 -0.754211 -0.377709
vn -0.475573 -0.721023 -0.503941
vn -0.174796 -0.974552 -0.140336
vn -0.097764 -0.964494 -0.245345
vn -0.071965 -0.995008 0.069146
vn -0.480413 -0.837634 -0.259946
vn -0.121516 -0.991853 -0.038227
vn -0.511927 -0.786311 -0.345897
vn 0.181721 -0.978061 0.101851
vn -0.217374 -0.951866 -0.216100
vn 0.038033 -0.994502 0.097565
vn -0.365770 -0.901728 -0.230432
vn -0.197664 0.929016 0.312822
vn -0.668288 0.743893 -0.003773
vn -0.138816 0.986913 -0.082057
vn -0.668288 0.743893 -0.003773
vn 0.392093 0.851173 0.348952
vn -0.197664 0.929016 0.312822
vn 0.366152 0.862370 0.349644
vn -0.138816 0.986913 -0.082057
vn 0.366152 0.862370 0.349644
vn 0.717891 0.382730 0.581507
vn 0.392093 0.851173 0.348952
vn 0.808758 0.397281 0.433680
vn 0.929973 -0.014392 0.367345
vn 0.808758 0.397281 0.433680
vn 0.813042 -0.046489 0.580347
vn 0.717891 0.382730 0.581507
vn 0.788898 -0.349779 0.505267
vn 0.915127 -0.275900 0.293977
vn 0.813042 -0.046489 0.580347
vn 0.929973 -0.014392 0.367345
vn 0.915127 -0.275900 0.293977
vn 0.788898 -0.349779 0.505267
vn 0.745284 -0.659898 0.095322
vn 0.615348 -0.719106 0.322852
vn 0.282896 -0.958346 0.039271
vn 0.382666 -0.902308 -0.198512
vn 0.615348 -0.719106 0.322852
vn 0.745284 -0.659898 0.095322
vn -0.097764 -0.964494 -0.245345
vn 0.027623 -0.896646 -0.441885
vn 0.282896 -0.958346 0.039271
vn 0.382666 -0.902308 -0.198512
vn 0.027623 -0.896646 -0.441885
vn -0.097764 -0.964494 -0.245345
vn -0.404799 -0.654156 -0.638919
vn -0.475573 -0.721023 -0.503941
vn -0.404799 -0.654156 -0.638919
vn -0.475573 -0.721023 -0.503941
vn -0.666029 -0.293507 -0.685755
vn -0.684214 -0.335304 -0.647628
vn -0.666029 -0.293507 -0.685755
vn -0.684214 -0.335304 -0.647628
vn -0.797076 0.076764 -0.598981
vn -0.750794 0.122954 -0.648993
vn -0.974013 0.160161 -0.160145
vn -0.797076 0.076764 -0.598981
vn -0.691448 0.481140 -0.538891
vn -0.750794 0.122954 -0.648993
vn -0.871991 0.475492 -0.116359
vn -0.974013 0.160161 -0.160145
vn -0.871991 0.475492 -0.116359
vn -0.691448 0.481140 -0.538891
vn -0.668288 0.743893 -0.003773
vn -0.871991 0.475492 -0.116359
vn -0.668288 0.743893 -0.003773
vn -0.871991 0.475492 -0.116359
vn -0.205074 0.978132 0.034689
vn -0.601515 0.712860 -0.360569
vn -0.247181 0.967255 0.057622
vn -0.649267 0.678870 -0.342912
vn 0.283804 0.839565 0.463235
vn -0.205074 0.978132 0.034689
vn 0.243782 0.857522 0.453020
vn -0.247181 0.967255 0.057622
vn 0.243782 0.857522 0.453020
vn 0.576868 0.502382 0.644077
vn 0.283804 0.839565 0.463235
vn 0.614475 0.428253 0.662586
vn 0.745013 0.020903 0.666723
vn 0.614475 0.428253 0.662586
vn 0.723912 0.076943 0.685588
vn 0.576868 0.502382 0.644077
vn 0.723912 0.076943 0.685588
vn 0.687633 -0.353104 0.634412
vn 0.745013 0.020903 0.666723
vn 0.719090 -0.340326 0.605877
vn 0.533964 -0.707672 0.462691
vn 0.719090 -0.340326 0.605877
vn 0.510799 -0.696210 0.504358
vn 0.687633 -0.353104 0.634412
vn 0.510799 -0.696210 0.504358
vn 0.255993 -0.922873 0.287702
vn 0.533964 -0.707672 0.462691
vn 0.226640 -0.953200 0.200111
vn -0.164425 -0.979437 -0.116909
vn 0.226640 -0.953200 0.200111
vn -0.121516 -0.991853 -0.038227
vn 0.255993 -0.922873 0.287702
vn -0.532564 -0.761786 -0.368860
vn -0.164425 -0.979437 -0.116909
vn -0.511927 -0.786311 -0.345897
vn -0.121516 -0.991853 -0.038227
vn -0.768875 -0.408001 -0.492307
vn -0.532564 -0.761786 -0.368860
vn -0.758378 -0.422990 -0.495926
vn -0.511927 -0.786311 -0.345897
vn -0.861251 0.047765 -0.505931
vn -0.768875 -0.408001 -0.492307
vn -0.851761 0.004785 -0.523909
vn -0.758378 -0.422990 -0.495926
vn -0.816578 0.319227 -0.480931
vn -0.861251 0.047765 -0.505931
vn -0.823708 0.247440 -0.510175
vn -0.851761 0.004785 -0.523909
vn -0.758671 0.424729 -0.493987
vn -0.816578 0.319227 -0.480931
vn -0.785883 0.361998 -0.501343
vn -0.823708 0.247440 -0.510175
vn -0.785883 0.361998 -0.501343
vn -0.649267 0.678870 -0.342912
vn -0.758671 0.424729 -0.493987
vn -0.601515 0.712860 -0.360569
vn 0.176894 0.912853 0.367978
vn -0.271066 0.962095 -0.029946
vn 0.092443 0.967954 0.233493
vn -0.313616 0.932830 -0.177407
vn 0.092443 0.967954 0.233493
vn 0.432779 0.721298 0.540769
vn 0.176894 0.912853 0.367978
vn 0.511010 0.610936 0.604670
vn 0.685059 0.146109 0.713685
vn 0.511010 0.610936 0.604670
vn 0.645312 0.266924 0.715768
vn 0.432779 0.721298 0.540769
vn 0.645312 0.266924 0.715768
vn 0.669836 -0.251906 0.698472
vn 0.685059 0.146109 0.713685
vn 0.656097 -0.350306 0.668448
vn 0.501821 -0.682712 0.531112
vn 0.656097 -0.350306 0.668448
vn 0.556832 -0.618110 0.554867
vn 0.669836 -0.251906 0.698472
vn 0.285519 -0.891899 0.350708
vn 0.501821 -0.682712 0.531112
vn 0.368156 -0.852728 0.370561
vn 0.556832 -0.618110 0.554867
vn -0.071965 -0.995008 0.069146
vn 0.285519 -0.891899 0.350708
vn 0.038033 -0.994502 0.097565
vn 0.368156 -0.852728 0.370561
vn -0.480413 -0.837634 -0.259946
vn -0.071965 -0.995008 0.069146
vn -0.365770 -0.901728 -0.230432
vn 0.038033 -0.994502 0.097565
vn -0.730825 -0.491262 -0.473873
vn -0.480413 -0.837634 -0.259946
vn -0.635925 -0.616766 -0.463897
vn -0.365770 -0.901728 -0.230432
vn -0.814435 -0.115705 -0.568602
vn -0.730825 -0.491262 -0.473873
vn -0.754259 -0.296468 -0.585833
vn -0.635925 -0.616766 -0.463897
vn -0.791581 0.131667 -0.596710
vn -0.814435 -0.115705 -0.568602
vn -0.762312 -0.061420 -0.644289
vn -0.754259 -0.296468 -0.585833
vn -0.748018 0.309082 -0.587314
vn -0.791581 0.131667 -0.596710
vn -0.729414 0.175739 -0.661114
vn -0.762312 -0.061420 -0.644289
vn -0.628177 0.648812 -0.429460
vn -0.748018 0.309082 -0.587314
vn -0.619441 0.576275 -0.533105
vn -0.729414 0.175739 -0.661114
vn -0.271066 0.962095 -0.029946
vn -0.628177 0.648812 -0.429460
vn -0.313616 0.932830 -0.177407
vn -0.619441 0.576275 -0.533105
vn 0.850903 -0.332036 -0.407082
vn 0.485261 -0.607296 -0.629057
vn 0.839624 -0.246947 -0.483786
vn 0.474634 -0.531542 -0.701559
vn -0.065642 -0.696412 -0.714634
vn 0.474634 -0.531542 -0.701559
vn -0.012939 -0.725903 -0.687676
vn 0.485261 -0.607296 -0.629057
vn -0.603016 -0.641725 -0.473879
vn -0.065642 -0.696412 -0.714634
vn -0.548472 -0.648435 -0.527931
vn -0.012939 -0.725903 -0.687676
vn -0.813045 -0.528745 -0.243693
vn -0.603016 -0.641725 -0.473879
vn -0.819603 -0.498241 -0.282855
vn -0.548472 -0.648435 -0.527931
vn -0.839723 -0.536461 -0.084114
vn -0.813045 -0.528745 -0.243693
vn -0.875717 -0.473209 -0.095880
vn -0.819603 -0.498241 -0.282855
vn -0.825055 -0.476807 0.303216
vn -0.839723 -0.536461 -0.084114
vn -0.860272 -0.439538 0.258338
vn -0.875717 -0.473209 -0.095880
vn -0.644771 -0.269262 0.715380
vn -0.825055 -0.476807 0.303216
vn -0.689082 -0.236686 0.684942
vn -0.860272 -0.439538 0.258338
vn -0.644771 -0.269262 0.715380
vn -0.689082 -0.236686 0.684942
vn -0.358798 0.003068 0.933410
vn -0.392923 0.069652 0.916930
vn -0.358798 0.003068 0.933410
vn -0.392923 0.069652 0.916930
vn -0.037298 0.328405 0.943800
vn -0.059896 0.444850 0.893600
vn -0.037298 0.328405 0.943800
vn -0.059896 0.444850 0.893600
vn 0.342510 0.590413 0.730821
vn 0.373070 0.654554 0.657555
vn 0.795490 0.500658 0.341375
vn 0.741338 0.551296 0.382741
vn 0.373070 0.654554 0.657555
vn 0.342510 0.590413 0.730821
vn 0.741338 0.551296 0.382741
vn 0.795490 0.500658 0.341375
vn 0.967315 0.252674 0.021375
vn 0.985605 0.165191 0.035989
vn 0.984865 -0.061398 -0.162086
vn 0.972555 -0.003786 -0.232642
vn 0.985605 0.165191 0.035989
vn 0.967315 0.252674 0.021375
vn 0.972555 -0.003786 -0.232642
vn 0.984865 -0.061398 -0.162086
vn 0.839624 -0.246947 -0.483786
vn 0.850903 -0.332036 -0.407082
vn -0.059896 0.444850 0.893600
vn -0.392923 0.069652 0.916930
vn -0.197664 0.929016 0.312822
vn -0.668288 0.743893 -0.003773
vn -0.059896 0.444850 0.893600
vn -0.197664 0.929016 0.312822
vn 0.373070 0.654554 0.657555
vn 0.377757 0.779413 0.499815
vn 0.831340 0.424886 0.358254
vn 0.795490 0.500658 0.341375
vn 0.377757 0.779413 0.499815
vn 0.373070 0.654554 0.657555
vn 0.795490 0.500658 0.341375
vn 0.831340 0.424886 0.358254
vn 0.985605 0.165191 0.035989
vn 0.983258 0.056241 0.173325
vn 0.985327 -0.165623 0.041217
vn 0.984865 -0.061398 -0.162086
vn 0.983258 0.056241 0.173325
vn 0.985605 0.165191 0.035989
vn 0.984865 -0.061398 -0.162086
vn 0.985327 -0.165623 0.041217
vn 0.850903 -0.332036 -0.407082
vn 0.841251 -0.506633 -0.188733
vn 0.485261 -0.607296 -0.629057
vn 0.850903 -0.332036 -0.407082
vn 0.463408 -0.763483 -0.449830
vn 0.841251 -0.506633 -0.188733
vn -0.012939 -0.725903 -0.687676
vn 0.485261 -0.607296 -0.629057
vn 0.035105 -0.807862 -0.588326
vn 0.463408 -0.763483 -0.449830
vn -0.548472 -0.648435 -0.527931
vn -0.012939 -0.725903 -0.687676
vn -0.468271 -0.648423 -0.600225
vn 0.035105 -0.807862 -0.588326
vn -0.819603 -0.498241 -0.282855
vn -0.548472 -0.648435 -0.527931
vn -0.795825 -0.393100 -0.460582
vn -0.468271 -0.648423 -0.600225
vn -0.875717 -0.473209 -0.095880
vn -0.819603 -0.498241 -0.282855
vn -0.939123 -0.220934 -0.263127
vn -0.795825 -0.393100 -0.460582
vn -0.875717 -0.473209 -0.095880
vn -0.939123 -0.220934 -0.263127
vn -0.860272 -0.439538 0.258338
vn -0.974013 0.160161 -0.160145
vn -0.860272 -0.439538 0.258338
vn -0.974013 0.160161 -0.160145
vn -0.689082 -0.236686 0.684942
vn -0.871991 0.475492 -0.116359
vn -0.392923 0.069652 0.916930
vn -0.689082 -0.236686 0.684942
vn -0.668288 0.743893 -0.003773
vn -0.871991 0.475492 -0.116359
vn -0.163138 0.986289 -0.024913
vn -0.543012 0.732261 -0.411013
vn -0.205074 0.978132 0.034689
vn -0.601515 0.712860 -0.360569
vn 0.317072 0.847652 0.425383
vn -0.163138 0.986289 -0.024913
vn 0.283804 0.839565 0.463235
vn -0.205074 0.978132 0.034689
vn 0.645890 0.394285 0.653732
vn 0.317072 0.847652 0.425383
vn 0.614475 0.428253 0.662586
vn 0.283804 0.839565 0.463235
vn 0.754990 -0.018410 0.655477
vn 0.645890 0.394285 0.653732
vn 0.745013 0.020903 0.666723
vn 0.614475 0.428253 0.662586
vn 0.734402 -0.344809 0.584603
vn 0.754990 -0.018410 0.655477
vn 0.719090 -0.340326 0.605877
vn 0.745013 0.020903 0.666723
vn 0.554723 -0.719751 0.417421
vn 0.734402 -0.344809 0.584603
vn 0.533964 -0.707672 0.462691
vn 0.719090 -0.340326 0.605877
vn 0.533964 -0.707672 0.462691
vn 0.226640 -0.953200 0.200111
vn 0.554723 -0.719751 0.417421
vn 0.222559 -0.963824 0.146665
vn -0.174796 -0.974552 -0.140336
vn 0.222559 -0.963824 0.146665
vn -0.164425 -0.979437 -0.116909
vn 0.226640 -0.953200 0.200111
vn -0.537124 -0.754211 -0.377709
vn -0.174796 -0.974552 -0.140336
vn -0.532564 -0.761786 -0.368860
vn -0.164425 -0.979437 -0.116909
vn -0.764656 -0.396996 -0.507637
vn -0.537124 -0.754211 -0.377709
vn -0.768875 -0.408001 -0.492307
vn -0.532564 -0.761786 -0.368860
vn -0.850854 0.070540 -0.520645
vn -0.764656 -0.396996 -0.507637
vn -0.861251 0.047765 -0.505931
vn -0.768875 -0.408001 -0.492307
vn -0.786048 0.388150 -0.481111
vn -0.850854 0.070540 -0.520645
vn -0.816578 0.319227 -0.480931
vn -0.861251 0.047765 -0.505931
vn -0.701028 0.497528 -0.510906
vn -0.786048 0.388150 -0.481111
vn -0.758671 0.424729 -0.493987
vn -0.816578 0.319227 -0.480931
vn -0.543012 0.732261 -0.411013
vn -0.701028 0.497528 -0.510906
vn -0.601515 0.712860 -0.360569
vn -0.758671 0.424729 -0.493987
vn 0.715524 -0.066596 -0.695406
vn 0.686120 -0.231275 -0.689747
vn 0.705192 -0.221804 -0.673429
vn 0.680769 -0.342730 -0.647371
vn 0.705192 -0.221804 -0.673429
vn 0.680769 -0.342730 -0.647371
vn 0.657104 -0.425153 -0.622462
vn 0.611977 -0.558750 -0.559717
vn 0.657104 -0.425153 -0.622462
vn 0.611977 -0.558750 -0.559717
vn 0.479674 -0.700018 -0.529043
vn 0.434744 -0.789098 -0.433961
vn 0.137466 -0.962079 -0.235599
vn 0.167015 -0.930180 -0.326911
vn 0.434744 -0.789098 -0.433961
vn 0.479674 -0.700018 -0.529043
vn -0.692853 -0.341918 0.634859
vn -0.671052 -0.497379 0.549821
vn -0.569624 -0.748312 0.339938
vn -0.532794 -0.799197 0.278236
vn -0.671052 -0.497379 0.549821
vn -0.692853 -0.341918 0.634859
vn -0.639644 -0.087185 0.763710
vn -0.662782 0.157694 0.732020
vn -0.639644 -0.087185 0.763710
vn -0.662782 0.157694 0.732020
vn -0.455128 0.363141 0.813011
vn -0.381986 0.528388 0.758217
vn -0.455128 0.363141 0.813011
vn -0.381986 0.528388 0.758217
vn -0.170714 0.736109 0.654981
vn -0.051145 0.820863 0.568830
vn 0.609061 0.700079 -0.372740
vn 0.516428 0.840527 -0.163758
vn 0.267447 0.946337 0.181433
vn 0.170902 0.932545 0.318043
vn 0.516428 0.840527 -0.163758
vn 0.609061 0.700079 -0.372740
vn 0.708647 0.410498 -0.573856
vn 0.727682 0.181333 -0.661511
vn 0.708647 0.410498 -0.573856
vn 0.727682 0.181333 -0.661511
vn 0.715524 -0.066596 -0.695406
vn 0.686120 -0.231275 -0.689747
vn 0.267447 0.946337 0.181433
vn 0.170902 0.932545 0.318043
vn -0.051145 0.820863 0.568830
vn -0.170714 0.736109 0.654981
vn -0.569624 -0.748312 0.339938
vn -0.532794 -0.799197 0.278236
vn -0.244445 -0.969173 0.030827
vn -0.231826 -0.972471 -0.023590
vn -0.244445 -0.969173 0.030827
vn -0.231826 -0.972471 -0.023590
vn 0.137466 -0.962079 -0.235599
vn 0.167015 -0.930180 -0.326911
vn -0.381986 0.528388 0.758217
vn -0.381986 0.528388 0.758217
vn -0.051145 0.820863 0.568830
vn -0.051145 0.820863 0.568830
vn -0.051145 0.820863 0.568830
vn -0.051145 0.820863 0.568830
vn 0.267447 0.946337 0.181433
vn 0.267447 0.946337 0.181433
vn 0.609061 0.700079 -0.372740
vn 0.609061 0.700079 -0.372740
vn 0.267447 0.946337 0.181433
vn 0.267447 0.946337 0.181433
vn 0.609061 0.700079 -0.372740
vn 0.609061 0.700079 -0.372740
vn 0.727682 0.181333 -0.661511
vn 0.747808 -0.020550 -0.663597
vn 0.727682 0.181333 -0.661511
vn 0.747808 -0.020550 -0.663597
vn 0.686120 -0.231275 -0.689747
vn 0.708117 -0.320545 -0.629143
vn 0.686120 -0.231275 -0.689747
vn 0.708117 -0.320545 -0.629143
vn 0.680769 -0.342730 -0.647371
vn 0.691032 -0.466503 -0.552132
vn 0.680769 -0.342730 -0.647371
vn 0.691032 -0.466503 -0.552132
vn 0.611977 -0.558750 -0.559717
vn 0.615259 -0.647715 -0.449357
vn 0.611977 -0.558750 -0.559717
vn 0.615259 -0.647715 -0.449357
vn 0.434744 -0.789098 -0.433961
vn 0.442274 -0.840629 -0.312630
vn 0.152140 -0.977570 -0.145635
vn 0.137466 -0.962079 -0.235599
vn 0.442274 -0.840629 -0.312630
vn 0.434744 -0.789098 -0.433961
vn -0.251625 -0.965173 0.071591
vn -0.244445 -0.969173 0.030827
vn 0.152140 -0.977570 -0.145635
vn 0.137466 -0.962079 -0.235599
vn -0.637557 -0.704973 0.310699
vn -0.569624 -0.748312 0.339938
vn -0.251625 -0.965173 0.071591
vn -0.244445 -0.969173 0.030827
vn -0.692853 -0.341918 0.634859
vn -0.569624 -0.748312 0.339938
vn -0.902454 -0.228413 0.365246
vn -0.637557 -0.704973 0.310699
vn -0.692853 -0.341918 0.634859
vn -0.902454 -0.228413 0.365246
vn -0.662782 0.157694 0.732020
vn -0.662782 0.157694 0.732020
vn -0.662782 0.157694 0.732020
vn -0.662782 0.157694 0.732020
vn -0.381986 0.528388 0.758217
vn -0.381986 0.528388 0.758217
vn 0.852879 -0.111847 0.509988
vn 0.852879 -0.111847 0.509988
vn 0.604108 0.067547 -0.794035
vn 0.143406 -0.914325 -0.378742
vn 0.143406 -0.914325 -0.378742
vn 0.143406 -0.914325 -0.378742
vn 0.852879 -0.111847 0.509988
vn 0.143406 -0.914325 -0.378742
vn 0.143406 -0.914325 -0.378742
vn -0.351005 -0.834772 0.424206
vn 0.143406 -0.914325 -0.378742
vn 0.852879 -0.111847 0.509988
vn 0.852879 -0.111847 0.509988
vn 0.443420 0.874285 0.197496
vn 0.443420 0.874285 0.197496
vn 0.852879 -0.111847 0.509988
vn 0.443420 0.874285 0.197496
vn 0.443420 0.874285 0.197496
vn 0.443420 0.874285 0.197496
vn 0.143406 -0.914325 -0.378742
vn 0.852879 -0.111847 0.509988
vn 0.852879 -0.111847 0.509988
vn 0.852879 -0.111847 0.509988
vn -0.351005 -0.834772 0.424206
vn 0.143406 -0.914325 -0.378742
vn 0.852879 -0.111847 0.509988
vn 0.852879 -0.111847 0.509988
vn 0.443420 0.874285 0.197496
vn 0.443420 0.874285 0.197496
vn 0.604108 0.067547 -0.794035
vn 0.852879 -0.111847 0.509988
vn 0.852879 -0.111847 0.509988
vn 0.852879 -0.111847 0.509988
vn 0.443420 0.874285 0.197496
vn 0.852879 -0.111847 0.509988
vn 0.852879 -0.111847 0.509988
vn 0.852879 -0.111847 0.509988
vn 0.852879 -0.111847 0.509988
vn 0.852879 -0.111847 0.509988
vn 0.852879 -0.111847 0.509988
vn 0.852879 -0.111847 0.509988
vn 0.443420 0.874285 0.197496
vn 0.969324 -0.060369 -0.238256
vn -0.105757 -0.993743 0.035909
vn 0.179435 0.190822 -0.965085
vn -0.315531 -0.658189 -0.683541
vn -0.105757 -0.993743 0.035909
vn -0.315531 -0.658189 -0.683541
vn -0.105757 -0.993743 0.035909
vn -0.315531 -0.658189 -0.683541
vn -0.105757 -0.993743 0.035909
vn -0.105757 -0.993743 0.035909
vn -0.315531 -0.658189 -0.683541
vn 0.969324 -0.060369 -0.238256
vn 0.969324 -0.060369 -0.238256
vn 0.538417 0.792492 0.286467
vn 0.538417 0.792492 0.286467
vn 0.969324 -0.060369 -0.238256
vn 0.969324 -0.060369 -0.238256
vn 0.538417 0.792492 0.286467
vn 0.179435 0.190822 -0.965085
vn -0.105757 -0.993743 0.035909
vn -0.105757 -0.993743 0.035909
vn 0.969324 -0.060369 -0.238256
vn 0.969324 -0.060369 -0.238256
vn -0.105757 -0.993743 0.035909
vn -0.105757 -0.993743 0.035909
vn 0.969324 -0.060369 -0.238256
vn 0.969324 -0.060369 -0.238256
vn 0.179435 0.190822 -0.965085
vn 0.969324 -0.060369 -0.238256
vn 0.179435 0.190822 -0.965085
vn 0.969324 -0.060369 -0.238256
vn 0.969324 -0.060369 -0.238256
vn 0.969324 -0.060369 -0.238256
vn 0.969324 -0.060369 -0.238256
vn 0.969324 -0.060369 -0.238256
vn 0.969324 -0.060369 -0.238256
vn 0.969324 -0.060369 -0.238256
vn 0.969324 -0.060369 -0.238256
vn 0.969324 -0.060369 -0.238256
vn 0.969324 -0.060369 -0.238256
vn 0.969324 -0.060369 -0.238256
vn 0.538417 0.792492 0.286467
vn 0.966933 0.103607 -0.233036
vn 0.094852 -0.995010 0.030957
vn 0.109629 0.227685 -0.967544
vn -0.281366 -0.912139 -0.298053
vn 0.094852 -0.995010 0.030957
vn -0.281366 -0.912139 -0.298053
vn 0.094852 -0.995010 0.030957
vn -0.281366 -0.912139 -0.298053
vn 0.094852 -0.995010 0.030957
vn 0.094852 -0.995010 0.030957
vn -0.281366 -0.912139 -0.298053
vn 0.966933 0.103607 -0.233036
vn 0.966933 0.103607 -0.233036
vn 0.413613 0.671825 0.614472
vn -0.315531 -0.658189 -0.683541
vn 0.966933 0.103607 -0.233036
vn 0.966933 0.103607 -0.233036
vn -0.315531 -0.658189 -0.683541
vn 0.109629 0.227685 -0.967544
vn 0.094852 -0.995010 0.030957
vn 0.094852 -0.995010 0.030957
vn 0.966933 0.103607 -0.233036
vn 0.966933 0.103607 -0.233036
vn 0.094852 -0.995010 0.030957
vn 0.094852 -0.995010 0.030957
vn 0.966933 0.103607 -0.233036
vn 0.966933 0.103607 -0.233036
vn 0.109629 0.227685 -0.967544
vn 0.966933 0.103607 -0.233036
vn 0.109629 0.227685 -0.967544
vn 0.966933 0.103607 -0.233036
vn 0.966933 0.103607 -0.233036
vn 0.966933 0.103607 -0.233036
vn 0.966933 0.103607 -0.233036
vn 0.966933 0.103607 -0.233036
vn 0.966933 0.103607 -0.233036
vn 0.966933 0.103607 -0.233036
vn 0.966933 0.103607 -0.233036
vn 0.966933 0.103607 -0.233036
vn 0.966933 0.103607 -0.233036
vn 0.966933 0.103607 -0.233036
vn 0.413613 0.671825 0.614472
vn 0.536351 0.839845 -0.083592
vn 0.697209 0.169710 0.696489
vn 0.908799 -0.416166 -0.029844
vn 0.908799 -0.416166 -0.029844
vn 0.697209 0.169710 0.696489
vn 0.013447 0.550469 0.834747
vn 0.305472 -0.537323 0.786111
vn -0.821142 0.077977 0.565372
vn 0.013447 0.550469 0.834747
vn -0.643823 0.718394 0.263444
vn 0.013447 0.550469 0.834747
vn -0.821142 0.077977 0.565372
vn 0.013447 0.550469 0.834747
vn -0.643823 0.718394 0.263444
vn 0.013447 0.550469 0.834747
vn -0.643823 0.718394 0.263444
vn 0.536351 0.839845 -0.083592
vn -0.428943 0.892854 -0.137186
vn 0.013447 0.550469 0.834747
vn -0.643823 0.718394 0.263444
vn 0.536351 0.839845 -0.083592
vn 0.536351 0.839845 -0.083592
vn -0.428943 0.892854 -0.137186
vn 0.908799 -0.416166 -0.029844
vn 0.697209 0.169710 0.696489
vn 0.013447 0.550469 0.834747
vn 0.697209 0.169710 0.696489
vn 0.013447 0.550469 0.834747
vn 0.536351 0.839845 -0.083592
vn 0.013447 0.550469 0.834747
vn 0.697209 0.169710 0.696489
vn 0.013447 0.550469 0.834747
vn 0.697209 0.169710 0.696489
vn 0.697209 0.169710 0.696489
vn 0.908799 -0.416166 -0.029844
vn 0.305472 -0.537323 0.786111
vn 0.697209 0.169710 0.696489
vn 0.697209 0.169710 0.696489
vn 0.536351 0.839845 -0.083592
vn 0.697209 0.169710 0.696489
vn 0.536351 0.839845 -0.083592
vn 0.697209 0.169710 0.696489
vn 0.536351 0.839845 -0.083592
vn 0.536351 0.839845 -0.083592
vn 0.536351 0.839845 -0.083592
vn 0.536351 0.839845 -0.083592
vn -0.428943 0.892854 -0.137186
vn -0.428943 0.892854 -0.137186
vn 0.438086 0.379543 -0.814879
vn 0.480521 0.477922 -0.735317
vn 0.041489 0.761325 -0.647042
vn -0.083029 0.824569 -0.559635
vn 0.666580 -0.735232 -0.122907
vn 0.818295 -0.560412 0.127794
vn 0.832264 -0.552946 -0.039850
vn 0.818295 -0.560412 0.127794
vn -0.576935 -0.805519 0.135224
vn -0.468902 -0.872288 0.138726
vn -0.109671 -0.993862 0.014506
vn 0.040085 -0.998850 -0.026296
vn -0.804198 -0.550408 0.224315
vn -0.854930 -0.463221 0.233497
vn -0.944640 -0.190782 0.266940
vn -0.944640 -0.190782 0.266940
vn -0.936060 0.294292 0.192830
vn -0.831425 0.545725 0.104485
vn -0.950972 0.271703 0.147752
vn -0.832943 0.553207 -0.012937
vn -0.537047 0.842348 -0.045064
vn -0.571406 0.818781 -0.055610
vn -0.720051 0.691233 0.061021
vn -0.713321 0.699545 0.042540
vn 0.062386 0.742061 -0.667423
vn 0.020987 0.766920 -0.641399
vn 0.392123 0.372927 -0.840931
vn 0.365632 0.423468 -0.828847
vn 0.407831 -0.913050 0.003756
vn 0.816847 -0.572412 -0.071449
vn 0.427691 -0.895331 0.124349
vn 0.849250 -0.525570 0.050493
vn -0.610055 -0.764607 0.207865
vn -0.576935 -0.805519 0.135224
vn -0.144108 -0.982461 0.118337
vn -0.109671 -0.993862 0.014506
vn -0.944640 -0.190782 0.266940
vn -0.944640 -0.190782 0.266940
vn -0.854930 -0.463221 0.233497
vn -0.854930 -0.463221 0.233497
vn -0.944640 -0.190782 0.266940
vn -0.944640 -0.190782 0.266940
vn -0.967744 0.032888 0.249781
vn -0.967744 0.032888 0.249781
vn -0.967744 0.032888 0.249781
vn -0.922227 0.320960 0.215597
vn -0.967744 0.032888 0.249781
vn -0.936060 0.294292 0.192830
vn -0.922227 0.320960 0.215597
vn -0.826415 0.545846 0.138165
vn -0.936060 0.294292 0.192830
vn -0.831425 0.545725 0.104485
vn -0.720051 0.691233 0.061021
vn -0.713321 0.699545 0.042540
vn -0.826700 0.540993 0.154573
vn -0.826415 0.545846 0.138165
vn 0.643319 -0.128627 -0.754716
vn 0.652315 -0.043552 -0.756695
vn 0.712515 -0.505414 -0.486703
vn 0.769201 -0.414563 -0.486279
vn 0.818295 -0.560412 0.127794
vn 0.967251 -0.253640 0.009585
vn 0.818295 -0.560412 0.127794
vn 0.967251 -0.253640 0.009585
vn 0.778778 -0.603846 -0.169928
vn 0.736777 -0.648153 -0.192503
vn 0.948447 -0.279576 -0.149283
vn 0.852581 -0.489335 -0.183461
vn 0.874734 -0.474057 0.100548
vn 0.462075 -0.868481 0.179521
vn 0.849250 -0.525570 0.050493
vn 0.427691 -0.895331 0.124349
vn -0.621290 -0.728392 0.288868
vn -0.610055 -0.764607 0.207865
vn -0.154314 -0.963190 0.220118
vn -0.144108 -0.982461 0.118337
vn -0.854930 -0.463221 0.233497
vn -0.854930 -0.463221 0.233497
vn -0.610055 -0.764607 0.207865
vn -0.576935 -0.805519 0.135224
vn -0.947857 -0.105550 0.300711
vn -0.933250 -0.059867 0.354205
vn -0.950807 0.112363 0.288688
vn -0.928617 0.149810 0.339453
vn -0.892352 0.349518 0.285561
vn -0.908892 0.341739 0.239020
vn -0.928617 0.149810 0.339453
vn -0.950807 0.112363 0.288688
vn -0.824667 0.531905 0.192361
vn -0.826700 0.540993 0.154573
vn -0.892352 0.349518 0.285561
vn -0.908892 0.341739 0.239020
vn 0.528791 0.845850 -0.070132
vn 0.018375 0.928081 -0.371925
vn 0.528791 0.845850 -0.070132
vn 0.793226 0.467671 -0.389970
vn 0.967251 -0.253640 0.009585
vn 0.996180 -0.085006 -0.019984
vn 0.972771 -0.210534 -0.096913
vn 0.984895 -0.173113 0.003764
vn -0.854471 0.355969 0.378372
vn -0.892352 0.349518 0.285561
vn -0.919741 0.180603 0.348509
vn -0.928617 0.149810 0.339453
vn -0.836875 0.499716 0.223439
vn -0.824667 0.531905 0.192361
vn -0.854471 0.355969 0.378372
vn -0.892352 0.349518 0.285561
vn -0.824667 0.531905 0.192361
vn -0.836875 0.499716 0.223439
vn -0.717456 0.691902 0.080796
vn -0.739008 0.615731 0.273389
vn 0.528791 0.845850 -0.070132
vn 0.793226 0.467671 -0.389970
vn 0.956232 0.206539 -0.207273
vn 0.793226 0.467671 -0.389970
vn -0.167645 0.564731 -0.808068
vn -0.602476 0.478253 -0.638982
vn 0.367383 0.101203 -0.924547
vn -0.167645 0.564731 -0.808068
vn 0.367383 0.101203 -0.924547
vn -0.167645 0.564731 -0.808068
vn 0.367383 0.101203 -0.924547
vn 0.739145 -0.515961 -0.432954
vn 0.156991 -0.858992 -0.487326
vn 0.739145 -0.515961 -0.432954
vn 0.739145 -0.515961 -0.432954
vn -0.085682 -0.869726 0.486041
vn 0.739145 -0.515961 -0.432954
vn -0.085682 -0.869726 0.486041
vn 0.453529 -0.563328 0.690633
vn -0.085682 -0.869726 0.486041
vn 0.962165 -0.271491 0.023034
vn 0.994285 -0.104866 0.020001
vn 0.892413 -0.414456 0.178400
vn 0.996180 -0.085006 -0.019984
vn 0.194590 -0.955583 0.221348
vn -0.640348 -0.708357 0.296958
vn -0.156811 -0.945720 0.284649
vn -0.611632 -0.711445 0.346052
vn -0.896125 -0.273939 0.349168
vn -0.867792 -0.345776 0.356897
vn -0.640348 -0.708357 0.296958
vn -0.611632 -0.711445 0.346052
vn -0.928617 0.149810 0.339453
vn -0.933250 -0.059867 0.354205
vn -0.919741 0.180603 0.348509
vn -0.865430 0.068907 0.496269
vn 0.584043 0.674763 -0.451209
vn 0.793226 0.467671 -0.389970
vn -0.127419 0.935027 -0.330892
vn 0.018375 0.928081 -0.371925
vn -0.454167 -0.374258 0.808495
vn -0.635265 -0.117873 0.763246
vn -0.659683 0.063563 0.748851
vn -0.659683 0.063563 0.748851
vn -0.602476 0.478253 -0.638982
vn 0.374319 0.572668 -0.729340
vn -0.167645 0.564731 -0.808068
vn 0.374319 0.572668 -0.729340
vn -0.167645 0.564731 -0.808068
vn 0.374319 0.572668 -0.729340
vn 0.739145 -0.515961 -0.432954
vn 0.374319 0.572668 -0.729340
vn 0.739145 -0.515961 -0.432954
vn 0.374319 0.572668 -0.729340
vn 0.739145 -0.515961 -0.432954
vn 0.817431 -0.401775 -0.412775
vn -0.085682 -0.869726 0.486041
vn -0.214510 -0.751860 0.623451
vn -0.085682 -0.869726 0.486041
vn -0.214510 -0.751860 0.623451
vn 0.908799 -0.416166 -0.029844
vn 0.908799 -0.416166 -0.029844
vn 0.374319 0.572668 -0.729340
vn 0.817431 -0.401775 -0.412775
vn -0.722791 -0.401105 0.562751
vn -0.214510 -0.751860 0.623451
vn 0.305472 -0.537323 0.786111
vn 0.908799 -0.416166 -0.029844
vn -0.635265 -0.117873 0.763246
vn -0.821142 0.077977 0.565372
vn -0.635265 -0.117873 0.763246
vn -0.643823 0.718394 0.263444
vn -0.635265 -0.117873 0.763246
vn -0.643823 0.718394 0.263444
vn -0.635265 -0.117873 0.763246
vn -0.643823 0.718394 0.263444
vn -0.428943 0.892854 -0.137186
vn -0.428943 0.892854 -0.137186
vn 0.374319 0.572668 -0.729340
vn 0.374319 0.572668 -0.729340
vn -0.428943 0.892854 -0.137186
vn 0.908799 -0.416166 -0.029844
vn 0.374319 0.572668 -0.729340
vn 0.374319 0.572668 -0.729340
vn 0.628354 -0.775878 0.056438
vn 0.628354 -0.775878 0.056438
vn 0.194590 -0.955583 0.221348
vn 0.194590 -0.955583 0.221348
vn 0.628354 -0.775878 0.056438
vn -0.872571 -0.402118 0.277345
vn 0.194590 -0.955583 0.221348
vn -0.640348 -0.708357 0.296958
vn -0.872571 -0.402118 0.277345
vn -0.872571 -0.402118 0.277345
vn -0.640348 -0.708357 0.296958
vn -0.896125 -0.273939 0.349168
vn 0.793226 0.467671 -0.389970
vn 0.584043 0.674763 -0.451209
vn 0.793226 0.467671 -0.389970
vn -0.069786 0.991453 -0.110232
vn 0.969202 -0.228672 0.091419
vn 0.885434 -0.449863 0.116750
vn 0.985396 -0.162569 0.050662
vn 0.874734 -0.474057 0.100548
vn 0.885434 -0.449863 0.116750
vn 0.194590 -0.955583 0.221348
vn 0.874734 -0.474057 0.100548
vn 0.462075 -0.868481 0.179521
vn 0.703427 0.055260 0.708617
vn 0.939304 -0.339022 0.052644
vn -0.190725 -0.751303 0.631798
vn 0.979538 -0.188459 -0.070631
vn -0.733737 0.164017 -0.659340
vn 0.866140 -0.227405 0.445072
vn 0.969202 -0.228672 0.091419
vn 0.905596 0.090235 0.414432
vn 0.628354 -0.775878 0.056438
vn 0.628354 -0.775878 0.056438
vn 0.885434 -0.449863 0.116750
vn 0.194590 -0.955583 0.221348
vn -0.190725 -0.751303 0.631798
vn 0.703427 0.055260 0.708617
vn 0.703427 0.055260 0.708617
vn -0.865430 0.068907 0.496269
vn -0.865430 0.068907 0.496269
vn 0.135852 -0.419569 0.897500
vn 0.135852 -0.419569 0.897500
vn 0.111186 -0.098524 0.988904
vn -0.886437 -0.019289 0.462448
vn 0.111186 -0.098524 0.988904
vn -0.854471 0.355969 0.378372
vn 0.703427 0.055260 0.708617
vn 0.703427 0.055260 0.708617
vn -0.739008 0.615731 0.273389
vn -0.739008 0.615731 0.273389
vn 0.336517 0.587546 0.735898
vn 0.336517 0.587546 0.735898
vn 0.936672 -0.343605 0.067687
vn 0.265322 -0.024161 -0.963857
vn 0.017627 -0.988908 0.147481
vn -0.821723 -0.421562 0.383481
vn 0.135852 -0.419569 0.897500
vn -0.865430 0.068907 0.496269
vn -0.865430 0.068907 0.496269
vn -0.821723 -0.421562 0.383481
vn -0.919741 0.180603 0.348509
vn -0.418048 0.901509 0.111883
vn -0.854471 0.355969 0.378372
vn -0.418048 0.901509 0.111883
vn 0.111186 -0.098524 0.988904
vn -0.418048 0.901509 0.111883
vn 0.086286 -0.964331 0.250240
vn -0.802275 -0.319271 0.504402
vn 0.111186 -0.098524 0.988904
vn -0.886437 -0.019289 0.462448
vn -0.886437 -0.019289 0.462448
vn -0.802275 -0.319271 0.504402
vn -0.836875 0.499716 0.223439
vn -0.291957 0.945294 0.145533
vn -0.739008 0.615731 0.273389
vn -0.291957 0.945294 0.145533
vn 0.703427 0.055260 0.708617
vn -0.291957 0.945294 0.145533
vn 0.866140 -0.227405 0.445072
vn 0.135852 -0.419569 0.897500
vn 0.866140 -0.227405 0.445072
vn 0.905596 0.090235 0.414432
vn 0.905596 0.090235 0.414432
vn 0.135852 -0.419569 0.897500
vn 0.135852 -0.419569 0.897500
vn 0.135852 -0.419569 0.897500
vn 0.017627 -0.988908 0.147481
vn 0.135852 -0.419569 0.897500
vn 0.017627 -0.988908 0.147481
vn 0.135852 -0.419569 0.897500
vn 0.111186 -0.098524 0.988904
vn -0.418048 0.901509 0.111883
vn 0.111186 -0.098524 0.988904
vn 0.955822 0.053074 -0.289116
vn 0.336517 0.587546 0.735898
vn 0.111186 -0.098524 0.988904
vn 0.111186 -0.098524 0.988904
vn 0.111186 -0.098524 0.988904
vn 0.086286 -0.964331 0.250240
vn 0.111186 -0.098524 0.988904
vn 0.086286 -0.964331 0.250240
vn 0.336517 0.587546 0.735898
vn 0.703427 0.055260 0.708617
vn 0.703427 0.055260 0.708617
vn 0.959854 -0.001697 -0.280494
vn -0.291957 0.945294 0.145533
vn 0.703427 0.055260 0.708617
vn 0.703427 0.055260 0.708617
vn 0.703427 0.055260 0.708617
vn 0.703427 0.055260 0.708617
vn 0.959854 -0.001697 -0.280494
vn 0.086286 -0.964331 0.250240
vn 0.336517 0.587546 0.735898
vn 0.336517 0.587546 0.735898
vn -0.291957 0.945294 0.145533
vn 0.036801 0.812096 0.582363
vn 0.959854 -0.001697 -0.280494
vn 0.619402 0.008880 -0.785024
vn 0.619402 0.008880 -0.785024
vn 0.100114 -0.886547 -0.451676
vn 0.959854 -0.001697 -0.280494
vn 0.086286 -0.964331 0.250240
vn 0.100114 -0.886547 -0.451676
vn -0.468063 -0.704505 0.533469
vn 0.086286 -0.964331 0.250240
vn 0.086286 -0.964331 0.250240
vn -0.468063 -0.704505 0.533469
vn -0.468063 -0.704505 0.533469
vn 0.086286 -0.964331 0.250240
vn -0.802275 -0.319271 0.504402
vn -0.468063 -0.704505 0.533469
vn 0.036801 0.812096 0.582363
vn -0.802275 -0.319271 0.504402
vn -0.291957 0.945294 0.145533
vn -0.291957 0.945294 0.145533
vn 0.036801 0.812096 0.582363
vn -0.291957 0.945294 0.145533
vn 0.036801 0.812096 0.582363
vn -0.315531 -0.658189 -0.683541
vn -0.315531 -0.658189 -0.683541
vn 0.100114 -0.886547 -0.451676
vn -0.468063 -0.704505 0.533469
vn -0.468063 -0.704505 0.533469
vn -0.315531 -0.658189 -0.683541
vn -0.468063 -0.704505 0.533469
vn -0.105757 -0.993743 0.035909
vn -0.468063 -0.704505 0.533469
vn -0.105757 -0.993743 0.035909
vn 0.036801 0.812096 0.582363
vn 0.969324 -0.060369 -0.238256
vn 0.036801 0.812096 0.582363
vn 0.538417 0.792492 0.286467
vn 0.036801 0.812096 0.582363
vn 0.538417 0.792492 0.286467
vn 0.036801 0.812096 0.582363
vn 0.538417 0.792492 0.286467
vn 0.619402 0.008880 -0.785024
vn 0.179435 0.190822 -0.965085
vn 0.179435 0.190822 -0.965085
vn -0.315531 -0.658189 -0.683541
vn 0.619402 0.008880 -0.785024
vn 0.100114 -0.886547 -0.451676
vn 0.955822 0.053074 -0.289116
vn 0.017627 -0.988908 0.147481
vn 0.866140 -0.227405 0.445072
vn 0.135852 -0.419569 0.897500
vn -0.418048 0.901509 0.111883
vn 0.003162 0.834006 0.551746
vn 0.955822 0.053074 -0.289116
vn 0.598178 0.032804 -0.800692
vn 0.598178 0.032804 -0.800692
vn 0.112871 -0.897027 -0.427321
vn 0.955822 0.053074 -0.289116
vn 0.017627 -0.988908 0.147481
vn 0.112871 -0.897027 -0.427321
vn -0.437502 -0.702009 0.561938
vn 0.017627 -0.988908 0.147481
vn 0.017627 -0.988908 0.147481
vn -0.437502 -0.702009 0.561938
vn -0.437502 -0.702009 0.561938
vn 0.017627 -0.988908 0.147481
vn -0.821723 -0.421562 0.383481
vn -0.437502 -0.702009 0.561938
vn 0.003162 0.834006 0.551746
vn -0.821723 -0.421562 0.383481
vn -0.418048 0.901509 0.111883
vn -0.418048 0.901509 0.111883
vn 0.003162 0.834006 0.551746
vn -0.418048 0.901509 0.111883
vn 0.003162 0.834006 0.551746
vn 0.703427 0.055260 0.708617
vn -0.142156 -0.931359 0.335206
vn 0.703427 0.055260 0.708617
vn -0.142156 -0.931359 0.335206
vn -0.142156 -0.931359 0.335206
vn -0.660905 0.314952 0.681183
vn 0.703427 0.055260 0.708617
vn -0.739008 0.615731 0.273389
vn -0.739008 0.615731 0.273389
vn -0.660905 0.314952 0.681183
vn -0.732128 0.677858 0.067053
vn -0.660905 0.314952 0.681183
vn 0.301327 0.918497 -0.256057
vn 0.301327 0.918497 -0.256057
vn -0.127419 0.935027 -0.330892
vn 0.584043 0.674763 -0.451209
vn 0.301327 0.918497 -0.256057
vn 0.776232 -0.351460 -0.523393
vn 0.584043 0.674763 -0.451209
vn -0.069786 0.991453 -0.110232
vn 0.703427 0.055260 0.708617
vn -0.190725 -0.751303 0.631798
vn -0.142156 -0.931359 0.335206
vn 0.776232 -0.351460 -0.523393
vn -0.660905 0.314952 0.681183
vn -0.317622 -0.135418 0.938498
vn -0.660905 0.314952 0.681183
vn -0.317622 -0.135418 0.938498
vn 0.600049 0.688547 -0.407239
vn 0.301327 0.918497 -0.256057
vn 0.600049 0.688547 -0.407239
vn 0.301327 0.918497 -0.256057
vn 0.600049 0.688547 -0.407239
vn 0.776232 -0.351460 -0.523393
vn 0.600049 0.688547 -0.407239
vn 0.301327 0.918497 -0.256057
vn 0.010067 -0.837665 -0.546092
vn 0.010067 -0.837665 -0.546092
vn 0.776232 -0.351460 -0.523393
vn -0.142156 -0.931359 0.335206
vn 0.010067 -0.837665 -0.546092
vn -0.317622 -0.135418 0.938498
vn -0.142156 -0.931359 0.335206
vn -0.142156 -0.931359 0.335206
vn -0.317622 -0.135418 0.938498
vn -0.660905 0.314952 0.681183
vn -0.317622 -0.135418 0.938498
vn -0.142156 -0.931359 0.335206
vn -0.726921 -0.512838 0.456709
vn -0.726921 -0.512838 0.456709
vn 0.010067 -0.837665 -0.546092
vn -0.317622 -0.135418 0.938498
vn -0.317622 -0.135418 0.938498
vn -0.726921 -0.512838 0.456709
vn -0.317622 -0.135418 0.938498
vn -0.056571 -0.686868 0.724578
vn -0.317622 -0.135418 0.938498
vn -0.056571 -0.686868 0.724578
vn -0.317622 -0.135418 0.938498
vn 0.850477 -0.422250 -0.313679
vn 0.600049 0.688547 -0.407239
vn 0.716515 0.673833 -0.180430
vn 0.600049 0.688547 -0.407239
vn 0.716515 0.673833 -0.180430
vn 0.600049 0.688547 -0.407239
vn 0.716515 0.673833 -0.180430
vn 0.600049 0.688547 -0.407239
vn -0.007868 -0.207371 -0.978231
vn 0.010067 -0.837665 -0.546092
vn -0.007868 -0.207371 -0.978231
vn 0.010067 -0.837665 -0.546092
vn -0.726921 -0.512838 0.456709
vn -0.007868 -0.207371 -0.978231
vn 0.850477 -0.422250 -0.313679
vn -0.726921 -0.512838 0.456709
vn 0.850477 -0.422250 -0.313679
vn -0.056571 -0.686868 0.724578
vn -0.726921 -0.512838 0.456709
vn 0.850477 -0.422250 -0.313679
vn -0.726921 -0.512838 0.456709
vn -0.056571 -0.686868 0.724578
vn -0.056571 -0.686868 0.724578
vn -0.726921 -0.512838 0.456709
vn 0.850477 -0.422250 -0.313679
vn 0.850477 -0.422250 -0.313679
vn 0.716515 0.673833 -0.180430
vn 0.716515 0.673833 -0.180430
vn 0.850477 -0.422250 -0.313679
vn 0.850477 -0.422250 -0.313679
vn 0.716515 0.673833 -0.180430
vn -0.007868 -0.207371 -0.978231
vn -0.056571 -0.686868 0.724578
vn 0.850477 -0.422250 -0.313679
vn 0.850477 -0.422250 -0.313679
vn 0.850477 -0.422250 -0.313679
vn -0.056571 -0.686868 0.724578
vn -0.056571 -0.686868 0.724578
vn 0.850477 -0.422250 -0.313679
vn 0.850477 -0.422250 -0.313679
vn 0.310661 -0.928066 -0.205386
vn 0.310661 -0.928066 -0.205386
vn 0.628354 -0.775878 0.056438
vn 0.628354 -0.775878 0.056438
vn 0.310661 -0.928066 -0.205386
vn -0.687091 -0.692005 0.221440
vn 0.628354 -0.775878 0.056438
vn -0.872571 -0.402118 0.277345
vn -0.687091 -0.692005 0.221440
vn -0.560639 0.680945 0.471167
vn -0.872571 -0.402118 0.277345
vn -0.872571 -0.402118 0.277345
vn -0.865430 0.068907 0.496269
vn -0.560639 0.680945 0.471167
vn 0.135852 -0.419569 0.897500
vn -0.560639 0.680945 0.471167
vn 0.135852 -0.419569 0.897500
vn -0.560639 0.680945 0.471167
vn 0.905596 0.090235 0.414432
vn 0.878523 0.397067 -0.265583
vn 0.878523 0.397067 -0.265583
vn 0.310661 -0.928066 -0.205386
vn 0.628354 -0.775878 0.056438
vn 0.628354 -0.775878 0.056438
vn -0.687091 -0.692005 0.221440
vn -0.351005 -0.834772 0.424206
vn -0.560639 0.680945 0.471167
vn 0.852879 -0.111847 0.509988
vn -0.560639 0.680945 0.471167
vn 0.443420 0.874285 0.197496
vn -0.560639 0.680945 0.471167
vn 0.443420 0.874285 0.197496
vn -0.560639 0.680945 0.471167
vn 0.443420 0.874285 0.197496
vn 0.878523 0.397067 -0.265583
vn 0.443420 0.874285 0.197496
vn 0.604108 0.067547 -0.794035
vn 0.143406 -0.914325 -0.378742
vn 0.878523 0.397067 -0.265583
vn 0.310661 -0.928066 -0.205386
vn 0.143406 -0.914325 -0.378742
vn 0.143406 -0.914325 -0.378742
vn 0.310661 -0.928066 -0.205386
vn 0.310661 -0.928066 -0.205386
vn 0.310661 -0.928066 -0.205386
vn 0.143406 -0.914325 -0.378742
vn -0.687091 -0.692005 0.221440
vn -0.351005 -0.834772 0.424206
vn 0.691135 -0.178428 -0.700354
vn 0.751685 -0.144274 -0.643548
vn 0.438086 0.379543 -0.814879
vn 0.480521 0.477922 -0.735317
vn 0.384105 0.486392 -0.784784
vn 0.365632 0.423468 -0.828847
vn 0.022233 0.813309 -0.581407
vn 0.020987 0.766920 -0.641399
vn 0.929081 -0.158852 0.334028
vn 0.929081 -0.158852 0.334028
vn 0.733056 -0.336698 0.590984
vn 0.733056 -0.336698 0.590984
vn 0.739145 -0.515961 -0.432954
vn 0.453529 -0.563328 0.690633
vn 0.801816 -0.557450 0.215269
vn 0.801816 -0.557450 0.215269
vn 0.739145 -0.515961 -0.432954
vn 0.156991 -0.858992 -0.487326
vn 0.801816 -0.557450 0.215269
vn 0.739145 -0.515961 -0.432954
vn 0.384105 0.486392 -0.784784
vn 0.367383 0.101203 -0.924547
vn 0.367383 0.101203 -0.924547
vn 0.367383 0.101203 -0.924547
vn 0.022233 0.813309 -0.581407
vn -0.167645 0.564731 -0.808068
vn 0.384105 0.486392 -0.784784
vn 0.367383 0.101203 -0.924547
vn 0.528791 0.845850 -0.070132
vn 0.528791 0.845850 -0.070132
vn 0.528791 0.845850 -0.070132
vn -0.068818 0.986937 0.145667
vn 0.528791 0.845850 -0.070132
vn 0.528791 0.845850 -0.070132
vn 0.528791 0.845850 -0.070132
vn 0.528791 0.845850 -0.070132
vn 0.574068 -0.052998 0.817090
vn 0.929081 -0.158852 0.334028
vn 0.574068 -0.052998 0.817090
vn 0.733056 -0.336698 0.590984
vn 0.392123 0.372927 -0.840931
vn 0.438086 0.379543 -0.814879
vn 0.062386 0.742061 -0.667423
vn 0.041489 0.761325 -0.647042
vn -0.631585 0.758142 -0.162240
vn -0.355059 0.887309 -0.294305
vn -0.510236 0.769038 -0.385020
vn -0.239441 0.865804 -0.439376
vn 0.801816 -0.557450 0.215269
vn 0.801816 -0.557450 0.215269
vn 0.801816 -0.557450 0.215269
vn 0.680294 -0.641208 0.355038
vn 0.365632 0.423468 -0.828847
vn 0.384105 0.486392 -0.784784
vn 0.652315 -0.043552 -0.756695
vn 0.367383 0.101203 -0.924547
vn 0.892413 -0.414456 0.178400
vn 0.929081 -0.158852 0.334028
vn 0.892413 -0.414456 0.178400
vn 0.918736 -0.385940 0.083514
vn 0.929081 -0.158852 0.334028
vn 0.929081 -0.158852 0.334028
vn 0.733056 -0.336698 0.590984
vn 0.733056 -0.336698 0.590984
vn 0.480521 0.477922 -0.735317
vn 0.480521 0.477922 -0.735317
vn -0.083029 0.824569 -0.559635
vn -0.083029 0.824569 -0.559635
vn 0.480521 0.477922 -0.735317
vn 0.480521 0.477922 -0.735317
vn 0.747808 -0.020550 -0.663597
vn 0.751685 -0.144274 -0.643548
vn 0.747808 -0.020550 -0.663597
vn 0.751685 -0.144274 -0.643548
vn 0.782086 -0.381226 -0.492959
vn 0.799399 -0.479218 -0.362370
vn 0.782086 -0.381226 -0.492959
vn 0.799399 -0.479218 -0.362370
vn 0.764600 -0.530750 -0.365639
vn 0.852581 -0.489335 -0.183461
vn 0.764600 -0.530750 -0.365639
vn 0.852581 -0.489335 -0.183461
vn 0.678343 -0.681130 -0.275522
vn 0.736777 -0.648153 -0.192503
vn 0.678343 -0.681130 -0.275522
vn 0.736777 -0.648153 -0.192503
vn 0.487213 -0.854546 -0.179930
vn 0.467075 -0.870516 -0.155057
vn 0.040085 -0.998850 -0.026296
vn 0.169992 -0.984154 -0.050438
vn 0.467075 -0.870516 -0.155057
vn 0.487213 -0.854546 -0.179930
vn -0.468902 -0.872288 0.138726
vn -0.300658 -0.944068 0.135426
vn 0.040085 -0.998850 -0.026296
vn 0.169992 -0.984154 -0.050438
vn -0.733004 -0.629801 0.257012
vn -0.804198 -0.550408 0.224315
vn -0.902454 -0.228413 0.365246
vn -0.978205 -0.107047 0.177922
vn -0.977676 0.203795 0.051163
vn -0.977676 0.203795 0.051163
vn -0.839809 0.522639 -0.146865
vn -0.839809 0.522639 -0.146865
vn -0.839809 0.522639 -0.146865
vn -0.839809 0.522639 -0.146865
vn -0.548585 0.774267 -0.315540
vn -0.510236 0.769038 -0.385020
vn 0.929081 -0.158852 0.334028
vn 0.929081 -0.158852 0.334028
vn 0.918736 -0.385940 0.083514
vn 0.979944 -0.192358 -0.052037
vn 0.985396 -0.162569 0.050662
vn 0.874734 -0.474057 0.100548
vn 0.984895 -0.173113 0.003764
vn 0.849250 -0.525570 0.050493
vn -0.190725 -0.751303 0.631798
vn -0.069786 0.991453 -0.110232
vn 0.776232 -0.351460 -0.523393
vn 0.776232 -0.351460 -0.523393
vn 0.600049 0.688547 -0.407239
vn 0.010067 -0.837665 -0.546092
vn 0.776232 -0.351460 -0.523393
vn 0.776232 -0.351460 -0.523393
vn 0.600049 0.688547 -0.407239
vn -0.007868 -0.207371 -0.978231
vn 0.010067 -0.837665 -0.546092
vn -0.007868 -0.207371 -0.978231
vn -0.007868 -0.207371 -0.978231
vn 0.850477 -0.422250 -0.313679
vn -0.007868 -0.207371 -0.978231
vn 0.850477 -0.422250 -0.313679
vn 0.850477 -0.422250 -0.313679
vn 0.850477 -0.422250 -0.313679
vn 0.850477 -0.422250 -0.313679
vn 0.850477 -0.422250 -0.313679
vn 0.850477 -0.422250 -0.313679
vn 0.850477 -0.422250 -0.313679
vn 0.850477 -0.422250 -0.313679
vn 0.850477 -0.422250 -0.313679
vn 0.850477 -0.422250 -0.313679
vn 0.850477 -0.422250 -0.313679
vn 0.716515 0.673833 -0.180430
vn 0.850477 -0.422250 -0.313679
vn 0.716515 0.673833 -0.180430
vn -0.317622 -0.135418 0.938498
vn 0.600049 0.688547 -0.407239
vn -0.317622 -0.135418 0.938498
vn 0.600049 0.688547 -0.407239
vn -0.660905 0.314952 0.681183
vn 0.301327 0.918497 -0.256057
vn -0.660905 0.314952 0.681183
vn 0.301327 0.918497 -0.256057
vn -0.732128 0.677858 0.067053
vn -0.127419 0.935027 -0.330892
vn -0.547209 0.830818 -0.101504
vn -0.732128 0.677858 0.067053
vn 0.018375 0.928081 -0.371925
vn -0.127419 0.935027 -0.330892
vn -0.270510 0.937913 -0.217128
vn -0.154246 0.901234 -0.404952
vn -0.355059 0.887309 -0.294305
vn -0.148777 0.872876 -0.464708
vn 0.959854 -0.001697 -0.280494
vn 0.959854 -0.001697 -0.280494
vn 0.703427 0.055260 0.708617
vn 0.336517 0.587546 0.735898
vn 0.959854 -0.001697 -0.280494
vn 0.619402 0.008880 -0.785024
vn 0.959854 -0.001697 -0.280494
vn 0.619402 0.008880 -0.785024
vn 0.619402 0.008880 -0.785024
vn 0.179435 0.190822 -0.965085
vn 0.619402 0.008880 -0.785024
vn 0.179435 0.190822 -0.965085
vn 0.969324 -0.060369 -0.238256
vn 0.538417 0.792492 0.286467
vn 0.036801 0.812096 0.582363
vn 0.036801 0.812096 0.582363
vn -0.291957 0.945294 0.145533
vn 0.036801 0.812096 0.582363
vn -0.291957 0.945294 0.145533
vn 0.036801 0.812096 0.582363
vn -0.291957 0.945294 0.145533
vn -0.291957 0.945294 0.145533
vn -0.836875 0.499716 0.223439
vn -0.739008 0.615731 0.273389
vn 0.336517 0.587546 0.735898
vn 0.866140 -0.227405 0.445072
vn 0.265322 -0.024161 -0.963857
vn -0.733737 0.164017 -0.659340
vn 0.866140 -0.227405 0.445072
vn 0.866140 -0.227405 0.445072
vn 0.111186 -0.098524 0.988904
vn 0.336517 0.587546 0.735898
vn 0.955822 0.053074 -0.289116
vn 0.955822 0.053074 -0.289116
vn 0.111186 -0.098524 0.988904
vn 0.866140 -0.227405 0.445072
vn 0.955822 0.053074 -0.289116
vn 0.598178 0.032804 -0.800692
vn 0.955822 0.053074 -0.289116
vn 0.598178 0.032804 -0.800692
vn -0.418048 0.901509 0.111883
vn 0.003162 0.834006 0.551746
vn -0.418048 0.901509 0.111883
vn 0.003162 0.834006 0.551746
vn -0.919741 0.180603 0.348509
vn -0.418048 0.901509 0.111883
vn -0.854471 0.355969 0.378372
vn -0.418048 0.901509 0.111883
vn 0.905596 0.090235 0.414432
vn 0.878523 0.397067 -0.265583
vn 0.628354 -0.775878 0.056438
vn 0.878523 0.397067 -0.265583
vn 0.443420 0.874285 0.197496
vn 0.604108 0.067547 -0.794035
vn 0.878523 0.397067 -0.265583
vn 0.878523 0.397067 -0.265583
vn 0.852879 -0.111847 0.509988
vn 0.443420 0.874285 0.197496
vn -0.560639 0.680945 0.471167
vn -0.560639 0.680945 0.471167
vn -0.560639 0.680945 0.471167
vn -0.560639 0.680945 0.471167
vn -0.872571 -0.402118 0.277345
vn -0.865430 0.068907 0.496269
vn -0.896125 -0.273939 0.349168
vn -0.872571 -0.402118 0.277345
vn -0.865430 0.068907 0.496269
vn -0.865430 0.068907 0.496269
vn -0.867792 -0.345776 0.356897
vn -0.896125 -0.273939 0.349168
vn -0.933250 -0.059867 0.354205
vn -0.865430 0.068907 0.496269
vn -0.871414 -0.383410 0.305997
vn -0.867792 -0.345776 0.356897
vn -0.947857 -0.105550 0.300711
vn -0.933250 -0.059867 0.354205
vn 0.979944 -0.192358 -0.052037
vn 0.979538 -0.188459 -0.070631
vn 0.979944 -0.192358 -0.052037
vn 0.939304 -0.339022 0.052644
vn 0.956232 0.206539 -0.207273
vn 0.793226 0.467671 -0.389970
vn 0.979944 -0.192358 -0.052037
vn 0.979538 -0.188459 -0.070631
vn 0.979944 -0.192358 -0.052037
vn 0.929081 -0.158852 0.334028
vn 0.956232 0.206539 -0.207273
vn 0.929081 -0.158852 0.334028
vn 0.984895 -0.173113 0.003764
vn 0.849250 -0.525570 0.050493
vn 0.972771 -0.210534 -0.096913
vn 0.816847 -0.572412 -0.071449
vn -0.156106 0.941074 -0.300017
vn -0.843429 0.494198 -0.210701
vn 0.022233 0.813309 -0.581407
vn -0.167645 0.564731 -0.808068
vn -0.167645 0.564731 -0.808068
vn -0.843429 0.494198 -0.210701
vn -0.602476 0.478253 -0.638982
vn -0.912783 -0.397512 0.093869
vn -0.912783 -0.397512 0.093869
vn -0.635265 -0.117873 0.763246
vn -0.602476 0.478253 -0.638982
vn 0.374319 0.572668 -0.729340
vn -0.635265 -0.117873 0.763246
vn -0.643823 0.718394 0.263444
vn 0.374319 0.572668 -0.729340
vn -0.428943 0.892854 -0.137186
vn -0.085682 -0.869726 0.486041
vn -0.085682 -0.869726 0.486041
vn -0.722791 -0.401105 0.562751
vn -0.214510 -0.751860 0.623451
vn -0.085682 -0.869726 0.486041
vn -0.085682 -0.869726 0.486041
vn 0.453529 -0.563328 0.690633
vn 0.574068 -0.052998 0.817090
vn 0.680294 -0.641208 0.355038
vn 0.680294 -0.641208 0.355038
vn 0.733056 -0.336698 0.590984
vn 0.733056 -0.336698 0.590984
vn 0.818295 -0.560412 0.127794
vn 0.680294 -0.641208 0.355038
vn 0.595726 -0.699048 0.395529
vn 0.733056 -0.336698 0.590984
vn -0.967744 0.032888 0.249781
vn -0.967744 0.032888 0.249781
vn -0.950972 0.271703 0.147752
vn -0.936060 0.294292 0.192830
vn -0.083029 0.824569 -0.559635
vn -0.083029 0.824569 -0.559635
vn -0.510236 0.769038 -0.385020
vn -0.548585 0.774267 -0.315540
vn -0.839809 0.522639 -0.146865
vn -0.381986 0.528388 0.758217
vn -0.977676 0.203795 0.051163
vn -0.662782 0.157694 0.732020
vn -0.902454 -0.228413 0.365246
vn -0.902454 -0.228413 0.365246
vn -0.662782 0.157694 0.732020
vn -0.977676 0.203795 0.051163
vn -0.902454 -0.228413 0.365246
vn -0.902454 -0.228413 0.365246
vn -0.733004 -0.629801 0.257012
vn -0.637557 -0.704973 0.310699
vn -0.733004 -0.629801 0.257012
vn -0.637557 -0.704973 0.310699
vn -0.300658 -0.944068 0.135426
vn -0.251625 -0.965173 0.071591
vn -0.300658 -0.944068 0.135426
vn -0.251625 -0.965173 0.071591
vn 0.169992 -0.984154 -0.050438
vn 0.152140 -0.977570 -0.145635
vn 0.169992 -0.984154 -0.050438
vn 0.152140 -0.977570 -0.145635
vn 0.487213 -0.854546 -0.179930
vn 0.442274 -0.840629 -0.312630
vn 0.615259 -0.647715 -0.449357
vn 0.678343 -0.681130 -0.275522
vn 0.442274 -0.840629 -0.312630
vn 0.487213 -0.854546 -0.179930
vn 0.691032 -0.466503 -0.552132
vn 0.764600 -0.530750 -0.365639
vn 0.615259 -0.647715 -0.449357
vn 0.678343 -0.681130 -0.275522
vn 0.708117 -0.320545 -0.629143
vn 0.782086 -0.381226 -0.492959
vn 0.691032 -0.466503 -0.552132
vn 0.764600 -0.530750 -0.365639
vn 0.747808 -0.020550 -0.663597
vn 0.747808 -0.020550 -0.663597
vn 0.708117 -0.320545 -0.629143
vn 0.782086 -0.381226 -0.492959
vn 0.609061 0.700079 -0.372740
vn 0.480521 0.477922 -0.735317
vn 0.747808 -0.020550 -0.663597
vn 0.747808 -0.020550 -0.663597
vn 0.480521 0.477922 -0.735317
vn 0.609061 0.700079 -0.372740
vn -0.083029 0.824569 -0.559635
vn 0.267447 0.946337 0.181433
vn -0.083029 0.824569 -0.559635
vn 0.267447 0.946337 0.181433
vn -0.548585 0.774267 -0.315540
vn -0.051145 0.820863 0.568830
vn -0.381986 0.528388 0.758217
vn -0.839809 0.522639 -0.146865
vn -0.051145 0.820863 0.568830
vn -0.548585 0.774267 -0.315540
vn -0.854930 -0.463221 0.233497
vn -0.804198 -0.550408 0.224315
vn -0.576935 -0.805519 0.135224
vn -0.468902 -0.872288 0.138726
vn -0.950972 0.271703 0.147752
vn -0.832943 0.553207 -0.012937
vn -0.977676 0.203795 0.051163
vn -0.839809 0.522639 -0.146865
vn 0.595726 -0.699048 0.395529
vn 0.733056 -0.336698 0.590984
vn 0.892413 -0.414456 0.178400
vn 0.929081 -0.158852 0.334028
vn 0.818295 -0.560412 0.127794
vn 0.818295 -0.560412 0.127794
vn 0.967251 -0.253640 0.009585
vn 0.595726 -0.699048 0.395529
vn 0.652315 -0.043552 -0.756695
vn 0.367383 0.101203 -0.924547
vn 0.769201 -0.414563 -0.486279
vn 0.739145 -0.515961 -0.432954
vn 0.367383 0.101203 -0.924547
vn 0.367383 0.101203 -0.924547
vn 0.739145 -0.515961 -0.432954
vn 0.156991 -0.858992 -0.487326
vn 0.739145 -0.515961 -0.432954
vn 0.156991 -0.858992 -0.487326
vn 0.739145 -0.515961 -0.432954
vn 0.367383 0.101203 -0.924547
vn 0.908799 -0.416166 -0.029844
vn 0.908799 -0.416166 -0.029844
vn -0.214510 -0.751860 0.623451
vn -0.214510 -0.751860 0.623451
vn 0.739145 -0.515961 -0.432954
vn 0.817431 -0.401775 -0.412775
vn -0.085682 -0.869726 0.486041
vn -0.214510 -0.751860 0.623451
vn -0.821142 0.077977 0.565372
vn -0.635265 -0.117873 0.763246
vn -0.821142 0.077977 0.565372
vn -0.454167 -0.374258 0.808495
vn 0.712515 -0.505414 -0.486703
vn 0.731520 -0.527514 -0.431981
vn 0.643319 -0.128627 -0.754716
vn 0.691135 -0.178428 -0.700354
vn 0.680294 -0.641208 0.355038
vn 0.818295 -0.560412 0.127794
vn 0.686997 -0.714323 -0.133334
vn 0.666580 -0.735232 -0.122907
vn 0.643319 -0.128627 -0.754716
vn 0.691135 -0.178428 -0.700354
vn 0.392123 0.372927 -0.840931
vn 0.438086 0.379543 -0.814879
vn 0.652315 -0.043552 -0.756695
vn 0.643319 -0.128627 -0.754716
vn 0.365632 0.423468 -0.828847
vn 0.392123 0.372927 -0.840931
vn 0.979944 -0.192358 -0.052037
vn 0.939304 -0.339022 0.052644
vn 0.918736 -0.385940 0.083514
vn 0.936672 -0.343605 0.067687
vn 0.979944 -0.192358 -0.052037
vn 0.979944 -0.192358 -0.052037
vn 0.979944 -0.192358 -0.052037
vn 0.956232 0.206539 -0.207273
vn 0.918736 -0.385940 0.083514
vn 0.979944 -0.192358 -0.052037
vn 0.918736 -0.385940 0.083514
vn 0.979944 -0.192358 -0.052037
vn -0.190725 -0.751303 0.631798
vn 0.979538 -0.188459 -0.070631
vn -0.069786 0.991453 -0.110232
vn 0.793226 0.467671 -0.389970
vn -0.821142 0.077977 0.565372
vn 0.013447 0.550469 0.834747
vn -0.821142 0.077977 0.565372
vn -0.821142 0.077977 0.565372
vn -0.454167 -0.374258 0.808495
vn -0.722791 -0.401105 0.562751
vn -0.821142 0.077977 0.565372
vn 0.305472 -0.537323 0.786111
vn 0.908799 -0.416166 -0.029844
vn 0.908799 -0.416166 -0.029844
vn 0.697209 0.169710 0.696489
vn 0.908799 -0.416166 -0.029844
vn 0.966933 0.103607 -0.233036
vn 0.413613 0.671825 0.614472
vn 0.003162 0.834006 0.551746
vn 0.003162 0.834006 0.551746
vn 0.413613 0.671825 0.614472
vn -0.315531 -0.658189 -0.683541
vn 0.003162 0.834006 0.551746
vn 0.003162 0.834006 0.551746
vn -0.315531 -0.658189 -0.683541
vn 0.109629 0.227685 -0.967544
vn 0.003162 0.834006 0.551746
vn 0.598178 0.032804 -0.800692
vn 0.109629 0.227685 -0.967544
vn 0.109629 0.227685 -0.967544
vn 0.598178 0.032804 -0.800692
vn 0.598178 0.032804 -0.800692
vn 0.109629 0.227685 -0.967544
vn -0.281366 -0.912139 -0.298053
vn 0.598178 0.032804 -0.800692
vn 0.112871 -0.897027 -0.427321
vn 0.112871 -0.897027 -0.427321
vn -0.281366 -0.912139 -0.298053
vn -0.437502 -0.702009 0.561938
vn -0.281366 -0.912139 -0.298053
vn -0.437502 -0.702009 0.561938
vn -0.281366 -0.912139 -0.298053
vn -0.437502 -0.702009 0.561938
vn 0.094852 -0.995010 0.030957
vn -0.437502 -0.702009 0.561938
vn 0.094852 -0.995010 0.030957
vn 0.003162 0.834006 0.551746
vn 0.966933 0.103607 -0.233036
vn -0.497649 0.864944 -0.064939
vn -0.537047 0.842348 -0.045064
vn -0.717456 0.691902 0.080796
vn -0.720051 0.691233 0.061021
vn -0.497649 0.864944 -0.064939
vn -0.547209 0.830818 -0.101504
vn -0.103031 0.969651 -0.221725
vn 0.018375 0.928081 -0.371925
vn -0.571406 0.818781 -0.055610
vn -0.537047 0.842348 -0.045064
vn -0.270510 0.937913 -0.217128
vn -0.233230 0.961105 -0.147925
vn -0.510236 0.769038 -0.385020
vn -0.839809 0.522639 -0.146865
vn -0.631585 0.758142 -0.162240
vn -0.832943 0.553207 -0.012937
vn -0.497649 0.864944 -0.064939
vn -0.717456 0.691902 0.080796
vn -0.547209 0.830818 -0.101504
vn -0.739008 0.615731 0.273389
vn -0.717456 0.691902 0.080796
vn -0.720051 0.691233 0.061021
vn -0.824667 0.531905 0.192361
vn -0.826700 0.540993 0.154573
vn 0.528791 0.845850 -0.070132
vn -0.068818 0.986937 0.145667
vn -0.120405 0.979602 -0.160883
vn -0.068818 0.986937 0.145667
vn -0.103031 0.969651 -0.221725
vn -0.233230 0.961105 -0.147925
vn -0.497649 0.864944 -0.064939
vn -0.537047 0.842348 -0.045064
vn 0.574068 -0.052998 0.817090
vn -0.659683 0.063563 0.748851
vn 0.528791 0.845850 -0.070132
vn 0.528791 0.845850 -0.070132
vn -0.068818 0.986937 0.145667
vn 0.528791 0.845850 -0.070132
vn -0.659683 0.063563 0.748851
vn -0.659683 0.063563 0.748851
vn 0.731520 -0.527514 -0.431981
vn 0.799399 -0.479218 -0.362370
vn 0.691135 -0.178428 -0.700354
vn 0.751685 -0.144274 -0.643548
vn 0.666580 -0.735232 -0.122907
vn 0.832264 -0.552946 -0.039850
vn 0.731520 -0.527514 -0.431981
vn 0.799399 -0.479218 -0.362370
vn 0.686997 -0.714323 -0.133334
vn 0.666580 -0.735232 -0.122907
vn 0.712515 -0.505414 -0.486703
vn 0.731520 -0.527514 -0.431981
vn 0.712515 -0.505414 -0.486703
vn 0.769201 -0.414563 -0.486279
vn 0.686997 -0.714323 -0.133334
vn 0.801816 -0.557450 0.215269
vn 0.739145 -0.515961 -0.432954
vn 0.801816 -0.557450 0.215269
vn 0.769201 -0.414563 -0.486279
vn 0.801816 -0.557450 0.215269
vn 0.733056 -0.336698 0.590984
vn 0.733056 -0.336698 0.590984
vn 0.801816 -0.557450 0.215269
vn 0.680294 -0.641208 0.355038
vn 0.801816 -0.557450 0.215269
vn 0.453529 -0.563328 0.690633
vn 0.733056 -0.336698 0.590984
vn 0.574068 -0.052998 0.817090
vn 0.801816 -0.557450 0.215269
vn 0.680294 -0.641208 0.355038
vn 0.686997 -0.714323 -0.133334
vn 0.680294 -0.641208 0.355038
vn 0.892413 -0.414456 0.178400
vn 0.967251 -0.253640 0.009585
vn 0.892413 -0.414456 0.178400
vn 0.595726 -0.699048 0.395529
vn -0.144108 -0.982461 0.118337
vn 0.407831 -0.913050 0.003756
vn -0.154314 -0.963190 0.220118
vn 0.427691 -0.895331 0.124349
vn -0.804198 -0.550408 0.224315
vn -0.733004 -0.629801 0.257012
vn -0.468902 -0.872288 0.138726
vn -0.300658 -0.944068 0.135426
vn 0.962165 -0.271491 0.023034
vn 0.918736 -0.385940 0.083514
vn 0.265322 -0.024161 -0.963857
vn 0.936672 -0.343605 0.067687
vn 0.408077 -0.905849 -0.113624
vn 0.467075 -0.870516 -0.155057
vn 0.778778 -0.603846 -0.169928
vn 0.736777 -0.648153 -0.192503
vn -0.610055 -0.764607 0.207865
vn -0.621290 -0.728392 0.288868
vn -0.854930 -0.463221 0.233497
vn -0.871414 -0.383410 0.305997
vn 0.832264 -0.552946 -0.039850
vn 0.852581 -0.489335 -0.183461
vn 0.832264 -0.552946 -0.039850
vn 0.799399 -0.479218 -0.362370
vn 0.467075 -0.870516 -0.155057
vn 0.408077 -0.905849 -0.113624
vn 0.040085 -0.998850 -0.026296
vn -0.109671 -0.993862 0.014506
vn -0.144108 -0.982461 0.118337
vn -0.109671 -0.993862 0.014506
vn 0.407831 -0.913050 0.003756
vn 0.408077 -0.905849 -0.113624
vn 0.905596 0.090235 0.414432
vn 0.628354 -0.775878 0.056438
vn 0.969202 -0.228672 0.091419
vn 0.885434 -0.449863 0.116750
vn -0.733737 0.164017 -0.659340
vn 0.969202 -0.228672 0.091419
vn 0.994285 -0.104866 0.020001
vn 0.985396 -0.162569 0.050662
vn 0.994285 -0.104866 0.020001
vn 0.985396 -0.162569 0.050662
vn 0.996180 -0.085006 -0.019984
vn 0.984895 -0.173113 0.003764
vn 0.939304 -0.339022 0.052644
vn 0.703427 0.055260 0.708617
vn 0.936672 -0.343605 0.067687
vn 0.336517 0.587546 0.735898
vn 0.265322 -0.024161 -0.963857
vn -0.733737 0.164017 -0.659340
vn 0.962165 -0.271491 0.023034
vn 0.994285 -0.104866 0.020001
vn 0.967251 -0.253640 0.009585
vn 0.967251 -0.253640 0.009585
vn 0.996180 -0.085006 -0.019984
vn 0.892413 -0.414456 0.178400
vn 0.816847 -0.572412 -0.071449
vn 0.778778 -0.603846 -0.169928
vn 0.972771 -0.210534 -0.096913
vn 0.948447 -0.279576 -0.149283
vn -0.156811 -0.945720 0.284649
vn 0.462075 -0.868481 0.179521
vn 0.194590 -0.955583 0.221348
vn 0.194590 -0.955583 0.221348
vn -0.902454 -0.228413 0.365246
vn -0.978205 -0.107047 0.177922
vn -0.977676 0.203795 0.051163
vn -0.977676 0.203795 0.051163
vn -0.950972 0.271703 0.147752
vn -0.977676 0.203795 0.051163
vn -0.967744 0.032888 0.249781
vn -0.978205 -0.107047 0.177922
vn -0.831425 0.545725 0.104485
vn -0.685742 0.727821 -0.005936
vn -0.832943 0.553207 -0.012937
vn -0.631585 0.758142 -0.162240
vn -0.685742 0.727821 -0.005936
vn -0.494252 0.855861 -0.152372
vn -0.631585 0.758142 -0.162240
vn -0.355059 0.887309 -0.294305
vn -0.843429 0.494198 -0.210701
vn -0.068818 0.986937 0.145667
vn -0.659683 0.063563 0.748851
vn -0.068818 0.986937 0.145667
vn 0.018375 0.928081 -0.371925
vn 0.528791 0.845850 -0.070132
vn -0.103031 0.969651 -0.221725
vn 0.528791 0.845850 -0.070132
vn -0.148777 0.872876 -0.464708
vn -0.239441 0.865804 -0.439376
vn -0.355059 0.887309 -0.294305
vn -0.355059 0.887309 -0.294305
vn -0.103031 0.969651 -0.221725
vn 0.528791 0.845850 -0.070132
vn -0.233230 0.961105 -0.147925
vn -0.120405 0.979602 -0.160883
vn 0.979944 -0.192358 -0.052037
vn 0.956232 0.206539 -0.207273
vn 0.956232 0.206539 -0.207273
vn 0.574068 -0.052998 0.817090
vn 0.528791 0.845850 -0.070132
vn 0.528791 0.845850 -0.070132
vn 0.574068 -0.052998 0.817090
vn 0.956232 0.206539 -0.207273
vn 0.574068 -0.052998 0.817090
vn 0.574068 -0.052998 0.817090
vn 0.574068 -0.052998 0.817090
vn -0.085682 -0.869726 0.486041
vn 0.956232 0.206539 -0.207273
vn 0.929081 -0.158852 0.334028
vn 0.574068 -0.052998 0.817090
vn 0.574068 -0.052998 0.817090
vn 0.574068 -0.052998 0.817090
vn 0.528791 0.845850 -0.070132
vn 0.574068 -0.052998 0.817090
vn 0.574068 -0.052998 0.817090
vn -0.739008 0.615731 0.273389
vn -0.739008 0.615731 0.273389
vn -0.547209 0.830818 -0.101504
vn -0.732128 0.677858 0.067053
vn -0.854471 0.355969 0.378372
vn -0.886437 -0.019289 0.462448
vn -0.836875 0.499716 0.223439
vn -0.154314 -0.963190 0.220118
vn 0.427691 -0.895331 0.124349
vn -0.156811 -0.945720 0.284649
vn 0.462075 -0.868481 0.179521
vn -0.156811 -0.945720 0.284649
vn -0.611632 -0.711445 0.346052
vn -0.154314 -0.963190 0.220118
vn -0.621290 -0.728392 0.288868
vn -0.871414 -0.383410 0.305997
vn -0.621290 -0.728392 0.288868
vn -0.867792 -0.345776 0.356897
vn -0.611632 -0.711445 0.346052
vn -0.947857 -0.105550 0.300711
vn -0.944640 -0.190782 0.266940
vn -0.871414 -0.383410 0.305997
vn -0.854930 -0.463221 0.233497
vn -0.944640 -0.190782 0.266940
vn -0.947857 -0.105550 0.300711
vn -0.967744 0.032888 0.249781
vn -0.950807 0.112363 0.288688
vn -0.908892 0.341739 0.239020
vn -0.922227 0.320960 0.215597
vn -0.950807 0.112363 0.288688
vn -0.967744 0.032888 0.249781
vn -0.826700 0.540993 0.154573
vn -0.826415 0.545846 0.138165
vn -0.908892 0.341739 0.239020
vn -0.922227 0.320960 0.215597
vn -0.571406 0.818781 -0.055610
vn -0.494252 0.855861 -0.152372
vn -0.713321 0.699545 0.042540
vn -0.685742 0.727821 -0.005936
vn -0.826415 0.545846 0.138165
vn -0.713321 0.699545 0.042540
vn -0.831425 0.545725 0.104485
vn -0.685742 0.727821 -0.005936
vn 0.818295 -0.560412 0.127794
vn 0.967251 -0.253640 0.009585
vn 0.948447 -0.279576 -0.149283
vn 0.972771 -0.210534 -0.096913
vn -0.270510 0.937913 -0.217128
vn -0.494252 0.855861 -0.152372
vn -0.571406 0.818781 -0.055610
vn -0.494252 0.855861 -0.152372
vn -0.120405 0.979602 -0.160883
vn -0.156106 0.941074 -0.300017
vn -0.270510 0.937913 -0.217128
vn -0.154246 0.901234 -0.404952
vn -0.233230 0.961105 -0.147925
vn -0.120405 0.979602 -0.160883
vn -0.270510 0.937913 -0.217128
vn -0.270510 0.937913 -0.217128
vn -0.635265 -0.117873 0.763246
vn -0.635265 -0.117873 0.763246
vn -0.843429 0.494198 -0.210701
vn -0.912783 -0.397512 0.093869
vn -0.068818 0.986937 0.145667
vn -0.843429 0.494198 -0.210701
vn -0.843429 0.494198 -0.210701
vn -0.912783 -0.397512 0.093869
vn -0.120405 0.979602 -0.160883
vn -0.068818 0.986937 0.145667
vn -0.156106 0.941074 -0.300017
vn -0.843429 0.494198 -0.210701
vn -0.843429 0.494198 -0.210701
vn -0.659683 0.063563 0.748851
vn -0.635265 -0.117873 0.763246
vn -0.635265 -0.117873 0.763246
vn 0.574068 -0.052998 0.817090
vn -0.085682 -0.869726 0.486041
vn -0.454167 -0.374258 0.808495
vn -0.722791 -0.401105 0.562751
vn 0.908799 -0.416166 -0.029844
vn 0.908799 -0.416166 -0.029844
vn 0.817431 -0.401775 -0.412775
vn -0.214510 -0.751860 0.623451
vn -0.659683 0.063563 0.748851
vn 0.574068 -0.052998 0.817090
vn -0.454167 -0.374258 0.808495
vn -0.454167 -0.374258 0.808495
vn -0.821142 0.077977 0.565372
vn -0.821142 0.077977 0.565372
vn -0.454167 -0.374258 0.808495
vn -0.454167 -0.374258 0.808495
vn 0.832264 -0.552946 -0.039850
vn 0.818295 -0.560412 0.127794
vn 0.832264 -0.552946 -0.039850
vn 0.818295 -0.560412 0.127794
vn -0.355059 0.887309 -0.294305
vn -0.494252 0.855861 -0.152372
vn -0.270510 0.937913 -0.217128
vn -0.270510 0.937913 -0.217128
vn -0.494252 0.855861 -0.152372
vn -0.494252 0.855861 -0.152372
vn -0.355059 0.887309 -0.294305
vn -0.355059 0.887309 -0.294305
vn -0.154246 0.901234 -0.404952
vn -0.156106 0.941074 -0.300017
vn 0.020987 0.766920 -0.641399
vn 0.022233 0.813309 -0.581407
vn 0.062386 0.742061 -0.667423
vn -0.148777 0.872876 -0.464708
vn 0.020987 0.766920 -0.641399
vn -0.154246 0.901234 -0.404952
vn -0.239441 0.865804 -0.439376
vn -0.148777 0.872876 -0.464708
vn 0.041489 0.761325 -0.647042
vn 0.062386 0.742061 -0.667423
vn -0.510236 0.769038 -0.385020
vn -0.239441 0.865804 -0.439376
vn -0.083029 0.824569 -0.559635
vn 0.041489 0.761325 -0.647042
vn 0.892413 -0.414456 0.178400
vn 0.918736 -0.385940 0.083514
vn 0.962165 -0.271491 0.023034
vn 0.918736 -0.385940 0.083514
vn -0.944640 -0.190782 0.266940
vn -0.944640 -0.190782 0.266940
vn -0.967744 0.032888 0.249781
vn -0.967744 0.032888 0.249781
vn -0.804198 -0.550408 0.224315
vn -0.944640 -0.190782 0.266940
vn -0.978205 -0.107047 0.177922
vn -0.967744 0.032888 0.249781
vn 0.852581 -0.489335 -0.183461
vn 0.832264 -0.552946 -0.039850
vn 0.948447 -0.279576 -0.149283
vn 0.818295 -0.560412 0.127794
vn 0.778778 -0.603846 -0.169928
vn 0.816847 -0.572412 -0.071449
vn 0.408077 -0.905849 -0.113624
vn 0.407831 -0.913050 0.003756
vn -0.333173 0.750152 0.571198
vn -0.342797 0.826966 0.445664
vn 0.248256 0.786333 0.565729
vn 0.243619 0.952760 0.181380
vn 0.248256 0.786333 0.565729
vn 0.243619 0.952760 0.181380
vn 0.716358 0.647463 0.260043
vn 0.716358 0.647463 0.260043
vn 0.716358 0.647463 0.260043
vn 0.716358 0.647463 0.260043
vn 0.921743 0.371176 0.112328
vn 0.921743 0.371176 0.112328
vn 0.921743 0.371176 0.112328
vn 0.857558 0.400829 -0.322383
vn 0.921743 0.371176 0.112328
vn 0.999085 -0.041945 0.008329
vn 0.857558 0.400829 -0.322383
vn 0.798215 0.124606 -0.589344
vn 0.999085 -0.041945 0.008329
vn 0.931455 -0.168095 -0.322701
vn 0.931455 -0.168095 -0.322701
vn 0.798215 0.124606 -0.589344
vn 0.780758 -0.338111 -0.525451
vn 0.645974 -0.237594 -0.725442
vn 0.365730 -0.599867 -0.711619
vn 0.456638 -0.609254 -0.648299
vn 0.645974 -0.237594 -0.725442
vn 0.780758 -0.338111 -0.525451
vn -0.759381 -0.648418 0.053802
vn -0.835488 -0.534450 -0.127764
vn -0.409959 -0.870062 -0.273726
vn -0.457877 -0.779856 -0.426818
vn -0.969848 -0.207042 0.128567
vn -0.835488 -0.534450 -0.127764
vn -0.912527 -0.287211 0.291213
vn -0.759381 -0.648418 0.053802
vn -0.961247 0.015107 0.275274
vn -0.969848 -0.207042 0.128567
vn -0.917809 -0.032510 0.395690
vn -0.912527 -0.287211 0.291213
vn -0.917809 -0.032510 0.395690
vn -0.780189 0.375555 0.500263
vn -0.961247 0.015107 0.275274
vn -0.798455 0.388381 0.460032
vn -0.342797 0.826966 0.445664
vn -0.333173 0.750152 0.571198
vn -0.780189 0.375555 0.500263
vn -0.798455 0.388381 0.460032
vn -0.811283 -0.071345 0.580284
vn -0.753454 -0.052005 0.655441
vn -0.691730 0.351240 0.630983
vn -0.619752 0.350859 0.702001
vn -0.264450 0.807867 0.526705
vn -0.313677 0.836113 0.450024
vn -0.619752 0.350859 0.702001
vn -0.691730 0.351240 0.630983
vn -0.313677 0.836113 0.450024
vn -0.264450 0.807867 0.526705
vn 0.197664 0.979983 0.023701
vn 0.222582 0.970708 0.090465
vn 0.197664 0.979983 0.023701
vn 0.222582 0.970708 0.090465
vn 0.539862 0.766335 -0.348252
vn 0.583128 0.743908 -0.326440
vn 0.539862 0.766335 -0.348252
vn 0.583128 0.743908 -0.326440
vn 0.646852 0.616903 -0.448345
vn 0.725488 0.517269 -0.453982
vn 0.646852 0.616903 -0.448345
vn 0.725488 0.517269 -0.453982
vn 0.709562 0.515701 -0.480182
vn 0.805090 0.401840 -0.436296
vn 0.709562 0.515701 -0.480182
vn 0.805090 0.401840 -0.436296
vn 0.755935 0.168842 -0.632499
vn 0.853529 0.087848 -0.513587
vn 0.853529 0.087848 -0.513587
vn 0.741338 -0.373951 -0.557296
vn 0.755935 0.168842 -0.632499
vn 0.663975 -0.290536 -0.689003
vn 0.431535 -0.679725 -0.593087
vn 0.663975 -0.290536 -0.689003
vn 0.493610 -0.731394 -0.470545
vn 0.741338 -0.373951 -0.557296
vn -0.593740 -0.731992 0.334157
vn -0.654400 -0.717873 0.237529
vn -0.275642 -0.960734 0.031793
vn -0.335581 -0.938653 -0.079473
vn -0.654400 -0.717873 0.237529
vn -0.593740 -0.731992 0.334157
vn -0.805578 -0.364990 0.466720
vn -0.751936 -0.368912 0.546348
vn -0.753454 -0.052005 0.655441
vn -0.811283 -0.071345 0.580284
vn -0.751936 -0.368912 0.546348
vn -0.805578 -0.364990 0.466720
vn -0.304291 -0.935458 0.179793
vn -0.330996 -0.911187 0.245318
vn -0.545459 -0.722745 0.424399
vn -0.535213 -0.713958 0.451454
vn -0.545459 -0.722745 0.424399
vn -0.535213 -0.713958 0.451454
vn -0.702951 -0.388395 0.595826
vn -0.671104 -0.392605 0.628872
vn -0.673277 0.095784 0.733160
vn -0.715627 0.033943 0.697657
vn -0.671104 -0.392605 0.628872
vn -0.702951 -0.388395 0.595826
vn -0.715627 0.033943 0.697657
vn -0.673277 0.095784 0.733160
vn -0.545821 0.452731 0.705063
vn -0.474917 0.560502 0.678447
vn -0.126087 0.870386 0.475952
vn -0.194585 0.809516 0.553913
vn -0.474917 0.560502 0.678447
vn -0.545821 0.452731 0.705063
vn -0.194585 0.809516 0.553913
vn -0.126087 0.870386 0.475952
vn 0.300201 0.938748 0.169210
vn 0.322167 0.943108 0.082193
vn 0.300201 0.938748 0.169210
vn 0.322167 0.943108 0.082193
vn 0.684288 0.678629 -0.266857
vn 0.660331 0.661485 -0.355529
vn 0.684288 0.678629 -0.266857
vn 0.660331 0.661485 -0.355529
vn 0.802486 0.376105 -0.463207
vn 0.761006 0.337261 -0.554189
vn 0.802486 0.376105 -0.463207
vn 0.761006 0.337261 -0.554189
vn 0.833709 0.261753 -0.486225
vn 0.794747 0.160288 -0.585394
vn 0.833709 0.261753 -0.486225
vn 0.794747 0.160288 -0.585394
vn 0.848324 0.021353 -0.529046
vn 0.804379 -0.089487 -0.587339
vn 0.848324 0.021353 -0.529046
vn 0.804379 -0.089487 -0.587339
vn 0.731925 -0.401123 -0.550805
vn 0.701321 -0.468788 -0.537017
vn 0.731925 -0.401123 -0.550805
vn 0.701321 -0.468788 -0.537017
vn 0.466758 -0.766023 -0.441979
vn 0.433857 -0.824647 -0.362939
vn 0.736473 0.215989 -0.641059
vn 0.715524 -0.066596 -0.695406
vn 0.756156 -0.023080 -0.653984
vn 0.705192 -0.221804 -0.673429
vn 0.756156 -0.023080 -0.653984
vn 0.705192 -0.221804 -0.673429
vn 0.735564 -0.262772 -0.624417
vn 0.657104 -0.425153 -0.622462
vn 0.735564 -0.262772 -0.624417
vn 0.657104 -0.425153 -0.622462
vn 0.600504 -0.588831 -0.540993
vn 0.479674 -0.700018 -0.529043
vn 0.167015 -0.930180 -0.326911
vn 0.316267 -0.885061 -0.341528
vn 0.479674 -0.700018 -0.529043
vn 0.600504 -0.588831 -0.540993
vn -0.671052 -0.497379 0.549821
vn -0.589945 -0.650534 0.478300
vn -0.532794 -0.799197 0.278236
vn -0.413325 -0.870955 0.265707
vn -0.589945 -0.650534 0.478300
vn -0.671052 -0.497379 0.549821
vn -0.683107 -0.298126 0.666697
vn -0.639644 -0.087185 0.763710
vn -0.455128 0.363141 0.813011
vn -0.628649 0.213500 0.747809
vn -0.639644 -0.087185 0.763710
vn -0.683107 -0.298126 0.666697
vn -0.628649 0.213500 0.747809
vn -0.455128 0.363141 0.813011
vn -0.389303 0.672837 0.629073
vn -0.170714 0.736109 0.654981
vn 0.170902 0.932545 0.318043
vn -0.035887 0.934799 0.353360
vn -0.170714 0.736109 0.654981
vn -0.389303 0.672837 0.629073
vn -0.035887 0.934799 0.353360
vn 0.170902 0.932545 0.318043
vn 0.365569 0.928767 -0.061240
vn 0.516428 0.840527 -0.163758
vn 0.365569 0.928767 -0.061240
vn 0.516428 0.840527 -0.163758
vn 0.649599 0.603482 -0.462418
vn 0.708647 0.410498 -0.573856
vn 0.649599 0.603482 -0.462418
vn 0.708647 0.410498 -0.573856
vn 0.736473 0.215989 -0.641059
vn 0.715524 -0.066596 -0.695406
vn -0.409959 -0.870062 -0.273726
vn -0.457877 -0.779856 -0.426818
vn -0.062580 -0.847189 -0.527593
vn -0.033205 -0.798481 -0.601103
vn -0.275642 -0.960734 0.031793
vn -0.335581 -0.938653 -0.079473
vn 0.120284 -0.958355 -0.259012
vn 0.042637 -0.929635 -0.366006
vn 0.067328 -0.985414 -0.156288
vn 0.019273 -0.998545 -0.050363
vn -0.304291 -0.935458 0.179793
vn -0.330996 -0.911187 0.245318
vn -0.532794 -0.799197 0.278236
vn -0.413325 -0.870955 0.265707
vn -0.231826 -0.972471 -0.023590
vn -0.091042 -0.995545 -0.024530
vn -0.062580 -0.847189 -0.527593
vn -0.033205 -0.798481 -0.601103
vn 0.365730 -0.599867 -0.711619
vn 0.456638 -0.609254 -0.648299
vn 0.042637 -0.929635 -0.366006
vn 0.431535 -0.679725 -0.593087
vn 0.120284 -0.958355 -0.259012
vn 0.493610 -0.731394 -0.470545
vn 0.466758 -0.766023 -0.441979
vn 0.433857 -0.824647 -0.362939
vn 0.067328 -0.985414 -0.156288
vn 0.019273 -0.998545 -0.050363
vn -0.231826 -0.972471 -0.023590
vn -0.091042 -0.995545 -0.024530
vn 0.167015 -0.930180 -0.326911
vn 0.316267 -0.885061 -0.341528
vn 0.243619 0.952760 0.181380
vn 0.197664 0.979983 0.023701
vn 0.716358 0.647463 0.260043
vn 0.539862 0.766335 -0.348252
vn -0.342797 0.826966 0.445664
vn -0.313677 0.836113 0.450024
vn 0.243619 0.952760 0.181380
vn 0.197664 0.979983 0.023701
vn -0.313677 0.836113 0.450024
vn -0.342797 0.826966 0.445664
vn -0.691730 0.351240 0.630983
vn -0.780189 0.375555 0.500263
vn -0.917809 -0.032510 0.395690
vn -0.811283 -0.071345 0.580284
vn -0.780189 0.375555 0.500263
vn -0.691730 0.351240 0.630983
vn -0.917809 -0.032510 0.395690
vn -0.912527 -0.287211 0.291213
vn -0.811283 -0.071345 0.580284
vn -0.805578 -0.364990 0.466720
vn -0.654400 -0.717873 0.237529
vn -0.805578 -0.364990 0.466720
vn -0.759381 -0.648418 0.053802
vn -0.912527 -0.287211 0.291213
vn -0.654400 -0.717873 0.237529
vn -0.759381 -0.648418 0.053802
vn -0.335581 -0.938653 -0.079473
vn -0.409959 -0.870062 -0.273726
vn 0.042637 -0.929635 -0.366006
vn -0.335581 -0.938653 -0.079473
vn -0.062580 -0.847189 -0.527593
vn -0.409959 -0.870062 -0.273726
vn 0.431535 -0.679725 -0.593087
vn 0.042637 -0.929635 -0.366006
vn 0.365730 -0.599867 -0.711619
vn -0.062580 -0.847189 -0.527593
vn 0.663975 -0.290536 -0.689003
vn 0.431535 -0.679725 -0.593087
vn 0.645974 -0.237594 -0.725442
vn 0.365730 -0.599867 -0.711619
vn 0.798215 0.124606 -0.589344
vn 0.755935 0.168842 -0.632499
vn 0.645974 -0.237594 -0.725442
vn 0.663975 -0.290536 -0.689003
vn 0.857558 0.400829 -0.322383
vn 0.709562 0.515701 -0.480182
vn 0.798215 0.124606 -0.589344
vn 0.755935 0.168842 -0.632499
vn 0.921743 0.371176 0.112328
vn 0.646852 0.616903 -0.448345
vn 0.857558 0.400829 -0.322383
vn 0.709562 0.515701 -0.480182
vn 0.716358 0.647463 0.260043
vn 0.539862 0.766335 -0.348252
vn 0.921743 0.371176 0.112328
vn 0.646852 0.616903 -0.448345
vn 0.261786 0.953516 0.149249
vn 0.300201 0.938748 0.169210
vn 0.640560 0.715514 -0.278789
vn 0.684288 0.678629 -0.266857
vn -0.233481 0.792707 0.563118
vn -0.194585 0.809516 0.553913
vn 0.261786 0.953516 0.149249
vn 0.300201 0.938748 0.169210
vn -0.194585 0.809516 0.553913
vn -0.233481 0.792707 0.563118
vn -0.545821 0.452731 0.705063
vn -0.586933 0.380127 0.714851
vn -0.740532 -0.016589 0.671816
vn -0.715627 0.033943 0.697657
vn -0.586933 0.380127 0.714851
vn -0.545821 0.452731 0.705063
vn -0.715627 0.033943 0.697657
vn -0.740532 -0.016589 0.671816
vn -0.702951 -0.388395 0.595826
vn -0.734968 -0.369222 0.568768
vn -0.570726 -0.727081 0.381609
vn -0.545459 -0.722745 0.424399
vn -0.734968 -0.369222 0.568768
vn -0.702951 -0.388395 0.595826
vn -0.278338 -0.956413 0.088325
vn -0.304291 -0.935458 0.179793
vn -0.570726 -0.727081 0.381609
vn -0.545459 -0.722745 0.424399
vn -0.304291 -0.935458 0.179793
vn -0.278338 -0.956413 0.088325
vn 0.067328 -0.985414 -0.156288
vn 0.109441 -0.966026 -0.234127
vn 0.067328 -0.985414 -0.156288
vn 0.109441 -0.966026 -0.234127
vn 0.466758 -0.766023 -0.441979
vn 0.488142 -0.740412 -0.462069
vn 0.466758 -0.766023 -0.441979
vn 0.488142 -0.740412 -0.462069
vn 0.731925 -0.401123 -0.550805
vn 0.743671 -0.387973 -0.544454
vn 0.861474 0.060551 -0.504179
vn 0.848324 0.021353 -0.529046
vn 0.743671 -0.387973 -0.544454
vn 0.731925 -0.401123 -0.550805
vn 0.831939 0.329221 -0.446644
vn 0.833709 0.261753 -0.486225
vn 0.861474 0.060551 -0.504179
vn 0.848324 0.021353 -0.529046
vn 0.779990 0.438078 -0.446881
vn 0.802486 0.376105 -0.463207
vn 0.831939 0.329221 -0.446644
vn 0.833709 0.261753 -0.486225
vn 0.640560 0.715514 -0.278789
vn 0.684288 0.678629 -0.266857
vn 0.779990 0.438078 -0.446881
vn 0.802486 0.376105 -0.463207
vn -0.126087 0.870386 0.475952
vn -0.035887 0.934799 0.353360
vn 0.322167 0.943108 0.082193
vn 0.365569 0.928767 -0.061240
vn -0.035887 0.934799 0.353360
vn -0.126087 0.870386 0.475952
vn -0.389303 0.672837 0.629073
vn -0.474917 0.560502 0.678447
vn -0.673277 0.095784 0.733160
vn -0.628649 0.213500 0.747809
vn -0.474917 0.560502 0.678447
vn -0.389303 0.672837 0.629073
vn -0.628649 0.213500 0.747809
vn -0.673277 0.095784 0.733160
vn -0.683107 -0.298126 0.666697
vn -0.671104 -0.392605 0.628872
vn -0.535213 -0.713958 0.451454
vn -0.589945 -0.650534 0.478300
vn -0.671104 -0.392605 0.628872
vn -0.683107 -0.298126 0.666697
vn -0.589945 -0.650534 0.478300
vn -0.535213 -0.713958 0.451454
vn -0.413325 -0.870955 0.265707
vn -0.330996 -0.911187 0.245318
vn -0.413325 -0.870955 0.265707
vn -0.330996 -0.911187 0.245318
vn -0.091042 -0.995545 -0.024530
vn 0.019273 -0.998545 -0.050363
vn -0.091042 -0.995545 -0.024530
vn 0.019273 -0.998545 -0.050363
vn 0.316267 -0.885061 -0.341528
vn 0.433857 -0.824647 -0.362939
vn 0.316267 -0.885061 -0.341528
vn 0.433857 -0.824647 -0.362939
vn 0.600504 -0.588831 -0.540993
vn 0.701321 -0.468788 -0.537017
vn 0.804379 -0.089487 -0.587339
vn 0.735564 -0.262772 -0.624417
vn 0.701321 -0.468788 -0.537017
vn 0.600504 -0.588831 -0.540993
vn 0.794747 0.160288 -0.585394
vn 0.756156 -0.023080 -0.653984
vn 0.804379 -0.089487 -0.587339
vn 0.735564 -0.262772 -0.624417
vn 0.761006 0.337261 -0.554189
vn 0.736473 0.215989 -0.641059
vn 0.794747 0.160288 -0.585394
vn 0.756156 -0.023080 -0.653984
vn 0.660331 0.661485 -0.355529
vn 0.649599 0.603482 -0.462418
vn 0.761006 0.337261 -0.554189
vn 0.736473 0.215989 -0.641059
vn 0.322167 0.943108 0.082193
vn 0.365569 0.928767 -0.061240
vn 0.660331 0.661485 -0.355529
vn 0.649599 0.603482 -0.462418
vn -0.864130 -0.398145 -0.307831
vn -0.864509 -0.325770 -0.382751
vn -0.490887 -0.656738 -0.572472
vn -0.490007 -0.589077 -0.642558
vn -0.490887 -0.656738 -0.572472
vn -0.490007 -0.589077 -0.642558
vn 0.015818 -0.736645 -0.676095
vn 0.063468 -0.705703 -0.705659
vn 0.015818 -0.736645 -0.676095
vn 0.063468 -0.705703 -0.705659
vn 0.545823 -0.610396 -0.574016
vn 0.605029 -0.594578 -0.529545
vn 0.545823 -0.610396 -0.574016
vn 0.605029 -0.594578 -0.529545
vn 0.820033 -0.432792 -0.374482
vn 0.821263 -0.455822 -0.343152
vn 0.870117 -0.445349 -0.211093
vn 0.895260 -0.391793 -0.212151
vn 0.821263 -0.455822 -0.343152
vn 0.820033 -0.432792 -0.374482
vn 0.924361 -0.354713 0.140480
vn 0.939245 -0.322802 0.116693
vn 0.870117 -0.445349 -0.211093
vn 0.895260 -0.391793 -0.212151
vn 0.801918 -0.118273 0.585610
vn 0.829365 -0.089934 0.551421
vn 0.924361 -0.354713 0.140480
vn 0.939245 -0.322802 0.116693
vn 0.486644 0.156869 0.859401
vn 0.521554 0.211861 0.826496
vn 0.801918 -0.118273 0.585610
vn 0.829365 -0.089934 0.551421
vn 0.131961 0.513101 0.848124
vn 0.521554 0.211861 0.826496
vn 0.099324 0.425655 0.899418
vn 0.486644 0.156869 0.859401
vn -0.341836 0.639850 0.688288
vn 0.131961 0.513101 0.848124
vn -0.326185 0.592911 0.736247
vn 0.099324 0.425655 0.899418
vn -0.326185 0.592911 0.736247
vn -0.740332 0.486910 0.463494
vn -0.341836 0.639850 0.688288
vn -0.780105 0.441002 0.443794
vn -0.981019 0.093122 0.170089
vn -0.780105 0.441002 0.443794
vn -0.974912 0.165416 0.148946
vn -0.740332 0.486910 0.463494
vn -0.974912 0.165416 0.148946
vn -0.990199 -0.089723 -0.107028
vn -0.981019 0.093122 0.170089
vn -0.990479 -0.132402 -0.037710
vn -0.864130 -0.398145 -0.307831
vn -0.990479 -0.132402 -0.037710
vn -0.864509 -0.325770 -0.382751
vn -0.990199 -0.089723 -0.107028
vn 0.131961 0.513101 0.848124
vn 0.248256 0.786333 0.565729
vn 0.521554 0.211861 0.826496
vn 0.716358 0.647463 0.260043
vn -0.341836 0.639850 0.688288
vn -0.333173 0.750152 0.571198
vn 0.131961 0.513101 0.848124
vn 0.248256 0.786333 0.565729
vn -0.798455 0.388381 0.460032
vn -0.333173 0.750152 0.571198
vn -0.780105 0.441002 0.443794
vn -0.341836 0.639850 0.688288
vn -0.961247 0.015107 0.275274
vn -0.798455 0.388381 0.460032
vn -0.981019 0.093122 0.170089
vn -0.780105 0.441002 0.443794
vn -0.969848 -0.207042 0.128567
vn -0.961247 0.015107 0.275274
vn -0.990479 -0.132402 -0.037710
vn -0.981019 0.093122 0.170089
vn -0.990479 -0.132402 -0.037710
vn -0.864130 -0.398145 -0.307831
vn -0.969848 -0.207042 0.128567
vn -0.835488 -0.534450 -0.127764
vn -0.835488 -0.534450 -0.127764
vn -0.864130 -0.398145 -0.307831
vn -0.457877 -0.779856 -0.426818
vn -0.490887 -0.656738 -0.572472
vn -0.457877 -0.779856 -0.426818
vn -0.490887 -0.656738 -0.572472
vn -0.033205 -0.798481 -0.601103
vn 0.015818 -0.736645 -0.676095
vn -0.033205 -0.798481 -0.601103
vn 0.015818 -0.736645 -0.676095
vn 0.456638 -0.609254 -0.648299
vn 0.545823 -0.610396 -0.574016
vn 0.456638 -0.609254 -0.648299
vn 0.545823 -0.610396 -0.574016
vn 0.780758 -0.338111 -0.525451
vn 0.820033 -0.432792 -0.374482
vn 0.895260 -0.391793 -0.212151
vn 0.931455 -0.168095 -0.322701
vn 0.820033 -0.432792 -0.374482
vn 0.780758 -0.338111 -0.525451
vn 0.999085 -0.041945 0.008329
vn 0.931455 -0.168095 -0.322701
vn 0.939245 -0.322802 0.116693
vn 0.895260 -0.391793 -0.212151
vn 0.921743 0.371176 0.112328
vn 0.999085 -0.041945 0.008329
vn 0.829365 -0.089934 0.551421
vn 0.939245 -0.322802 0.116693
vn 0.521554 0.211861 0.826496
vn 0.716358 0.647463 0.260043
vn 0.829365 -0.089934 0.551421
vn 0.921743 0.371176 0.112328
vn 0.222582 0.970708 0.090465
vn 0.261786 0.953516 0.149249
vn 0.583128 0.743908 -0.326440
vn 0.640560 0.715514 -0.278789
vn -0.264450 0.807867 0.526705
vn -0.233481 0.792707 0.563118
vn 0.222582 0.970708 0.090465
vn 0.261786 0.953516 0.149249
vn -0.233481 0.792707 0.563118
vn -0.264450 0.807867 0.526705
vn -0.586933 0.380127 0.714851
vn -0.619752 0.350859 0.702001
vn -0.753454 -0.052005 0.655441
vn -0.740532 -0.016589 0.671816
vn -0.619752 0.350859 0.702001
vn -0.586933 0.380127 0.714851
vn -0.740532 -0.016589 0.671816
vn -0.753454 -0.052005 0.655441
vn -0.734968 -0.369222 0.568768
vn -0.751936 -0.368912 0.546348
vn -0.593740 -0.731992 0.334157
vn -0.570726 -0.727081 0.381609
vn -0.751936 -0.368912 0.546348
vn -0.734968 -0.369222 0.568768
vn -0.275642 -0.960734 0.031793
vn -0.278338 -0.956413 0.088325
vn -0.593740 -0.731992 0.334157
vn -0.570726 -0.727081 0.381609
vn -0.278338 -0.956413 0.088325
vn -0.275642 -0.960734 0.031793
vn 0.109441 -0.966026 -0.234127
vn 0.120284 -0.958355 -0.259012
vn 0.109441 -0.966026 -0.234127
vn 0.120284 -0.958355 -0.259012
vn 0.488142 -0.740412 -0.462069
vn 0.493610 -0.731394 -0.470545
vn 0.488142 -0.740412 -0.462069
vn 0.493610 -0.731394 -0.470545
vn 0.743671 -0.387973 -0.544454
vn 0.741338 -0.373951 -0.557296
vn 0.853529 0.087848 -0.513587
vn 0.861474 0.060551 -0.504179
vn 0.741338 -0.373951 -0.557296
vn 0.743671 -0.387973 -0.544454
vn 0.805090 0.401840 -0.436296
vn 0.831939 0.329221 -0.446644
vn 0.853529 0.087848 -0.513587
vn 0.861474 0.060551 -0.504179
vn 0.725488 0.517269 -0.453982
vn 0.779990 0.438078 -0.446881
vn 0.805090 0.401840 -0.436296
vn 0.831939 0.329221 -0.446644
vn 0.583128 0.743908 -0.326440
vn 0.640560 0.715514 -0.278789
vn 0.725488 0.517269 -0.453982
vn 0.779990 0.438078 -0.446881
s 1
g hands
f 422/611/1 421/610/2 9/2/3
f 9/2/3 421/610/2 10/1/4
s 2
f 421/610/5 423/613/6 10/1/7
f 10/1/7 423/613/6 11/3/8
s 3
f 423/613/9 424/615/10 11/3/11
f 11/3/11 424/615/10 12/4/12
s 4
f 424/615/13 425/616/14 12/4/15
f 12/4/15 425/616/14 13/5/16
s 5
f 4/7/17 426/618/18 15/6/19
f 15/6/19 426/618/18 16/8/20
s 6
f 426/624/21 427/623/22 16/10/23
f 16/10/23 427/623/22 17/9/24
s 7
f 18/12/25 17/9/26 1/11/27
f 1/11/27 17/9/26 427/623/28
s 8
f 1/11/29 428/627/30 18/12/31
f 18/12/31 428/627/30 19/13/32
s 9
f 2/15/33 429/629/34 6/14/35
f 6/14/35 429/629/34 7/16/36
s 10
f 429/629/37 3/17/38 7/16/39
f 7/16/39 3/17/38 8/18/40
s 11
f 3/17/41 422/632/42 8/18/43
f 8/18/43 422/632/42 9/19/44
s 12
f 6/14/45 19/13/46 2/15/47
f 2/15/47 19/13/46 428/627/48
s 13
f 15/6/49 14/20/50 4/7/51
f 4/7/51 14/20/50 5/21/52
s 14
f 14/20/53 13/5/54 5/21/55
f 5/21/55 13/5/54 425/616/56
s 15
f 286/430/57 20/22/58 19/13/59
f 19/13/59 20/22/58 18/12/60
s 16
f 285/404/61 286/430/62 6/14/63
f 6/14/63 286/430/62 19/13/64
s 17
f 284/405/65 285/404/66 7/16/67
f 7/16/67 285/404/66 6/14/68
s 18
f 283/407/69 284/405/70 8/18/71
f 8/18/71 284/405/70 7/16/72
s 19
f 282/409/73 283/407/74 9/19/75
f 9/19/75 283/407/74 8/18/76
s 20
f 281/411/77 282/414/78 10/1/79
f 10/1/79 282/414/78 9/2/80
s 21
f 280/415/81 281/411/82 11/3/83
f 11/3/83 281/411/82 10/1/84
s 22
f 279/417/85 280/415/86 12/4/87
f 12/4/87 280/415/86 11/3/88
s 23
f 278/419/89 279/417/90 13/5/91
f 13/5/91 279/417/90 12/4/92
s 24
f 277/422/93 278/419/94 14/20/95
f 14/20/95 278/419/94 13/5/96
s 25
f 276/423/97 277/422/98 15/6/99
f 15/6/99 277/422/98 14/20/100
s 26
f 276/423/101 15/6/102 275/424/103
f 275/424/103 15/6/102 16/8/104
s 27
f 274/427/105 275/468/106 17/9/107
f 17/9/107 275/468/106 16/10/108
s 28
f 20/22/109 274/427/110 18/12/111
f 18/12/111 274/427/110 17/9/112
s 29
f 23/23/113 194/371/114 24/24/115
f 24/24/115 194/371/114 195/372/116
s 30
f 24/24/117 195/372/118 28/30/119
f 28/30/119 195/372/118 21/25/120
s 31
f 21/25/121 247/373/122 28/30/123
f 28/30/123 247/373/122 32/26/124
s 32
f 22/27/125 192/369/126 27/31/127
f 27/31/127 192/369/126 26/32/128
s 33
f 192/369/129 193/370/130 26/32/131
f 26/32/131 193/370/130 25/28/132
s 34
f 30/33/133 29/29/134 23/23/135
f 23/23/135 29/29/134 194/371/136
s 35
f 30/33/137 23/23/138 31/34/139
f 31/34/139 23/23/138 24/24/140
s 36
f 31/34/141 24/24/142 32/38/143
f 32/38/143 24/24/142 28/30/144
s 37
f 193/370/145 29/35/146 25/28/147
f 25/28/147 29/35/146 30/36/148
s 38
f 26/32/149 25/28/150 31/37/151
f 31/37/151 25/28/150 30/36/152
s 39
f 26/32/153 31/37/154 27/31/155
f 27/31/155 31/37/154 32/39/156
s 40
f 247/373/157 22/27/158 32/26/159
f 32/26/159 22/27/158 27/31/160
s 41
f 33/41/161 162/315/162 34/40/163
f 34/40/163 162/315/162 35/42/164
s 42
f 35/42/165 162/315/166 39/46/167
f 39/46/167 162/315/166 159/312/168
s 43
f 159/312/169 226/311/170 39/46/171
f 39/46/171 226/311/170 43/43/172
s 44
f 331/316/173 160/313/174 38/47/175
f 38/47/175 160/313/174 37/48/176
s 45
f 37/48/177 160/313/178 36/44/179
f 36/44/179 160/313/178 161/314/180
s 46
f 41/49/181 40/45/182 34/40/183
f 34/40/183 40/45/182 33/41/184
s 47
f 41/49/185 34/40/186 42/50/187
f 42/50/187 34/40/186 35/42/188
s 48
f 42/50/189 35/42/190 43/54/191
f 43/54/191 35/42/190 39/46/192
s 49
f 161/314/193 40/51/194 36/44/195
f 36/44/195 40/51/194 41/52/196
s 50
f 37/48/197 36/44/198 42/53/199
f 42/53/199 36/44/198 41/52/200
s 51
f 37/48/201 42/53/202 38/47/203
f 38/47/203 42/53/202 43/55/204
s 52
f 331/316/205 38/47/206 226/311/207
f 226/311/207 38/47/206 43/43/208
s 53
f 337/333/209 46/59/210 336/332/211
f 336/332/211 46/59/210 45/60/212
s 54
f 52/61/213 51/57/214 47/62/215
f 47/62/215 51/57/214 44/56/216
s 55
f 44/56/217 338/329/218 47/62/219
f 47/62/219 338/329/218 48/63/220
s 56
f 338/329/221 339/330/222 48/63/223
f 48/63/223 339/330/222 55/68/224
s 57
f 339/330/225 335/331/226 55/67/227
f 55/67/227 335/331/226 54/64/228
s 58
f 49/58/229 336/332/230 50/65/231
f 50/65/231 336/332/230 45/60/232
s 59
f 52/61/233 47/62/234 53/66/235
f 53/66/235 47/62/234 48/63/236
s 60
f 53/66/237 48/63/238 54/73/239
f 54/73/239 48/63/238 55/68/240
s 61
f 46/59/241 337/333/242 52/70/243
f 52/70/243 337/333/242 51/69/244
s 62
f 45/60/245 46/59/246 53/71/247
f 53/71/247 46/59/246 52/70/248
s 63
f 45/60/249 53/71/250 50/65/251
f 50/65/251 53/71/250 54/74/252
s 64
f 49/58/253 50/72/254 335/331/255
f 335/331/255 50/72/254 54/64/256
s 65
f 329/210/257 59/80/258 328/211/259
f 328/211/259 59/80/258 58/81/260
s 66
f 65/82/261 64/77/262 60/83/263
f 60/83/263 64/77/262 333/488/264
s 67
f 332/78/265 56/75/266 60/83/267
f 60/83/267 56/75/266 61/84/268
s 68
f 56/75/269 57/76/270 61/84/271
f 61/84/271 57/76/270 68/89/272
s 69
f 57/76/273 330/215/274 68/88/275
f 68/88/275 330/215/274 67/85/276
s 70
f 328/211/277 58/81/278 62/79/279
f 62/79/279 58/81/278 63/86/280
s 71
f 66/87/281 65/82/282 61/84/283
f 61/84/283 65/82/282 60/83/284
s 72
f 67/95/285 66/87/286 68/89/287
f 68/89/287 66/87/286 61/84/288
s 73
f 334/90/289 64/91/290 59/80/291
f 59/80/291 64/91/290 65/92/292
s 74
f 59/80/293 65/92/294 58/81/295
f 58/81/295 65/92/294 66/93/296
s 75
f 58/81/297 66/93/298 63/86/299
f 63/86/299 66/93/298 67/96/300
s 76
f 330/215/301 62/79/302 67/85/303
f 67/85/303 62/79/302 63/94/304
s 77
f 69/98/305 70/99/306 75/97/307
f 75/97/307 70/99/306 76/100/308
s 78
f 348/101/309 347/102/310 292/104/311
f 292/104/311 347/102/310 270/103/312
s 79
f 78/108/313 207/107/314 79/109/315
f 79/109/315 207/107/314 80/110/316
s 80
f 353/504/317 392/111/318 243/113/319
f 243/113/319 392/111/318 81/112/320
s 81
f 272/115/321 232/116/322 287/114/323
f 287/114/323 232/116/322 82/117/324
s 82
f 344/118/325 91/119/326 375/121/327
f 375/121/327 91/119/326 376/120/328
s 83
f 204/122/329 85/123/330 259/125/331
f 259/125/331 85/123/330 84/124/332
s 84
f 212/127/333 255/128/334 86/126/335
f 86/126/335 255/128/334 352/129/336
s 85
f 79/109/337 80/110/338 87/130/339
f 87/130/339 80/110/338 88/131/340
s 86
f 243/113/341 81/112/342 252/132/343
f 252/132/343 81/112/342 371/133/344
s 87
f 372/135/345 371/133/346 242/134/347
f 242/134/347 371/133/346 81/112/348
s 88
f 372/135/349 242/134/350 373/136/351
f 373/136/351 242/134/350 82/117/352
s 89
f 373/136/353 82/117/354 374/137/355
f 374/137/355 82/117/354 232/116/356
s 90
f 91/119/357 231/138/358 376/120/359
f 376/120/359 231/138/358 374/137/360
s 91
f 209/140/361 208/141/362 205/139/363
f 205/139/363 208/141/362 310/142/364
s 92
f 270/103/365 377/143/366 210/145/367
f 210/145/367 377/143/366 98/144/368
s 93
f 393/147/369 354/106/370 355/146/371
f 355/146/371 354/106/370 356/148/372
s 94
f 213/149/373 212/127/374 100/150/375
f 100/150/375 212/127/374 86/126/376
s 95
f 87/130/377 88/131/378 368/151/379
f 368/151/379 88/131/378 369/152/380
s 96
f 80/110/381 243/113/382 88/131/383
f 88/131/383 243/113/382 252/132/384
s 97
f 240/154/385 103/155/386 241/153/387
f 241/153/387 103/155/386 89/156/388
s 98
f 104/157/389 240/154/390 90/158/391
f 90/158/391 240/154/390 241/153/392
s 99
f 90/158/393 231/138/394 104/157/395
f 104/157/395 231/138/394 230/159/396
s 100
f 303/198/397 304/197/398 108/160/399
f 108/160/399 304/197/398 97/161/400
s 101
f 106/163/401 359/164/402 256/162/403
f 256/162/403 359/164/402 98/144/404
s 102
f 112/193/405 239/165/406 104/157/407
f 104/157/407 239/165/406 240/154/408
s 103
f 104/157/409 230/159/410 112/193/411
f 112/193/411 230/159/410 229/166/412
s 104
f 230/159/413 96/167/414 229/166/415
f 229/166/415 96/167/414 113/194/416
s 105
f 108/168/417 326/169/418 303/224/419
f 303/224/419 326/169/418 327/170/420
s 106
f 317/174/421 318/175/422 200/173/423
f 200/173/423 318/175/422 261/176/424
s 107
f 316/178/425 317/174/426 199/177/427
f 199/177/427 317/174/426 200/173/428
s 108
f 314/180/429 315/181/430 198/179/431
f 198/179/431 315/181/430 307/182/432
s 109
f 198/179/433 265/183/434 314/180/435
f 314/180/435 265/183/434 264/184/436
s 110
f 322/185/437 211/186/438 358/187/439
f 358/187/439 211/186/438 359/164/440
s 111
f 101/188/441 102/189/442 296/217/443
f 296/217/443 102/189/442 295/220/444
s 112
f 102/189/445 251/190/446 295/220/447
f 295/220/447 251/190/446 294/222/448
s 113
f 240/154/449 239/165/450 103/155/451
f 103/155/451 239/165/450 293/191/452
s 114
f 304/197/453 303/198/454 114/196/455
f 114/196/455 303/198/454 115/199/456
s 115
f 109/171/457 382/200/458 362/172/459
f 362/172/459 382/200/458 384/477/460
s 116
f 318/201/461 317/202/462 311/214/463
f 311/214/463 317/202/462 116/203/464
s 117
f 317/202/465 316/204/466 116/203/467
f 116/203/467 316/204/466 117/205/468
s 118
f 316/204/469 315/206/470 117/205/471
f 117/205/471 315/206/470 308/207/472
s 119
f 263/208/473 386/476/474 264/481/475
f 264/481/475 386/476/474 314/209/476
s 120
f 308/207/477 329/210/478 117/205/479
f 117/205/479 329/210/478 328/211/480
s 121
f 64/91/481 334/90/482 262/480/483
f 262/480/483 334/90/482 263/208/484
s 122
f 382/200/485 313/212/486 332/78/487
f 332/78/487 313/212/486 56/75/488
s 123
f 313/212/489 312/213/490 56/75/491
f 56/75/491 312/213/490 57/76/492
s 124
f 311/214/493 116/203/494 330/215/495
f 330/215/495 116/203/494 62/79/496
s 125
f 117/205/497 328/211/498 116/203/499
f 116/203/499 328/211/498 62/79/500
s 126
f 296/217/501 119/218/502 297/216/503
f 297/216/503 119/218/502 123/219/504
s 127
f 119/218/505 296/217/506 120/221/507
f 120/221/507 296/217/506 295/220/508
s 128
f 120/221/509 295/220/510 250/223/511
f 250/223/511 295/220/510 294/222/512
s 129
f 303/224/513 327/170/514 115/226/515
f 115/226/515 327/170/514 122/225/516
s 130
f 213/149/517 298/235/518 118/227/519
f 118/227/519 298/235/518 299/232/520
s 131
f 100/150/521 297/216/522 213/149/523
f 213/149/523 297/216/522 298/235/524
s 132
f 302/229/525 301/230/526 214/228/527
f 214/228/527 301/230/526 124/231/528
s 133
f 321/471/529 299/232/530 233/288/531
f 233/288/531 299/232/530 126/233/532
s 134
f 244/234/533 298/235/534 123/219/535
f 123/219/535 298/235/534 297/216/536
s 135
f 293/191/537 128/236/538 121/192/539
f 121/192/539 128/236/538 127/237/540
s off
f 112/193/541 130/238/542 129/239/543
s 136
f 113/194/544 367/195/545 148/241/546
f 148/241/546 367/195/545 131/240/547
s 137
f 114/196/548 115/199/549 172/242/550
f 172/242/550 115/199/549 132/243/551
s 138
f 115/226/552 122/225/553 132/244/554
f 132/244/554 122/225/553 133/245/555
s 139
f 215/246/556 214/228/557 171/247/558
f 171/247/558 214/228/557 124/231/559
s 140
f 245/248/560 244/234/561 135/249/562
f 135/249/562 244/234/561 123/219/563
s 141
f 135/249/564 123/219/565 136/250/566
f 136/250/566 123/219/565 119/218/567
s 142
f 136/250/568 119/218/569 137/251/570
f 137/251/570 119/218/569 120/221/571
s 143
f 137/251/572 120/221/573 249/252/574
f 249/252/574 120/221/573 250/223/575
s 144
f 138/254/576 127/237/577 139/253/578
f 139/253/578 127/237/577 128/236/579
s 145
f 147/255/580 140/256/581 130/238/582
f 130/238/582 140/256/581 129/239/583
s 146
f 141/257/584 148/241/585 149/258/586
f 149/258/586 148/241/585 131/240/587
s 147
f 320/472/588 152/287/589 300/259/590
f 300/259/590 152/287/589 224/301/591
s 148
f 249/261/592 248/262/593 137/260/594
f 137/260/594 248/262/593 142/263/595
s 149
f 127/264/596 138/265/597 191/368/598
f 191/368/598 138/265/597 143/266/599
s 150
f 128/268/600 145/269/601 139/267/602
f 139/267/602 145/269/601 144/270/603
s 151
f 128/268/604 238/271/605 145/269/606
f 145/269/606 238/271/605 237/272/607
s 152
f 129/273/608 140/274/609 164/320/610
f 164/320/610 140/274/609 146/275/611
s 153
f 134/289/612 138/290/613 126/233/614
f 126/233/614 138/290/613 139/291/615
s 154
f 126/292/616 139/267/617 163/317/618
f 163/317/618 139/267/617 144/270/619
s 155
f 150/293/620 151/294/621 140/274/622
f 140/274/622 151/294/621 146/275/623
s 156
f 150/286/624 140/295/625 152/287/626
f 152/287/626 140/295/625 147/296/627
s 157
f 124/231/628 141/299/629 171/247/630
f 171/247/630 141/299/629 149/300/631
s 158
f 152/297/632 147/277/633 153/303/634
f 153/303/634 147/277/633 154/302/635
s 159
f 130/276/636 155/304/637 147/277/638
f 147/277/638 155/304/637 154/302/639
s 160
f 130/276/640 228/278/641 155/304/642
f 155/304/642 228/278/641 227/305/643
s 161
f 148/280/644 141/279/645 158/309/646
f 158/309/646 141/279/645 157/308/647
s 162
f 124/298/648 156/306/649 141/279/650
f 141/279/650 156/306/649 157/308/651
s 163
f 152/297/652 153/303/653 224/307/654
f 224/307/654 153/303/653 225/310/655
s 164
f 155/304/656 227/305/657 159/312/658
f 159/312/658 227/305/657 226/311/659
s 165
f 331/316/660 158/309/661 160/313/662
f 160/313/662 158/309/661 157/308/663
s 166
f 160/313/664 157/308/665 161/314/666
f 161/314/666 157/308/665 156/306/667
s 167
f 40/45/668 225/310/669 33/41/670
f 33/41/670 225/310/669 153/303/671
s 168
f 153/303/672 154/302/673 33/41/674
f 33/41/674 154/302/673 162/315/675
s 169
f 154/302/676 155/304/677 162/315/678
f 162/315/678 155/304/677 159/312/679
s 170
f 233/318/680 126/292/681 234/319/682
f 234/319/682 126/292/681 163/317/683
s 171
f 146/275/684 151/294/685 165/322/686
f 165/322/686 151/294/685 166/321/687
s 172
f 163/317/688 167/323/689 234/319/690
f 234/319/690 167/323/689 235/328/691
s 173
f 144/270/692 168/324/693 163/317/694
f 163/317/694 168/324/693 167/323/695
s 174
f 145/269/696 169/326/697 144/270/698
f 144/270/698 169/326/697 168/324/699
s 175
f 237/272/700 236/325/701 145/269/702
f 145/269/702 236/325/701 169/326/703
s 176
f 164/320/704 146/275/705 170/327/706
f 170/327/706 146/275/705 165/322/707
s 177
f 171/334/708 174/337/709 215/336/710
f 215/336/710 174/337/709 216/344/711
s 178
f 149/282/712 175/338/713 171/334/714
f 171/334/714 175/338/713 174/337/715
s 179
f 131/281/716 340/342/717 149/282/718
f 149/282/718 340/342/717 175/338/719
s 180
f 222/283/720 221/339/721 131/281/722
f 131/281/722 221/339/721 340/342/723
s 181
f 172/335/724 132/284/725 177/343/726
f 177/343/726 132/284/725 176/341/727
s 182
f 132/284/728 133/285/729 176/341/730
f 176/341/730 133/285/729 173/340/731
s 183
f 175/338/732 178/345/733 174/337/734
f 174/337/734 178/345/733 182/350/735
s 184
f 175/338/736 340/342/737 178/345/738
f 178/345/738 340/342/737 179/346/739
s 185
f 340/342/740 221/339/741 179/346/742
f 179/346/742 221/339/741 220/347/743
s 186
f 176/341/744 180/348/745 177/343/746
f 177/343/746 180/348/745 183/396/747
s 187
f 176/341/748 173/340/749 180/348/750
f 180/348/750 173/340/749 181/349/751
s 188
f 216/344/752 174/337/753 217/351/754
f 217/351/754 174/337/753 182/350/755
s 189
f 182/350/756 185/352/757 217/351/758
f 217/351/758 185/352/757 218/357/759
s 190
f 182/350/760 178/345/761 185/352/762
f 185/352/762 178/345/761 186/353/763
s 191
f 178/345/764 179/346/765 186/353/766
f 186/353/766 179/346/765 206/354/767
s off
f 183/396/768 180/348/769 187/356/770
s 192
f 187/356/771 180/348/772 184/355/773
f 184/355/773 180/348/772 181/349/774
s off
f 206/354/775 179/346/776 220/347/777
s 193
f 218/357/778 185/352/779 219/359/780
f 219/359/780 185/352/779 186/353/781
s 194
f 219/359/782 186/353/783 220/485/784
f 220/485/784 186/353/783 206/354/785
s 195
f 136/361/786 189/365/787 135/360/788
f 135/360/788 189/365/787 190/366/789
s 196
f 137/260/790 142/263/791 136/361/792
f 136/361/792 142/263/791 189/365/793
s 197
f 134/362/794 188/363/795 138/265/796
f 138/265/796 188/363/795 143/266/797
s 198
f 135/360/798 190/366/799 245/364/800
f 245/364/800 190/366/799 246/367/801
s 199
f 143/266/802 188/363/803 192/369/804
f 192/369/804 188/363/803 193/370/805
s 200
f 246/367/806 190/366/807 29/29/808
f 29/29/808 190/366/807 194/371/809
s 201
f 194/371/810 190/366/811 195/372/812
f 195/372/812 190/366/811 189/365/813
s 202
f 195/372/814 189/365/815 21/25/816
f 21/25/816 189/365/815 142/263/817
s 203
f 21/25/818 142/263/819 247/373/820
f 247/373/820 142/263/819 248/262/821
s 204
f 191/368/822 143/266/823 22/27/824
f 22/27/824 143/266/823 192/369/825
s 205
f 77/374/826 76/100/827 197/375/828
f 197/375/828 76/100/827 70/99/829
s 206
f 259/125/830 84/124/831 260/376/832
f 260/376/832 84/124/831 93/377/833
s 207
f 257/379/834 105/380/835 266/378/836
f 266/378/836 105/380/835 107/381/837
s 208
f 351/383/838 265/183/839 95/382/840
f 95/382/840 265/183/839 198/179/841
s 209
f 306/384/842 95/382/843 307/182/844
f 307/182/844 95/382/843 198/179/845
s 210
f 93/377/846 94/385/847 200/173/848
f 200/173/848 94/385/847 199/177/849
s 211
f 260/376/850 93/377/851 261/176/852
f 261/176/852 93/377/851 200/173/853
s 212
f 97/161/854 360/386/855 202/388/856
f 202/388/856 360/386/855 361/387/857
s 213
f 202/388/858 365/389/859 97/161/860
f 97/161/860 365/389/859 108/160/861
s 214
f 203/390/862 267/391/863 107/381/864
f 107/381/864 267/391/863 266/378/865
s 215
f 85/123/866 204/122/867 76/100/868
f 76/100/868 204/122/867 75/97/869
s 216
f 391/393/870 289/394/871 273/392/872
f 273/392/872 289/394/871 346/395/873
s 217
f 268/398/874 351/383/875 350/397/876
f 350/397/876 351/383/875 95/382/877
s 218
f 94/385/878 93/377/879 208/141/880
f 208/141/880 93/377/879 84/124/881
s 219
f 291/399/882 211/186/883 254/401/884
f 254/401/884 211/186/883 125/400/885
s 220
f 105/380/886 257/379/887 254/401/888
f 254/401/888 257/379/887 258/402/889
s 221
f 285/404/890 284/405/891 69/403/892
f 69/403/892 284/405/891 70/406/893
s 222
f 197/408/894 70/406/895 283/407/896
f 283/407/896 70/406/895 284/405/897
s 223
f 196/410/898 197/408/899 282/409/900
f 282/409/900 197/408/899 283/407/901
s 224
f 393/412/902 196/413/903 281/411/904
f 281/411/904 196/413/903 282/414/905
s 225
f 354/416/906 393/412/907 280/415/908
f 280/415/908 393/412/907 281/411/909
s 226
f 71/418/910 354/416/911 279/417/912
f 279/417/912 354/416/911 280/415/913
s 227
f 279/417/914 278/419/915 71/418/916
f 71/418/916 278/419/915 78/420/917
s 228
f 207/421/918 78/420/919 277/422/920
f 277/422/920 78/420/919 278/419/921
s 229
f 276/423/922 275/424/923 353/426/924
f 353/426/924 275/424/923 72/425/925
s 230
f 274/427/926 20/22/927 73/429/928
f 73/429/928 20/22/927 74/428/929
s 231
f 273/431/930 74/428/931 286/430/932
f 286/430/932 74/428/931 20/22/933
s 232
f 325/432/934 105/380/935 125/400/936
f 125/400/936 105/380/935 254/401/937
s 233
f 118/227/938 106/163/939 213/149/940
f 213/149/940 106/163/939 212/127/941
s 234
f 122/225/942 214/228/943 133/245/944
f 133/245/944 214/228/943 215/246/945
s 235
f 133/285/946 215/433/947 173/340/948
f 173/340/948 215/433/947 216/434/949
s 236
f 173/340/950 216/434/951 181/349/952
f 181/349/952 216/434/951 217/435/953
s 237
f 181/349/954 217/435/955 184/355/956
f 184/355/956 217/435/955 218/436/957
s 238
f 187/356/958 184/355/959 219/437/960
f 219/437/960 184/355/959 218/436/961
s 239
f 187/356/962 219/437/963 183/358/964
f 183/358/964 219/437/963 220/486/965
s 240
f 177/343/966 183/396/967 221/339/968
f 221/339/968 183/396/967 220/347/969
s 241
f 222/283/970 172/335/971 221/339/972
f 221/339/972 172/335/971 177/343/973
s 242
f 223/438/974 114/196/975 222/439/976
f 222/439/976 114/196/975 172/242/977
s 243
f 305/440/978 304/197/979 223/438/980
f 223/438/980 304/197/979 114/196/981
s 244
f 390/442/982 389/443/983 341/441/984
f 341/441/984 389/443/983 364/444/985
s 245
f 224/445/986 225/446/987 124/298/988
f 124/298/988 225/446/987 156/306/989
s 246
f 161/314/990 156/306/991 40/51/992
f 40/51/992 156/306/991 225/446/993
s 247
f 227/305/994 158/309/995 226/311/996
f 226/311/996 158/309/995 331/316/997
s 248
f 148/280/998 158/309/999 228/278/1000
f 228/278/1000 158/309/999 227/305/1001
s 249
f 229/166/1002 113/194/1003 228/447/1004
f 228/447/1004 113/194/1003 148/241/1005
s 250
f 321/471/1006 233/288/1007 320/472/1008
f 320/472/1008 233/288/1007 152/287/1009
s off
f 150/286/1010 152/287/1011 233/288/1012
s 251
f 233/448/1013 234/449/1014 150/293/1015
f 150/293/1015 234/449/1014 151/294/1016
s 252
f 151/294/1017 234/449/1018 166/321/1019
f 166/321/1019 234/449/1018 235/450/1020
s 253
f 237/272/1021 164/320/1022 236/325/1023
f 236/325/1023 164/320/1022 170/327/1024
s 254
f 238/271/1025 129/273/1026 237/272/1027
f 237/272/1027 129/273/1026 164/320/1028
s 255
f 112/193/1029 129/239/1030 239/165/1031
f 239/165/1031 129/239/1030 238/451/1032
s 256
f 126/233/1033 244/234/1034 134/289/1035
f 134/289/1035 244/234/1034 245/248/1036
s 257
f 134/362/1037 245/452/1038 188/363/1039
f 188/363/1039 245/452/1038 246/453/1040
s 258
f 188/363/1041 246/453/1042 193/370/1043
f 193/370/1043 246/453/1042 29/35/1044
s 259
f 248/262/1045 191/368/1046 247/373/1047
f 247/373/1047 191/368/1046 22/27/1048
s 260
f 127/264/1049 191/368/1050 249/261/1051
f 249/261/1051 191/368/1050 248/262/1052
s 261
f 121/192/1053 127/237/1054 250/223/1055
f 250/223/1055 127/237/1054 249/252/1056
s 262
f 293/191/1057 121/192/1058 294/222/1059
f 294/222/1059 121/192/1058 250/223/1060
s 263
f 251/190/1061 103/155/1062 294/222/1063
f 294/222/1063 103/155/1062 293/191/1064
s 264
f 103/155/1065 251/190/1066 89/156/1067
f 89/156/1067 251/190/1066 370/454/1068
s 265
f 301/230/1069 302/229/1070 111/455/1071
f 111/455/1071 302/229/1070 253/456/1072
s 266
f 302/229/1073 327/170/1074 253/456/1075
f 253/456/1075 327/170/1074 326/169/1076
s 267
f 107/381/1077 105/380/1078 324/457/1079
f 324/457/1079 105/380/1078 325/432/1080
s 268
f 255/128/1081 212/127/1082 256/162/1083
f 256/162/1083 212/127/1082 106/163/1084
s 269
f 92/458/1085 260/376/1086 201/459/1087
f 201/459/1087 260/376/1086 261/176/1088
s 270
f 319/460/1089 201/459/1090 318/175/1091
f 318/175/1091 201/459/1090 261/176/1092
s 271
f 319/461/1093 318/201/1094 312/213/1095
f 312/213/1095 318/201/1094 311/214/1096
s 272
f 312/213/1097 311/214/1098 57/76/1099
f 57/76/1099 311/214/1098 330/215/1100
s 273
f 110/483/1101 262/480/1102 264/481/1103
f 264/481/1103 262/480/1102 263/208/1104
s 274
f 267/391/1105 110/464/1106 265/183/1107
f 265/183/1107 110/464/1106 264/184/1108
s 275
f 269/465/1109 258/402/1110 268/398/1111
f 268/398/1111 258/402/1110 257/379/1112
s 276
f 258/402/1113 269/465/1114 290/466/1115
f 290/466/1115 269/465/1114 292/104/1116
s 277
f 287/114/1117 82/117/1118 271/467/1119
f 271/467/1119 82/117/1118 242/134/1120
s 278
f 69/403/1121 273/431/1122 285/404/1123
f 285/404/1123 273/431/1122 286/430/1124
s 279
f 243/113/1125 80/110/1126 353/504/1127
f 353/504/1127 80/110/1126 207/107/1128
s 280
f 287/114/1129 73/469/1130 272/115/1131
f 272/115/1131 73/469/1130 74/470/1132
s 281
f 290/466/1133 291/399/1134 258/402/1135
f 258/402/1135 291/399/1134 254/401/1136
s 282
f 290/466/1137 292/104/1138 210/145/1139
f 210/145/1139 292/104/1138 270/103/1140
s 283
f 306/473/1141 94/385/1142 209/140/1143
f 209/140/1143 94/385/1142 208/141/1144
s 284
f 94/385/1145 306/473/1146 199/177/1147
f 199/177/1147 306/473/1146 307/474/1148
s 285
f 315/475/1149 316/178/1150 307/474/1151
f 307/474/1151 316/178/1150 199/177/1152
s 286
f 386/476/1153 263/208/1154 387/489/1155
f 387/489/1155 263/208/1154 334/90/1156
s 287
f 315/206/1157 314/209/1158 308/207/1159
f 308/207/1159 314/209/1158 386/476/1160
s 288
f 332/78/1161 385/487/1162 382/200/1163
f 382/200/1163 385/487/1162 384/477/1164
s 289
f 205/139/1165 310/142/1166 309/478/1167
f 309/478/1167 310/142/1166 77/374/1168
s 290
f 348/101/1169 292/104/1170 349/479/1171
f 349/479/1171 292/104/1170 269/465/1172
s 291
f 310/142/1173 85/123/1174 77/374/1175
f 77/374/1175 85/123/1174 76/100/1176
s 292
f 208/141/1177 84/124/1178 310/142/1179
f 310/142/1179 84/124/1178 85/123/1180
s 293
f 300/259/1181 301/230/1182 323/484/1183
f 323/484/1183 301/230/1182 111/455/1184
s 294
f 111/455/1185 253/456/1186 325/432/1187
f 325/432/1187 253/456/1186 324/457/1188
s 295
f 125/400/1189 323/484/1190 325/432/1191
f 325/432/1191 323/484/1190 111/455/1192
s 296
f 327/170/1193 302/229/1194 122/225/1195
f 122/225/1195 302/229/1194 214/228/1196
s 297
f 60/83/1197 333/488/1198 332/78/1199
f 332/78/1199 333/488/1198 385/487/1200
s 298
f 383/462/1201 333/488/1202 262/463/1203
f 262/463/1203 333/488/1202 64/77/1204
s 299
f 59/80/1205 329/210/1206 334/90/1207
f 334/90/1207 329/210/1206 387/489/1208
s 300
f 236/325/1209 170/327/1210 335/331/1211
f 335/331/1211 170/327/1210 49/58/1212
s 301
f 170/327/1213 165/322/1214 49/58/1215
f 49/58/1215 165/322/1214 336/332/1216
s 302
f 165/322/1217 166/321/1218 336/332/1219
f 336/332/1219 166/321/1218 337/333/1220
s 303
f 235/450/1221 51/69/1222 166/321/1223
f 166/321/1223 51/69/1222 337/333/1224
s 304
f 167/323/1225 44/56/1226 235/328/1227
f 235/328/1227 44/56/1226 51/57/1228
s 305
f 168/324/1229 338/329/1230 167/323/1231
f 167/323/1231 338/329/1230 44/56/1232
s 306
f 169/326/1233 339/330/1234 168/324/1235
f 168/324/1235 339/330/1234 338/329/1236
s 307
f 236/325/1237 335/331/1238 169/326/1239
f 169/326/1239 335/331/1238 339/330/1240
s 308
f 343/490/1241 96/167/1242 344/118/1243
f 344/118/1243 96/167/1242 91/119/1244
s 309
f 342/491/1245 304/197/1246 343/490/1247
f 343/490/1247 304/197/1246 305/440/1248
s 310
f 375/121/1249 378/492/1250 344/118/1251
f 344/118/1251 378/492/1250 288/493/1252
s 311
f 272/115/1253 74/470/1254 346/395/1255
f 346/395/1255 74/470/1254 273/392/1256
s 312
f 343/490/1257 305/440/1258 96/167/1259
f 96/167/1259 305/440/1258 113/194/1260
s 313
f 231/138/1261 91/119/1262 230/159/1263
f 230/159/1263 91/119/1262 96/167/1264
s 314
f 360/386/1265 379/494/1266 361/387/1267
f 361/387/1267 379/494/1266 381/495/1268
s 315
f 342/491/1269 343/490/1270 288/493/1271
f 288/493/1271 343/490/1270 344/118/1272
s 316
f 363/496/1273 365/389/1274 362/497/1275
f 362/497/1275 365/389/1274 202/388/1276
s 317
f 361/387/1277 109/498/1278 202/388/1279
f 202/388/1279 109/498/1278 362/497/1280
s 318
f 309/478/1281 77/374/1282 196/499/1283
f 196/499/1283 77/374/1282 197/375/1284
s 319
f 196/501/1285 347/102/1286 309/500/1287
f 309/500/1287 347/102/1286 348/101/1288
s 320
f 349/479/1289 205/502/1290 348/101/1291
f 348/101/1291 205/502/1290 309/500/1292
s 321
f 205/502/1293 349/479/1294 209/503/1295
f 209/503/1295 349/479/1294 350/397/1296
s 322
f 350/397/1297 95/382/1298 209/503/1299
f 209/503/1299 95/382/1298 306/384/1300
s 323
f 268/398/1301 257/379/1302 351/383/1303
f 351/383/1303 257/379/1302 266/378/1304
s 324
f 351/383/1305 266/378/1306 265/183/1307
f 265/183/1307 266/378/1306 267/391/1308
s 325
f 350/397/1309 349/479/1310 268/398/1311
f 268/398/1311 349/479/1310 269/465/1312
s 326
f 211/186/1313 291/399/1314 210/145/1315
f 210/145/1315 291/399/1314 290/466/1316
s 327
f 87/130/1317 368/151/1318 352/129/1319
f 352/129/1319 368/151/1318 86/126/1320
s 328
f 353/426/1321 207/421/1322 276/423/1323
f 276/423/1323 207/421/1322 277/422/1324
s 329
f 320/472/1325 300/259/1326 322/185/1327
f 322/185/1327 300/259/1326 323/484/1328
s 330
f 357/505/1329 356/148/1330 71/105/1331
f 71/105/1331 356/148/1330 354/106/1332
s 331
f 88/131/1333 252/132/1334 369/152/1335
f 369/152/1335 252/132/1334 370/454/1336
s 332
f 196/501/1337 393/147/1338 347/102/1339
f 347/102/1339 393/147/1338 99/506/1340
s 333
f 79/109/1341 357/505/1342 78/108/1343
f 78/108/1343 357/505/1342 71/105/1344
s 334
f 357/505/1345 79/109/1346 352/129/1347
f 352/129/1347 79/109/1346 87/130/1348
s 335
f 298/235/1349 244/234/1350 299/232/1351
f 299/232/1351 244/234/1350 126/233/1352
s 336
f 358/187/1353 118/227/1354 321/471/1355
f 321/471/1355 118/227/1354 299/232/1356
s 337
f 106/163/1357 118/227/1358 359/164/1359
f 359/164/1359 118/227/1358 358/187/1360
s 338
f 301/230/1361 300/259/1362 124/231/1363
f 124/231/1363 300/259/1362 224/301/1364
s 339
f 322/185/1365 358/187/1366 320/472/1367
f 320/472/1367 358/187/1366 321/471/1368
s 340
f 211/186/1369 210/145/1370 359/164/1371
f 359/164/1371 210/145/1370 98/144/1372
s 341
f 355/146/1373 356/148/1374 256/162/1375
f 256/162/1375 356/148/1374 255/128/1376
s 342
f 296/217/1377 297/216/1378 101/188/1379
f 101/188/1379 297/216/1378 100/150/1380
s 343
f 275/468/1381 274/427/1382 72/507/1383
f 72/507/1383 274/427/1382 73/429/1384
s 344
f 287/114/1385 271/467/1386 73/469/1387
f 73/469/1387 271/467/1386 72/508/1388
s 345
f 346/395/1389 83/509/1390 272/115/1391
f 272/115/1391 83/509/1390 232/116/1392
s 346
f 289/394/1393 345/510/1394 346/395/1395
f 346/395/1395 345/510/1394 83/509/1396
s 347
f 380/511/1397 109/498/1398 381/495/1399
f 381/495/1399 109/498/1398 361/387/1400
s 348
f 360/386/1401 97/161/1402 342/491/1403
f 342/491/1403 97/161/1402 304/197/1404
s 349
f 390/442/1405 341/441/1406 391/393/1407
f 391/393/1407 341/441/1406 289/394/1408
s 350
f 379/494/1409 360/386/1410 288/493/1411
f 288/493/1411 360/386/1410 342/491/1412
s 351
f 253/456/1413 326/169/1414 324/457/1415
f 324/457/1415 326/169/1414 366/514/1416
s 352
f 326/169/1417 108/168/1418 366/514/1419
f 366/514/1419 108/168/1418 365/515/1420
s 353
f 110/464/1421 267/391/1422 363/516/1423
f 363/516/1423 267/391/1422 203/390/1424
s 354
f 203/390/1425 107/381/1426 366/514/1427
f 366/514/1427 107/381/1426 324/457/1428
s 355
f 203/390/1429 366/514/1430 363/516/1431
f 363/516/1431 366/514/1430 365/515/1432
s 356
f 223/438/1433 222/439/1434 367/195/1435
f 367/195/1435 222/439/1434 131/240/1436
s 357
f 113/194/1437 305/440/1438 367/195/1439
f 367/195/1439 305/440/1438 223/438/1440
s 358
f 229/166/1441 228/447/1442 112/193/1443
f 112/193/1443 228/447/1442 130/238/1444
s 359
f 239/165/1445 238/451/1446 293/191/1447
f 293/191/1447 238/451/1446 128/236/1448
s 360
f 368/151/1449 101/188/1450 86/126/1451
f 86/126/1451 101/188/1450 100/150/1452
s 361
f 101/188/1453 368/151/1454 102/189/1455
f 102/189/1455 368/151/1454 369/152/1456
s 362
f 370/454/1457 251/190/1458 369/152/1459
f 369/152/1459 251/190/1458 102/189/1460
s 363
f 89/156/1461 370/454/1462 371/133/1463
f 371/133/1463 370/454/1462 252/132/1464
s 364
f 241/153/1465 89/156/1466 372/135/1467
f 372/135/1467 89/156/1466 371/133/1468
s 365
f 90/158/1469 241/153/1470 373/136/1471
f 373/136/1471 241/153/1470 372/135/1472
s 366
f 373/136/1473 374/137/1474 90/158/1475
f 90/158/1475 374/137/1474 231/138/1476
s 367
f 83/509/1477 345/510/1478 376/120/1479
f 376/120/1479 345/510/1478 375/121/1480
s 368
f 374/137/1481 232/116/1482 376/120/1483
f 376/120/1483 232/116/1482 83/509/1484
s 369
f 377/143/1485 355/146/1486 98/144/1487
f 98/144/1487 355/146/1486 256/162/1488
s 370
f 378/492/1489 375/121/1490 388/517/1491
f 388/517/1491 375/121/1490 345/510/1492
s 371
f 389/443/1493 92/458/1494 364/444/1495
f 364/444/1495 92/458/1494 379/494/1496
s 372
f 288/493/1497 378/492/1498 379/494/1499
f 379/494/1499 378/492/1498 364/444/1500
s 373
f 319/461/1501 312/213/1502 380/482/1503
f 380/482/1503 312/213/1502 313/212/1504
s 374
f 319/460/1505 380/511/1506 201/459/1507
f 201/459/1507 380/511/1506 381/495/1508
s 375
f 379/494/1509 92/458/1510 381/495/1511
f 381/495/1511 92/458/1510 201/459/1512
s 376
f 382/200/1513 109/171/1514 313/212/1515
f 313/212/1515 109/171/1514 380/482/1516
s 377
f 262/463/1517 110/513/1518 383/462/1519
f 383/462/1519 110/513/1518 363/512/1520
s 378
f 386/476/1521 387/489/1522 308/207/1523
f 308/207/1523 387/489/1522 329/210/1524
s 379
f 362/172/1525 384/477/1526 363/512/1527
f 363/512/1527 384/477/1526 383/462/1528
s 380
f 384/477/1529 385/487/1530 383/462/1531
f 383/462/1531 385/487/1530 333/488/1532
s 381
f 347/102/1533 99/506/1534 270/103/1535
f 270/103/1535 99/506/1534 377/143/1536
s 382
f 341/441/1537 364/444/1538 388/517/1539
f 388/517/1539 364/444/1538 378/492/1540
s 383
f 341/441/1541 388/517/1542 289/394/1543
f 289/394/1543 388/517/1542 345/510/1544
s 384
f 389/443/1545 259/125/1546 92/458/1547
f 92/458/1547 259/125/1546 260/376/1548
s 385
f 204/122/1549 259/125/1550 390/442/1551
f 390/442/1551 259/125/1550 389/443/1552
s 386
f 204/122/1553 390/442/1554 75/97/1555
f 75/97/1555 390/442/1554 391/393/1556
s 387
f 273/392/1557 69/98/1558 391/393/1559
f 391/393/1559 69/98/1558 75/97/1560
s 388
f 323/484/1561 125/400/1562 322/185/1563
f 322/185/1563 125/400/1562 211/186/1564
s 389
f 392/111/1565 271/467/1566 81/112/1567
f 81/112/1567 271/467/1566 242/134/1568
s 390
f 353/504/1569 72/508/1570 392/111/1571
f 392/111/1571 72/508/1570 271/467/1572
s 391
f 377/143/1573 99/506/1574 355/146/1575
f 355/146/1575 99/506/1574 393/147/1576
s 392
f 352/129/1577 255/128/1578 357/505/1579
f 357/505/1579 255/128/1578 356/148/1580
s 393
f 479/518/1581 478/519/1582 394/521/1583
f 394/521/1583 478/519/1582 395/520/1584
s 394
f 478/519/1585 477/522/1586 395/520/1587
f 395/520/1587 477/522/1586 396/523/1588
s 395
f 397/525/1589 396/523/1590 490/524/1591
f 490/524/1591 396/523/1590 477/522/1592
s 396
f 489/527/1593 398/528/1594 490/526/1595
f 490/526/1595 398/528/1594 397/529/1596
s 397
f 488/530/1597 399/531/1598 489/527/1599
f 489/527/1599 399/531/1598 398/528/1600
s 398
f 488/530/1601 487/532/1602 399/531/1603
f 399/531/1603 487/532/1602 400/533/1604
s 399
f 401/534/1605 400/533/1606 486/535/1607
f 486/535/1607 400/533/1606 487/532/1608
s 400
f 402/536/1609 430/537/1610 483/539/1611
f 483/539/1611 430/537/1610 484/538/1612
s 401
f 482/540/1613 403/541/1614 483/543/1615
f 483/543/1615 403/541/1614 402/542/1616
s 402
f 403/541/1617 482/540/1618 404/544/1619
f 404/544/1619 482/540/1618 481/545/1620
s 403
f 480/546/1621 405/547/1622 481/545/1623
f 481/545/1623 405/547/1622 404/544/1624
s 404
f 394/521/1625 405/547/1626 479/518/1627
f 479/518/1627 405/547/1626 480/546/1628
s 405
f 527/562/1629 406/548/1630 407/564/1631
f 407/564/1631 406/548/1630 408/563/1632
s 406
f 409/565/1633 408/563/1634 528/549/1635
f 528/549/1635 408/563/1634 406/548/1636
s 407
f 528/549/1637 518/550/1638 409/565/1639
f 409/565/1639 518/550/1638 410/566/1640
s 408
f 518/550/1641 519/551/1642 410/566/1643
f 410/566/1643 519/551/1642 411/567/1644
s 409
f 519/551/1645 520/552/1646 411/567/1647
f 411/567/1647 520/552/1646 412/568/1648
s 410
f 520/553/1649 521/554/1650 412/570/1651
f 412/570/1651 521/554/1650 413/569/1652
s 411
f 521/554/1653 522/555/1654 413/569/1655
f 413/569/1655 522/555/1654 414/571/1656
s 412
f 523/556/1657 415/572/1658 522/555/1659
f 522/555/1659 415/572/1658 414/571/1660
s 413
f 415/572/1661 523/556/1662 416/573/1663
f 416/573/1663 523/556/1662 524/557/1664
s 414
f 417/574/1665 432/575/1666 525/559/1667
f 525/559/1667 432/575/1666 431/558/1668
s 415
f 525/560/1669 526/561/1670 417/577/1671
f 417/577/1671 526/561/1670 418/576/1672
s 416
f 407/564/1673 418/576/1674 527/562/1675
f 527/562/1675 418/576/1674 526/561/1676
s 417
f 456/593/1677 434/607/1678 419/591/1679
f 419/591/1679 434/607/1678 433/592/1680
s 418
f 455/594/1681 456/595/1682 445/578/1683
f 445/578/1683 456/595/1682 419/579/1684
s 419
f 454/596/1685 455/594/1686 444/580/1687
f 444/580/1687 455/594/1686 445/578/1688
s 420
f 453/597/1689 454/596/1690 443/581/1691
f 443/581/1691 454/596/1690 444/580/1692
s 421
f 452/598/1693 453/597/1694 442/582/1695
f 442/582/1695 453/597/1694 443/581/1696
s 422
f 451/599/1697 452/598/1698 441/583/1699
f 441/583/1699 452/598/1698 442/582/1700
s 423
f 461/600/1701 451/599/1702 440/584/1703
f 440/584/1703 451/599/1702 441/583/1704
s 424
f 460/601/1705 461/600/1706 450/585/1707
f 450/585/1707 461/600/1706 440/584/1708
s 425
f 459/602/1709 460/603/1710 449/587/1711
f 449/587/1711 460/603/1710 450/586/1712
s 426
f 458/604/1713 459/602/1714 448/588/1715
f 448/588/1715 459/602/1714 449/587/1716
s 427
f 420/606/1717 458/604/1718 447/589/1719
f 447/589/1719 458/604/1718 448/588/1720
s 428
f 457/605/1721 420/606/1722 446/590/1723
f 446/590/1723 420/606/1722 447/589/1724
s 429
f 502/608/1725 501/609/1726 422/611/1727
f 422/611/1727 501/609/1726 421/610/1728
s 430
f 501/609/1729 500/612/1730 421/610/1731
f 421/610/1731 500/612/1730 423/613/1732
s 431
f 500/612/1733 499/614/1734 423/613/1735
f 423/613/1735 499/614/1734 424/615/1736
s 432
f 425/616/1737 424/615/1738 498/617/1739
f 498/617/1739 424/615/1738 499/614/1740
s 433
f 426/618/1741 4/7/1742 495/620/1743
f 495/620/1743 4/7/1742 496/619/1744
s 434
f 495/621/1745 494/622/1746 426/624/1747
f 426/624/1747 494/622/1746 427/623/1748
s 435
f 1/11/1749 427/623/1750 493/625/1751
f 493/625/1751 427/623/1750 494/622/1752
s 436
f 493/625/1753 492/626/1754 1/11/1755
f 1/11/1755 492/626/1754 428/627/1756
s 437
f 2/15/1757 428/627/1758 491/628/1759
f 491/628/1759 428/627/1758 492/626/1760
s 438
f 491/628/1761 462/656/1762 2/15/1763
f 2/15/1763 462/656/1762 429/629/1764
s 439
f 3/17/1765 429/629/1766 503/630/1767
f 503/630/1767 429/629/1766 462/656/1768
s 440
f 503/630/1769 502/631/1770 3/17/1771
f 3/17/1771 502/631/1770 422/632/1772
s 441
f 430/537/1773 435/633/1774 484/538/1775
f 484/538/1775 435/633/1774 485/634/1776
s 442
f 432/575/1777 437/636/1778 431/558/1779
f 431/558/1779 437/636/1778 436/635/1780
s 443
f 434/607/1781 439/638/1782 433/592/1783
f 433/592/1783 439/638/1782 438/637/1784
s 444
f 4/7/1785 5/21/1786 496/619/1787
f 496/619/1787 5/21/1786 497/639/1788
s 445
f 435/633/1789 401/534/1790 485/634/1791
f 485/634/1791 401/534/1790 486/535/1792
s 446
f 416/573/1793 524/557/1794 437/636/1795
f 437/636/1795 524/557/1794 436/635/1796
s 447
f 439/638/1797 457/605/1798 438/637/1799
f 438/637/1799 457/605/1798 446/590/1800
s 448
f 5/21/1801 425/616/1802 497/639/1803
f 497/639/1803 425/616/1802 498/617/1804
s 449
f 395/520/1805 396/523/1806 518/550/1807
f 518/550/1807 396/523/1806 519/551/1808
s 450
f 394/521/1809 395/520/1810 528/549/1811
f 528/549/1811 395/520/1810 518/550/1812
s 451
f 528/549/1813 406/548/1814 394/521/1815
f 394/521/1815 406/548/1814 405/547/1816
s 452
f 404/544/1817 405/547/1818 527/562/1819
f 527/562/1819 405/547/1818 406/548/1820
s 453
f 526/561/1821 403/541/1822 527/562/1823
f 527/562/1823 403/541/1822 404/544/1824
s 454
f 403/541/1825 526/561/1826 402/542/1827
f 402/542/1827 526/561/1826 525/560/1828
s 455
f 431/558/1829 430/537/1830 525/559/1831
f 525/559/1831 430/537/1830 402/536/1832
s 456
f 436/635/1833 435/633/1834 431/558/1835
f 431/558/1835 435/633/1834 430/537/1836
s 457
f 435/633/1837 436/635/1838 401/534/1839
f 401/534/1839 436/635/1838 524/557/1840
s 458
f 401/534/1841 524/557/1842 400/533/1843
f 400/533/1843 524/557/1842 523/556/1844
s 459
f 400/533/1845 523/556/1846 399/531/1847
f 399/531/1847 523/556/1846 522/555/1848
s 460
f 398/528/1849 399/531/1850 521/554/1851
f 521/554/1851 399/531/1850 522/555/1852
s 461
f 397/529/1853 398/528/1854 520/553/1855
f 520/553/1855 398/528/1854 521/554/1856
s 462
f 396/523/1857 397/525/1858 519/551/1859
f 519/551/1859 397/525/1858 520/552/1860
s 463
f 505/640/1861 504/641/1862 441/583/1863
f 441/583/1863 504/641/1862 440/584/1864
s 464
f 506/642/1865 505/640/1866 442/582/1867
f 442/582/1867 505/640/1866 441/583/1868
s 465
f 442/582/1869 443/581/1870 506/642/1871
f 506/642/1871 443/581/1870 507/643/1872
s 466
f 508/644/1873 507/643/1874 444/580/1875
f 444/580/1875 507/643/1874 443/581/1876
s 467
f 444/580/1877 445/578/1878 508/644/1879
f 508/644/1879 445/578/1878 509/645/1880
s 468
f 510/646/1881 509/645/1882 419/579/1883
f 419/579/1883 509/645/1882 445/578/1884
s 469
f 419/591/1885 433/592/1886 510/647/1887
f 510/647/1887 433/592/1886 511/648/1888
s 470
f 512/649/1889 511/648/1890 438/637/1891
f 438/637/1891 511/648/1890 433/592/1892
s 471
f 513/650/1893 512/649/1894 446/590/1895
f 446/590/1895 512/649/1894 438/637/1896
s 472
f 514/651/1897 513/650/1898 447/589/1899
f 447/589/1899 513/650/1898 446/590/1900
s 473
f 515/652/1901 514/651/1902 448/588/1903
f 448/588/1903 514/651/1902 447/589/1904
s 474
f 516/653/1905 515/652/1906 449/587/1907
f 449/587/1907 515/652/1906 448/588/1908
s 475
f 517/654/1909 516/653/1910 450/586/1911
f 450/586/1911 516/653/1910 449/587/1912
s 476
f 450/585/1913 440/584/1914 517/655/1915
f 517/655/1915 440/584/1914 504/641/1916
s 477
f 452/598/1917 451/599/1918 491/628/1919
f 491/628/1919 451/599/1918 462/656/1920
s 478
f 491/628/1921 492/626/1922 452/598/1923
f 452/598/1923 492/626/1922 453/597/1924
s 479
f 454/596/1925 453/597/1926 493/625/1927
f 493/625/1927 453/597/1926 492/626/1928
s 480
f 493/625/1929 494/622/1930 454/596/1931
f 454/596/1931 494/622/1930 455/594/1932
s 481
f 456/595/1933 455/594/1934 495/621/1935
f 495/621/1935 455/594/1934 494/622/1936
s 482
f 434/607/1937 456/593/1938 496/619/1939
f 496/619/1939 456/593/1938 495/620/1940
s 483
f 439/638/1941 434/607/1942 497/639/1943
f 497/639/1943 434/607/1942 496/619/1944
s 484
f 457/605/1945 439/638/1946 498/617/1947
f 498/617/1947 439/638/1946 497/639/1948
s 485
f 420/606/1949 457/605/1950 499/614/1951
f 499/614/1951 457/605/1950 498/617/1952
s 486
f 458/604/1953 420/606/1954 500/612/1955
f 500/612/1955 420/606/1954 499/614/1956
s 487
f 459/602/1957 458/604/1958 501/609/1959
f 501/609/1959 458/604/1958 500/612/1960
s 488
f 460/603/1961 459/602/1962 502/608/1963
f 502/608/1963 459/602/1962 501/609/1964
s 489
f 461/600/1965 460/601/1966 503/630/1967
f 503/630/1967 460/601/1966 502/631/1968
s 490
f 451/599/1969 461/600/1970 462/656/1971
f 462/656/1971 461/600/1970 503/630/1972
s 491
f 463/657/1973 464/658/1974 530/660/1975
f 530/660/1975 464/658/1974 529/659/1976
s 492
f 531/662/1977 529/659/1978 465/661/1979
f 465/661/1979 529/659/1978 464/658/1980
s 493
f 532/664/1981 531/662/1982 466/663/1983
f 466/663/1983 531/662/1982 465/661/1984
s 494
f 533/666/1985 532/664/1986 467/665/1987
f 467/665/1987 532/664/1986 466/663/1988
s 495
f 534/667/1989 533/666/1990 468/668/1991
f 468/668/1991 533/666/1990 467/665/1992
s 496
f 535/669/1993 534/667/1994 469/670/1995
f 469/670/1995 534/667/1994 468/668/1996
s 497
f 536/671/1997 535/669/1998 470/672/1999
f 470/672/1999 535/669/1998 469/670/2000
s 498
f 536/674/2001 470/675/2002 537/673/2003
f 537/673/2003 470/675/2002 471/676/2004
s 499
f 537/673/2005 471/676/2006 538/677/2007
f 538/677/2007 471/676/2006 472/678/2008
s 500
f 538/677/2009 472/678/2010 539/679/2011
f 539/679/2011 472/678/2010 473/680/2012
s 501
f 474/681/2013 540/682/2014 473/680/2015
f 473/680/2015 540/682/2014 539/679/2016
s 502
f 540/682/2017 474/681/2018 541/683/2019
f 541/683/2019 474/681/2018 475/684/2020
s 503
f 476/685/2021 542/686/2022 475/684/2023
f 475/684/2023 542/686/2022 541/683/2024
s 504
f 542/686/2025 476/685/2026 530/687/2027
f 530/687/2027 476/685/2026 463/688/2028
s 505
f 472/678/2029 471/676/2030 478/519/2031
f 478/519/2031 471/676/2030 477/522/2032
s 506
f 472/678/2033 478/519/2034 473/680/2035
f 473/680/2035 478/519/2034 479/518/2036
s 507
f 480/546/2037 474/681/2038 479/518/2039
f 479/518/2039 474/681/2038 473/680/2040
s 508
f 474/681/2041 480/546/2042 475/684/2043
f 475/684/2043 480/546/2042 481/545/2044
s 509
f 482/540/2045 476/685/2046 481/545/2047
f 481/545/2047 476/685/2046 475/684/2048
s 510
f 476/685/2049 482/540/2050 463/688/2051
f 463/688/2051 482/540/2050 483/543/2052
s 511
f 464/658/2053 463/657/2054 484/538/2055
f 484/538/2055 463/657/2054 483/539/2056
s 512
f 465/661/2057 464/658/2058 485/634/2059
f 485/634/2059 464/658/2058 484/538/2060
s 513
f 466/663/2061 465/661/2062 486/535/2063
f 486/535/2063 465/661/2062 485/634/2064
s 514
f 467/665/2065 466/663/2066 487/532/2067
f 487/532/2067 466/663/2066 486/535/2068
s 515
f 468/668/2069 467/665/2070 488/530/2071
f 488/530/2071 467/665/2070 487/532/2072
s 516
f 468/668/2073 488/530/2074 469/670/2075
f 469/670/2075 488/530/2074 489/527/2076
s 517
f 469/670/2077 489/527/2078 470/672/2079
f 470/672/2079 489/527/2078 490/526/2080
s 518
f 471/676/2081 470/675/2082 477/522/2083
f 477/522/2083 470/675/2082 490/524/2084
s 519
f 410/566/2085 411/567/2086 505/690/2087
f 505/690/2087 411/567/2086 504/689/2088
s 520
f 409/565/2089 410/566/2090 506/691/2091
f 506/691/2091 410/566/2090 505/690/2092
s 521
f 408/563/2093 409/565/2094 507/692/2095
f 507/692/2095 409/565/2094 506/691/2096
s 522
f 407/564/2097 408/563/2098 508/693/2099
f 508/693/2099 408/563/2098 507/692/2100
s 523
f 418/576/2101 407/564/2102 509/694/2103
f 509/694/2103 407/564/2102 508/693/2104
s 524
f 417/577/2105 418/576/2106 510/695/2107
f 510/695/2107 418/576/2106 509/694/2108
s 525
f 510/696/2109 511/697/2110 417/574/2111
f 417/574/2111 511/697/2110 432/575/2112
s 526
f 437/636/2113 432/575/2114 512/698/2115
f 512/698/2115 432/575/2114 511/697/2116
s 527
f 416/573/2117 437/636/2118 513/699/2119
f 513/699/2119 437/636/2118 512/698/2120
s 528
f 415/572/2121 416/573/2122 514/700/2123
f 514/700/2123 416/573/2122 513/699/2124
s 529
f 414/571/2125 415/572/2126 515/701/2127
f 515/701/2127 415/572/2126 514/700/2128
s 530
f 413/569/2129 414/571/2130 516/702/2131
f 516/702/2131 414/571/2130 515/701/2132
s 531
f 412/570/2133 413/569/2134 517/703/2135
f 517/703/2135 413/569/2134 516/702/2136
s 532
f 411/567/2137 412/568/2138 504/689/2139
f 504/689/2139 412/568/2138 517/704/2140
s 533
f 543//2141 555//2142 544//2143
f 544//2143 555//2142 556//2144
s 534
f 544//2145 556//2146 545//2147
f 545//2147 556//2146 557//2148
s 535
f 545//2149 557//2150 546//2151
f 546//2151 557//2150 558//2152
s 536
f 559//2153 547//2154 558//2155
f 558//2155 547//2154 546//2156
s 537
f 562//2157 548//2158 561//2159
f 561//2159 548//2158 1010//2160
s 538
f 548//2161 562//2162 549//2163
f 549//2163 562//2162 563//2164
s 539
f 549//2165 563//2166 1005//2167
f 1005//2167 563//2166 564//2168
s 540
f 1005//2169 564//2170 550//2171
f 550//2171 564//2170 565//2172
s 541
f 553//2173 551//2174 552//2175
f 552//2175 551//2174 1006//2176
s 542
f 551//2177 553//2178 1007//2179
f 1007//2179 553//2178 554//2180
s 543
f 1007//2181 554//2182 543//2183
f 543//2183 554//2182 555//2184
s 544
f 552//2185 1006//2186 565//2187
f 565//2187 1006//2186 550//2188
s 545
f 561//2189 1010//2190 560//2191
f 560//2191 1010//2190 1013//2192
s 546
f 560//2193 1013//2194 559//2195
f 559//2195 1013//2194 547//2196
s 547
f 564//2197 566//2198 565//2199
f 565//2199 566//2198 567//2200
s 548
f 565//2201 567//2202 552//2203
f 552//2203 567//2202 568//2204
s 549
f 569//2205 553//2206 568//2207
f 568//2207 553//2206 552//2208
s 550
f 553//2209 569//2210 554//2211
f 554//2211 569//2210 570//2212
s 551
f 554//2213 570//2214 555//2215
f 555//2215 570//2214 571//2216
s 552
f 555//2217 571//2218 556//2219
f 556//2219 571//2218 572//2220
s 553
f 556//2221 572//2222 557//2223
f 557//2223 572//2222 573//2224
s 554
f 557//2225 573//2226 558//2227
f 558//2227 573//2226 574//2228
s 555
f 575//2229 559//2230 574//2231
f 574//2231 559//2230 558//2232
s 556
f 576//2233 560//2234 575//2235
f 575//2235 560//2234 559//2236
s 557
f 577//2237 561//2238 576//2239
f 576//2239 561//2238 560//2240
s 558
f 562//2241 561//2242 578//2243
f 578//2243 561//2242 577//2244
s 559
f 562//2245 578//2246 563//2247
f 563//2247 578//2246 579//2248
s 560
f 563//2249 579//2250 564//2251
f 564//2251 579//2250 566//2252
s 561
f 588//2253 585//2254 892//2255
f 892//2255 585//2254 893//2256
s 562
f 586//2257 580//2258 585//2259
f 585//2259 580//2258 893//2260
s off
f 586//2261 587//2262 580//2263
s 563
f 591//2264 583//2265 891//2266
f 891//2266 583//2265 581//2267
s 564
f 583//2268 584//2269 581//2270
f 581//2270 584//2269 582//2271
s 565
f 586//2272 585//2273 589//2274
f 589//2274 585//2273 588//2275
s 566
f 587//2276 586//2277 590//2278
f 590//2278 586//2277 589//2279
s 567
f 582//2280 584//2281 892//2282
f 892//2282 584//2281 588//2283
s 568
f 583//2284 589//2285 584//2286
f 584//2286 589//2285 588//2287
s 569
f 590//2288 589//2289 591//2290
f 591//2290 589//2289 583//2291
s off
f 590//2292 591//2293 891//2294
s 570
f 601//2295 598//2296 890//2297
f 890//2297 598//2296 889//2298
s 571
f 599//2299 593//2300 598//2301
f 598//2301 593//2300 889//2302
s off
f 599//2303 600//2304 593//2305
s 572
f 604//2306 596//2307 592//2308
f 592//2308 596//2307 594//2309
s 573
f 596//2310 597//2311 594//2312
f 594//2312 597//2311 595//2313
s 574
f 599//2314 598//2315 602//2316
f 602//2316 598//2315 601//2317
s 575
f 600//2318 599//2319 603//2320
f 603//2320 599//2319 602//2321
s 576
f 595//2322 597//2323 890//2324
f 890//2324 597//2323 601//2325
s 577
f 596//2326 602//2327 597//2328
f 597//2328 602//2327 601//2329
s 578
f 603//2330 602//2331 604//2332
f 604//2332 602//2331 596//2333
s off
f 603//2334 604//2335 592//2336
s 579
f 613//2337 610//2338 896//2339
f 896//2339 610//2338 897//2340
s 580
f 611//2341 605//2342 610//2343
f 610//2343 605//2342 897//2344
s off
f 611//2345 612//2346 605//2347
s 581
f 616//2348 608//2349 895//2350
f 895//2350 608//2349 606//2351
s 582
f 608//2352 609//2353 606//2354
f 606//2354 609//2353 607//2355
s 583
f 611//2356 610//2357 614//2358
f 614//2358 610//2357 613//2359
s 584
f 612//2360 611//2361 615//2362
f 615//2362 611//2361 614//2363
s 585
f 607//2364 609//2365 896//2366
f 896//2366 609//2365 613//2367
s 586
f 608//2368 614//2369 609//2370
f 609//2370 614//2369 613//2371
s 587
f 615//2372 614//2373 616//2374
f 616//2374 614//2373 608//2375
s off
f 615//2376 616//2377 895//2378
s 588
f 622//2379 623//2380 621//2381
f 621//2381 623//2380 618//2382
s 589
f 628//2383 624//2384 887//2385
f 887//2385 624//2384 619//2386
s 590
f 625//2387 620//2388 624//2389
f 624//2389 620//2388 888//2390
s 591
f 626//2391 627//2392 625//2393
f 625//2393 627//2392 620//2394
s 592
f 630//2395 631//2396 626//2397
f 626//2397 631//2396 627//2398
s 593
f 632//2399 622//2400 617//2401
f 617//2401 622//2400 621//2402
s 594
f 629//2403 625//2404 628//2405
f 628//2405 625//2404 624//2406
s 595
f 630//2407 626//2408 629//2409
f 629//2409 626//2408 625//2410
s 596
f 623//2411 628//2412 886//2413
f 886//2413 628//2412 887//2414
s 597
f 629//2415 628//2416 622//2417
f 622//2417 628//2416 623//2418
s 598
f 630//2419 629//2420 632//2421
f 632//2421 629//2420 622//2422
s 599
f 630//2423 632//2424 631//2425
f 631//2425 632//2424 617//2426
s 600
f 641//2427 634//2428 640//2429
f 640//2429 634//2428 633//2430
s 601
f 909//2431 861//2432 908//2433
f 908//2433 861//2432 838//2434
s 602
f 645//2435 778//2436 644//2437
f 644//2437 778//2436 636//2438
s 603
f 643//2439 814//2440 947//2441
f 947//2441 814//2440 646//2442
s 604
f 647//2443 804//2444 856//2445
f 856//2445 804//2444 840//2446
s 605
f 904//2447 932//2448 656//2449
f 656//2449 932//2448 933//2450
s 606
f 775//2451 828//2452 650//2453
f 650//2453 828//2452 649//2454
s 607
f 913//2455 824//2456 651//2457
f 651//2457 824//2456 783//2458
s 608
f 653//2459 645//2460 652//2461
f 652//2461 645//2460 644//2462
s 609
f 928//2463 646//2464 821//2465
f 821//2465 646//2464 814//2466
s 610
f 646//2467 928//2468 813//2469
f 813//2469 928//2468 929//2470
s 611
f 929//2471 930//2472 813//2473
f 813//2473 930//2472 647//2474
s 612
f 930//2475 931//2476 647//2477
f 647//2477 931//2476 804//2478
s 613
f 656//2479 933//2480 803//2481
f 803//2481 933//2480 931//2482
s 614
f 872//2483 779//2484 776//2485
f 776//2485 779//2484 780//2486
s 615
f 838//2487 781//2488 934//2489
f 934//2489 781//2488 663//2490
s 616
f 916//2491 635//2492 915//2493
f 915//2493 635//2492 767//2494
s 617
f 784//2495 665//2496 783//2497
f 783//2497 665//2496 651//2498
s 618
f 926//2499 653//2500 925//2501
f 925//2501 653//2500 652//2502
s 619
f 821//2503 814//2504 653//2505
f 653//2505 814//2504 645//2506
s 620
f 654//2507 668//2508 812//2509
f 812//2509 668//2508 811//2510
s 621
f 669//2511 655//2512 811//2513
f 811//2513 655//2512 812//2514
s 622
f 802//2515 803//2516 669//2517
f 669//2517 803//2516 655//2518
s 623
f 662//2519 675//2520 677//2521
f 677//2521 675//2520 676//2522
s 624
f 663//2523 919//2524 825//2525
f 825//2525 919//2524 671//2526
s 625
f 673//2527 669//2528 863//2529
f 863//2529 669//2528 811//2530
s 626
f 862//2531 802//2532 673//2533
f 673//2533 802//2532 669//2534
s 627
f 802//2535 862//2536 661//2537
f 661//2537 862//2536 674//2538
s 628
f 677//2539 676//2540 883//2541
f 883//2541 676//2540 884//2542
s 629
f 830//2543 831//2544 771//2545
f 771//2545 831//2544 679//2546
s 630
f 771//2547 679//2548 770//2549
f 770//2549 679//2548 680//2550
s 631
f 867//2551 868//2552 769//2553
f 769//2553 868//2552 681//2554
s 632
f 769//2555 681//2556 833//2557
f 833//2557 681//2556 875//2558
s 633
f 879//2559 918//2560 782//2561
f 782//2561 918//2560 919//2562
s 634
f 683//2563 684//2564 666//2565
f 666//2565 684//2564 667//2566
s 635
f 819//2567 820//2568 684//2569
f 684//2569 820//2568 667//2570
s 636
f 811//2571 668//2572 863//2573
f 863//2573 668//2572 697//2574
s 637
f 711//2575 676//2576 685//2577
f 685//2577 676//2576 675//2578
s 638
f 942//2579 870//2580 907//2581
f 907//2581 870//2580 876//2582
s 639
f 831//2583 832//2584 679//2585
f 679//2585 832//2584 689//2586
s 640
f 679//2587 689//2588 680//2589
f 680//2589 689//2588 690//2590
s 641
f 680//2591 690//2592 868//2593
f 868//2593 690//2592 874//2594
s 642
f 681//2595 688//2596 875//2597
f 875//2597 688//2596 873//2598
s 643
f 621//2599 618//2600 690//2601
f 690//2601 618//2600 874//2602
s 644
f 686//2603 873//2604 887//2605
f 887//2605 873//2604 886//2606
s 645
f 870//2607 888//2608 937//2609
f 937//2609 888//2608 620//2610
s 646
f 937//2611 620//2612 687//2613
f 687//2613 620//2612 627//2614
s 647
f 631//2615 617//2616 832//2617
f 832//2617 617//2616 689//2618
s 648
f 617//2619 621//2620 689//2621
f 689//2621 621//2620 690//2622
s 649
f 700//2623 757//2624 693//2625
f 693//2625 757//2624 683//2626
s 650
f 757//2627 701//2628 683//2629
f 683//2629 701//2628 684//2630
s 651
f 701//2631 818//2632 684//2633
f 684//2633 818//2632 819//2634
s 652
f 676//2635 711//2636 884//2637
f 884//2637 711//2636 712//2638
s 653
f 695//2639 878//2640 692//2641
f 692//2641 878//2640 784//2642
s 654
f 878//2643 693//2644 784//2645
f 784//2645 693//2644 665//2646
s 655
f 713//2647 691//2648 786//2649
f 786//2649 691//2648 785//2650
s 656
f 864//2651 805//2652 695//2653
f 695//2653 805//2652 759//2654
s 657
f 815//2655 700//2656 878//2657
f 878//2657 700//2656 693//2658
s off
f 786//2659 707//2660 713//2661
s 658
f 697//2662 694//2663 702//2664
f 702//2664 694//2663 758//2665
s 659
f 704//2666 698//2667 703//2668
f 703//2668 698//2667 673//2669
s 660
f 705//2670 706//2671 674//2672
f 674//2672 706//2671 710//2673
s 661
f 797//2674 699//2675 796//2676
f 796//2676 699//2675 865//2677
s 662
f 729//2678 730//2679 702//2680
f 702//2680 730//2679 697//2681
s 663
f 697//2682 730//2683 863//2684
f 863//2684 730//2683 810//2685
s 664
f 673//2686 708//2687 703//2688
f 703//2688 708//2687 731//2689
s 665
f 718//2690 719//2691 704//2692
f 704//2692 719//2691 698//2693
s 666
f 698//2694 719//2695 862//2696
f 862//2696 719//2695 801//2697
s 667
f 674//2698 709//2699 705//2700
f 705//2700 709//2699 720//2701
s 668
f 806//2702 715//2703 805//2704
f 805//2704 715//2703 759//2705
s 669
f 759//2706 715//2707 758//2708
f 758//2708 715//2707 702//2709
s 670
f 729//2710 702//2711 728//2712
f 728//2712 702//2711 715//2713
s 671
f 703//2714 731//2715 714//2716
f 714//2716 731//2715 727//2717
s 672
f 699//2718 704//2719 714//2720
f 714//2720 704//2719 703//2721
s 673
f 718//2722 704//2723 717//2724
f 717//2724 704//2723 699//2725
s 674
f 713//2726 705//2727 716//2728
f 716//2728 705//2727 720//2729
s 675
f 713//2730 707//2731 705//2732
f 705//2732 707//2731 706//2733
s 676
f 798//2734 717//2735 797//2736
f 797//2736 717//2735 699//2737
s 677
f 720//2738 724//2739 716//2740
f 716//2740 724//2739 725//2741
s 678
f 799//2742 726//2743 798//2744
f 798//2744 726//2743 717//2745
s 679
f 726//2746 723//2747 717//2748
f 717//2748 723//2747 718//2749
s 680
f 723//2750 722//2751 718//2752
f 718//2752 722//2751 719//2753
s 681
f 722//2754 800//2755 719//2756
f 719//2756 800//2755 801//2757
s 682
f 709//2758 721//2759 720//2760
f 720//2760 721//2759 724//2761
s 683
f 889//2762 593//2763 726//2764
f 726//2764 593//2763 723//2765
s 684
f 723//2766 593//2767 722//2768
f 722//2768 593//2767 600//2769
s 685
f 722//2770 600//2771 800//2772
f 800//2772 600//2771 603//2773
s 686
f 721//2774 592//2775 724//2776
f 724//2776 592//2775 594//2777
s 687
f 724//2778 594//2779 725//2780
f 725//2780 594//2779 595//2781
s 688
f 890//2782 889//2783 799//2784
f 799//2784 889//2783 726//2785
s 689
f 807//2786 728//2787 806//2788
f 806//2788 728//2787 715//2789
s 690
f 731//2790 735//2791 727//2792
f 727//2792 735//2791 736//2793
s 691
f 808//2794 737//2795 807//2796
f 807//2796 737//2795 728//2797
s 692
f 737//2798 734//2799 728//2800
f 728//2800 734//2799 729//2801
s 693
f 734//2802 733//2803 729//2804
f 729//2804 733//2803 730//2805
s 694
f 733//2806 809//2807 730//2808
f 730//2808 809//2807 810//2809
s 695
f 708//2810 732//2811 731//2812
f 731//2812 732//2811 735//2813
s 696
f 707//2814 741//2815 706//2816
f 706//2816 741//2815 742//2817
s 697
f 742//2818 743//2819 706//2820
f 706//2820 743//2819 710//2821
s 698
f 710//2822 743//2823 794//2824
f 794//2824 743//2823 793//2825
s 699
f 738//2826 739//2827 685//2828
f 685//2828 739//2827 711//2829
s 700
f 739//2830 740//2831 711//2832
f 711//2832 740//2831 712//2833
s 701
f 707//2834 786//2835 741//2836
f 741//2836 786//2835 787//2837
s 702
f 743//2838 744//2839 793//2840
f 793//2840 744//2839 792//2841
s 703
f 745//2842 739//2843 898//2844
f 898//2844 739//2843 738//2845
s 704
f 746//2846 740//2847 745//2848
f 745//2848 740//2847 739//2849
s 705
f 899//2850 747//2851 787//2852
f 787//2852 747//2851 741//2853
s 706
f 747//2854 900//2855 741//2856
f 741//2856 900//2855 742//2857
s 707
f 744//2858 743//2859 900//2860
f 900//2860 743//2859 742//2861
s 708
f 748//2862 750//2863 747//2864
f 747//2864 750//2863 900//2865
s 709
f 900//2866 750//2867 744//2868
f 744//2868 750//2867 777//2869
s 710
f 744//2870 777//2871 792//2872
f 792//2872 777//2871 791//2873
s 711
f 898//2874 749//2875 745//2876
f 745//2876 749//2875 751//2877
s 712
f 745//2878 751//2879 746//2880
f 746//2880 751//2879 752//2881
s 713
f 899//2882 788//2883 747//2884
f 747//2884 788//2883 748//2885
s 714
f 788//2886 789//2887 748//2888
f 748//2888 789//2887 755//2889
s 715
f 756//2890 750//2891 755//2892
f 755//2892 750//2891 748//2893
s off
f 756//2894 777//2895 750//2896
s 716
f 885//2897 753//2898 749//2899
f 749//2899 753//2898 751//2900
s 717
f 753//2901 754//2902 751//2903
f 751//2903 754//2902 752//2904
s 718
f 756//2905 755//2906 790//2907
f 790//2907 755//2906 789//2908
s 719
f 777//2909 756//2910 791//2911
f 791//2911 756//2910 790//2912
s 720
f 763//2913 764//2914 700//2915
f 700//2915 764//2914 757//2916
s 721
f 764//2917 765//2918 757//2919
f 757//2919 765//2918 701//2920
s 722
f 765//2921 817//2922 701//2923
f 701//2923 817//2922 818//2924
s 723
f 694//2925 760//2926 758//2927
f 758//2927 760//2926 761//2928
s 724
f 758//2929 761//2930 759//2931
f 759//2931 761//2930 762//2932
s 725
f 816//2933 763//2934 815//2935
f 815//2935 763//2934 700//2936
s 726
f 765//2937 587//2938 817//2939
f 817//2939 587//2938 590//2940
s 727
f 760//2941 891//2942 761//2943
f 761//2943 891//2942 581//2944
s 728
f 761//2945 581//2946 762//2947
f 762//2947 581//2946 582//2948
s 729
f 892//2949 893//2950 816//2951
f 816//2951 893//2950 763//2952
s 730
f 893//2953 580//2954 763//2955
f 763//2955 580//2954 764//2956
s 731
f 764//2957 580//2958 765//2959
f 765//2959 580//2958 587//2960
s 732
f 642//2961 768//2962 641//2963
f 641//2963 768//2962 634//2964
s 733
f 658//2965 649//2966 829//2967
f 829//2967 649//2966 828//2968
s 734
f 672//2969 670//2970 834//2971
f 834//2971 670//2970 826//2972
s 735
f 769//2973 833//2974 660//2975
f 660//2975 833//2974 912//2976
s 736
f 866//2977 867//2978 660//2979
f 660//2979 867//2978 769//2980
s 737
f 658//2981 771//2982 659//2983
f 659//2983 771//2982 770//2984
s 738
f 829//2985 830//2986 658//2987
f 658//2987 830//2986 771//2988
s 739
f 662//2989 773//2990 920//2991
f 920//2991 773//2990 921//2992
s 740
f 773//2993 662//2994 923//2995
f 923//2995 662//2994 677//2996
s 741
f 774//2997 672//2998 835//2999
f 835//2999 672//2998 834//3000
s 742
f 650//3001 641//3002 775//3003
f 775//3003 641//3002 640//3004
s 743
f 906//3005 858//3006 841//3007
f 841//3007 858//3006 946//3008
s 744
f 660//3009 912//3010 911//3011
f 911//3011 912//3010 836//3012
s 745
f 649//3013 658//3014 779//3015
f 779//3015 658//3014 659//3016
s 746
f 860//3017 823//3018 782//3019
f 782//3019 823//3018 696//3020
s 747
f 670//3021 823//3022 826//3023
f 826//3023 823//3022 827//3024
s 748
f 634//3025 853//3026 633//3027
f 633//3027 853//3026 854//3028
s 749
f 853//3029 634//3030 852//3031
f 852//3031 634//3030 768//3032
s 750
f 852//3033 768//3034 851//3035
f 851//3035 768//3034 766//3036
s 751
f 851//3037 766//3038 850//3039
f 850//3039 766//3038 767//3040
s 752
f 850//3041 767//3042 849//3043
f 849//3043 767//3042 635//3044
s 753
f 849//3045 635//3046 848//3047
f 848//3047 635//3046 914//3048
s 754
f 636//3049 847//3050 914//3051
f 914//3051 847//3050 848//3052
s 755
f 778//3053 846//3054 636//3055
f 636//3055 846//3054 847//3056
s 756
f 845//3057 643//3058 844//3059
f 844//3059 643//3058 637//3060
s 757
f 843//3061 638//3062 842//3063
f 842//3063 638//3062 639//3064
s 758
f 842//3065 639//3066 855//3067
f 855//3067 639//3066 841//3068
s 759
f 823//3069 670//3070 696//3071
f 696//3071 670//3070 882//3072
s 760
f 692//3073 784//3074 671//3075
f 671//3075 784//3074 783//3076
s 761
f 786//3077 712//3078 787//3079
f 787//3079 712//3078 740//3080
s 762
f 746//3081 899//3082 740//3083
f 740//3083 899//3082 787//3084
s 763
f 746//3085 752//3086 899//3087
f 899//3087 752//3086 788//3088
s 764
f 752//3089 754//3090 788//3091
f 788//3091 754//3090 789//3092
s 765
f 753//3093 790//3094 754//3095
f 754//3095 790//3094 789//3096
s 766
f 791//3097 790//3098 885//3099
f 885//3099 790//3098 753//3100
s off
f 791//3101 885//3102 749//3103
s 767
f 791//3104 749//3105 792//3106
f 792//3106 749//3105 898//3107
s 768
f 792//3108 898//3109 793//3110
f 793//3110 898//3109 738//3111
s 769
f 793//3112 738//3113 794//3114
f 794//3114 738//3113 685//3115
s 770
f 795//3116 794//3117 675//3118
f 675//3118 794//3117 685//3119
s 771
f 922//3120 944//3121 901//3122
f 901//3122 944//3121 945//3123
s 772
f 716//3124 798//3125 713//3126
f 713//3126 798//3125 797//3127
s 773
f 716//3128 725//3129 798//3130
f 798//3130 725//3129 799//3131
s 774
f 725//3132 595//3133 799//3134
f 799//3134 595//3133 890//3135
s 775
f 603//3136 592//3137 800//3138
f 800//3138 592//3137 721//3139
s 776
f 801//3140 800//3141 709//3142
f 709//3142 800//3141 721//3143
s 777
f 801//3144 709//3145 862//3146
f 862//3146 709//3145 674//3147
s 778
f 699//3148 805//3149 865//3150
f 865//3150 805//3149 864//3151
s 779
f 806//3152 805//3153 714//3154
f 714//3154 805//3153 699//3155
s 780
f 727//3156 807//3157 714//3158
f 714//3158 807//3157 806//3159
s 781
f 727//3160 736//3161 807//3162
f 807//3162 736//3161 808//3163
s 782
f 810//3164 809//3165 708//3166
f 708//3166 809//3165 732//3167
s 783
f 863//3168 810//3169 673//3170
f 673//3170 810//3169 708//3171
s 784
f 759//3172 762//3173 815//3174
f 815//3174 762//3173 816//3175
s 785
f 582//3176 892//3177 762//3178
f 762//3178 892//3177 816//3179
s 786
f 590//3180 891//3181 817//3182
f 817//3182 891//3181 760//3183
s 787
f 817//3184 760//3185 818//3186
f 818//3186 760//3185 694//3187
s 788
f 819//3188 818//3189 697//3190
f 697//3190 818//3189 694//3191
s 789
f 820//3192 819//3193 668//3194
f 668//3194 819//3193 697//3195
s 790
f 927//3196 820//3197 654//3198
f 654//3198 820//3197 668//3199
s 791
f 822//3200 785//3201 682//3202
f 682//3202 785//3201 691//3203
s 792
f 883//3204 884//3205 822//3206
f 822//3206 884//3205 785//3207
s 793
f 882//3208 670//3209 881//3210
f 881//3210 670//3209 672//3211
s 794
f 671//3212 783//3213 825//3214
f 825//3214 783//3213 824//3215
s 795
f 657//3216 772//3217 829//3218
f 829//3218 772//3217 830//3219
s 796
f 830//3220 772//3221 831//3222
f 831//3222 772//3221 678//3223
s 797
f 678//3224 687//3225 831//3226
f 831//3226 687//3225 832//3227
s 798
f 687//3228 627//3229 832//3230
f 832//3230 627//3229 631//3231
s 799
f 877//3232 875//3233 686//3234
f 686//3234 875//3233 873//3235
s 800
f 875//3236 877//3237 833//3238
f 833//3238 877//3237 835//3239
s 801
f 837//3240 836//3241 827//3242
f 827//3242 836//3241 826//3243
s 802
f 861//3244 837//3245 859//3246
f 859//3246 837//3245 827//3247
s 803
f 839//3248 813//3249 856//3250
f 856//3250 813//3249 647//3251
s 804
f 633//3252 854//3253 841//3254
f 841//3254 854//3253 855//3255
s 805
f 842//3256 566//3257 843//3258
f 843//3258 566//3257 579//3259
s 806
f 578//3260 844//3261 579//3262
f 579//3262 844//3261 843//3263
s 807
f 844//3264 578//3265 845//3266
f 845//3266 578//3265 577//3267
s 808
f 845//3268 577//3269 846//3270
f 846//3270 577//3269 576//3271
s 809
f 846//3272 576//3273 847//3274
f 847//3274 576//3273 575//3275
s 810
f 847//3276 575//3277 848//3278
f 848//3278 575//3277 574//3279
s 811
f 573//3280 849//3281 574//3282
f 574//3282 849//3281 848//3283
s 812
f 572//3284 850//3285 573//3286
f 573//3286 850//3285 849//3287
s 813
f 571//3288 851//3289 572//3290
f 572//3290 851//3289 850//3291
s 814
f 570//3292 852//3293 571//3294
f 571//3294 852//3293 851//3295
s 815
f 569//3296 853//3297 570//3298
f 570//3298 853//3297 852//3299
s 816
f 853//3300 569//3301 854//3302
f 854//3302 569//3301 568//3303
s 817
f 854//3304 568//3305 855//3306
f 855//3306 568//3305 567//3307
s 818
f 566//3308 842//3309 567//3310
f 567//3310 842//3309 855//3311
s 819
f 814//3312 643//3313 645//3314
f 645//3314 643//3313 778//3315
s 820
f 856//3316 840//3317 638//3318
f 638//3318 840//3317 639//3319
s 821
f 859//3320 827//3321 860//3322
f 860//3322 827//3321 823//3323
s 822
f 838//3324 861//3325 781//3326
f 781//3326 861//3325 859//3327
s 823
f 779//3328 659//3329 780//3330
f 780//3330 659//3329 866//3331
s 824
f 659//3332 770//3333 866//3334
f 866//3334 770//3333 867//3335
s 825
f 868//3336 867//3337 680//3338
f 680//3338 867//3337 770//3339
s 826
f 941//3340 886//3341 688//3342
f 688//3342 886//3341 873//3343
s 827
f 868//3344 874//3345 681//3346
f 681//3346 874//3345 688//3347
s 828
f 888//3348 870//3349 940//3350
f 940//3350 870//3349 942//3351
s 829
f 776//3352 871//3353 872//3354
f 872//3354 871//3353 642//3355
s 830
f 837//3356 861//3357 910//3358
f 910//3358 861//3357 909//3359
s 831
f 872//3360 642//3361 650//3362
f 650//3362 642//3361 641//3363
s 832
f 779//3364 872//3365 649//3366
f 649//3366 872//3365 650//3367
s 833
f 682//3368 691//3369 880//3370
f 880//3370 691//3369 796//3371
s 834
f 682//3372 882//3373 822//3374
f 822//3374 882//3373 881//3375
s 835
f 696//3376 882//3377 880//3378
f 880//3378 882//3377 682//3379
s 836
f 786//3380 785//3381 712//3382
f 712//3382 785//3381 884//3383
s 837
f 619//3384 624//3385 940//3386
f 624//3385 888//3387 940//3386
s 838
f 894//3388 686//3389 619//3390
f 619//3390 686//3389 887//3391
s 839
f 886//3392 941//3393 623//3394
f 623//3394 941//3393 618//3395
s 840
f 615//3396 895//3397 809//3398
f 809//3398 895//3397 732//3399
s 841
f 895//3400 606//3401 732//3402
f 732//3402 606//3401 735//3403
s 842
f 606//3404 607//3405 735//3406
f 735//3406 607//3405 736//3407
s 843
f 607//3408 896//3409 736//3410
f 736//3410 896//3409 808//3411
s 844
f 896//3412 897//3413 808//3414
f 808//3414 897//3413 737//3415
s 845
f 737//3416 897//3417 734//3418
f 734//3418 897//3417 605//3419
s 846
f 734//3420 605//3421 733//3422
f 733//3422 605//3421 612//3423
s 847
f 733//3424 612//3425 809//3426
f 809//3426 612//3425 615//3427
s 848
f 903//3428 904//3429 661//3430
f 661//3430 904//3429 656//3431
s 849
f 903//3432 795//3433 902//3434
f 902//3434 795//3433 675//3435
s 850
f 932//3436 904//3437 935//3438
f 935//3438 904//3437 857//3439
s 851
f 841//3440 639//3441 906//3442
f 906//3442 639//3441 840//3443
s 852
f 903//3444 661//3445 795//3446
f 795//3446 661//3445 674//3447
s 853
f 661//3448 656//3449 802//3450
f 802//3450 656//3449 803//3451
s 854
f 920//3452 921//3453 936//3454
f 936//3454 921//3453 939//3455
s 855
f 902//3456 857//3457 903//3458
f 903//3458 857//3457 904//3459
s 856
f 869//3460 907//3461 923//3462
f 923//3462 907//3461 773//3463
s 857
f 921//3464 773//3465 876//3466
f 876//3466 773//3465 907//3467
s 858
f 871//3468 766//3469 642//3470
f 642//3470 766//3469 768//3471
s 859
f 909//3472 908//3473 871//3474
f 871//3474 908//3473 766//3475
s 860
f 910//3476 909//3477 776//3478
f 776//3478 909//3477 871//3479
s 861
f 776//3480 780//3481 910//3482
f 910//3482 780//3481 911//3483
s 862
f 866//3484 660//3485 780//3486
f 780//3486 660//3485 911//3487
s 863
f 834//3488 826//3489 912//3490
f 912//3490 826//3489 836//3491
s 864
f 912//3492 833//3493 834//3494
f 834//3494 833//3493 835//3495
s 865
f 911//3496 836//3497 910//3498
f 910//3498 836//3497 837//3499
s 866
f 782//3500 781//3501 860//3502
f 860//3502 781//3501 859//3503
s 867
f 652//3504 913//3505 925//3506
f 925//3506 913//3505 651//3507
s 868
f 643//3508 845//3509 778//3510
f 778//3510 845//3509 846//3511
s 869
f 879//3512 880//3513 865//3514
f 865//3514 880//3513 796//3515
s 870
f 917//3516 914//3517 916//3518
f 916//3518 914//3517 635//3519
s 871
f 653//3520 926//3521 821//3522
f 821//3522 926//3521 927//3523
s 872
f 664//3524 767//3525 908//3526
f 908//3526 767//3525 766//3527
s 873
f 914//3528 917//3529 636//3530
f 636//3530 917//3529 644//3531
s 874
f 652//3532 644//3533 913//3534
f 913//3534 644//3533 917//3535
s 875
f 759//3536 815//3537 695//3538
f 695//3538 815//3537 878//3539
s 876
f 864//3540 695//3541 918//3542
f 918//3542 695//3541 692//3543
s 877
f 918//3544 692//3545 919//3546
f 919//3546 692//3545 671//3547
s 878
f 691//3548 713//3549 796//3550
f 796//3550 713//3549 797//3551
s 879
f 865//3552 864//3553 879//3554
f 879//3554 864//3553 918//3555
s 880
f 663//3556 781//3557 919//3558
f 919//3558 781//3557 782//3559
s 881
f 824//3560 916//3561 825//3562
f 825//3562 916//3561 915//3563
s 882
f 666//3564 665//3565 683//3566
f 683//3566 665//3565 693//3567
s 883
f 844//3568 637//3569 843//3570
f 843//3570 637//3569 638//3571
s 884
f 856//3572 638//3573 839//3574
f 839//3574 638//3573 637//3575
s 885
f 804//3576 648//3577 840//3578
f 840//3578 648//3577 906//3579
s 886
f 648//3580 905//3581 906//3582
f 906//3582 905//3581 858//3583
s 887
f 938//3584 939//3585 876//3586
f 876//3586 939//3585 921//3587
s 888
f 675//3588 662//3589 902//3590
f 902//3590 662//3589 920//3591
s 889
f 945//3592 946//3593 901//3594
f 901//3594 946//3593 858//3595
s 890
f 902//3596 920//3597 857//3598
f 857//3598 920//3597 936//3599
s 891
f 822//3600 881//3601 883//3602
f 883//3602 881//3601 924//3603
s 892
f 923//3604 677//3605 924//3606
f 924//3606 677//3605 883//3607
s 893
f 774//3608 835//3609 869//3610
f 869//3610 835//3609 877//3611
s 894
f 881//3612 672//3613 924//3614
f 924//3614 672//3613 774//3615
s 895
f 869//3616 923//3617 774//3618
f 774//3618 923//3617 924//3619
s 896
f 674//3620 710//3621 795//3622
f 710//3621 794//3623 795//3622
s off
f 673//3624 698//3625 862//3626
s 897
f 925//3627 651//3628 666//3629
f 666//3629 651//3628 665//3630
s 898
f 666//3631 667//3632 925//3633
f 925//3633 667//3632 926//3634
s 899
f 927//3635 926//3636 820//3637
f 820//3637 926//3636 667//3638
s 900
f 654//3639 928//3640 927//3641
f 927//3641 928//3640 821//3642
s 901
f 928//3643 654//3644 929//3645
f 929//3645 654//3644 812//3646
s 902
f 655//3647 930//3648 812//3649
f 812//3649 930//3648 929//3650
s 903
f 803//3651 931//3652 655//3653
f 655//3653 931//3652 930//3654
s 904
f 932//3655 905//3656 933//3657
f 933//3657 905//3656 648//3658
s 905
f 931//3659 933//3660 804//3661
f 804//3661 933//3660 648//3662
s 906
f 934//3663 663//3664 915//3665
f 915//3665 663//3664 825//3666
s 907
f 935//3667 943//3668 932//3669
f 932//3669 943//3668 905//3670
s 908
f 936//3671 657//3672 922//3673
f 922//3673 657//3672 944//3674
s 909
f 857//3675 936//3676 935//3677
f 935//3677 936//3676 922//3678
s 910
f 937//3679 687//3680 938//3681
f 938//3681 687//3680 678//3682
s 911
f 939//3683 938//3684 772//3685
f 772//3685 938//3684 678//3686
s 912
f 936//3687 939//3688 657//3689
f 657//3689 939//3688 772//3690
s 913
f 938//3691 876//3692 937//3693
f 937//3693 876//3692 870//3694
s 914
f 869//3695 877//3696 894//3697
f 894//3697 877//3696 686//3698
s 915
f 618//3699 941//3700 874//3701
f 874//3701 941//3700 688//3702
s 916
f 907//3703 869//3704 942//3705
f 942//3705 869//3704 894//3706
s 917
f 619//3707 940//3708 894//3709
f 894//3709 940//3708 942//3710
s 918
f 908//3711 838//3712 664//3713
f 664//3713 838//3712 934//3714
s 919
f 901//3715 943//3716 922//3717
f 922//3717 943//3716 935//3718
s 920
f 905//3719 943//3720 858//3721
f 858//3721 943//3720 901//3722
s 921
f 944//3723 657//3724 828//3725
f 828//3725 657//3724 829//3726
s 922
f 775//3727 945//3728 828//3729
f 828//3729 945//3728 944//3730
s 923
f 946//3731 945//3732 640//3733
f 640//3733 945//3732 775//3734
s 924
f 841//3735 946//3736 633//3737
f 633//3737 946//3736 640//3738
s 925
f 782//3739 696//3740 879//3741
f 879//3741 696//3740 880//3742
s 926
f 947//3743 646//3744 839//3745
f 839//3745 646//3744 813//3746
s 927
f 643//3747 947//3748 637//3749
f 637//3749 947//3748 839//3750
s 928
f 767//3751 664//3752 915//3753
f 915//3753 664//3752 934//3754
s 929
f 916//3755 824//3756 917//3757
f 917//3757 824//3756 913//3758
s 930
f 1049//3759 948//3760 1048//3761
f 1048//3761 948//3760 949//3762
s 931
f 1048//3763 949//3764 1047//3765
f 1047//3765 949//3764 950//3766
s 932
f 1047//3767 950//3768 1060//3769
f 1060//3769 950//3768 951//3770
s 933
f 951//3771 952//3772 1060//3773
f 1060//3773 952//3772 1059//3774
s 934
f 952//3775 953//3776 1059//3777
f 1059//3777 953//3776 1058//3778
s 935
f 1058//3779 953//3780 1057//3781
f 1057//3781 953//3780 954//3782
s 936
f 955//3783 1056//3784 954//3785
f 954//3785 1056//3784 1057//3786
s 937
f 956//3787 1053//3788 1008//3789
f 1008//3789 1053//3788 1054//3790
s 938
f 1052//3791 1053//3792 957//3793
f 957//3793 1053//3792 956//3794
s 939
f 1051//3795 1052//3796 958//3797
f 958//3797 1052//3796 957//3798
s 940
f 958//3799 959//3800 1051//3801
f 1051//3801 959//3800 1050//3802
s 941
f 948//3803 1049//3804 959//3805
f 959//3805 1049//3804 1050//3806
s 942
f 970//3807 971//3808 1078//3809
f 1078//3809 971//3808 972//3810
s 943
f 973//3811 960//3812 972//3813
f 972//3813 960//3812 1078//3814
s 944
f 960//3815 973//3816 961//3817
f 961//3817 973//3816 974//3818
s 945
f 961//3819 974//3820 962//3821
f 962//3821 974//3820 975//3822
s 946
f 962//3823 975//3824 963//3825
f 963//3825 975//3824 976//3826
s 947
f 963//3827 976//3828 964//3829
f 964//3829 976//3828 977//3830
s 948
f 964//3831 977//3832 965//3833
f 965//3833 977//3832 978//3834
s 949
f 978//3835 979//3836 965//3837
f 965//3837 979//3836 966//3838
s 950
f 967//3839 966//3840 980//3841
f 980//3841 966//3840 979//3842
s 951
f 981//3843 968//3844 1009//3845
f 1009//3845 968//3844 1077//3846
s 952
f 968//3847 981//3848 969//3849
f 969//3849 981//3848 982//3850
s 953
f 971//3851 970//3852 982//3853
f 982//3853 970//3852 969//3854
s 954
f 1015//3855 1017//3856 1014//3857
f 1014//3857 1017//3856 995//3858
s 955
f 1014//3859 995//3860 983//3861
f 983//3861 995//3860 996//3862
s 956
f 997//3863 984//3864 996//3865
f 996//3865 984//3864 983//3866
s 957
f 984//3867 997//3868 985//3869
f 985//3869 997//3868 998//3870
s 958
f 999//3871 986//3872 998//3873
f 998//3873 986//3872 985//3874
s 959
f 986//3875 999//3876 987//3877
f 987//3877 999//3876 1000//3878
s 960
f 987//3879 1000//3880 988//3881
f 988//3881 1000//3880 1001//3882
s 961
f 988//3883 1001//3884 989//3885
f 989//3885 1001//3884 1002//3886
s 962
f 989//3887 1002//3888 990//3889
f 990//3889 1002//3888 1003//3890
s 963
f 990//3891 1003//3892 991//3893
f 991//3893 1003//3892 1004//3894
s 964
f 991//3895 1004//3896 992//3897
f 992//3897 1004//3896 1019//3898
s 965
f 992//3899 1019//3900 993//3901
f 993//3901 1019//3900 994//3902
s 966
f 1031//3903 543//3904 1030//3905
f 1030//3905 543//3904 544//3906
s 967
f 1030//3907 544//3908 1029//3909
f 1029//3909 544//3908 545//3910
s 968
f 1029//3911 545//3912 1028//3913
f 1028//3913 545//3912 546//3914
s 969
f 547//3915 1027//3916 546//3917
f 546//3917 1027//3916 1028//3918
s 970
f 548//3919 1024//3920 1010//3921
f 1010//3921 1024//3920 1025//3922
s 971
f 1024//3923 548//3924 1023//3925
f 1023//3925 548//3924 549//3926
s 972
f 1005//3927 1022//3928 549//3929
f 549//3929 1022//3928 1023//3930
s 973
f 1022//3931 1005//3932 1021//3933
f 1021//3933 1005//3932 550//3934
s 974
f 1006//3935 1020//3936 550//3937
f 550//3937 1020//3936 1021//3938
s 975
f 1020//3939 1006//3940 1061//3941
f 1061//3941 1006//3940 551//3942
s 976
f 1061//3943 551//3944 1032//3945
f 1032//3945 551//3944 1007//3946
s 977
f 1032//3947 1007//3948 1031//3949
f 1031//3949 1007//3948 543//3950
s 978
f 1008//3951 1054//3952 1011//3953
f 1011//3953 1054//3952 1055//3954
s 979
f 1009//3955 1077//3956 1012//3957
f 1012//3957 1077//3956 1076//3958
s 980
f 1016//3959 1018//3960 1015//3961
f 1015//3961 1018//3960 1017//3962
s 981
f 1010//3963 1025//3964 1013//3965
f 1013//3965 1025//3964 1026//3966
s 982
f 1011//3967 1055//3968 955//3969
f 955//3969 1055//3968 1056//3970
s 983
f 1076//3971 967//3972 1012//3973
f 1012//3973 967//3972 980//3974
s 984
f 993//3975 994//3976 1016//3977
f 1016//3977 994//3976 1018//3978
s 985
f 1013//3979 1026//3980 547//3981
f 547//3981 1026//3980 1027//3982
s 986
f 949//3983 961//3984 950//3985
f 950//3985 961//3984 962//3986
s 987
f 948//3987 960//3988 949//3989
f 949//3989 960//3988 961//3990
s 988
f 960//3991 948//3992 1078//3993
f 1078//3993 948//3992 959//3994
s 989
f 958//3995 970//3996 959//3997
f 959//3997 970//3996 1078//3998
s 990
f 958//3999 957//4000 970//4001
f 970//4001 957//4000 969//4002
s 991
f 968//4003 969//4004 956//4005
f 956//4005 969//4004 957//4006
s 992
f 968//4007 956//4008 1077//4009
f 1077//4009 956//4008 1008//4010
s 993
f 1076//4011 1077//4012 1011//4013
f 1011//4013 1077//4012 1008//4014
s 994
f 967//4015 1076//4016 955//4017
f 955//4017 1076//4016 1011//4018
s 995
f 966//4019 967//4020 954//4021
f 954//4021 967//4020 955//4022
s 996
f 953//4023 965//4024 954//4025
f 954//4025 965//4024 966//4026
s 997
f 952//4027 964//4028 953//4029
f 953//4029 964//4028 965//4030
s 998
f 951//4031 963//4032 952//4033
f 952//4033 963//4032 964//4034
s 999
f 950//4035 962//4036 951//4037
f 951//4037 962//4036 963//4038
s 1000
f 1063//4039 987//4040 1062//4041
f 1062//4041 987//4040 988//4042
s 1001
f 1064//4043 986//4044 1063//4045
f 1063//4045 986//4044 987//4046
s 1002
f 986//4047 1064//4048 985//4049
f 985//4049 1064//4048 1065//4050
s 1003
f 1066//4051 984//4052 1065//4053
f 1065//4053 984//4052 985//4054
s 1004
f 984//4055 1066//4056 983//4057
f 983//4057 1066//4056 1067//4058
s 1005
f 1068//4059 1014//4060 1067//4061
f 1067//4061 1014//4060 983//4062
s 1006
f 1069//4063 1015//4064 1068//4065
f 1068//4065 1015//4064 1014//4066
s 1007
f 1015//4067 1069//4068 1016//4069
f 1016//4069 1069//4068 1070//4070
s 1008
f 1016//4071 1070//4072 993//4073
f 993//4073 1070//4072 1071//4074
s 1009
f 993//4075 1071//4076 992//4077
f 992//4077 1071//4076 1072//4078
s 1010
f 1073//4079 991//4080 1072//4081
f 1072//4081 991//4080 992//4082
s 1011
f 1074//4083 990//4084 1073//4085
f 1073//4085 990//4084 991//4086
s 1012
f 1075//4087 989//4088 1074//4089
f 1074//4089 989//4088 990//4090
s 1013
f 1062//4091 988//4092 1075//4093
f 1075//4093 988//4092 989//4094
s 1014
f 999//4095 1020//4096 1000//4097
f 1000//4097 1020//4096 1061//4098
s 1015
f 1020//4099 999//4100 1021//4101
f 1021//4101 999//4100 998//4102
s 1016
f 997//4103 1022//4104 998//4105
f 998//4105 1022//4104 1021//4106
s 1017
f 1022//4107 997//4108 1023//4109
f 1023//4109 997//4108 996//4110
s 1018
f 995//4111 1024//4112 996//4113
f 996//4113 1024//4112 1023//4114
s 1019
f 1024//4115 995//4116 1025//4117
f 1025//4117 995//4116 1017//4118
s 1020
f 1025//4119 1017//4120 1026//4121
f 1026//4121 1017//4120 1018//4122
s 1021
f 1026//4123 1018//4124 1027//4125
f 1027//4125 1018//4124 994//4126
s 1022
f 1027//4127 994//4128 1028//4129
f 1028//4129 994//4128 1019//4130
s 1023
f 1004//4131 1029//4132 1019//4133
f 1019//4133 1029//4132 1028//4134
s 1024
f 1003//4135 1030//4136 1004//4137
f 1004//4137 1030//4136 1029//4138
s 1025
f 1002//4139 1031//4140 1003//4141
f 1003//4141 1031//4140 1030//4142
s 1026
f 1001//4143 1032//4144 1002//4145
f 1002//4145 1032//4144 1031//4146
s 1027
f 1000//4147 1061//4148 1001//4149
f 1001//4149 1061//4148 1032//4150
s 1028
f 1033//4151 1079//4152 1034//4153
f 1034//4153 1079//4152 1080//4154
s 1029
f 1034//4155 1080//4156 1035//4157
f 1035//4157 1080//4156 1081//4158
s 1030
f 1035//4159 1081//4160 1036//4161
f 1036//4161 1081//4160 1082//4162
s 1031
f 1036//4163 1082//4164 1037//4165
f 1037//4165 1082//4164 1083//4166
s 1032
f 1084//4167 1038//4168 1083//4169
f 1083//4169 1038//4168 1037//4170
s 1033
f 1085//4171 1039//4172 1084//4173
f 1084//4173 1039//4172 1038//4174
s 1034
f 1086//4175 1040//4176 1085//4177
f 1085//4177 1040//4176 1039//4178
s 1035
f 1087//4179 1041//4180 1086//4181
f 1086//4181 1041//4180 1040//4182
s 1036
f 1042//4183 1041//4184 1088//4185
f 1088//4185 1041//4184 1087//4186
s 1037
f 1043//4187 1042//4188 1089//4189
f 1089//4189 1042//4188 1088//4190
s 1038
f 1089//4191 1090//4192 1043//4193
f 1043//4193 1090//4192 1044//4194
s 1039
f 1045//4195 1044//4196 1091//4197
f 1091//4197 1044//4196 1090//4198
s 1040
f 1091//4199 1092//4200 1045//4201
f 1045//4201 1092//4200 1046//4202
s 1041
f 1033//4203 1046//4204 1079//4205
f 1079//4205 1046//4204 1092//4206
s 1042
f 1042//4207 1048//4208 1041//4209
f 1041//4209 1048//4208 1047//4210
s 1043
f 1043//4211 1049//4212 1042//4213
f 1042//4213 1049//4212 1048//4214
s 1044
f 1050//4215 1049//4216 1044//4217
f 1044//4217 1049//4216 1043//4218
s 1045
f 1051//4219 1050//4220 1045//4221
f 1045//4221 1050//4220 1044//4222
s 1046
f 1052//4223 1051//4224 1046//4225
f 1046//4225 1051//4224 1045//4226
s 1047
f 1046//4227 1033//4228 1052//4229
f 1052//4229 1033//4228 1053//4230
s 1048
f 1053//4231 1033//4232 1054//4233
f 1054//4233 1033//4232 1034//4234
s 1049
f 1054//4235 1034//4236 1055//4237
f 1055//4237 1034//4236 1035//4238
s 1050
f 1055//4239 1035//4240 1056//4241
f 1056//4241 1035//4240 1036//4242
s 1051
f 1056//4243 1036//4244 1057//4245
f 1057//4245 1036//4244 1037//4246
s 1052
f 1038//4247 1058//4248 1037//4249
f 1037//4249 1058//4248 1057//4250
s 1053
f 1059//4251 1058//4252 1039//4253
f 1039//4253 1058//4252 1038//4254
s 1054
f 1060//4255 1059//4256 1040//4257
f 1040//4257 1059//4256 1039//4258
s 1055
f 1041//4259 1047//4260 1040//4261
f 1040//4261 1047//4260 1060//4262
s 1056
f 974//4263 1063//4264 975//4265
f 975//4265 1063//4264 1062//4266
s 1057
f 973//4267 1064//4268 974//4269
f 974//4269 1064//4268 1063//4270
s 1058
f 1064//4271 973//4272 1065//4273
f 1065//4273 973//4272 972//4274
s 1059
f 971//4275 1066//4276 972//4277
f 972//4277 1066//4276 1065//4278
s 1060
f 1066//4279 971//4280 1067//4281
f 1067//4281 971//4280 982//4282
s 1061
f 981//4283 1068//4284 982//4285
f 982//4285 1068//4284 1067//4286
s 1062
f 1009//4287 1069//4288 981//4289
f 981//4289 1069//4288 1068//4290
s 1063
f 1069//4291 1009//4292 1070//4293
f 1070//4293 1009//4292 1012//4294
s 1064
f 1070//4295 1012//4296 1071//4297
f 1071//4297 1012//4296 980//4298
s 1065
f 1071//4299 980//4300 1072//4301
f 1072//4301 980//4300 979//4302
s 1066
f 978//4303 1073//4304 979//4305
f 979//4305 1073//4304 1072//4306
s 1067
f 977//4307 1074//4308 978//4309
f 978//4309 1074//4308 1073//4310
s 1068
f 976//4311 1075//4312 977//4313
f 977//4313 1075//4312 1074//4314
s 1069
f 975//4315 1062//4316 976//4317
f 976//4317 1062//4316 1075//4318
