# This file uses centimeters as units for non-parametric coordinates.

g default
v 0.328498 13.378760 4.003710
v 0.328498 13.369389 3.922824
v 0.328498 13.416751 3.999168
v 0.328498 13.407378 3.918282
v 0.328498 13.412066 3.958725
v 0.328498 13.374074 3.963267
v 0.269766 13.369279 3.922819
v 0.269766 13.378640 4.003597
v 0.251945 13.378284 4.003260
v 0.251945 13.368961 3.922807
v 0.251945 13.416272 3.998719
v 0.269766 13.416631 3.999055
v 0.269766 13.407270 3.918277
v 0.251945 13.406949 3.918265
v 0.269766 13.411950 3.958666
v 0.269766 13.450360 3.955331
v 0.251945 13.450042 3.955204
v 0.251945 13.411612 3.958492
v 0.251945 13.373622 3.963033
v 0.269766 13.373960 3.963208
v 0.269766 13.449265 3.946512
v 0.269766 13.441512 3.935515
v 0.251945 13.441195 3.935490
v 0.251945 13.448947 3.946486
v 0.269766 13.444028 3.982437
v 0.269766 13.450238 3.971070
v 0.251945 13.449923 3.970838
v 0.251945 13.443692 3.982196
v 0.251945 13.443048 3.955841
v 0.269766 13.443377 3.955974
v 0.387230 13.369279 3.922819
v 0.387230 13.378640 4.003597
v 0.405050 13.378284 4.003260
v 0.405050 13.368961 3.922807
v 0.405050 13.416272 3.998719
v 0.387230 13.416631 3.999055
v 0.387230 13.407270 3.918277
v 0.405050 13.406949 3.918265
v 0.387230 13.411950 3.958666
v 0.387230 13.450360 3.955331
v 0.405050 13.450042 3.955204
v 0.405050 13.411612 3.958492
v 0.405050 13.373622 3.963033
v 0.387230 13.373960 3.963208
v 0.387230 13.449265 3.946512
v 0.387230 13.441512 3.935515
v 0.405050 13.441195 3.935490
v 0.405050 13.448947 3.946486
v 0.387230 13.444028 3.982437
v 0.387230 13.450238 3.971070
v 0.405050 13.449923 3.970838
v 0.405050 13.443692 3.982196
v 0.405050 13.443048 3.955841
v 0.387230 13.443377 3.955974
v 0.328498 13.415805 5.752688
v 0.328498 13.457613 5.751498
v 0.328498 13.416167 5.780218
v 0.328498 13.452208 5.773272
v 0.328498 13.415462 5.726620
v 0.328498 13.462443 5.728037
v 0.328498 13.438540 5.798166
v 0.328498 13.447505 5.788201
v 0.351079 13.434179 5.776635
v 0.351079 13.436699 5.751943
v 0.351079 13.438950 5.727254
v 0.328498 13.440563 5.703659
v 0.305916 13.438950 5.727254
v 0.305916 13.436699 5.751943
v 0.305916 13.434179 5.776635
v 0.328498 13.418379 5.700950
v 0.328498 13.416116 5.701663
v 0.328498 13.415162 5.703836
v 0.350184 13.418171 5.701825
v 0.351079 13.418221 5.704010
v 0.350184 13.416055 5.703724
v 0.348024 13.415159 5.703608
v 0.348024 13.416046 5.701585
v 0.348024 13.418153 5.700923
v 0.306811 13.416055 5.703724
v 0.305916 13.418221 5.704010
v 0.306811 13.418171 5.701825
v 0.308972 13.418153 5.700923
v 0.308972 13.416046 5.701585
v 0.308972 13.415159 5.703608
v 0.328498 13.416478 5.803845
v 0.328498 13.417665 5.805991
v 0.328498 13.420108 5.806190
v 0.306791 13.419872 5.805177
v 0.305916 13.419669 5.802812
v 0.306792 13.417433 5.803602
v 0.308917 13.416478 5.803852
v 0.308911 13.417645 5.805959
v 0.308913 13.420044 5.806155
v 0.348022 13.415462 5.726557
v 0.350184 13.416356 5.726577
v 0.351079 13.418517 5.726640
v 0.350203 13.417433 5.803601
v 0.351079 13.419670 5.802812
v 0.350205 13.419872 5.805177
v 0.348082 13.420044 5.806155
v 0.348084 13.417645 5.805959
v 0.348078 13.416478 5.803852
v 0.351079 13.418859 5.752456
v 0.350184 13.416698 5.752524
v 0.348023 13.415803 5.752562
v 0.347999 13.416165 5.780124
v 0.350177 13.417051 5.779943
v 0.351079 13.419190 5.779526
v 0.308996 13.416165 5.780124
v 0.306818 13.417051 5.779943
v 0.305916 13.419190 5.779526
v 0.305916 13.418859 5.752456
v 0.306811 13.416698 5.752524
v 0.308972 13.415803 5.752562
v 0.308973 13.415462 5.726557
v 0.306811 13.416356 5.726577
v 0.305916 13.418517 5.726640
v 0.351079 13.440355 5.706710
v 0.350184 13.440502 5.704552
v 0.348021 13.440563 5.703659
v 0.350184 13.462825 5.707279
v 0.348024 13.462975 5.706396
v 0.347985 13.464956 5.707568
v 0.347952 13.465487 5.709850
v 0.350163 13.464603 5.709707
v 0.351079 13.462462 5.709412
v 0.351079 13.459433 5.727396
v 0.350185 13.461557 5.727794
v 0.348025 13.462439 5.727960
v 0.328498 13.465490 5.709849
v 0.328498 13.464936 5.707565
v 0.328498 13.462904 5.706386
v 0.348027 13.438532 5.798105
v 0.350186 13.437996 5.797356
v 0.351079 13.436704 5.795562
v 0.348027 13.457603 5.751345
v 0.350186 13.456725 5.751146
v 0.351079 13.454618 5.750667
v 0.351079 13.449252 5.772334
v 0.350186 13.451333 5.772921
v 0.348027 13.452195 5.773174
v 0.308967 13.438532 5.798105
v 0.306809 13.437996 5.797356
v 0.305916 13.436706 5.795563
v 0.308974 13.440563 5.703659
v 0.306812 13.440502 5.704552
v 0.305916 13.440355 5.706710
v 0.306811 13.462825 5.707279
v 0.305916 13.462462 5.709412
v 0.306811 13.464609 5.709670
v 0.308972 13.465499 5.709780
v 0.308972 13.464959 5.707547
v 0.308972 13.462975 5.706396
v 0.308968 13.457603 5.751345
v 0.306809 13.456725 5.751146
v 0.305916 13.454618 5.750667
v 0.308970 13.462439 5.727960
v 0.306810 13.461557 5.727794
v 0.305916 13.459433 5.727396
v 0.351079 13.444779 5.786580
v 0.350186 13.446697 5.787677
v 0.348028 13.447494 5.788137
v 0.308969 13.452195 5.773174
v 0.306810 13.451333 5.772921
v 0.305916 13.449252 5.772334
v 0.305916 13.444777 5.786579
v 0.306810 13.446697 5.787677
v 0.308969 13.447494 5.788137
v 0.349787 13.416438 5.702023
v 0.307209 13.416438 5.702023
v 0.307179 13.418004 5.805396
v 0.349816 13.418004 5.805397
v 0.349771 13.464501 5.707904
v 0.307208 13.464503 5.707888
v 0.412592 13.114929 3.691421
v 0.370187 13.114929 3.691421
v 0.412556 13.109365 3.703443
v 0.370150 13.109322 3.703080
v 0.478114 13.111925 3.726376
v 0.413308 13.263057 3.787168
v 0.413308 13.262877 3.772779
v 0.478742 13.244839 3.797341
v 0.370903 13.268754 3.772076
v 0.412556 13.118904 4.528588
v 0.478114 13.118891 4.527022
v 0.370150 13.117232 4.529960
v 0.413308 13.378122 3.848455
v 0.370903 13.387862 3.847290
v 0.413308 13.272850 4.534610
v 0.413308 13.378263 3.861441
v 0.370903 13.388002 3.860327
v 0.478742 13.261698 4.532684
v 0.413308 13.385493 4.533109
v 0.478114 13.121433 4.819369
v 0.412556 13.121445 4.820582
v 0.370903 13.395267 4.534615
v 0.370150 13.119837 4.821610
v 0.478742 13.261656 4.824558
v 0.413308 13.275705 4.822879
v 0.478114 13.128147 5.591061
v 0.412556 13.128161 5.592581
v 0.478114 13.128287 5.607226
v 0.478742 13.272685 5.594781
v 0.370150 13.126565 5.592613
v 0.412556 13.145301 5.663643
v 0.478742 13.272650 5.610920
v 0.370150 13.127203 5.665532
v 0.413308 13.284266 5.593396
v 0.370903 13.134804 5.751248
v 0.413308 13.284584 5.666446
v 0.413308 13.171991 5.750478
v 0.412404 13.323178 5.607530
v 0.413308 13.321753 5.593516
v 0.413308 13.170857 5.822891
v 0.370903 13.134203 5.823892
v 0.412815 13.260940 5.750163
v 0.413308 13.335303 5.633697
v 0.413308 13.262519 5.821019
v 0.412621 13.295851 5.750039
v 0.412429 13.330503 5.749916
v 0.358469 13.255104 5.820874
v 0.413308 13.370472 5.665693
v 0.413308 13.298496 5.820285
v 0.413308 13.371550 5.751209
v 0.413308 13.334207 5.819555
v 0.413308 13.372400 5.818806
v 0.370903 13.430388 5.681936
v 0.370903 13.431244 5.750543
v 0.413308 13.421494 5.750849
v 0.370903 13.432070 5.816579
v 0.413308 13.422330 5.817743
v 0.413308 13.311916 4.839894
v 0.402121 13.298789 5.820143
v 0.384640 13.272605 5.820533
v 0.413308 13.420649 5.683100
v 0.408251 13.329666 5.819579
v 0.402095 13.360538 5.818840
v 0.384592 13.386698 5.817928
v 0.358406 13.404170 5.817160
v 0.360005 13.237251 5.821319
v 0.358536 13.249914 5.636886
v 0.384794 13.267451 5.636545
v 0.402327 13.293680 5.636155
v 0.358559 13.400375 5.681173
v 0.408504 13.333820 5.634484
v 0.402367 13.356290 5.665816
v 0.384844 13.382811 5.677878
v 0.328498 13.391147 3.846898
v 0.328498 13.391288 3.859952
v 0.328498 13.398561 4.535122
v 0.328498 13.116657 4.530431
v 0.328498 13.119286 4.821963
v 0.328498 13.126019 5.592624
v 0.328498 13.123451 5.665890
v 0.328498 13.129314 5.751806
v 0.328498 13.128879 5.824529
v 0.328498 13.229712 5.821661
v 0.328498 13.248740 5.821117
v 0.328498 13.243555 5.637130
v 0.328498 13.434534 5.750440
v 0.328498 13.433672 5.681543
v 0.328498 13.435354 5.816187
v 0.328498 13.410101 5.816806
v 0.328498 13.406287 5.680818
v 0.328498 13.228152 4.825977
v 0.359201 13.234512 4.825734
v 0.385460 13.252049 4.825392
v 0.402992 13.278278 4.825002
v 0.409170 13.312026 4.840819
v 0.408527 13.323178 5.607530
v 0.402350 13.293200 5.608529
v 0.384817 13.266969 5.608919
v 0.358559 13.249433 5.609260
v 0.328498 13.243073 5.609503
v 0.408540 13.321728 5.593320
v 0.402362 13.292938 5.593633
v 0.384829 13.266709 5.594023
v 0.358571 13.249171 5.594366
v 0.328498 13.242812 5.594608
v 0.328498 13.222529 4.534372
v 0.359440 13.228889 4.534129
v 0.385698 13.246427 4.533788
v 0.403231 13.272656 4.533398
v 0.390691 13.364489 4.534876
v 0.368788 13.381436 4.534764
v 0.328498 13.391702 4.535196
v 0.406072 13.328519 4.533598
v 0.413308 13.335052 4.533781
v 0.413308 13.326674 3.828181
v 0.413308 13.326514 3.814567
v 0.370903 13.376672 3.839583
v 0.328498 13.379396 3.839257
v 0.413161 13.257363 5.665899
v 0.244403 13.114929 3.691421
v 0.286809 13.114929 3.691421
v 0.244440 13.109365 3.703443
v 0.286845 13.109322 3.703080
v 0.178881 13.111925 3.726376
v 0.243687 13.263057 3.787168
v 0.243687 13.262877 3.772779
v 0.178253 13.244839 3.797341
v 0.286092 13.268754 3.772076
v 0.244440 13.118904 4.528588
v 0.178881 13.118891 4.527022
v 0.286845 13.117232 4.529960
v 0.243687 13.378122 3.848455
v 0.286092 13.387862 3.847290
v 0.243687 13.272850 4.534610
v 0.243687 13.378263 3.861441
v 0.286092 13.388002 3.860327
v 0.178253 13.261698 4.532684
v 0.243687 13.385493 4.533109
v 0.178881 13.121433 4.819369
v 0.244440 13.121445 4.820582
v 0.286092 13.395267 4.534615
v 0.286845 13.119837 4.821610
v 0.178253 13.261656 4.824558
v 0.243687 13.275705 4.822879
v 0.178881 13.128147 5.591061
v 0.244440 13.128161 5.592581
v 0.178881 13.128287 5.607226
v 0.178253 13.272685 5.594781
v 0.286845 13.126565 5.592613
v 0.244440 13.145301 5.663643
v 0.178253 13.272650 5.610920
v 0.286845 13.127203 5.665532
v 0.243687 13.284266 5.593396
v 0.286092 13.134804 5.751248
v 0.243687 13.284584 5.666446
v 0.243687 13.171991 5.750478
v 0.244592 13.323178 5.607530
v 0.243687 13.321753 5.593516
v 0.243687 13.170857 5.822891
v 0.286092 13.134203 5.823892
v 0.244180 13.260940 5.750163
v 0.243687 13.335303 5.633697
v 0.243687 13.262519 5.821019
v 0.244374 13.295851 5.750039
v 0.244566 13.330503 5.749916
v 0.298526 13.255104 5.820874
v 0.243687 13.370472 5.665693
v 0.243687 13.298496 5.820285
v 0.243687 13.371550 5.751209
v 0.243687 13.334207 5.819555
v 0.243687 13.372400 5.818806
v 0.286092 13.430388 5.681936
v 0.286092 13.431244 5.750543
v 0.243687 13.421494 5.750849
v 0.286092 13.432070 5.816579
v 0.243687 13.422330 5.817743
v 0.243687 13.311916 4.839894
v 0.254874 13.298789 5.820143
v 0.272355 13.272605 5.820533
v 0.243687 13.420649 5.683100
v 0.248745 13.329666 5.819579
v 0.254900 13.360538 5.818840
v 0.272403 13.386698 5.817928
v 0.298590 13.404170 5.817160
v 0.296990 13.237251 5.821319
v 0.298460 13.249914 5.636886
v 0.272201 13.267451 5.636545
v 0.254669 13.293680 5.636155
v 0.298436 13.400375 5.681173
v 0.248491 13.333820 5.634484
v 0.254628 13.356290 5.665816
v 0.272151 13.382811 5.677878
v 0.297794 13.234512 4.825734
v 0.271536 13.252049 4.825392
v 0.254003 13.278278 4.825002
v 0.247825 13.312026 4.840819
v 0.248468 13.323178 5.607530
v 0.254646 13.293200 5.608529
v 0.272178 13.266969 5.608919
v 0.298437 13.249433 5.609260
v 0.248456 13.321728 5.593320
v 0.254633 13.292938 5.593633
v 0.272166 13.266709 5.594023
v 0.298424 13.249171 5.594366
v 0.297555 13.228889 4.534129
v 0.271297 13.246427 4.533788
v 0.253764 13.272656 4.533398
v 0.266304 13.364489 4.534876
v 0.288208 13.381436 4.534764
v 0.250924 13.328519 4.533598
v 0.243687 13.335052 4.533781
v 0.243687 13.326674 3.828181
v 0.243687 13.326514 3.814567
v 0.286092 13.376672 3.839583
v 0.243834 13.257363 5.665899
v 0.478742 13.246946 3.889259
v 0.413308 13.264281 3.880599
v 0.413308 13.327720 3.916382
v 0.413308 13.379168 3.945399
v 0.370903 13.388909 3.944614
v 0.328498 13.392196 3.944348
v 0.286092 13.388909 3.944614
v 0.243687 13.379168 3.945399
v 0.243687 13.327720 3.916382
v 0.243687 13.264281 3.880599
v 0.178253 13.246946 3.889259
v 0.178881 13.112796 3.826458
v 0.244440 13.110558 3.806587
v 0.286845 13.110311 3.806440
v 0.328498 13.110225 3.806390
v 0.370150 13.110311 3.806440
v 0.412556 13.110558 3.806587
v 0.478114 13.112796 3.826458
v 0.370187 13.114541 3.806791
v 0.370903 13.270699 3.906959
v 0.370903 13.378617 3.974466
v 0.328498 13.379979 3.974303
v 0.286809 13.114541 3.806791
v 0.286092 13.270699 3.906959
v 0.286092 13.378617 3.974466
v 0.328498 13.114541 3.806791
v 0.328498 13.270699 3.906959
v 0.412848 13.167814 3.720504
v 0.370443 13.169917 3.720253
v 0.370443 13.170363 3.842599
v 0.328498 13.170363 3.842599
v 0.286553 13.170363 3.842599
v 0.286553 13.169917 3.720253
v 0.244147 13.167814 3.720504
v 0.244171 13.164305 3.733372
v 0.178657 13.159439 3.751744
v 0.178657 13.160751 3.848907
v 0.178657 13.169940 4.529046
v 0.178657 13.171559 4.821224
v 0.178657 13.179815 5.592391
v 0.178657 13.179893 5.608547
v 0.244223 13.185360 5.664449
v 0.243863 13.203788 5.750366
v 0.243687 13.203622 5.822221
v 0.289988 13.171041 5.822973
v 0.328498 13.164923 5.823504
v 0.367007 13.171041 5.822973
v 0.413308 13.203622 5.822221
v 0.413132 13.203788 5.750366
v 0.412772 13.185360 5.664449
v 0.478338 13.179893 5.608547
v 0.478338 13.179815 5.592391
v 0.478338 13.171559 4.821224
v 0.478338 13.169940 4.529046
v 0.478338 13.160751 3.848907
v 0.478338 13.159439 3.751744
v 0.412825 13.164305 3.733372
v 0.478742 13.269218 5.352583
v 0.413308 13.281573 5.351105
v 0.413308 13.318659 5.356538
v 0.408738 13.318677 5.356695
v 0.402560 13.288328 5.351936
v 0.385028 13.262099 5.352326
v 0.358769 13.244561 5.352668
v 0.328498 13.238202 5.352911
v 0.298226 13.244561 5.352668
v 0.271968 13.262099 5.352326
v 0.254435 13.288328 5.351936
v 0.248257 13.318677 5.356695
v 0.243687 13.318659 5.356538
v 0.243687 13.281573 5.351105
v 0.178253 13.269218 5.352583
v 0.178657 13.177219 5.349896
v 0.178881 13.126036 5.348402
v 0.244440 13.126048 5.349824
v 0.286845 13.124449 5.350170
v 0.328498 13.123901 5.350288
v 0.370150 13.124449 5.350170
v 0.412556 13.126048 5.349824
v 0.478114 13.126036 5.348402
v 0.478338 13.177219 5.349896
v 0.478742 13.265347 5.082295
v 0.413308 13.278569 5.080714
v 0.413308 13.315207 5.092076
v 0.408959 13.315272 5.092626
v 0.402781 13.283184 5.082207
v 0.385249 13.256954 5.082597
v 0.358990 13.239417 5.082939
v 0.328498 13.233058 5.083182
v 0.298005 13.239417 5.082939
v 0.271746 13.256954 5.082597
v 0.254214 13.283184 5.082207
v 0.248036 13.315272 5.092626
v 0.243687 13.315207 5.092076
v 0.243687 13.278569 5.080714
v 0.178253 13.265347 5.082295
v 0.178657 13.174321 5.079277
v 0.178881 13.123681 5.077598
v 0.244440 13.123693 5.078913
v 0.286845 13.122089 5.079608
v 0.328498 13.121537 5.079847
v 0.370150 13.122089 5.079608
v 0.412556 13.123693 5.078913
v 0.478114 13.123681 5.077598
v 0.478338 13.174321 5.079277
v 0.478742 13.254654 4.225463
v 0.413308 13.268759 4.222334
v 0.413308 13.331551 4.238987
v 0.413308 13.382472 4.252491
v 0.370903 13.392232 4.252902
v 0.328498 13.395522 4.253041
v 0.286092 13.392232 4.252902
v 0.243687 13.382472 4.252491
v 0.243687 13.331551 4.238987
v 0.243687 13.268759 4.222334
v 0.178253 13.254654 4.225463
v 0.178657 13.165552 4.204295
v 0.178881 13.115980 4.192518
v 0.244440 13.114919 4.183849
v 0.286845 13.113926 4.184496
v 0.328498 13.113586 4.184718
v 0.370150 13.113926 4.184496
v 0.412556 13.114919 4.183849
v 0.478114 13.115980 4.192518
v 0.478338 13.165552 4.204295
v 0.383803 11.962525 4.092102
v 0.328498 11.962606 4.090091
v 0.328498 11.962525 4.092102
v 0.273192 11.962525 4.092102
v 0.391259 11.873991 3.805401
v 0.391280 11.870880 3.935613
v 0.391274 11.871063 4.057234
v 0.383803 11.869728 4.090352
v 0.328498 11.869809 4.088340
v 0.328498 11.871063 4.057234
v 0.328498 11.869728 4.090352
v 0.273192 11.869728 4.090352
v 0.265721 11.871063 4.057234
v 0.328498 11.870880 3.935613
v 0.265716 11.870880 3.935613
v 0.328498 11.873991 3.805401
v 0.265737 11.873991 3.805401
v 0.328498 12.049038 3.938319
v 0.328498 12.052143 3.808525
v 0.448330 11.962382 3.657343
v 0.448360 11.967982 3.663067
v 0.453979 11.962336 3.662989
v 0.448371 11.966788 3.807152
v 0.454020 11.961142 3.807045
v 0.396907 11.966788 3.807152
v 0.391259 11.972436 3.807242
v 0.391238 11.973526 3.663038
v 0.396871 11.967982 3.663082
v 0.391237 11.963022 3.657354
v 0.385777 11.971890 3.657481
v 0.448413 11.963677 3.937364
v 0.454062 11.958029 3.937300
v 0.396928 11.963677 3.937363
v 0.391280 11.969325 3.937426
v 0.448402 11.963860 4.057770
v 0.454050 11.958212 4.058879
v 0.391274 11.969501 4.053329
v 0.385626 11.969509 4.058976
v 0.390042 11.963640 4.064445
v 0.396922 11.963861 4.058985
v 0.434549 11.962669 4.088535
v 0.439108 11.956912 4.091996
v 0.328498 11.963638 4.064514
v 0.328498 11.969394 4.058977
v 0.271369 11.969509 4.058976
v 0.265721 11.969501 4.053329
v 0.260073 11.963861 4.058985
v 0.266953 11.963640 4.064445
v 0.260068 11.963677 3.937363
v 0.265716 11.969325 3.937426
v 0.260088 11.966788 3.807152
v 0.265737 11.972436 3.807242
v 0.271218 11.971890 3.657481
v 0.265758 11.963122 3.657356
v 0.260124 11.967982 3.663082
v 0.265757 11.973526 3.663038
v 0.328498 11.964035 3.657373
v 0.328498 11.972022 3.657482
v 0.222429 11.962668 4.088548
v 0.217887 11.956912 4.091996
v 0.208594 11.963860 4.057770
v 0.202945 11.958212 4.058879
v 0.208582 11.963677 3.937364
v 0.202934 11.958029 3.937300
v 0.208624 11.966788 3.807152
v 0.202976 11.961142 3.807045
v 0.203017 11.962336 3.662989
v 0.208665 11.967982 3.663097
v 0.208666 11.962382 3.657343
v 0.405059 11.961830 4.111676
v 0.408012 11.956048 4.116382
v 0.366571 11.961716 4.129540
v 0.368334 11.955965 4.134831
v 0.290422 11.961716 4.129546
v 0.288661 11.955965 4.134831
v 0.251936 11.961829 4.111677
v 0.248983 11.956049 4.116382
v 0.328498 11.960524 4.137139
v 0.328498 11.954676 4.142729
v 0.448299 11.880908 3.655805
v 0.453979 11.880831 3.661452
v 0.448300 11.875184 3.661376
v 0.448372 11.873991 3.805401
v 0.454020 11.879638 3.805507
v 0.391237 11.880908 3.655805
v 0.391238 11.875184 3.661376
v 0.448413 11.870880 3.935613
v 0.454062 11.876528 3.935676
v 0.448403 11.871061 4.056020
v 0.454050 11.876711 4.057341
v 0.434492 11.869873 4.086739
v 0.439108 11.875411 4.090459
v 0.328498 11.875184 3.661376
v 0.328498 11.880908 3.655805
v 0.265758 11.880908 3.655805
v 0.265757 11.875184 3.661376
v 0.217887 11.875411 4.090459
v 0.222503 11.869873 4.086739
v 0.208593 11.871061 4.056020
v 0.202945 11.876712 4.057341
v 0.208582 11.870880 3.935613
v 0.202934 11.876528 3.935676
v 0.208624 11.873991 3.805401
v 0.202976 11.879638 3.805507
v 0.208695 11.875184 3.661376
v 0.203017 11.880832 3.661453
v 0.208697 11.880908 3.655805
v 0.405019 11.869034 4.109861
v 0.408012 11.874547 4.114845
v 0.366562 11.868919 4.127763
v 0.368334 11.874463 4.133293
v 0.288661 11.874463 4.133293
v 0.290433 11.868919 4.127763
v 0.251975 11.869034 4.109862
v 0.248983 11.874546 4.114845
v 0.328498 11.873180 4.141192
v 0.328498 11.867731 4.135272
v 0.271369 12.049218 4.053208
v 0.265721 12.043570 4.053217
v 0.271370 12.043578 4.058865
v 0.265716 12.043384 3.938256
v 0.271363 12.049032 3.938319
v 0.328498 12.049218 4.053208
v 0.328498 12.043579 4.058865
v 0.265737 12.046494 3.808433
v 0.271385 12.052141 3.808524
v 0.271405 12.053345 3.663804
v 0.271406 12.047744 3.658109
v 0.265757 12.047697 3.663757
v 0.328498 12.047744 3.658109
v 0.328498 12.053345 3.663804
v 0.385626 12.049218 4.053208
v 0.385625 12.043578 4.058865
v 0.391274 12.043570 4.053217
v 0.385632 12.049032 3.938319
v 0.391280 12.043384 3.938256
v 0.385611 12.052141 3.808524
v 0.391259 12.046494 3.808433
v 0.391238 12.047697 3.663757
v 0.385590 12.047744 3.658109
v 0.385590 12.053345 3.663804
v 0.328498 12.584022 4.286245
v 0.328498 12.611713 4.337818
v 0.328498 12.587818 4.406040
v 0.328498 12.571589 4.478415
v 0.328498 12.649859 4.352702
v 0.328498 12.621825 4.404443
v 0.328498 12.600964 4.474794
v 0.328498 12.789968 4.302583
v 0.328498 12.835761 4.314975
v 0.328498 12.593278 4.752051
v 0.328498 12.619921 4.737295
v 0.328498 12.689797 4.822849
v 0.328498 12.672073 4.846646
v 0.328498 12.907464 4.572178
v 0.328498 12.802073 4.836912
v 0.328498 12.804051 4.892341
v 0.328498 12.907702 4.723804
v 0.328498 12.885258 4.353201
v 0.328498 12.906895 4.757976
v 0.328498 12.864960 4.810071
v 0.328498 12.871672 4.920222
v 0.328498 12.905630 4.408544
v 0.328498 12.907888 4.951927
v 0.328498 12.934401 4.991698
v 0.328498 12.950294 5.036176
v 0.328498 12.950519 5.129532
v 0.328498 12.977904 5.616784
v 0.328498 12.453459 4.205652
v 0.328498 12.276494 4.161756
v 0.328498 12.563198 4.621595
v 0.328498 12.591244 4.614427
v 0.328498 11.964199 4.142909
v 0.328498 12.677054 4.330030
v 0.328498 12.741322 4.304178
v 0.328498 12.710652 4.313891
v 0.328498 12.120038 4.136008
v 0.328498 12.538771 4.246852
v 0.328498 13.128774 5.622721
v 0.328498 13.093666 5.621724
v 0.328498 13.046552 5.619714
v 0.328498 13.073632 5.620869
v 0.328498 13.021620 5.618651
v 0.328498 13.006614 5.618008
v 0.328498 12.041451 4.132518
v 0.328498 12.741445 4.839928
v 0.328498 12.732018 4.872414
v 0.328498 12.648183 4.786805
v 0.328498 12.625020 4.805950
v 0.328498 12.601361 4.678055
v 0.328498 12.573339 4.688872
v 0.328498 12.589890 4.549022
v 0.328498 12.562230 4.552836
v 0.328498 12.361261 4.179495
v 0.328498 12.197105 4.147021
v 0.328498 12.922444 5.152096
v 0.328498 12.914646 5.614087
v 0.328498 12.943132 5.615302
v 0.328498 12.941369 5.140542
v 0.454233 13.109546 3.702003
v 0.454233 13.092142 3.693719
v 0.410271 12.595716 4.283640
v 0.438821 12.612828 4.259651
v 0.454233 12.642925 4.221256
v 0.404385 12.626007 4.332971
v 0.454233 12.725582 4.196388
v 0.433401 12.652278 4.301949
v 0.454233 12.892373 3.972601
v 0.445165 12.692091 4.276149
v 0.386204 12.596803 4.405800
v 0.454233 12.811683 4.188358
v 0.383277 12.580777 4.477604
v 0.385178 12.620837 4.404059
v 0.454233 13.043813 3.972227
v 0.403164 12.649799 4.351997
v 0.449713 12.741461 4.258191
v 0.381552 12.599322 4.474338
v 0.454233 12.884362 4.206155
v 0.426525 12.797135 4.292704
v 0.386183 12.602951 4.747582
v 0.448916 12.805408 4.246511
v 0.385113 12.618334 4.739164
v 0.454233 13.092104 3.972230
v 0.448151 12.862128 4.262006
v 0.426033 12.840506 4.306196
v 0.454233 13.117314 3.972149
v 0.454233 12.985831 4.299190
v 0.420246 12.892515 4.344610
v 0.438776 12.933270 4.312573
v 0.415778 12.922349 4.408544
v 0.454233 13.003910 4.408544
v 0.385653 12.678531 4.839576
v 0.454233 13.052117 4.304448
v 0.384496 12.689392 4.824655
v 0.444406 12.965661 4.408544
v 0.415385 12.930187 4.573828
v 0.454233 13.053538 4.408544
v 0.454233 13.092807 4.304362
v 0.454233 13.120750 4.408544
v 0.454233 13.120110 4.304252
v 0.454233 13.093036 4.408544
v 0.449630 12.972297 4.572252
v 0.454233 13.010285 4.572103
v 0.383559 12.802723 4.840262
v 0.384983 12.805181 4.883795
v 0.415279 12.930114 4.723990
v 0.454233 13.055799 4.571857
v 0.454233 13.093949 4.571653
v 0.382532 12.909360 4.759841
v 0.383052 12.865615 4.815032
v 0.424890 12.928533 4.763379
v 0.385063 12.874112 4.909816
v 0.449540 12.973251 4.721518
v 0.449606 12.976562 4.761671
v 0.423764 12.933764 4.922530
v 0.383738 12.916260 4.943958
v 0.395090 12.944726 4.984392
v 0.449514 12.978460 4.895471
v 0.423514 12.975074 4.970292
v 0.393131 12.962025 5.034774
v 0.420577 12.993520 5.031008
v 0.440987 13.009554 4.961649
v 0.393081 12.961791 5.125069
v 0.454233 13.044863 4.953799
v 0.448698 13.045828 5.024755
v 0.420519 12.993075 5.120147
v 0.448646 13.045620 5.117221
v 0.399147 12.986443 5.615132
v 0.454233 13.011490 4.721408
v 0.454233 13.122225 4.571478
v 0.420200 12.994510 5.617492
v 0.454233 13.058101 4.721227
v 0.371791 12.981313 5.616930
v 0.454233 13.008812 4.760993
v 0.382129 13.021794 5.618658
v 0.448371 13.046632 5.619718
v 0.454233 13.094835 4.721087
v 0.454233 13.068730 4.761165
v 0.454233 13.123719 4.720928
v 0.448181 13.073548 5.620866
v 0.447810 13.096568 5.621848
v 0.454233 13.094923 4.762672
v 0.447557 13.129131 5.622737
v 0.454233 13.010153 4.894774
v 0.454233 13.123981 4.762860
v 0.454233 13.070120 4.892524
v 0.454233 13.095201 4.893040
v 0.454233 13.070958 4.952554
v 0.454233 13.124722 4.892404
v 0.454233 13.095329 4.953992
v 0.454233 13.125165 4.953979
v 0.448516 13.072083 5.021617
v 0.448138 13.095166 5.018857
v 0.447912 13.124931 5.015299
v 0.448462 13.072218 5.116012
v 0.448085 13.095676 5.117267
v 0.447854 13.126347 5.117188
v 0.454233 12.814831 3.972943
v 0.376720 13.091792 3.688811
v 0.454233 13.065937 3.677846
v 0.378193 13.069053 3.672935
v 0.454233 12.725064 3.958441
v 0.454233 13.035593 3.647144
v 0.454233 12.816268 3.852449
v 0.379705 13.038448 3.641557
v 0.412195 12.456614 4.188018
v 0.440188 12.458065 4.162537
v 0.454233 12.460674 4.126633
v 0.454233 12.724826 3.825848
v 0.454233 12.893378 3.732837
v 0.400970 12.883987 3.716510
v 0.454233 12.951439 3.669515
v 0.454233 12.813209 3.763370
v 0.397474 12.931452 3.659666
v 0.454233 13.009036 3.538689
v 0.400970 12.812090 3.744015
v 0.385278 13.008533 3.528307
v 0.454233 12.995378 3.530932
v 0.454233 12.724795 3.762616
v 0.454233 12.984735 3.538003
v 0.400970 12.724445 3.743546
v 0.385480 12.979711 3.510972
v 0.403299 12.958348 3.517102
v 0.454233 12.485513 3.883527
v 0.414618 12.279579 4.137572
v 0.442378 12.281931 4.109803
v 0.454233 12.285124 4.071995
v 0.454233 12.501424 3.746588
v 0.454233 12.508619 3.684551
v 0.400970 12.511743 3.658936
v 0.454233 12.306462 3.815734
v 0.454233 12.319245 3.672990
v 0.454233 12.325001 3.612235
v 0.400970 12.328011 3.582595
v 0.454233 11.972486 3.592380
v 0.400970 11.972881 3.557752
v 0.384306 13.047231 5.619742
v 0.386319 12.572850 4.619652
v 0.385398 12.589342 4.615509
v 0.445716 11.966455 4.092176
v 0.454233 11.967791 4.059059
v 0.414620 11.965589 4.116563
v 0.454233 11.970718 3.807226
v 0.454233 11.971958 3.657523
v 0.423265 12.680416 4.326849
v 0.427033 12.751269 4.296499
v 0.427387 12.717572 4.308515
v 0.443777 12.123000 4.081700
v 0.415551 12.121665 4.109334
v 0.454233 12.124841 4.044454
v 0.454233 12.135727 3.776761
v 0.454233 12.140971 3.626386
v 0.454233 12.143811 3.566953
v 0.400970 12.145566 3.536134
v 0.454233 12.888504 4.095640
v 0.454233 13.048727 4.100246
v 0.454233 13.092377 4.101460
v 0.454233 13.118309 4.101849
v 0.454233 12.811867 4.093467
v 0.454233 12.725372 4.091034
v 0.410945 12.540490 4.234085
v 0.439154 12.543823 4.206832
v 0.454233 12.548506 4.167969
v 0.454233 12.578602 3.918088
v 0.454233 12.594939 3.782443
v 0.454233 12.602415 3.720361
v 0.400970 12.605086 3.698191
v 0.454233 11.967607 3.937438
v 0.454233 12.130490 3.929127
v 0.454233 12.294373 3.960417
v 0.454233 12.470645 4.020578
v 0.454233 12.562265 4.053734
v 0.454233 12.642799 4.077356
v 0.454233 12.649810 3.941047
v 0.454233 12.659659 3.804819
v 0.454233 12.663359 3.741639
v 0.400970 12.664373 3.721403
v 0.377130 13.109546 3.702003
v 0.392422 13.128956 5.622729
v 0.389887 13.095828 5.621817
v 0.387388 13.073741 5.620874
v 0.438499 13.018502 5.618516
v 0.438805 13.017227 5.118132
v 0.438858 13.017649 5.028124
v 0.380732 13.006827 5.618020
v 0.454233 13.003023 4.098928
v 0.454233 13.004172 3.972548
v 0.454233 13.045172 3.844542
v 0.454233 13.091829 3.843000
v 0.454233 13.116442 3.842445
v 0.454233 12.894289 3.849537
v 0.454233 13.000771 3.846013
v 0.415182 12.042543 4.105841
v 0.444668 12.043471 4.079623
v 0.454233 12.044843 4.044197
v 0.454233 12.048134 3.932099
v 0.454233 12.051298 3.782938
v 0.454233 12.054211 3.634964
v 0.454233 12.055607 3.573248
v 0.400970 12.056540 3.541022
v 0.454233 12.997659 3.665662
v 0.454233 12.998668 3.724155
v 0.400585 12.955345 3.593343
v 0.454233 12.977307 3.610087
v 0.454233 12.996109 3.609939
v 0.454233 13.007639 3.609985
v 0.381727 13.009233 3.602663
v 0.402244 12.961513 3.546241
v 0.454233 12.982333 3.565984
v 0.454233 12.993682 3.561903
v 0.454233 13.004403 3.566912
v 0.383897 13.004471 3.557751
v 0.384061 12.741546 4.842110
v 0.385275 12.735668 4.864679
v 0.384856 12.647199 4.788616
v 0.385980 12.633483 4.799921
v 0.385290 12.599486 4.679636
v 0.386277 12.583249 4.685762
v 0.385435 12.587992 4.549558
v 0.386352 12.571489 4.551894
v 0.400970 12.418556 3.619288
v 0.454233 12.415277 3.647529
v 0.454233 12.408537 3.709059
v 0.454233 12.393634 3.847422
v 0.454233 12.379764 3.986935
v 0.454233 12.370174 4.093674
v 0.441446 12.366976 4.130732
v 0.413536 12.364771 4.157655
v 0.415348 12.199533 4.121243
v 0.443099 12.201504 4.093213
v 0.454233 12.204144 4.055279
v 0.454233 12.211974 3.939878
v 0.454233 12.221065 3.790179
v 0.454233 12.230521 3.642590
v 0.454233 12.234924 3.582938
v 0.400970 12.237400 3.552633
v 0.384328 12.944074 5.146391
v 0.392814 12.936326 5.615010
v 0.377980 12.954551 5.615787
v 0.378247 12.952641 5.136080
v 0.374942 11.965529 4.135011
v 0.375223 12.042631 4.124455
v 0.375408 12.121487 4.127948
v 0.375307 12.198958 4.139440
v 0.374941 12.278676 4.154960
v 0.374399 12.363655 4.173866
v 0.373727 12.455672 4.202119
v 0.373101 12.540264 4.245758
v 0.372763 12.588670 4.290462
v 0.369814 12.616075 4.335725
v 0.360706 12.592321 4.405920
v 0.359239 12.576192 4.478009
v 0.360779 12.566868 4.552364
v 0.360763 12.568034 4.620622
v 0.360742 12.578303 4.687314
v 0.360695 12.598125 4.749812
v 0.360593 12.629259 4.802930
v 0.360430 12.675309 4.843104
v 0.360240 12.733845 4.868539
v 0.360094 12.804616 4.888060
v 0.360134 12.872894 4.915008
v 0.359470 12.912083 4.947934
v 0.365157 12.939574 4.988037
v 0.364176 12.956173 5.035474
v 0.364151 12.956166 5.127295
v 0.356719 12.947016 5.138307
v 0.359766 12.928190 5.149849
v 0.364017 12.920466 5.614333
v 0.356586 12.948853 5.615544
v 0.328498 12.916162 5.180411
v 0.399408 12.985245 5.182076
v 0.420475 12.993289 5.184699
v 0.448607 13.045764 5.187618
v 0.448420 13.072503 5.189104
v 0.448045 13.095831 5.190401
v 0.447807 13.127074 5.191508
v 0.392361 12.936552 5.181545
v 0.363353 12.921467 5.180706
v 0.438764 13.017426 5.186042
v 0.378217 12.953752 5.182500
v 0.328498 11.973035 3.546310
v 0.328498 12.056863 3.529966
v 0.328498 12.146183 3.525303
v 0.328498 12.238288 3.541774
v 0.328498 12.329110 3.571753
v 0.328498 12.419787 3.608698
v 0.328498 12.512952 3.649008
v 0.328498 12.606162 3.689254
v 0.328498 12.664791 3.713032
v 0.328498 12.724299 3.735532
v 0.328498 12.811622 3.735928
v 0.328498 12.879995 3.709573
v 0.328498 12.923898 3.655945
v 0.328498 12.946523 3.586617
v 0.328498 12.953613 3.544982
v 0.328323 12.958348 3.517102
v 0.328320 12.979711 3.510972
v 0.378132 12.935415 3.716624
v 0.376720 12.935713 3.745761
v 0.380201 12.938807 3.687727
v 0.377130 12.937519 3.760860
v 0.381727 12.948719 3.648184
v 0.383897 12.958714 3.601511
v 0.328498 12.958714 3.601511
v 0.328498 12.948719 3.648184
v 0.328498 12.938804 3.687699
v 0.328498 12.935416 3.716613
v 0.328498 12.935713 3.745761
v 0.328498 12.937519 3.760860
v 0.328498 11.966455 4.092176
v 0.328498 11.967791 4.059059
v 0.328498 11.967607 3.937438
v 0.328498 11.970718 3.807226
v 0.328498 11.971958 3.657523
v 0.328498 11.972486 3.592380
v 0.390410 11.966455 4.092176
v 0.397881 11.967791 4.059059
v 0.397887 11.967607 3.937438
v 0.397866 11.970718 3.807226
v 0.397845 11.971958 3.657523
v 0.397847 11.972486 3.592380
v 0.328498 11.966537 4.090165
v 0.328498 11.952788 3.649176
v 0.328498 11.949514 3.622953
v 0.397845 11.952788 3.649176
v 0.397847 11.949514 3.622953
v 0.460584 11.952788 3.649176
v 0.460589 11.949514 3.622953
v 0.202762 13.109546 3.702003
v 0.202762 13.092142 3.693719
v 0.246724 12.595716 4.283640
v 0.218174 12.612828 4.259651
v 0.202762 12.642925 4.221256
v 0.252610 12.626007 4.332971
v 0.202762 12.725582 4.196387
v 0.223594 12.652278 4.301949
v 0.202762 12.892373 3.972601
v 0.211830 12.692091 4.276149
v 0.270791 12.596803 4.405800
v 0.202762 12.811683 4.188358
v 0.273718 12.580777 4.477604
v 0.271817 12.620837 4.404059
v 0.202762 13.043812 3.972227
v 0.253831 12.649799 4.351997
v 0.207282 12.741461 4.258191
v 0.275443 12.599322 4.474338
v 0.202762 12.884362 4.206155
v 0.230470 12.797135 4.292704
v 0.270813 12.602951 4.747582
v 0.208079 12.805408 4.246511
v 0.271883 12.618334 4.739164
v 0.202762 13.092104 3.972230
v 0.208845 12.862128 4.262006
v 0.230962 12.840506 4.306196
v 0.202762 13.117313 3.972149
v 0.202762 12.985831 4.299190
v 0.236749 12.892515 4.344610
v 0.218219 12.933270 4.312573
v 0.241218 12.922349 4.408544
v 0.202762 13.003910 4.408544
v 0.271342 12.678531 4.839576
v 0.202762 13.052117 4.304448
v 0.272499 12.689392 4.824655
v 0.212589 12.965661 4.408544
v 0.241610 12.930186 4.573828
v 0.202762 13.053538 4.408544
v 0.202762 13.092807 4.304362
v 0.202762 13.120750 4.408544
v 0.202762 13.120110 4.304252
v 0.202762 13.093036 4.408544
v 0.207366 12.972297 4.572252
v 0.202762 13.010285 4.572103
v 0.273436 12.802723 4.840262
v 0.272012 12.805181 4.883795
v 0.241716 12.930114 4.723990
v 0.202762 13.055799 4.571857
v 0.202762 13.093949 4.571653
v 0.274463 12.909360 4.759841
v 0.273943 12.865615 4.815032
v 0.232105 12.928533 4.763379
v 0.271932 12.874112 4.909816
v 0.207455 12.973251 4.721518
v 0.207390 12.976562 4.761671
v 0.233232 12.933764 4.922530
v 0.273258 12.916260 4.943958
v 0.261906 12.944726 4.984392
v 0.207481 12.978460 4.895471
v 0.233481 12.975074 4.970292
v 0.263864 12.962025 5.034774
v 0.236419 12.993520 5.031008
v 0.216009 13.009554 4.961649
v 0.263914 12.961791 5.125069
v 0.202762 13.044863 4.953799
v 0.208297 13.045828 5.024755
v 0.236477 12.993075 5.120147
v 0.208349 13.045620 5.117221
v 0.257848 12.986443 5.615132
v 0.202762 13.011490 4.721408
v 0.202762 13.122225 4.571478
v 0.236795 12.994510 5.617492
v 0.202762 13.058101 4.721227
v 0.285205 12.981313 5.616930
v 0.202762 13.008812 4.760993
v 0.274867 13.021794 5.618658
v 0.208625 13.046632 5.619718
v 0.202762 13.094835 4.721087
v 0.202762 13.068730 4.761165
v 0.202762 13.123719 4.720928
v 0.208814 13.073548 5.620866
v 0.209185 13.096567 5.621848
v 0.202762 13.094923 4.762672
v 0.209438 13.129131 5.622737
v 0.202762 13.010153 4.894774
v 0.202762 13.123981 4.762860
v 0.202762 13.070120 4.892524
v 0.202762 13.095201 4.893040
v 0.202762 13.070958 4.952554
v 0.202762 13.124722 4.892404
v 0.202762 13.095329 4.953992
v 0.202762 13.125165 4.953979
v 0.208480 13.072083 5.021617
v 0.208857 13.095166 5.018857
v 0.209083 13.124930 5.015299
v 0.208534 13.072218 5.116012
v 0.208910 13.095676 5.117267
v 0.209141 13.126347 5.117188
v 0.202762 12.814831 3.972943
v 0.280276 13.091792 3.688811
v 0.202762 13.065937 3.677846
v 0.278802 13.069053 3.672935
v 0.202762 12.725064 3.958441
v 0.202762 13.035593 3.647144
v 0.202762 12.816268 3.852449
v 0.277290 13.038448 3.641557
v 0.244800 12.456614 4.188018
v 0.216807 12.458065 4.162537
v 0.202762 12.460674 4.126633
v 0.202762 12.724826 3.825848
v 0.202762 12.893378 3.732837
v 0.256025 12.883987 3.716510
v 0.202762 12.951439 3.669515
v 0.202762 12.813209 3.763370
v 0.259521 12.931452 3.659666
v 0.202762 13.009036 3.538689
v 0.256025 12.812090 3.744015
v 0.271717 13.008533 3.528307
v 0.202762 12.995378 3.530932
v 0.202762 12.724795 3.762616
v 0.202762 12.984735 3.538003
v 0.256025 12.724445 3.743546
v 0.271515 12.979711 3.510972
v 0.253696 12.958348 3.517102
v 0.202762 12.485513 3.883527
v 0.242377 12.279579 4.137572
v 0.214617 12.281931 4.109803
v 0.202762 12.285124 4.071995
v 0.202762 12.501424 3.746588
v 0.202762 12.508619 3.684550
v 0.256025 12.511743 3.658936
v 0.202762 12.306462 3.815734
v 0.202762 12.319245 3.672990
v 0.202762 12.325001 3.612235
v 0.256025 12.328011 3.582595
v 0.202762 11.972486 3.592380
v 0.256025 11.972881 3.557752
v 0.272690 13.047230 5.619742
v 0.270676 12.572850 4.619652
v 0.271597 12.589342 4.615509
v 0.211279 11.966455 4.092176
v 0.202762 11.967791 4.059059
v 0.242376 11.965589 4.116563
v 0.202762 11.970718 3.807226
v 0.202762 11.971958 3.657523
v 0.233730 12.680416 4.326849
v 0.229963 12.751269 4.296499
v 0.229609 12.717572 4.308515
v 0.213218 12.123000 4.081700
v 0.241444 12.121665 4.109334
v 0.202762 12.124841 4.044454
v 0.202762 12.135727 3.776761
v 0.202762 12.140971 3.626386
v 0.202762 12.143811 3.566953
v 0.256025 12.145566 3.536134
v 0.202762 12.888504 4.095641
v 0.202762 13.048727 4.100246
v 0.202762 13.092377 4.101460
v 0.202762 13.118309 4.101849
v 0.202762 12.811867 4.093467
v 0.202762 12.725372 4.091034
v 0.246050 12.540490 4.234084
v 0.217841 12.543823 4.206832
v 0.202762 12.548506 4.167969
v 0.202762 12.578602 3.918088
v 0.202762 12.594939 3.782443
v 0.202762 12.602415 3.720361
v 0.256025 12.605086 3.698191
v 0.202762 11.967607 3.937438
v 0.202762 12.130490 3.929127
v 0.202762 12.294373 3.960417
v 0.202762 12.470645 4.020578
v 0.202762 12.562265 4.053734
v 0.202762 12.642799 4.077356
v 0.202762 12.649810 3.941047
v 0.202762 12.659659 3.804819
v 0.202762 12.663359 3.741639
v 0.256025 12.664373 3.721403
v 0.279865 13.109546 3.702003
v 0.264573 13.128956 5.622729
v 0.267108 13.095828 5.621817
v 0.269607 13.073741 5.620874
v 0.218496 13.018502 5.618516
v 0.218190 13.017227 5.118132
v 0.218137 13.017649 5.028124
v 0.276263 13.006827 5.618020
v 0.202762 13.003023 4.098928
v 0.202762 13.004172 3.972548
v 0.202762 13.045172 3.844542
v 0.202762 13.091829 3.843000
v 0.202762 13.116442 3.842445
v 0.202762 12.894289 3.849537
v 0.202762 13.000771 3.846013
v 0.241813 12.042543 4.105841
v 0.212328 12.043471 4.079623
v 0.202762 12.044843 4.044197
v 0.202762 12.048134 3.932099
v 0.202762 12.051298 3.782938
v 0.202762 12.054211 3.634964
v 0.202762 12.055607 3.573248
v 0.256025 12.056540 3.541022
v 0.202762 12.997659 3.665662
v 0.202762 12.998668 3.724155
v 0.256410 12.955345 3.593343
v 0.202762 12.977307 3.610087
v 0.202762 12.996109 3.609939
v 0.202762 13.007639 3.609986
v 0.275268 13.009233 3.602663
v 0.254752 12.961513 3.546241
v 0.202762 12.982333 3.565984
v 0.202762 12.993682 3.561903
v 0.202762 13.004403 3.566912
v 0.273098 13.004471 3.557751
v 0.272934 12.741546 4.842110
v 0.271720 12.735668 4.864679
v 0.272139 12.647199 4.788616
v 0.271015 12.633483 4.799921
v 0.271705 12.599486 4.679636
v 0.270718 12.583249 4.685762
v 0.271561 12.587992 4.549558
v 0.270644 12.571489 4.551894
v 0.256025 12.418556 3.619288
v 0.202762 12.415277 3.647529
v 0.202762 12.408537 3.709059
v 0.202762 12.393634 3.847422
v 0.202762 12.379764 3.986935
v 0.202762 12.370174 4.093674
v 0.215549 12.366976 4.130732
v 0.243459 12.364771 4.157655
v 0.241647 12.199533 4.121243
v 0.213897 12.201504 4.093213
v 0.202762 12.204144 4.055279
v 0.202762 12.211974 3.939878
v 0.202762 12.221065 3.790179
v 0.202762 12.230521 3.642590
v 0.202762 12.234924 3.582938
v 0.256025 12.237400 3.552633
v 0.272667 12.944074 5.146391
v 0.264181 12.936326 5.615010
v 0.279015 12.954551 5.615787
v 0.278748 12.952641 5.136080
v 0.282054 11.965529 4.135011
v 0.281772 12.042631 4.124455
v 0.281587 12.121487 4.127948
v 0.281689 12.198958 4.139440
v 0.282054 12.278676 4.154960
v 0.282596 12.363655 4.173866
v 0.283268 12.455672 4.202119
v 0.283894 12.540264 4.245758
v 0.284232 12.588670 4.290462
v 0.287181 12.616075 4.335725
v 0.296290 12.592321 4.405920
v 0.297756 12.576192 4.478009
v 0.296216 12.566868 4.552364
v 0.296232 12.568034 4.620622
v 0.296253 12.578303 4.687314
v 0.296301 12.598125 4.749812
v 0.296402 12.629259 4.802929
v 0.296566 12.675309 4.843104
v 0.296755 12.733845 4.868539
v 0.296902 12.804616 4.888060
v 0.296861 12.872894 4.915008
v 0.297525 12.912083 4.947934
v 0.291838 12.939574 4.988037
v 0.292819 12.956173 5.035474
v 0.292844 12.956166 5.127295
v 0.300276 12.947016 5.138307
v 0.297230 12.928190 5.149849
v 0.292978 12.920466 5.614333
v 0.300410 12.948853 5.615544
v 0.257587 12.985245 5.182076
v 0.236520 12.993289 5.184699
v 0.208388 13.045763 5.187618
v 0.208575 13.072503 5.189104
v 0.208950 13.095831 5.190401
v 0.209188 13.127074 5.191508
v 0.264634 12.936552 5.181545
v 0.293642 12.921467 5.180706
v 0.218231 13.017426 5.186042
v 0.278778 12.953752 5.182500
v 0.328672 12.958348 3.517102
v 0.328675 12.979711 3.510972
v 0.278864 12.935415 3.716624
v 0.280276 12.935713 3.745761
v 0.276795 12.938807 3.687727
v 0.279865 12.937518 3.760860
v 0.275268 12.948719 3.648184
v 0.273098 12.958714 3.601511
v 0.266585 11.966455 4.092176
v 0.259114 11.967791 4.059059
v 0.259108 11.967607 3.937438
v 0.259129 11.970718 3.807226
v 0.259151 11.971958 3.657523
v 0.259148 11.972486 3.592380
v 0.259151 11.952788 3.649176
v 0.259148 11.949514 3.622953
v 0.196411 11.952788 3.649176
v 0.196406 11.949514 3.622953
v 0.447716 13.127956 5.346207
v 0.447960 13.096158 5.345070
v 0.448334 13.072957 5.343781
v 0.448522 13.046088 5.342286
v 0.438671 13.017804 5.340713
v 0.420378 12.993697 5.339372
v 0.399315 12.985620 5.336746
v 0.378134 12.954125 5.337172
v 0.392970 12.936272 5.336179
v 0.364096 12.920337 5.335293
v 0.328498 12.914542 5.334970
v 0.292899 12.920337 5.335293
v 0.264026 12.936272 5.336179
v 0.278861 12.954125 5.337172
v 0.257680 12.985620 5.336746
v 0.236618 12.993697 5.339372
v 0.218324 13.017804 5.340713
v 0.208473 13.046088 5.342286
v 0.208661 13.072957 5.343781
v 0.209035 13.096158 5.345070
v 0.209279 13.127956 5.346207
v 0.209435 13.129110 5.617799
v 0.209182 13.096561 5.616906
v 0.208811 13.073537 5.615920
v 0.208622 13.046622 5.614765
v 0.218493 13.018490 5.613557
v 0.236792 12.994496 5.612528
v 0.257845 12.986426 5.610162
v 0.279012 12.954543 5.610813
v 0.264178 12.936325 5.610032
v 0.292977 12.920464 5.609351
v 0.328498 12.914644 5.609103
v 0.364019 12.920464 5.609351
v 0.392817 12.936325 5.610032
v 0.377983 12.954543 5.610813
v 0.399150 12.986426 5.610162
v 0.420204 12.994496 5.612528
v 0.438502 13.018490 5.613557
v 0.448373 13.046622 5.614765
v 0.448184 13.073537 5.615919
v 0.447813 13.096561 5.616906
v 0.447560 13.129110 5.617799
v 0.392094 12.910553 4.435057
v 0.391808 12.916265 4.555490
v 0.328498 12.899707 4.554288
v 0.328498 12.898371 4.435057
v 0.264901 12.910553 4.435057
v 0.265187 12.916265 4.555490
v 0.392094 12.952451 4.435057
v 0.391808 12.952452 4.555490
v 0.328498 12.952451 4.554288
v 0.328498 12.952451 4.435057
v 0.264901 12.952451 4.435057
v 0.265187 12.952452 4.555490
v 0.328498 13.314740 3.657603
v 0.328498 13.275414 3.673246
v 0.328498 13.227082 3.705841
v 0.328498 13.187962 3.730850
v 0.328498 13.144232 3.710987
v 0.328498 13.111532 3.678728
v 0.328498 13.068073 3.663851
v 0.328498 13.022464 3.669304
v 0.328498 12.983737 3.694006
v 0.328498 12.959563 3.733064
v 0.328498 12.954730 3.778743
v 0.328498 12.970195 3.821995
v 0.328498 13.002895 3.854255
v 0.328498 13.046353 3.869132
v 0.328498 13.091963 3.863679
v 0.328498 13.160121 3.855757
v 0.328498 13.216764 3.888052
v 0.328498 13.277898 3.922906
v 0.328498 13.321143 3.947562
v 0.328498 13.344146 3.960677
v 0.328498 13.368320 3.921619
v 0.328498 13.373153 3.875940
v 0.328498 13.357688 3.832687
v 0.328498 13.345237 3.810216
v 0.328498 13.346252 3.772490
v 0.328498 13.363525 3.736723
v 0.328498 13.368253 3.706190
v 0.328498 13.326518 3.734275
v 0.328498 13.305411 3.729754
v 0.328498 13.293971 3.710233
v 0.328498 13.299195 3.689175
v 0.328498 13.314935 3.677861
v 0.328498 13.349112 3.707874
v 0.328498 13.343675 3.722697
v 0.290422 13.144232 3.710987
v 0.290422 13.111532 3.678728
v 0.290422 13.068073 3.663851
v 0.290422 13.022464 3.669304
v 0.290422 12.983737 3.694006
v 0.290422 12.959563 3.733064
v 0.290422 12.954730 3.778743
v 0.290422 12.970195 3.821995
v 0.290422 13.002895 3.854255
v 0.290422 13.046353 3.869132
v 0.290422 13.091963 3.863679
v 0.290422 13.160121 3.855757
v 0.290422 13.184297 3.816699
v 0.290422 13.159698 3.754240
v 0.290422 13.057214 3.766492
v 0.290422 13.344146 3.960677
v 0.290422 13.368320 3.921619
v 0.290422 13.373153 3.875940
v 0.290422 13.357688 3.832687
v 0.290422 13.187962 3.730850
v 0.290422 13.238708 3.799287
v 0.290422 13.240938 3.848994
v 0.290422 13.216764 3.888052
v 0.290422 13.345237 3.810216
v 0.290422 13.350150 3.862824
v 0.290422 13.345317 3.908504
v 0.290422 13.321143 3.947562
v 0.290422 13.314740 3.657603
v 0.290422 13.368253 3.706190
v 0.290422 13.257648 3.775650
v 0.290422 13.306905 3.838168
v 0.290422 13.302073 3.883847
v 0.290422 13.277898 3.922906
v 0.290422 13.227082 3.705841
v 0.290422 13.346252 3.772490
v 0.290422 13.289075 3.742833
v 0.290422 13.275414 3.673246
v 0.290422 13.363525 3.736723
v 0.290422 13.305411 3.729754
v 0.290422 13.299195 3.689175
v 0.290422 13.343675 3.722697
v 0.290422 13.326518 3.734275
v 0.290422 13.314935 3.677861
v 0.290422 13.349112 3.707874
v 0.290422 13.293971 3.710233
v 0.328498 13.344703 3.663106
v 0.328498 13.362277 3.679441
v 0.328498 13.346564 3.691586
v 0.328498 13.334039 3.679255
v 0.290422 13.362304 3.679520
v 0.290422 13.344624 3.663086
v 0.290422 13.333881 3.679208
v 0.290422 13.346646 3.691729
v 0.290422 13.199203 3.776764
v 0.290422 13.212617 3.832846
v 0.290422 13.188442 3.871905
v 0.328498 13.188442 3.871905
v 0.366573 13.144232 3.710987
v 0.366573 13.111532 3.678728
v 0.366573 13.068073 3.663851
v 0.366573 13.022464 3.669304
v 0.366573 12.983737 3.694006
v 0.366573 12.959563 3.733064
v 0.366573 12.954730 3.778743
v 0.366573 12.970195 3.821995
v 0.366573 13.002895 3.854255
v 0.366573 13.046353 3.869132
v 0.366573 13.091963 3.863679
v 0.366573 13.160121 3.855757
v 0.366573 13.184297 3.816699
v 0.366573 13.159698 3.754240
v 0.366574 13.057214 3.766492
v 0.366573 13.344146 3.960677
v 0.366573 13.368320 3.921619
v 0.366573 13.373153 3.875940
v 0.366573 13.357688 3.832687
v 0.366573 13.187962 3.730850
v 0.366573 13.238708 3.799287
v 0.366573 13.240938 3.848994
v 0.366573 13.216764 3.888052
v 0.366573 13.345237 3.810216
v 0.366573 13.350150 3.862824
v 0.366573 13.345317 3.908504
v 0.366573 13.321143 3.947562
v 0.366573 13.314740 3.657603
v 0.366573 13.368253 3.706190
v 0.366573 13.257648 3.775650
v 0.366573 13.306905 3.838168
v 0.366573 13.302073 3.883847
v 0.366573 13.277898 3.922906
v 0.366573 13.227082 3.705841
v 0.366573 13.346252 3.772490
v 0.366573 13.289075 3.742833
v 0.366573 13.275414 3.673246
v 0.366573 13.363525 3.736723
v 0.366573 13.305411 3.729754
v 0.366573 13.299195 3.689175
v 0.366573 13.343675 3.722697
v 0.366573 13.326518 3.734275
v 0.366573 13.314935 3.677861
v 0.366573 13.349112 3.707874
v 0.366573 13.293971 3.710233
v 0.366573 13.362304 3.679520
v 0.366573 13.344624 3.663086
v 0.366573 13.333881 3.679208
v 0.366573 13.346646 3.691729
v 0.366573 13.199203 3.776764
v 0.366573 13.212617 3.832846
v 0.366573 13.188442 3.871905
vt 0.375000 0.496368
vt 0.375000 0.492895
vt 0.437500 0.492868
vt 0.437500 0.496363
vt 0.437500 0.498315
vt 0.437500 0.492868
vt 0.375000 0.492895
vt 0.375000 0.498321
vt 0.500000 0.492854
vt 0.500000 0.498312
vt 0.437500 0.487421
vt 0.437500 0.487421
vt 0.375000 0.487469
vt 0.375000 0.487469
vt 0.375000 0.492895
vt 0.375000 0.492895
vt 0.375000 0.498321
vt 0.375000 0.498321
vt 0.437500 0.498315
vt 0.437500 0.498315
vt 0.500000 0.487397
vt 0.500000 0.487397
vt 0.500000 0.498312
vt 0.500000 0.498312
vt 0.437500 0.487421
vt 0.375000 0.487469
vt 0.375000 0.498321
vt 0.437500 0.498315
vt 0.375000 0.492895
vt 0.500000 0.492854
vt 0.437500 0.492868
vt 0.437500 0.492868
vt 0.375000 0.489206
vt 0.437500 0.489155
vt 0.437500 0.487421
vt 0.375000 0.487469
vt 0.500000 0.487397
vt 0.375000 0.496368
vt 0.437500 0.496363
vt 0.437500 0.492868
vt 0.375000 0.492895
vt 0.437500 0.498315
vt 0.375000 0.498321
vt 0.375000 0.492895
vt 0.437500 0.492868
vt 0.500000 0.492854
vt 0.500000 0.498312
vt 0.437500 0.487421
vt 0.375000 0.487469
vt 0.375000 0.487469
vt 0.437500 0.487421
vt 0.375000 0.492895
vt 0.375000 0.498321
vt 0.375000 0.498321
vt 0.375000 0.492895
vt 0.437500 0.498315
vt 0.437500 0.498315
vt 0.500000 0.487397
vt 0.500000 0.487397
vt 0.500000 0.498312
vt 0.500000 0.498312
vt 0.375000 0.487469
vt 0.437500 0.487421
vt 0.437500 0.498315
vt 0.375000 0.498321
vt 0.375000 0.492895
vt 0.500000 0.492854
vt 0.437500 0.492868
vt 0.437500 0.492868
vt 0.437500 0.489155
vt 0.375000 0.489206
vt 0.375000 0.487469
vt 0.437500 0.487421
vt 0.500000 0.487397
vn -0.017493 0.992071 -0.124457
vn -0.017305 0.992119 -0.124096
vn -0.017041 0.992187 -0.123591
vn -0.016857 0.992234 -0.123239
vn 0.005508 -0.993337 0.115112
vn 0.017689 -0.993197 0.115097
vn 0.005515 -0.993337 0.115113
vn 0.017680 -0.993197 0.115098
vn 0.001821 -0.993351 0.115113
vn 0.005508 -0.993337 0.115112
vn 0.001826 -0.993351 0.115114
vn 0.005515 -0.993337 0.115113
vn -0.022910 0.308766 0.950862
vn -0.022885 0.305501 0.951917
vn -0.021091 0.118678 0.992709
vn -0.021091 0.118678 0.992709
vn -1.000000 0.000000 0.000000
vn -1.000000 0.000000 0.000000
vn -1.000000 0.000000 0.000000
vn -1.000000 0.000000 0.000000
vn 0.002816 -0.118710 -0.992925
vn -0.002193 0.169798 -0.985476
vn 0.002816 -0.118710 -0.992925
vn -0.002305 0.176247 -0.984343
vn -0.002154 0.118707 0.992927
vn -0.002154 0.118707 0.992927
vn -0.002154 0.118707 0.992927
vn -0.002154 0.118707 0.992927
vn 0.000291 -0.118707 -0.992929
vn 0.000291 -0.118707 -0.992929
vn 0.000291 -0.118707 -0.992929
vn 0.000291 -0.118707 -0.992929
vn -0.024182 0.639106 0.768739
vn -0.024183 0.638439 0.769293
vn -0.022910 0.308766 0.950862
vn -0.022885 0.305501 0.951917
vn -0.002193 0.169798 -0.985476
vn -0.007113 0.449485 -0.893259
vn -0.002305 0.176247 -0.984343
vn -0.007113 0.449485 -0.893259
vn -1.000000 0.000000 0.000000
vn -1.000000 0.000000 0.000000
vn -1.000000 0.000000 0.000000
vn -1.000000 0.000000 0.000000
vn -0.001821 0.993351 -0.115111
vn -0.001826 0.993351 -0.115111
vn -0.001821 0.993351 -0.115111
vn -0.001826 0.993351 -0.115111
vn -0.001816 0.993351 -0.115111
vn -0.001821 0.993351 -0.115111
vn -0.001816 0.993351 -0.115111
vn -0.001821 0.993351 -0.115111
vn 1.000000 0.000000 0.000000
vn 1.000000 0.000000 0.000000
vn 1.000000 0.000000 0.000000
vn 1.000000 0.000000 0.000000
vn -0.017660 0.999038 -0.040132
vn -0.020550 0.973683 0.226977
vn -0.017663 0.999063 -0.039504
vn -0.020574 0.973113 0.229408
vn -1.000000 0.000000 0.000000
vn -1.000000 0.000000 0.000000
vn -1.000000 0.000000 0.000000
vn -1.000000 0.000000 0.000000
vn -1.000000 0.000000 0.000000
vn -1.000000 0.000000 0.000000
vn -1.000000 0.000000 0.000000
vn -1.000000 0.000000 0.000000
vn 0.005464 -0.993338 0.115111
vn 0.017697 -0.993197 0.115097
vn 0.005508 -0.993337 0.115112
vn 0.017689 -0.993197 0.115097
vn 0.001816 -0.993351 0.115111
vn 0.005464 -0.993338 0.115111
vn 0.001821 -0.993351 0.115113
vn 0.005508 -0.993337 0.115112
vn 1.000000 0.000000 0.000000
vn 1.000000 0.000000 0.000000
vn 1.000000 0.000000 0.000000
vn 1.000000 0.000000 0.000000
vn -0.013728 0.817228 -0.576150
vn -0.013728 0.817229 -0.576150
vn -0.013728 0.817228 -0.576150
vn -0.013728 0.817229 -0.576150
vn -0.020550 0.973683 0.226977
vn -0.024183 0.638439 0.769293
vn -0.020574 0.973113 0.229408
vn -0.024182 0.639106 0.768739
vn -1.000000 0.000000 0.000000
vn -1.000000 0.000000 0.000000
vn -1.000000 0.000000 0.000000
vn -1.000000 0.000000 0.000000
vn -1.000000 0.000000 0.000000
vn -1.000000 0.000000 0.000000
vn -1.000000 0.000000 0.000000
vn -1.000000 0.000000 0.000000
vn 1.000000 0.000000 0.000000
vn 1.000000 0.000000 0.000000
vn 1.000000 0.000000 0.000000
vn 1.000000 0.000000 0.000000
vn 1.000000 0.000000 0.000000
vn 1.000000 0.000000 0.000000
vn 1.000000 0.000000 0.000000
vn 1.000000 0.000000 0.000000
vn 0.017149 0.992137 -0.123975
vn 0.017149 0.992137 -0.123975
vn 0.017660 0.999038 -0.040132
vn 0.017663 0.999063 -0.039504
vn -0.017680 -0.993197 0.115098
vn -0.017688 -0.993197 0.115097
vn -0.005515 -0.993337 0.115113
vn -0.005508 -0.993337 0.115112
vn -0.001821 -0.993351 0.115113
vn -0.001826 -0.993351 0.115114
vn -0.005508 -0.993337 0.115112
vn -0.005515 -0.993337 0.115113
vn 0.021091 0.118678 0.992709
vn 0.022886 0.305501 0.951917
vn 0.021091 0.118678 0.992709
vn 0.022910 0.308766 0.950862
vn 1.000000 0.000000 0.000000
vn 1.000000 0.000000 0.000000
vn 1.000000 0.000000 0.000000
vn 1.000000 0.000000 0.000000
vn -0.002814 -0.118710 -0.992925
vn -0.002814 -0.118710 -0.992925
vn 0.002193 0.169798 -0.985476
vn 0.002305 0.176247 -0.984343
vn 0.002153 0.118707 0.992927
vn 0.002153 0.118707 0.992927
vn 0.002153 0.118707 0.992927
vn 0.002153 0.118707 0.992927
vn -0.000290 -0.118707 -0.992929
vn -0.000290 -0.118707 -0.992929
vn -0.000290 -0.118707 -0.992929
vn -0.000290 -0.118707 -0.992929
vn 0.022886 0.305501 0.951917
vn 0.024183 0.638439 0.769293
vn 0.022910 0.308766 0.950862
vn 0.024183 0.639105 0.768739
vn 0.002193 0.169798 -0.985476
vn 0.002305 0.176247 -0.984343
vn 0.007111 0.449485 -0.893260
vn 0.007111 0.449485 -0.893260
vn 1.000000 0.000000 0.000000
vn 1.000000 0.000000 0.000000
vn 1.000000 0.000000 0.000000
vn 1.000000 0.000000 0.000000
vn 0.001821 0.993351 -0.115111
vn 0.001821 0.993351 -0.115111
vn 0.001826 0.993351 -0.115111
vn 0.001826 0.993351 -0.115111
vn 0.001816 0.993351 -0.115111
vn 0.001816 0.993351 -0.115111
vn 0.001821 0.993351 -0.115111
vn 0.001821 0.993351 -0.115111
vn -1.000000 0.000000 0.000000
vn -1.000000 0.000000 0.000000
vn -1.000000 0.000000 0.000000
vn -1.000000 0.000000 0.000000
vn 0.017660 0.999038 -0.040132
vn 0.017663 0.999063 -0.039504
vn 0.020549 0.973683 0.226977
vn 0.020574 0.973113 0.229408
vn 1.000000 0.000000 0.000000
vn 1.000000 0.000000 0.000000
vn 1.000000 0.000000 0.000000
vn 1.000000 0.000000 0.000000
vn 1.000000 0.000000 0.000000
vn 1.000000 0.000000 0.000000
vn 1.000000 0.000000 0.000000
vn 1.000000 0.000000 0.000000
vn -0.017688 -0.993197 0.115097
vn -0.017697 -0.993197 0.115097
vn -0.005508 -0.993337 0.115112
vn -0.005464 -0.993338 0.115111
vn -0.001816 -0.993351 0.115111
vn -0.001821 -0.993351 0.115113
vn -0.005464 -0.993338 0.115111
vn -0.005508 -0.993337 0.115112
vn -1.000000 0.000000 0.000000
vn -1.000000 0.000000 0.000000
vn -1.000000 0.000000 0.000000
vn -1.000000 0.000000 0.000000
vn 0.013730 0.817229 -0.576150
vn 0.013730 0.817229 -0.576150
vn 0.013730 0.817228 -0.576150
vn 0.013730 0.817228 -0.576150
vn 0.024183 0.639105 0.768739
vn 0.024183 0.638439 0.769293
vn 0.020574 0.973113 0.229408
vn 0.020549 0.973683 0.226977
vn 1.000000 0.000000 0.000000
vn 1.000000 0.000000 0.000000
vn 1.000000 0.000000 0.000000
vn 1.000000 0.000000 0.000000
vn 1.000000 0.000000 0.000000
vn 1.000000 0.000000 0.000000
vn 1.000000 0.000000 0.000000
vn 1.000000 0.000000 0.000000
vn -1.000000 0.000000 0.000000
vn -1.000000 0.000000 0.000000
vn -1.000000 0.000000 0.000000
vn -1.000000 0.000000 0.000000
vn -1.000000 0.000000 0.000000
vn -1.000000 0.000000 0.000000
vn -1.000000 0.000000 0.000000
vn -1.000000 0.000000 0.000000
vn -0.004798 -0.915877 -0.401430
vn -0.004802 -0.915894 -0.401391
vn -0.004854 -0.916111 -0.400895
vn -0.004859 -0.916132 -0.400848
vn 0.000000 0.083315 -0.996523
vn 0.038885 0.083475 -0.995751
vn 0.000000 -0.300192 -0.953879
vn 0.021659 -0.296751 -0.954709
vn 0.925943 0.019164 -0.377176
vn 0.923808 0.046409 -0.380032
vn 0.998362 -0.038564 -0.042266
vn 0.999150 0.004996 -0.040915
vn 0.038885 0.083475 -0.995751
vn 0.041259 0.121099 -0.991783
vn 0.380672 0.090368 -0.920284
vn 0.382266 0.112017 -0.917238
vn 0.038877 -0.998954 -0.024079
vn 0.380807 -0.924608 -0.009328
vn 0.041185 -0.999065 0.013142
vn 0.382359 -0.923934 0.012157
vn 0.925930 -0.377090 -0.021363
vn 0.998362 -0.038564 -0.042266
vn 0.923821 -0.382791 0.005035
vn 0.999136 -0.041563 0.000547
vn -0.038885 0.083475 -0.995751
vn -0.380672 0.090368 -0.920284
vn -0.041259 0.121098 -0.991783
vn -0.382266 0.112017 -0.917238
vn -0.925944 0.019164 -0.377175
vn -0.998362 -0.038564 -0.042265
vn -0.923808 0.046409 -0.380032
vn -0.999150 0.004996 -0.040915
vn 0.000000 0.351577 0.936159
vn 0.000000 -0.081241 0.996695
vn 0.042231 0.352011 0.935043
vn 0.030046 -0.077598 0.996532
vn 0.000001 -0.875127 0.483893
vn 0.000000 -0.998338 0.057634
vn 0.028333 -0.876537 0.480500
vn 0.039599 -0.997609 0.056637
vn -0.039607 -0.997609 0.056638
vn -0.394737 -0.918023 0.037637
vn -0.041510 -0.999051 0.013181
vn -0.386391 -0.922252 0.012409
vn -0.932170 -0.359957 0.038609
vn -0.997485 -0.046833 0.053196
vn -0.924973 -0.379990 0.005699
vn -0.998612 -0.052668 0.000768
vn 0.042231 0.352011 0.935043
vn 0.399620 0.337998 0.852092
vn 0.043304 0.548193 0.835230
vn 0.400929 0.502708 0.765860
vn 0.934159 0.104359 0.341257
vn 0.997485 -0.046804 0.053219
vn 0.929520 0.201497 0.308854
vn 0.998597 0.028911 0.044370
vn 0.381259 -0.924388 0.012197
vn 0.386392 -0.922251 0.012409
vn 0.041097 -0.999069 0.013144
vn 0.041509 -0.999051 0.013181
vn 0.998913 -0.046619 0.000607
vn 0.998612 -0.052670 0.000768
vn 0.923290 -0.384071 0.004999
vn 0.924989 -0.379952 0.005703
vn -0.041096 -0.999069 0.013144
vn -0.381258 -0.924388 0.012197
vn -0.041185 -0.999065 0.013142
vn -0.382358 -0.923934 0.012157
vn -0.998913 -0.046619 0.000607
vn -0.999136 -0.041563 0.000547
vn -0.923290 -0.384071 0.004999
vn -0.923821 -0.382791 0.005036
vn 0.026192 0.973508 -0.227149
vn 0.000459 0.972427 -0.233206
vn 0.039938 0.991624 0.122833
vn 0.000059 0.992550 0.121837
vn 0.039764 0.156831 -0.986825
vn 0.000023 0.157869 -0.987460
vn 0.024774 0.502868 -0.864008
vn 0.000245 0.503456 -0.864021
vn 0.923454 0.382119 0.034885
vn 0.923334 0.377295 0.071436
vn 0.998430 0.041446 -0.037693
vn 0.999188 0.039590 0.007496
vn 0.375880 0.918120 0.125579
vn 0.039938 0.991624 0.122833
vn 0.381893 0.908054 0.172032
vn 0.042206 0.981628 0.186078
vn 0.999009 0.043414 0.009834
vn 0.924095 0.372721 0.084426
vn 0.998789 0.047446 0.013010
vn 0.924141 0.368447 0.101050
vn 0.384013 0.900512 0.203991
vn 0.042813 0.974435 0.220554
vn 0.384171 0.890319 0.244427
vn 0.042766 0.963333 0.264877
vn -0.998596 0.028918 0.044374
vn -0.929505 0.201548 0.308868
vn -0.997535 0.061672 0.033479
vn -0.927117 0.329330 0.178872
vn -0.043308 0.548186 0.835234
vn -0.041915 0.876172 0.480172
vn -0.400948 0.502732 0.765833
vn -0.391693 0.807404 0.441220
vn -0.039870 0.991619 0.122892
vn -0.380346 0.916141 0.126578
vn -0.042131 0.981629 0.186091
vn -0.383589 0.907271 0.172391
vn -0.925320 0.377656 0.034053
vn -0.998440 0.041258 -0.037622
vn -0.924025 0.375608 0.071390
vn -0.999195 0.039401 0.007489
vn 0.000004 0.982491 0.186308
vn 0.042206 0.981628 0.186078
vn 0.000059 0.992550 0.121837
vn 0.039938 0.991624 0.122833
vn 0.000000 0.964162 0.265314
vn 0.042766 0.963333 0.264877
vn 0.000000 0.975292 0.220920
vn 0.042813 0.974435 0.220554
vn 0.000000 0.964162 0.265314
vn 0.000000 0.975292 0.220920
vn -0.042768 0.963333 0.264878
vn -0.042813 0.974435 0.220554
vn 0.000004 0.982491 0.186308
vn 0.000059 0.992550 0.121837
vn -0.042131 0.981629 0.186091
vn -0.039870 0.991619 0.122892
vn 0.000000 -0.999914 0.013153
vn 0.000000 -0.999704 -0.024313
vn 0.041185 -0.999065 0.013142
vn 0.038877 -0.998954 -0.024079
vn 0.000000 -0.999913 0.013161
vn 0.000000 -0.999914 0.013151
vn 0.041509 -0.999051 0.013181
vn 0.041097 -0.999069 0.013144
vn -0.041096 -0.999069 0.013144
vn 0.000000 -0.999914 0.013151
vn -0.041510 -0.999051 0.013181
vn 0.000000 -0.999913 0.013161
vn 0.000000 -0.999914 0.013153
vn -0.041185 -0.999065 0.013142
vn 0.000000 -0.999704 -0.024313
vn -0.038877 -0.998954 -0.024079
vn 1.000000 -0.000001 0.000000
vn 0.999150 0.004996 -0.040915
vn 0.999188 0.039590 0.007496
vn 0.998430 0.041446 -0.037693
vn 0.000000 0.121199 -0.992628
vn 0.000023 0.157869 -0.987460
vn 0.041259 0.121099 -0.991783
vn 0.039764 0.156831 -0.986825
vn 1.000000 -0.000001 0.000000
vn 1.000000 -0.000001 0.000000
vn 0.998789 0.047446 0.013010
vn 0.999009 0.043414 0.009834
vn -1.000000 -0.000001 0.000000
vn -0.998789 0.047453 0.013014
vn -1.000000 0.000000 0.000000
vn -0.999009 0.043414 0.009834
vn 0.000000 0.121199 -0.992628
vn -0.041259 0.121098 -0.991783
vn 0.000023 0.157869 -0.987460
vn -0.039670 0.156681 -0.986852
vn -1.000000 0.000000 0.000000
vn -0.999195 0.039401 0.007489
vn -0.999150 0.004996 -0.040915
vn -0.998440 0.041258 -0.037622
vn 0.998597 0.028911 0.044370
vn 1.000000 -0.000001 0.000000
vn 0.997535 0.061667 0.033481
vn 0.998789 0.047446 0.013010
vn 0.000000 -0.998338 0.057634
vn 0.000000 -0.999913 0.013161
vn 0.039599 -0.997609 0.056637
vn 0.041509 -0.999051 0.013181
vn -0.041510 -0.999051 0.013181
vn 0.000000 -0.999913 0.013161
vn -0.039607 -0.997609 0.056638
vn 0.000000 -0.998338 0.057634
vn -1.000000 -0.000001 0.000000
vn -0.998612 -0.052668 0.000768
vn -0.998596 0.028918 0.044374
vn -0.997485 -0.046833 0.053196
vn 1.000000 -0.000001 0.000000
vn 1.000000 -0.000001 0.000000
vn 0.999009 0.043414 0.009834
vn 0.999188 0.039590 0.007496
vn 0.000000 -0.999914 0.013151
vn 0.000000 -0.999914 0.013153
vn 0.041097 -0.999069 0.013144
vn 0.041185 -0.999065 0.013142
vn 0.000000 -0.999914 0.013151
vn -0.041096 -0.999069 0.013144
vn 0.000000 -0.999914 0.013153
vn -0.041185 -0.999065 0.013142
vn -0.999195 0.039401 0.007489
vn -1.000000 0.000000 0.000000
vn -0.999009 0.043414 0.009834
vn -1.000000 0.000000 0.000000
vn 0.000000 0.975292 0.220920
vn 0.000004 0.982491 0.186308
vn -0.042813 0.974435 0.220554
vn -0.042131 0.981629 0.186091
vn 0.000000 0.975292 0.220920
vn 0.042813 0.974435 0.220554
vn 0.000004 0.982491 0.186308
vn 0.042206 0.981628 0.186078
vn 0.041921 0.876175 0.480167
vn 0.000000 0.876596 0.481228
vn 0.043304 0.548193 0.835230
vn 0.000000 0.548527 0.836133
vn 0.000000 0.548527 0.836133
vn 0.000000 0.876596 0.481228
vn -0.043308 0.548186 0.835234
vn -0.041915 0.876172 0.480172
vn 0.042231 0.352011 0.935043
vn 0.043304 0.548193 0.835230
vn 0.000000 0.351577 0.936159
vn 0.000000 0.548527 0.836133
vn -0.042231 0.352010 0.935043
vn 0.000000 0.351577 0.936159
vn -0.043308 0.548186 0.835234
vn 0.000000 0.548527 0.836133
vn 0.000000 0.876596 0.481228
vn 0.000000 0.964162 0.265314
vn -0.041915 0.876172 0.480172
vn -0.042768 0.963333 0.264878
vn 0.000000 0.876596 0.481228
vn 0.041921 0.876175 0.480167
vn 0.000000 0.964162 0.265314
vn 0.042766 0.963333 0.264877
vn 0.998612 -0.052670 0.000768
vn 0.998913 -0.046619 0.000607
vn 1.000000 -0.000001 0.000000
vn 1.000000 -0.000001 0.000000
vn 0.998913 -0.046619 0.000607
vn 0.999136 -0.041563 0.000547
vn 1.000000 -0.000001 0.000000
vn 1.000000 -0.000001 0.000000
vn 0.998362 -0.038564 -0.042266
vn 0.999150 0.004996 -0.040915
vn 0.999136 -0.041563 0.000547
vn 1.000000 -0.000001 0.000000
vn 0.038885 0.083475 -0.995751
vn 0.000000 0.083315 -0.996523
vn 0.041259 0.121099 -0.991783
vn 0.000000 0.121199 -0.992628
vn -0.038885 0.083475 -0.995751
vn -0.041259 0.121098 -0.991783
vn 0.000000 0.083315 -0.996523
vn 0.000000 0.121199 -0.992628
vn -0.998362 -0.038564 -0.042265
vn -0.999136 -0.041563 0.000547
vn -0.999150 0.004996 -0.040915
vn -1.000000 0.000000 0.000000
vn -1.000000 0.000000 0.000000
vn -0.999136 -0.041563 0.000547
vn -1.000000 0.000000 0.000000
vn -0.998913 -0.046619 0.000607
vn -0.998612 -0.052668 0.000768
vn -1.000000 -0.000001 0.000000
vn -0.998913 -0.046619 0.000607
vn -1.000000 0.000000 0.000000
vn 0.997485 -0.046804 0.053219
vn 0.998612 -0.052670 0.000768
vn 0.998597 0.028911 0.044370
vn 1.000000 -0.000001 0.000000
vn -0.998789 0.047453 0.013014
vn -1.000000 -0.000001 0.000000
vn -0.997535 0.061672 0.033479
vn -0.998596 0.028918 0.044374
vn 0.000000 0.083315 -0.996523
vn 0.000000 -0.300192 -0.953879
vn -0.038885 0.083475 -0.995751
vn -0.021659 -0.296751 -0.954709
vn 0.000000 -0.999704 -0.024313
vn -0.038877 -0.998954 -0.024079
vn 0.000000 -0.915781 -0.401679
vn -0.021635 -0.916987 -0.398329
vn 0.000000 -0.998338 0.057634
vn 0.000001 -0.875127 0.483893
vn -0.039607 -0.997609 0.056638
vn -0.028312 -0.876514 0.480544
vn 0.000000 0.351577 0.936159
vn -0.042231 0.352010 0.935043
vn 0.000000 -0.081241 0.996695
vn -0.030064 -0.077619 0.996530
vn 0.041185 -0.999065 0.013142
vn 0.382359 -0.923934 0.012157
vn 0.041097 -0.999069 0.013144
vn 0.381259 -0.924388 0.012197
vn 0.923821 -0.382791 0.005035
vn 0.999136 -0.041563 0.000547
vn 0.923290 -0.384071 0.004999
vn 0.998913 -0.046619 0.000607
vn 0.932195 -0.359893 0.038591
vn 0.924989 -0.379952 0.005703
vn 0.997485 -0.046804 0.053219
vn 0.998612 -0.052670 0.000768
vn 0.039599 -0.997609 0.056637
vn 0.041509 -0.999051 0.013181
vn 0.394737 -0.918023 0.037624
vn 0.386392 -0.922251 0.012409
vn -0.041510 -0.999051 0.013181
vn -0.386391 -0.922252 0.012409
vn -0.041096 -0.999069 0.013144
vn -0.381258 -0.924388 0.012197
vn -0.924973 -0.379990 0.005699
vn -0.998612 -0.052668 0.000768
vn -0.923290 -0.384071 0.004999
vn -0.998913 -0.046619 0.000607
vn -0.925930 -0.377090 -0.021363
vn -0.923821 -0.382791 0.005036
vn -0.998362 -0.038564 -0.042265
vn -0.999136 -0.041563 0.000547
vn -0.038877 -0.998954 -0.024079
vn -0.041185 -0.999065 0.013142
vn -0.380807 -0.924608 -0.009327
vn -0.382358 -0.923934 0.012157
vn 0.923808 0.046409 -0.380032
vn 0.925058 0.070943 -0.373143
vn 0.999150 0.004996 -0.040915
vn 0.998430 0.041446 -0.037693
vn 0.382266 0.112017 -0.917238
vn 0.041259 0.121099 -0.991783
vn 0.380021 0.135406 -0.915013
vn 0.039764 0.156831 -0.986825
vn 0.000059 0.992550 0.121837
vn 0.000459 0.972427 -0.233206
vn -0.039870 0.991619 0.122892
vn -0.024896 0.972382 -0.232063
vn 0.000245 0.503456 -0.864021
vn 0.000023 0.157869 -0.987460
vn -0.024859 0.498650 -0.866447
vn -0.039670 0.156681 -0.986852
vn 0.999188 0.039590 0.007496
vn 0.923334 0.377295 0.071436
vn 0.999009 0.043414 0.009834
vn 0.924095 0.372721 0.084426
vn 0.381893 0.908054 0.172032
vn 0.042206 0.981628 0.186078
vn 0.384013 0.900512 0.203991
vn 0.042813 0.974435 0.220554
vn 0.998789 0.047446 0.013010
vn 0.924141 0.368447 0.101050
vn 0.997535 0.061667 0.033481
vn 0.927111 0.329331 0.178904
vn 0.384171 0.890319 0.244427
vn 0.042766 0.963333 0.264877
vn 0.391760 0.807368 0.441227
vn 0.041921 0.876175 0.480167
vn -0.934122 0.104395 0.341348
vn -0.929505 0.201548 0.308868
vn -0.997485 -0.046833 0.053196
vn -0.998596 0.028918 0.044374
vn -0.042231 0.352010 0.935043
vn -0.043308 0.548186 0.835234
vn -0.399686 0.337953 0.852079
vn -0.400948 0.502732 0.765833
vn -0.041259 0.121098 -0.991783
vn -0.382266 0.112017 -0.917238
vn -0.039670 0.156681 -0.986852
vn -0.380123 0.134514 -0.915103
vn -0.923808 0.046409 -0.380032
vn -0.999150 0.004996 -0.040915
vn -0.925019 0.069998 -0.373417
vn -0.998440 0.041258 -0.037622
vn -0.384013 0.900512 0.203992
vn -0.384136 0.890330 0.244444
vn -0.042813 0.974435 0.220554
vn -0.042768 0.963333 0.264878
vn -0.999009 0.043414 0.009834
vn -0.998789 0.047453 0.013014
vn -0.924097 0.372716 0.084425
vn -0.924154 0.368411 0.101060
vn -0.999009 0.043414 0.009834
vn -0.924097 0.372716 0.084425
vn -0.999195 0.039401 0.007489
vn -0.924025 0.375608 0.071390
vn -0.384013 0.900512 0.203992
vn -0.042813 0.974435 0.220554
vn -0.383589 0.907271 0.172391
vn -0.042131 0.981629 0.186091
vn 0.043304 0.548193 0.835230
vn 0.400929 0.502708 0.765860
vn 0.041921 0.876175 0.480167
vn 0.391760 0.807368 0.441227
vn 0.929520 0.201497 0.308854
vn 0.998597 0.028911 0.044370
vn 0.927111 0.329331 0.178904
vn 0.997535 0.061667 0.033481
vn -0.384136 0.890330 0.244444
vn -0.391693 0.807404 0.441220
vn -0.042768 0.963333 0.264878
vn -0.041915 0.876172 0.480172
vn -0.998789 0.047453 0.013014
vn -0.997535 0.061672 0.033479
vn -0.924154 0.368411 0.101060
vn -0.927117 0.329330 0.178872
vn 0.021659 -0.296751 -0.954709
vn 0.038885 0.083475 -0.995751
vn 0.336075 -0.239090 -0.910983
vn 0.380672 0.090368 -0.920284
vn 0.998362 -0.038564 -0.042266
vn 0.925930 -0.377090 -0.021363
vn 0.925943 0.019164 -0.377176
vn 0.899993 -0.291114 -0.324446
vn 0.380807 -0.924608 -0.009328
vn 0.038877 -0.998954 -0.024079
vn 0.336084 -0.879851 -0.336020
vn 0.021635 -0.916987 -0.398330
vn -0.021635 -0.916987 -0.398329
vn -0.038877 -0.998954 -0.024079
vn -0.336086 -0.879855 -0.336007
vn -0.380807 -0.924608 -0.009327
vn -0.998362 -0.038564 -0.042265
vn -0.925944 0.019164 -0.377175
vn -0.925930 -0.377090 -0.021363
vn -0.899992 -0.291116 -0.324448
vn -0.380672 0.090368 -0.920284
vn -0.038885 0.083475 -0.995751
vn -0.336070 -0.239087 -0.910985
vn -0.021659 -0.296751 -0.954709
vn -0.030064 -0.077619 0.996530
vn -0.042231 0.352010 0.935043
vn -0.372259 -0.028696 0.927685
vn -0.399686 0.337953 0.852079
vn -0.997485 -0.046833 0.053196
vn -0.932170 -0.359957 0.038609
vn -0.934122 0.104395 0.341348
vn -0.924949 -0.206675 0.318989
vn -0.394737 -0.918023 0.037637
vn -0.039607 -0.997609 0.056638
vn -0.370512 -0.834585 0.407663
vn -0.028312 -0.876514 0.480544
vn 0.028333 -0.876537 0.480500
vn 0.039599 -0.997609 0.056637
vn 0.370519 -0.834672 0.407477
vn 0.394737 -0.918023 0.037624
vn 0.997485 -0.046804 0.053219
vn 0.934159 0.104359 0.341257
vn 0.932195 -0.359893 0.038591
vn 0.925006 -0.206686 0.318817
vn 0.399620 0.337998 0.852092
vn 0.042231 0.352011 0.935043
vn 0.372063 -0.028466 0.927771
vn 0.030046 -0.077598 0.996532
vn 0.923454 0.382119 0.034885
vn 0.998430 0.041446 -0.037693
vn 0.888709 0.373532 -0.265839
vn 0.925058 0.070943 -0.373143
vn 0.380021 0.135406 -0.915013
vn 0.039764 0.156831 -0.986825
vn 0.325709 0.448875 -0.832121
vn 0.024774 0.502868 -0.864008
vn 0.026192 0.973508 -0.227149
vn 0.039938 0.991624 0.122833
vn 0.320494 0.931452 -0.172281
vn 0.375880 0.918120 0.125579
vn -0.024859 0.498650 -0.866447
vn -0.039670 0.156681 -0.986852
vn -0.328558 0.437730 -0.836924
vn -0.380123 0.134514 -0.915103
vn -0.925019 0.069998 -0.373417
vn -0.998440 0.041258 -0.037622
vn -0.891844 0.362514 -0.270550
vn -0.925320 0.377656 0.034053
vn -0.380346 0.916141 0.126578
vn -0.039870 0.991619 0.122892
vn -0.328493 0.926894 -0.181550
vn -0.024896 0.972382 -0.232063
vn 0.004536 -0.907512 -0.420001
vn 0.000890 -0.902422 -0.430852
vn 0.003696 -0.906353 -0.422506
vn 0.000000 -0.901158 -0.433490
vn 0.265599 0.456917 -0.848931
vn 0.265599 0.456917 -0.848931
vn 0.269099 0.456440 -0.848085
vn 0.268725 0.456492 -0.848176
vn 1.000000 -0.000826 0.000040
vn 0.999987 -0.005047 0.000325
vn 0.999993 -0.003867 0.000189
vn 0.999987 -0.005067 0.000362
vn 0.084462 0.504570 -0.859230
vn 0.080458 0.500314 -0.862098
vn 0.040489 0.472478 -0.880412
vn 0.039632 0.472498 -0.880440
vn 0.004055 -0.999947 0.009491
vn 0.016191 -0.999823 0.009591
vn 0.014899 -0.999838 0.010151
vn 0.018775 -0.999771 0.010313
vn 0.023725 -0.999674 0.009428
vn 0.015470 -0.999831 0.009898
vn 0.016191 -0.999823 0.009591
vn 0.018775 -0.999771 0.010313
vn 0.999990 -0.004558 0.000071
vn 0.999990 -0.004544 0.000082
vn 0.999990 -0.004458 0.000046
vn 0.999990 -0.004458 0.000047
vn 0.000000 -0.999959 0.009109
vn 0.000000 -0.999958 0.009225
vn 0.023725 -0.999674 0.009428
vn 0.015470 -0.999831 0.009898
vn 0.126315 0.542821 -0.830295
vn 0.116215 0.534990 -0.836827
vn 0.084462 0.504570 -0.859230
vn 0.080458 0.500314 -0.862098
vn 0.189376 0.981837 -0.011542
vn 0.212927 0.976910 -0.017559
vn 0.183894 0.982879 -0.011528
vn 0.214164 0.976640 -0.017554
vn 0.151112 0.988460 -0.010637
vn 0.151339 0.988425 -0.010642
vn 0.224111 0.974507 -0.010501
vn 0.224091 0.974512 -0.010497
vn 0.000000 0.999942 -0.010747
vn 0.000000 0.999942 -0.010761
vn 0.151112 0.988460 -0.010637
vn 0.151339 0.988425 -0.010642
vn 0.150744 0.988515 -0.010647
vn 0.224202 0.974486 -0.010495
vn 0.151888 0.988340 -0.010646
vn 0.224168 0.974494 -0.010495
vn 0.000000 0.999942 -0.010771
vn 0.150744 0.988515 -0.010647
vn 0.000000 0.999942 -0.010774
vn 0.151888 0.988340 -0.010646
vn 0.999990 -0.004450 0.000033
vn 0.999990 -0.004449 0.000034
vn 0.999990 -0.004458 0.000047
vn 0.999990 -0.004458 0.000046
vn 0.026086 -0.999621 0.008810
vn 0.023725 -0.999674 0.009428
vn 0.015133 -0.999847 0.008726
vn 0.016191 -0.999823 0.009591
vn 0.999993 -0.003867 0.000189
vn 1.000000 0.000000 0.000000
vn 1.000000 -0.000826 0.000040
vn 1.000000 0.000000 0.000000
vn 0.000000 -0.999961 0.008858
vn 0.000000 -0.999959 0.009109
vn 0.026086 -0.999621 0.008810
vn 0.023725 -0.999674 0.009428
vn 0.189404 0.981859 -0.008846
vn 0.196377 0.980492 -0.008441
vn 0.183894 0.982879 -0.011528
vn 0.189376 0.981837 -0.011542
vn 0.999990 -0.004392 0.000051
vn 0.999990 -0.004392 0.000055
vn 0.999991 -0.004367 0.000048
vn 0.999990 -0.004368 0.000051
vn 0.025602 -0.999634 0.008719
vn 0.052611 -0.998426 0.019407
vn 0.000000 -0.999962 0.008731
vn 0.000000 -0.999993 0.003651
vn 0.186542 0.982368 -0.012491
vn 0.179476 0.983700 -0.011078
vn 0.186393 0.982396 -0.012491
vn 0.179446 0.983706 -0.011017
vn 1.000000 0.000000 0.000000
vn 1.000000 0.000000 0.000000
vn 1.000000 0.000000 0.000000
vn 1.000000 0.000000 0.000000
vn 0.014849 -0.999852 0.008703
vn 0.030850 -0.998843 0.036892
vn 0.025602 -0.999634 0.008719
vn 0.052611 -0.998426 0.019407
vn 0.350620 -0.923375 0.156344
vn 0.030850 -0.998843 0.036892
vn -0.041480 -0.980091 0.194168
vn -0.006284 -0.999302 0.036813
vn 0.999991 -0.004350 0.000006
vn 0.999991 -0.004349 0.000014
vn 0.999990 -0.004368 0.000051
vn 0.999991 -0.004367 0.000048
vn 0.015133 -0.999847 0.008726
vn 0.016191 -0.999823 0.009591
vn -0.000002 -0.999962 0.008700
vn 0.004055 -0.999947 0.009491
vn 0.646356 -0.020735 0.762754
vn 0.644911 -0.018849 0.764025
vn 0.646234 -0.020575 0.762862
vn 0.350620 -0.923375 0.156344
vn 0.264060 -0.959836 0.094803
vn 0.030850 -0.998843 0.036892
vn 0.052611 -0.998426 0.019407
vn 0.000000 -0.999337 0.036416
vn 0.000000 -0.999993 0.003651
vn 0.264060 -0.959836 0.094803
vn 0.052611 -0.998426 0.019407
vn 0.603854 -0.793621 0.074344
vn 0.403408 -0.912775 0.064069
vn 0.350620 -0.923375 0.156344
vn 0.264060 -0.959836 0.094803
vn 0.175597 0.984457 -0.003127
vn 0.175597 0.984457 -0.003127
vn 0.179476 0.983700 -0.011078
vn 0.179446 0.983706 -0.011017
vn 0.403408 -0.912775 0.064069
vn 0.000000 -0.999259 0.038478
vn 0.264060 -0.959836 0.094803
vn 0.000000 -0.999337 0.036416
vn 0.999993 0.002622 -0.002527
vn 0.999998 0.001131 -0.001663
vn 0.999994 0.001795 0.002911
vn 0.999998 -0.000172 0.001851
vn 0.999994 0.001795 0.002911
vn 0.999994 0.003073 0.001566
vn 0.999935 0.010186 0.005135
vn 0.999993 0.003310 0.001687
vn 0.656514 -0.754260 -0.009025
vn 0.403408 -0.912775 0.064069
vn 0.656514 -0.754260 -0.009025
vn 0.603854 -0.793621 0.074344
vn 0.000000 -0.999975 -0.007131
vn 0.000000 -0.999259 0.038478
vn 0.126401 -0.991954 -0.007074
vn 0.403408 -0.912775 0.064069
vn 0.999980 -0.006030 -0.001892
vn 0.999994 0.001795 0.002911
vn 0.999994 -0.003469 0.000914
vn 0.999935 0.010186 0.005135
vn 0.999998 0.001131 -0.001663
vn 0.999978 0.002657 -0.006122
vn 0.999996 0.000820 -0.002561
vn 0.999991 0.002689 -0.003427
vn -0.004316 0.022924 0.999728
vn -0.007485 0.024823 0.999664
vn 0.000403 0.024674 0.999696
vn -0.003218 0.026683 0.999639
vn -0.003218 0.026683 0.999639
vn 0.000000 0.026947 0.999637
vn 0.000403 0.024674 0.999696
vn 0.000000 0.027050 0.999634
vn 0.999948 0.002611 -0.009880
vn 0.999978 0.002657 -0.006122
vn 0.999993 0.002622 -0.002527
vn 0.999998 0.001131 -0.001663
vn 0.999983 -0.005897 -0.000101
vn 0.999980 -0.006030 -0.001892
vn 0.999958 -0.008763 0.002703
vn 0.999994 -0.003469 0.000914
vn 0.999953 -0.004709 -0.008489
vn 0.999948 0.002611 -0.009880
vn 0.999980 -0.006030 -0.001892
vn 0.999993 0.002622 -0.002527
vn 0.999984 -0.004970 -0.002716
vn 0.999953 -0.004709 -0.008489
vn 0.999983 -0.005897 -0.000101
vn 0.999980 -0.006030 -0.001892
vn 0.152013 0.988301 -0.012348
vn 0.150943 0.988465 -0.012347
vn 0.000000 0.999922 -0.012492
vn 0.000000 0.999922 -0.012496
vn 0.224155 0.974477 -0.012185
vn 0.224155 0.974477 -0.012176
vn 0.153080 0.988137 -0.012349
vn 0.152013 0.988301 -0.012348
vn 0.153080 0.988137 -0.012349
vn 0.152013 0.988301 -0.012348
vn 0.000000 0.999922 -0.012489
vn 0.000000 0.999922 -0.012492
vn 0.030850 -0.998843 0.036892
vn 0.014849 -0.999852 0.008703
vn -0.006284 -0.999302 0.036813
vn 0.000003 -0.999962 0.008698
vn 0.999993 0.003310 0.001687
vn 0.999994 0.003073 0.001566
vn 1.000000 0.000000 0.000000
vn 1.000000 0.000000 0.000000
vn -0.007485 0.024823 0.999664
vn -0.004316 0.022924 0.999728
vn -0.010743 0.020889 0.999724
vn -0.010909 0.020863 0.999723
vn 0.999958 -0.008763 0.002703
vn 1.000000 0.000000 0.000000
vn 0.999983 -0.005897 -0.000101
vn 1.000000 0.000000 0.000000
vn -0.010743 0.020889 0.999724
vn -0.010909 0.020863 0.999723
vn -0.013935 0.020413 0.999695
vn -0.015718 0.020176 0.999673
vn 0.224155 0.974477 -0.012176
vn 0.224155 0.974478 -0.012167
vn 0.152013 0.988301 -0.012348
vn 0.150943 0.988465 -0.012347
vn 1.000000 0.000000 0.000000
vn 1.000000 0.000000 0.000000
vn 0.999983 -0.005897 -0.000101
vn 0.999984 -0.004970 -0.002716
vn -0.014789 0.024175 0.999598
vn 0.000000 0.024282 0.999705
vn -0.013732 0.024190 0.999613
vn 0.000000 0.024282 0.999705
vn -0.019642 0.021239 0.999581
vn -0.018838 0.020913 0.999604
vn -0.015718 0.020176 0.999673
vn -0.013935 0.020413 0.999695
vn -0.018991 0.023292 0.999548
vn -0.019185 0.022896 0.999554
vn -0.019642 0.021239 0.999581
vn -0.018838 0.020913 0.999604
vn -0.018991 0.023292 0.999548
vn -0.014789 0.024175 0.999598
vn -0.019185 0.022896 0.999554
vn -0.013732 0.024190 0.999613
vn -0.004316 0.022924 0.999728
vn 0.000403 0.024674 0.999696
vn -0.001807 0.022723 0.999740
vn 0.003768 0.024839 0.999684
vn 0.000403 0.024674 0.999696
vn 0.000000 0.027050 0.999634
vn 0.003768 0.024839 0.999684
vn 0.000000 0.027143 0.999632
vn -0.390867 0.920113 -0.024820
vn 0.000000 0.999640 -0.026836
vn -0.391179 0.919945 -0.026091
vn 0.000000 0.999602 -0.028222
vn -0.934304 0.356374 -0.008624
vn -0.933690 0.357923 -0.010659
vn -0.707807 0.706113 -0.020369
vn -0.706569 0.707378 -0.019425
vn 0.000000 -0.999612 0.027855
vn -0.392169 -0.919549 0.025171
vn 0.000000 -0.999612 0.027855
vn -0.386481 -0.921952 0.025251
vn -0.707807 0.706113 -0.020369
vn -0.706569 0.707378 -0.019425
vn -0.391179 0.919945 -0.026091
vn -0.390867 0.920113 -0.024820
vn -0.996140 0.087657 -0.004591
vn -0.933690 0.357923 -0.010659
vn -0.999896 0.014327 -0.001612
vn -0.934304 0.356374 -0.008624
vn -0.918213 -0.396037 0.006338
vn -0.942486 -0.334227 0.003498
vn -0.999896 0.014327 -0.001612
vn -0.996140 0.087657 -0.004591
vn -0.711200 -0.702750 0.018354
vn -0.731117 -0.682022 0.017726
vn -0.918213 -0.396037 0.006338
vn -0.942486 -0.334227 0.003498
vn -0.386481 -0.921952 0.025251
vn -0.392169 -0.919549 0.025171
vn -0.711200 -0.702750 0.018354
vn -0.731117 -0.682022 0.017726
vn 0.006736 0.064063 -0.997923
vn 0.007491 0.059310 -0.998212
vn 0.000000 0.023065 -0.999734
vn 0.000000 0.023065 -0.999734
vn -0.078556 0.149545 -0.985629
vn -0.125185 0.185370 -0.974662
vn 0.006736 0.064063 -0.997923
vn 0.007491 0.059310 -0.998212
vn -0.266627 0.292008 -0.918500
vn -0.125185 0.185370 -0.974662
vn -0.266627 0.292008 -0.918500
vn -0.078556 0.149545 -0.985629
vn -0.595028 0.564831 -0.571759
vn -0.595028 0.564831 -0.571759
vn -0.595028 0.564831 -0.571759
vn -0.595028 0.564831 -0.571759
vn 0.000000 0.999818 -0.019062
vn -0.389804 0.920727 -0.017752
vn 0.000000 0.999817 -0.019155
vn -0.389377 0.920906 -0.017841
vn -0.706964 0.707109 -0.014067
vn -0.707049 0.707026 -0.013999
vn -0.922310 0.386372 -0.007823
vn -0.920036 0.391749 -0.008141
vn -0.389377 0.920906 -0.017841
vn -0.389804 0.920727 -0.017752
vn -0.706964 0.707109 -0.014067
vn -0.707049 0.707026 -0.013999
vn -0.922310 0.386372 -0.007823
vn -0.920036 0.391749 -0.008141
vn -0.979778 0.200046 -0.004016
vn -0.978785 0.204837 -0.004623
vn -0.996140 0.087657 -0.004591
vn -0.983062 0.180814 -0.029913
vn -0.933690 0.357923 -0.010659
vn -0.928350 0.371151 -0.020330
vn -0.933690 0.357923 -0.010659
vn -0.928350 0.371151 -0.020330
vn -0.706569 0.707378 -0.019425
vn -0.706959 0.707136 -0.012934
vn -0.706959 0.707136 -0.012934
vn -0.390842 0.920312 -0.016358
vn -0.706569 0.707378 -0.019425
vn -0.390867 0.920113 -0.024820
vn -0.390842 0.920312 -0.016358
vn 0.000000 0.999846 -0.017557
vn -0.390867 0.920113 -0.024820
vn 0.000000 0.999640 -0.026836
vn -0.983062 0.180814 -0.029913
vn -0.978785 0.204837 -0.004623
vn -0.928350 0.371151 -0.020330
vn -0.920036 0.391749 -0.008141
vn -0.928350 0.371151 -0.020330
vn -0.920036 0.391749 -0.008141
vn -0.706959 0.707136 -0.012934
vn -0.707049 0.707026 -0.013999
vn -0.707049 0.707026 -0.013999
vn -0.389804 0.920727 -0.017752
vn -0.706959 0.707136 -0.012934
vn -0.390842 0.920312 -0.016358
vn -0.389804 0.920727 -0.017752
vn 0.000000 0.999818 -0.019062
vn -0.390842 0.920312 -0.016358
vn 0.000000 0.999846 -0.017557
vn -0.128954 0.946688 -0.295218
vn -0.129838 0.946157 -0.296530
vn -0.189298 0.903659 -0.384143
vn -0.189298 0.903659 -0.384143
vn -0.000551 0.999844 -0.017678
vn -0.000551 0.999848 -0.017403
vn -0.128954 0.946688 -0.295218
vn -0.129838 0.946157 -0.296530
vn -0.000551 0.999848 -0.017403
vn -0.000551 0.999844 -0.017678
vn 0.003955 0.999908 -0.012970
vn 0.004152 0.999907 -0.012970
vn -0.109123 0.430186 -0.896121
vn -0.109123 0.430186 -0.896121
vn -0.109123 0.430186 -0.896121
vn -0.109123 0.430186 -0.896121
vn -0.386572 0.922083 -0.018055
vn 0.000000 0.999812 -0.019365
vn -0.386849 0.921968 -0.017963
vn 0.000000 0.999814 -0.019267
vn -0.884129 0.467145 -0.009534
vn -0.831399 0.555560 -0.011393
vn -0.706972 0.707100 -0.014145
vn -0.706850 0.707221 -0.014215
vn -0.706972 0.707100 -0.014145
vn -0.706850 0.707221 -0.014215
vn -0.386849 0.921968 -0.017963
vn -0.386572 0.922083 -0.018055
vn 0.183894 0.982879 -0.011528
vn 0.115196 0.993237 -0.014474
vn 0.189404 0.981859 -0.008846
vn 0.115196 0.993237 -0.014474
vn 0.027960 0.024277 0.999314
vn 0.043272 0.015388 0.998945
vn 0.026322 0.022662 0.999397
vn 0.042159 0.017284 0.998961
vn 0.000000 0.009451 0.999955
vn 0.000000 0.009451 0.999955
vn 0.026322 0.022662 0.999397
vn 0.027960 0.024277 0.999314
vn 0.024657 0.003120 0.999691
vn -0.024427 0.005032 0.999689
vn -0.083155 0.007307 0.996510
vn -0.083155 0.007307 0.996510
vn 0.042159 0.017284 0.998961
vn 0.043272 0.015388 0.998945
vn 0.024657 0.003120 0.999691
vn -0.024427 0.005032 0.999689
vn 1.000000 0.000000 0.000000
vn 1.000000 0.000000 0.000000
vn 1.000000 0.000000 0.000000
vn 1.000000 0.000000 0.000000
vn 1.000000 0.000000 0.000000
vn 1.000000 0.000000 0.000000
vn 1.000000 0.000000 0.000000
vn 1.000000 0.000000 0.000000
vn 0.122024 0.549230 -0.826714
vn 0.153703 0.545655 -0.823794
vn 0.126315 0.542821 -0.830295
vn 0.116215 0.534990 -0.836827
vn 0.000000 0.556058 -0.831144
vn 0.122024 0.549230 -0.826714
vn 0.000000 0.556058 -0.831144
vn 0.126315 0.542821 -0.830295
vn 0.646356 -0.020735 0.762754
vn 0.646234 -0.020575 0.762862
vn 0.647148 -0.020797 0.762080
vn 0.647064 -0.020798 0.762152
vn 0.999998 0.001131 -0.001663
vn 0.999996 0.000820 -0.002561
vn 0.999998 -0.000172 0.001851
vn 0.999996 -0.000532 -0.002727
vn 0.999994 0.001795 0.002911
vn 0.999980 -0.006030 -0.001892
vn 0.999993 0.002622 -0.002527
vn -0.018772 -0.999733 -0.013471
vn -0.002296 -0.904386 -0.426710
vn -0.003278 -0.999218 -0.039405
vn -0.002296 -0.904386 -0.426710
vn -0.265600 0.456918 -0.848931
vn -0.269099 0.456441 -0.848085
vn -0.265600 0.456918 -0.848931
vn -0.268725 0.456492 -0.848176
vn -0.999987 -0.005067 0.000362
vn -0.999987 -0.005047 0.000325
vn -0.999993 -0.003867 0.000189
vn -1.000000 -0.000826 0.000040
vn -0.039632 0.472498 -0.880440
vn -0.080459 0.500314 -0.862098
vn -0.040489 0.472478 -0.880412
vn -0.084462 0.504569 -0.859230
vn -0.004055 -0.999947 0.009491
vn -0.014899 -0.999838 0.010151
vn -0.016191 -0.999823 0.009591
vn -0.018775 -0.999771 0.010313
vn -0.023725 -0.999674 0.009428
vn -0.016191 -0.999823 0.009591
vn -0.015470 -0.999831 0.009898
vn -0.018775 -0.999771 0.010313
vn -0.999990 -0.004458 0.000047
vn -0.999990 -0.004544 0.000082
vn -0.999990 -0.004458 0.000046
vn -0.999990 -0.004558 0.000071
vn 0.000000 -0.999959 0.009109
vn -0.023725 -0.999674 0.009428
vn 0.000000 -0.999958 0.009225
vn -0.015470 -0.999831 0.009898
vn -0.080459 0.500314 -0.862098
vn -0.116215 0.534990 -0.836827
vn -0.084462 0.504569 -0.859230
vn -0.126314 0.542821 -0.830295
vn -0.189376 0.981837 -0.011542
vn -0.183894 0.982879 -0.011528
vn -0.212927 0.976910 -0.017559
vn -0.214164 0.976640 -0.017554
vn -0.224091 0.974512 -0.010497
vn -0.151339 0.988425 -0.010642
vn -0.224111 0.974507 -0.010501
vn -0.151112 0.988460 -0.010637
vn -0.151339 0.988425 -0.010642
vn 0.000000 0.999942 -0.010761
vn -0.151112 0.988460 -0.010637
vn 0.000000 0.999942 -0.010747
vn -0.150744 0.988515 -0.010647
vn -0.151888 0.988340 -0.010646
vn -0.224202 0.974486 -0.010495
vn -0.224168 0.974494 -0.010495
vn 0.000000 0.999942 -0.010771
vn 0.000000 0.999942 -0.010774
vn -0.150744 0.988515 -0.010647
vn -0.151888 0.988340 -0.010646
vn -0.999990 -0.004458 0.000046
vn -0.999990 -0.004449 0.000034
vn -0.999990 -0.004458 0.000047
vn -0.999990 -0.004450 0.000033
vn -0.016191 -0.999823 0.009591
vn -0.023725 -0.999674 0.009428
vn -0.015133 -0.999847 0.008726
vn -0.026086 -0.999621 0.008810
vn -0.999993 -0.003867 0.000189
vn -1.000000 -0.000826 0.000040
vn -1.000000 0.000000 0.000000
vn -1.000000 0.000000 0.000000
vn -0.023725 -0.999674 0.009428
vn 0.000000 -0.999959 0.009109
vn -0.026086 -0.999621 0.008810
vn 0.000000 -0.999961 0.008858
vn -0.189376 0.981837 -0.011542
vn -0.196377 0.980492 -0.008441
vn -0.183894 0.982879 -0.011528
vn -0.189404 0.981859 -0.008846
vn -0.999990 -0.004392 0.000051
vn -0.999990 -0.004367 0.000048
vn -0.999990 -0.004392 0.000055
vn -0.999990 -0.004368 0.000051
vn -0.025602 -0.999634 0.008719
vn 0.000000 -0.999962 0.008731
vn -0.052610 -0.998427 0.019407
vn 0.000000 -0.999993 0.003651
vn -0.186542 0.982368 -0.012491
vn -0.186393 0.982396 -0.012491
vn -0.179476 0.983700 -0.011078
vn -0.179446 0.983706 -0.011017
vn -1.000000 0.000000 0.000000
vn -1.000000 0.000000 0.000000
vn -1.000000 0.000000 0.000000
vn -1.000000 0.000000 0.000000
vn -0.052610 -0.998427 0.019407
vn -0.030850 -0.998843 0.036892
vn -0.025602 -0.999634 0.008719
vn -0.014849 -0.999852 0.008703
vn 0.006284 -0.999302 0.036813
vn -0.030850 -0.998843 0.036892
vn 0.041480 -0.980091 0.194168
vn -0.350620 -0.923376 0.156343
vn -0.999990 -0.004367 0.000048
vn -0.999991 -0.004349 0.000014
vn -0.999990 -0.004368 0.000051
vn -0.999991 -0.004350 0.000006
vn -0.015133 -0.999847 0.008726
vn 0.000002 -0.999962 0.008700
vn -0.016191 -0.999823 0.009591
vn -0.004055 -0.999947 0.009491
vn -0.646356 -0.020735 0.762754
vn -0.646234 -0.020575 0.762862
vn -0.644911 -0.018849 0.764025
vn -0.052610 -0.998427 0.019407
vn -0.264060 -0.959836 0.094803
vn -0.030850 -0.998843 0.036892
vn -0.350620 -0.923376 0.156343
vn -0.052610 -0.998427 0.019407
vn 0.000000 -0.999993 0.003651
vn -0.264060 -0.959836 0.094803
vn 0.000000 -0.999337 0.036416
vn -0.264060 -0.959836 0.094803
vn -0.403408 -0.912775 0.064068
vn -0.350620 -0.923376 0.156343
vn -0.603854 -0.793621 0.074344
vn -0.179446 0.983706 -0.011017
vn -0.175597 0.984457 -0.003127
vn -0.179476 0.983700 -0.011078
vn -0.175597 0.984457 -0.003127
vn 0.000000 -0.999337 0.036416
vn 0.000000 -0.999259 0.038478
vn -0.264060 -0.959836 0.094803
vn -0.403408 -0.912775 0.064068
vn -0.999998 -0.000172 0.001851
vn -0.999998 0.001131 -0.001663
vn -0.999994 0.001795 0.002911
vn -0.999993 0.002622 -0.002527
vn -0.999993 0.003310 0.001687
vn -0.999994 0.003073 0.001566
vn -0.999935 0.010186 0.005135
vn -0.999994 0.001795 0.002911
vn -0.603854 -0.793621 0.074344
vn -0.403408 -0.912775 0.064068
vn -0.656515 -0.754259 -0.009025
vn -0.656515 -0.754259 -0.009025
vn -0.403408 -0.912775 0.064068
vn 0.000000 -0.999259 0.038478
vn -0.126401 -0.991954 -0.007074
vn 0.000000 -0.999975 -0.007131
vn -0.999935 0.010186 0.005135
vn -0.999994 0.001795 0.002911
vn -0.999994 -0.003470 0.000914
vn -0.999980 -0.006030 -0.001892
vn -0.999991 0.002689 -0.003427
vn -0.999978 0.002657 -0.006122
vn -0.999996 0.000820 -0.002561
vn -0.999998 0.001131 -0.001663
vn 0.004316 0.022924 0.999728
vn -0.000404 0.024674 0.999695
vn 0.007486 0.024822 0.999664
vn 0.003218 0.026683 0.999639
vn 0.000000 0.027050 0.999634
vn 0.000000 0.026947 0.999637
vn -0.000404 0.024674 0.999695
vn 0.003218 0.026683 0.999639
vn -0.999998 0.001131 -0.001663
vn -0.999978 0.002657 -0.006122
vn -0.999993 0.002622 -0.002527
vn -0.999948 0.002611 -0.009880
vn -0.999994 -0.003470 0.000914
vn -0.999980 -0.006030 -0.001892
vn -0.999958 -0.008763 0.002703
vn -0.999983 -0.005897 -0.000101
vn -0.999993 0.002622 -0.002527
vn -0.999948 0.002611 -0.009880
vn -0.999980 -0.006030 -0.001892
vn -0.999953 -0.004709 -0.008489
vn -0.999980 -0.006030 -0.001892
vn -0.999953 -0.004709 -0.008489
vn -0.999983 -0.005897 -0.000101
vn -0.999984 -0.004970 -0.002716
vn 0.000000 0.999922 -0.012496
vn -0.150943 0.988465 -0.012347
vn 0.000000 0.999922 -0.012492
vn -0.152013 0.988301 -0.012348
vn -0.152013 0.988301 -0.012348
vn -0.224155 0.974477 -0.012176
vn -0.153080 0.988137 -0.012349
vn -0.224155 0.974477 -0.012185
vn 0.000000 0.999922 -0.012492
vn -0.152013 0.988301 -0.012348
vn 0.000000 0.999922 -0.012489
vn -0.153080 0.988137 -0.012349
vn -0.000003 -0.999962 0.008698
vn -0.014849 -0.999852 0.008703
vn 0.006284 -0.999302 0.036813
vn -0.030850 -0.998843 0.036892
vn -1.000000 0.000000 0.000000
vn -0.999994 0.003073 0.001566
vn -1.000000 0.000000 0.000000
vn -0.999993 0.003310 0.001687
vn 0.010909 0.020863 0.999723
vn 0.004316 0.022924 0.999728
vn 0.010744 0.020889 0.999724
vn 0.007486 0.024822 0.999664
vn -0.999958 -0.008763 0.002703
vn -0.999983 -0.005897 -0.000101
vn -1.000000 0.000000 0.000000
vn -1.000000 0.000000 0.000000
vn 0.015720 0.020176 0.999673
vn 0.010909 0.020863 0.999723
vn 0.013933 0.020413 0.999695
vn 0.010744 0.020889 0.999724
vn -0.224155 0.974477 -0.012176
vn -0.152013 0.988301 -0.012348
vn -0.224155 0.974478 -0.012167
vn -0.150943 0.988465 -0.012347
vn -1.000000 0.000000 0.000000
vn -0.999983 -0.005897 -0.000101
vn -1.000000 0.000000 0.000000
vn -0.999984 -0.004970 -0.002716
vn 0.014790 0.024175 0.999598
vn 0.013733 0.024190 0.999613
vn 0.000000 0.024282 0.999705
vn 0.000000 0.024282 0.999705
vn 0.013933 0.020413 0.999695
vn 0.018839 0.020913 0.999604
vn 0.015720 0.020176 0.999673
vn 0.019643 0.021239 0.999582
vn 0.018839 0.020913 0.999604
vn 0.019187 0.022896 0.999554
vn 0.019643 0.021239 0.999582
vn 0.018992 0.023292 0.999548
vn 0.018992 0.023292 0.999548
vn 0.019187 0.022896 0.999554
vn 0.014790 0.024175 0.999598
vn 0.013733 0.024190 0.999613
vn -0.003768 0.024839 0.999684
vn -0.000404 0.024674 0.999695
vn 0.001807 0.022723 0.999740
vn 0.004316 0.022924 0.999728
vn 0.000000 0.027143 0.999632
vn 0.000000 0.027050 0.999634
vn -0.003768 0.024839 0.999684
vn -0.000404 0.024674 0.999695
vn 0.000000 0.999602 -0.028222
vn 0.000000 0.999640 -0.026836
vn 0.391179 0.919945 -0.026091
vn 0.390867 0.920113 -0.024820
vn 0.934304 0.356374 -0.008624
vn 0.707807 0.706113 -0.020369
vn 0.933690 0.357923 -0.010659
vn 0.706569 0.707378 -0.019425
vn 0.386481 -0.921952 0.025251
vn 0.392169 -0.919549 0.025171
vn 0.000000 -0.999612 0.027855
vn 0.000000 -0.999612 0.027855
vn 0.707807 0.706113 -0.020369
vn 0.391179 0.919945 -0.026091
vn 0.706569 0.707378 -0.019425
vn 0.390867 0.920113 -0.024820
vn 0.934304 0.356374 -0.008624
vn 0.933690 0.357923 -0.010659
vn 0.999896 0.014327 -0.001612
vn 0.996140 0.087657 -0.004591
vn 0.918212 -0.396038 0.006338
vn 0.999896 0.014327 -0.001612
vn 0.942486 -0.334227 0.003498
vn 0.996140 0.087657 -0.004591
vn 0.711200 -0.702750 0.018354
vn 0.918212 -0.396038 0.006338
vn 0.731117 -0.682022 0.017726
vn 0.942486 -0.334227 0.003498
vn 0.386481 -0.921952 0.025251
vn 0.711200 -0.702750 0.018354
vn 0.392169 -0.919549 0.025171
vn 0.731117 -0.682022 0.017726
vn -0.006735 0.064063 -0.997923
vn 0.000000 0.023065 -0.999734
vn -0.007491 0.059310 -0.998212
vn 0.000000 0.023065 -0.999734
vn 0.078556 0.149545 -0.985629
vn -0.006735 0.064063 -0.997923
vn 0.125185 0.185370 -0.974662
vn -0.007491 0.059310 -0.998212
vn 0.078556 0.149545 -0.985629
vn 0.125185 0.185370 -0.974662
vn 0.266627 0.292008 -0.918500
vn 0.266627 0.292008 -0.918500
vn 0.595026 0.564831 -0.571761
vn 0.595026 0.564831 -0.571761
vn 0.595026 0.564831 -0.571761
vn 0.595026 0.564831 -0.571761
vn 0.000000 0.999818 -0.019062
vn 0.000000 0.999817 -0.019155
vn 0.389804 0.920727 -0.017752
vn 0.389377 0.920906 -0.017841
vn 0.706964 0.707109 -0.014067
vn 0.922310 0.386372 -0.007823
vn 0.707049 0.707026 -0.013999
vn 0.920036 0.391749 -0.008141
vn 0.389377 0.920906 -0.017841
vn 0.706964 0.707109 -0.014067
vn 0.389804 0.920727 -0.017752
vn 0.707049 0.707026 -0.013999
vn 0.922310 0.386372 -0.007823
vn 0.979778 0.200046 -0.004016
vn 0.920036 0.391749 -0.008141
vn 0.978785 0.204837 -0.004623
vn 0.996140 0.087657 -0.004591
vn 0.933690 0.357923 -0.010659
vn 0.983062 0.180814 -0.029913
vn 0.928350 0.371151 -0.020330
vn 0.933690 0.357923 -0.010659
vn 0.706569 0.707378 -0.019425
vn 0.928350 0.371151 -0.020330
vn 0.706959 0.707136 -0.012933
vn 0.390867 0.920113 -0.024820
vn 0.390842 0.920312 -0.016358
vn 0.706569 0.707378 -0.019425
vn 0.706959 0.707136 -0.012933
vn 0.000000 0.999640 -0.026836
vn 0.000000 0.999846 -0.017557
vn 0.390867 0.920113 -0.024820
vn 0.390842 0.920312 -0.016358
vn 0.983062 0.180814 -0.029913
vn 0.928350 0.371151 -0.020330
vn 0.978785 0.204837 -0.004623
vn 0.920036 0.391749 -0.008141
vn 0.928350 0.371151 -0.020330
vn 0.706959 0.707136 -0.012933
vn 0.920036 0.391749 -0.008141
vn 0.707049 0.707026 -0.013999
vn 0.390842 0.920312 -0.016358
vn 0.389804 0.920727 -0.017752
vn 0.706959 0.707136 -0.012933
vn 0.707049 0.707026 -0.013999
vn 0.000000 0.999846 -0.017557
vn 0.000000 0.999818 -0.019062
vn 0.390842 0.920312 -0.016358
vn 0.389804 0.920727 -0.017752
vn 0.128957 0.946687 -0.295218
vn 0.189301 0.903659 -0.384143
vn 0.129841 0.946156 -0.296530
vn 0.189301 0.903659 -0.384143
vn 0.000551 0.999844 -0.017678
vn 0.128957 0.946687 -0.295218
vn 0.000551 0.999848 -0.017403
vn 0.129841 0.946156 -0.296530
vn 0.000551 0.999848 -0.017403
vn -0.003955 0.999908 -0.012970
vn 0.000551 0.999844 -0.017678
vn -0.004152 0.999907 -0.012970
vn 0.109124 0.430186 -0.896121
vn 0.109124 0.430186 -0.896121
vn 0.109124 0.430186 -0.896121
vn 0.109124 0.430186 -0.896121
vn 0.000000 0.999814 -0.019267
vn 0.000000 0.999812 -0.019365
vn 0.386849 0.921968 -0.017963
vn 0.386572 0.922083 -0.018055
vn 0.884129 0.467145 -0.009534
vn 0.706972 0.707100 -0.014145
vn 0.831399 0.555560 -0.011393
vn 0.706850 0.707221 -0.014215
vn 0.706972 0.707100 -0.014145
vn 0.386849 0.921968 -0.017963
vn 0.706850 0.707221 -0.014215
vn 0.386572 0.922083 -0.018055
vn -0.183894 0.982879 -0.011528
vn -0.189404 0.981859 -0.008846
vn -0.115196 0.993237 -0.014475
vn -0.115196 0.993237 -0.014475
vn -0.042159 0.017284 0.998961
vn -0.043273 0.015388 0.998945
vn -0.026322 0.022662 0.999397
vn -0.027961 0.024277 0.999314
vn 0.000000 0.009451 0.999955
vn -0.026322 0.022662 0.999397
vn 0.000000 0.009451 0.999955
vn -0.027961 0.024277 0.999314
vn -0.024658 0.003120 0.999691
vn 0.083157 0.007307 0.996510
vn 0.024428 0.005032 0.999689
vn 0.083157 0.007307 0.996510
vn -0.042159 0.017284 0.998961
vn -0.024658 0.003120 0.999691
vn -0.043273 0.015388 0.998945
vn 0.024428 0.005032 0.999689
vn -1.000000 0.000000 0.000000
vn -1.000000 0.000000 0.000000
vn -1.000000 0.000000 0.000000
vn -1.000000 0.000000 0.000000
vn -1.000000 0.000000 0.000000
vn -1.000000 0.000000 0.000000
vn -1.000000 0.000000 0.000000
vn -1.000000 0.000000 0.000000
vn -0.116215 0.534990 -0.836827
vn -0.153702 0.545655 -0.823794
vn -0.126314 0.542821 -0.830295
vn -0.122024 0.549230 -0.826714
vn -0.126314 0.542821 -0.830295
vn -0.122024 0.549230 -0.826714
vn 0.000000 0.556058 -0.831144
vn 0.000000 0.556058 -0.831144
vn -0.646356 -0.020735 0.762754
vn -0.647148 -0.020797 0.762081
vn -0.646234 -0.020575 0.762862
vn -0.647064 -0.020798 0.762152
vn -0.999998 0.001131 -0.001663
vn -0.999998 -0.000172 0.001851
vn -0.999996 0.000820 -0.002561
vn -0.999996 -0.000532 -0.002727
vn -0.999994 0.001795 0.002911
vn -0.999993 0.002622 -0.002527
vn -0.999980 -0.006030 -0.001892
vn 0.240678 0.970448 -0.017443
vn 0.264452 0.964243 -0.017335
vn 0.242241 0.970059 -0.017436
vn 0.264452 0.964243 -0.017335
vn 1.000000 0.000000 0.000000
vn 1.000000 0.000000 0.000000
vn 1.000000 0.000000 0.000000
vn 1.000000 -0.000826 0.000040
vn 1.000000 0.000000 0.000000
vn 1.000000 0.000000 0.000000
vn 1.000000 0.000000 0.000000
vn 1.000000 0.000000 0.000000
vn 0.151339 0.988425 -0.010642
vn 0.151605 0.988384 -0.010647
vn 0.224091 0.974512 -0.010497
vn 0.224128 0.974503 -0.010496
vn 0.151605 0.988384 -0.010647
vn 0.151339 0.988425 -0.010642
vn 0.000000 0.999942 -0.010773
vn 0.000000 0.999942 -0.010761
vn -0.151605 0.988384 -0.010647
vn 0.000000 0.999942 -0.010773
vn -0.151339 0.988425 -0.010642
vn 0.000000 0.999942 -0.010761
vn -0.151339 0.988425 -0.010642
vn -0.224091 0.974512 -0.010497
vn -0.151605 0.988384 -0.010647
vn -0.224128 0.974503 -0.010496
vn -1.000000 0.000000 0.000000
vn -1.000000 0.000000 0.000000
vn -1.000000 0.000000 0.000000
vn -1.000000 0.000000 0.000000
vn -1.000000 -0.000826 0.000040
vn -1.000000 0.000000 0.000000
vn -1.000000 0.000000 0.000000
vn -1.000000 0.000000 0.000000
vn -0.240678 0.970448 -0.017443
vn -0.242241 0.970059 -0.017436
vn -0.264452 0.964243 -0.017335
vn -0.264452 0.964243 -0.017335
vn -0.999989 -0.004739 0.000068
vn -0.999989 -0.004656 0.000070
vn -0.999989 -0.004748 0.000086
vn -0.999989 -0.004649 0.000084
vn -0.018772 -0.999733 -0.013471
vn -0.020115 -0.999744 0.010324
vn -0.033274 -0.999395 0.010144
vn -0.024583 -0.999646 0.010148
vn -0.020115 -0.999744 0.010324
vn -0.018772 -0.999733 -0.013471
vn -0.009136 -0.999909 0.009978
vn -0.003278 -0.999218 -0.039405
vn 0.020115 -0.999744 0.010324
vn 0.009136 -0.999909 0.009978
vn 0.018772 -0.999733 -0.013471
vn 0.003278 -0.999218 -0.039406
vn 0.024583 -0.999646 0.010148
vn 0.020115 -0.999744 0.010324
vn 0.033274 -0.999395 0.010144
vn 0.018772 -0.999733 -0.013471
vn 0.999989 -0.004649 0.000084
vn 0.999989 -0.004656 0.000070
vn 0.999989 -0.004748 0.000086
vn 0.999989 -0.004739 0.000068
vn -0.999989 0.004634 -0.000022
vn -0.999989 0.004641 -0.000035
vn -0.999996 0.003005 -0.000028
vn -0.999999 0.001342 -0.000012
vn -0.999996 0.003005 -0.000028
vn -0.999999 0.001342 -0.000012
vn -1.000000 0.000000 0.000000
vn -1.000000 0.000000 0.000000
vn 0.000000 -0.999956 0.009369
vn -0.048168 -0.998796 0.009358
vn 0.000000 -0.999956 0.009369
vn -0.048168 -0.998796 0.009358
vn 0.999989 0.004634 -0.000022
vn 0.999996 0.003005 -0.000028
vn 0.999989 0.004641 -0.000035
vn 0.999999 0.001342 -0.000012
vn 0.999996 0.003005 -0.000028
vn 1.000000 0.000000 0.000000
vn 0.999999 0.001342 -0.000012
vn 1.000000 0.000000 0.000000
vn 0.000000 -0.999956 0.009369
vn 0.000000 -0.999956 0.009369
vn 0.048168 -0.998796 0.009358
vn 0.048168 -0.998796 0.009358
vn 0.005245 0.533458 -0.845810
vn 0.000000 0.533473 -0.845817
vn 0.010098 0.527436 -0.849535
vn 0.000000 0.527463 -0.849578
vn 0.005245 0.533458 -0.845810
vn 0.000000 0.539925 -0.841713
vn 0.000000 0.533473 -0.845817
vn 0.000000 0.539925 -0.841713
vn 0.000000 0.539925 -0.841713
vn 0.000000 0.539925 -0.841713
vn 0.000000 0.533473 -0.845817
vn -0.005245 0.533458 -0.845810
vn 0.000000 0.527463 -0.849578
vn 0.000000 0.533473 -0.845817
vn -0.010098 0.527436 -0.849535
vn -0.005245 0.533458 -0.845810
vn 0.999973 0.007348 -0.000020
vn 0.999973 0.007348 -0.000020
vn 0.999989 0.004769 -0.000002
vn 0.999989 0.004709 -0.000002
vn -0.999973 0.007349 -0.000020
vn -0.999989 0.004769 -0.000002
vn -0.999973 0.007349 -0.000020
vn -0.999989 0.004709 -0.000002
vn 0.000000 0.087576 -0.996158
vn 0.000000 0.515898 -0.856650
vn 0.000503 0.087576 -0.996158
vn 0.000030 0.516078 -0.856541
vn 0.000000 0.087576 -0.996158
vn -0.000503 0.087576 -0.996158
vn 0.000000 0.515898 -0.856650
vn -0.000030 0.516079 -0.856541
vn 0.040489 0.472478 -0.880412
vn 0.039632 0.472498 -0.880440
vn 0.014342 0.472918 -0.880990
vn 0.014342 0.472918 -0.880990
vn -0.999989 0.004641 -0.000035
vn -0.999989 0.004634 -0.000022
vn -0.999989 0.004769 -0.000002
vn -0.999989 0.004709 -0.000002
vn 0.000000 0.539925 -0.841713
vn 0.000030 0.516078 -0.856541
vn 0.000000 0.539925 -0.841713
vn 0.000000 0.515898 -0.856650
vn 0.000000 0.539925 -0.841713
vn 0.000000 0.539925 -0.841713
vn -0.000030 0.516079 -0.856541
vn 0.000000 0.515898 -0.856650
vn 0.999989 0.004709 -0.000002
vn 0.999989 0.004634 -0.000022
vn 0.999989 0.004769 -0.000002
vn 0.999989 0.004641 -0.000035
vn -0.014342 0.472918 -0.880990
vn -0.039632 0.472498 -0.880440
vn -0.014342 0.472918 -0.880990
vn -0.040489 0.472478 -0.880412
vn -0.999987 -0.005047 0.000325
vn -0.999987 -0.005067 0.000362
vn -0.999987 -0.005150 0.000515
vn -0.999987 -0.005150 0.000515
vn -0.268725 0.456492 -0.848176
vn -0.269099 0.456441 -0.848085
vn -0.274825 0.455646 -0.846675
vn -0.274825 0.455646 -0.846675
vn -0.999989 -0.004656 0.000070
vn -0.999989 -0.004739 0.000068
vn -0.999989 -0.004659 0.000052
vn -0.999989 -0.004731 0.000052
vn -0.999990 -0.004458 0.000046
vn -0.999990 -0.004558 0.000071
vn -0.999990 -0.004456 0.000041
vn -0.999990 -0.004561 0.000051
vn -0.999990 -0.004449 0.000034
vn -0.999990 -0.004458 0.000046
vn -0.999990 -0.004447 0.000037
vn -0.999990 -0.004456 0.000041
vn -0.999990 -0.004367 0.000048
vn -0.999990 -0.004392 0.000051
vn -0.999990 -0.004365 0.000042
vn -0.999990 -0.004390 0.000043
vn -0.999991 -0.004349 0.000014
vn -0.999990 -0.004367 0.000048
vn -0.999991 -0.004348 0.000029
vn -0.999990 -0.004365 0.000042
vn -0.647064 -0.020798 0.762152
vn -0.647148 -0.020797 0.762081
vn -0.648348 -0.020784 0.761061
vn -0.648348 -0.020784 0.761061
vn -0.999996 0.000820 -0.002561
vn -0.999996 -0.000532 -0.002727
vn -0.999990 0.000758 -0.004312
vn -0.999980 -0.000497 -0.006309
vn -0.999996 0.002716 -0.001198
vn -0.999991 0.002689 -0.003427
vn -0.999990 0.000758 -0.004312
vn -0.999996 0.000820 -0.002561
vn -0.007125 0.025527 0.999649
vn -0.003768 0.024839 0.999684
vn -0.001860 0.022925 0.999736
vn 0.001807 0.022723 0.999740
vn 0.000000 0.027237 0.999629
vn 0.000000 0.027143 0.999632
vn -0.007125 0.025527 0.999649
vn -0.003768 0.024839 0.999684
vn 0.003768 0.024839 0.999684
vn 0.000000 0.027143 0.999632
vn 0.007125 0.025527 0.999649
vn 0.000000 0.027237 0.999629
vn -0.001807 0.022723 0.999740
vn 0.003768 0.024839 0.999684
vn 0.001861 0.022925 0.999735
vn 0.007125 0.025527 0.999649
vn 0.999996 0.000820 -0.002561
vn 0.999991 0.002689 -0.003427
vn 0.999990 0.000758 -0.004312
vn 0.999996 0.002716 -0.001198
vn 0.999996 0.000820 -0.002561
vn 0.999990 0.000758 -0.004312
vn 0.999996 -0.000532 -0.002727
vn 0.999980 -0.000497 -0.006309
vn 0.647064 -0.020798 0.762152
vn 0.648348 -0.020784 0.761060
vn 0.647148 -0.020797 0.762080
vn 0.648348 -0.020784 0.761060
vn 0.999991 -0.004349 0.000014
vn 0.999991 -0.004348 0.000029
vn 0.999991 -0.004367 0.000048
vn 0.999990 -0.004365 0.000042
vn 0.999991 -0.004367 0.000048
vn 0.999990 -0.004365 0.000042
vn 0.999990 -0.004392 0.000051
vn 0.999990 -0.004390 0.000043
vn 0.999990 -0.004449 0.000034
vn 0.999990 -0.004447 0.000037
vn 0.999990 -0.004458 0.000046
vn 0.999990 -0.004456 0.000041
vn 0.999990 -0.004458 0.000046
vn 0.999990 -0.004456 0.000041
vn 0.999990 -0.004558 0.000071
vn 0.999990 -0.004561 0.000051
vn 0.999989 -0.004656 0.000070
vn 0.999989 -0.004659 0.000052
vn 0.999989 -0.004739 0.000068
vn 0.999989 -0.004731 0.000052
vn 0.268725 0.456492 -0.848176
vn 0.274826 0.455646 -0.846674
vn 0.269099 0.456440 -0.848085
vn 0.274826 0.455646 -0.846675
vn 0.999987 -0.005047 0.000325
vn 0.999987 -0.005150 0.000515
vn 0.999987 -0.005067 0.000362
vn 0.999987 -0.005150 0.000515
vn 0.198141 0.980094 -0.012462
vn 0.186542 0.982368 -0.012491
vn 0.197977 0.980127 -0.012462
vn 0.186393 0.982396 -0.012491
vn 1.000000 0.000000 0.000000
vn 1.000000 0.000000 0.000000
vn 1.000000 0.000000 0.000000
vn 1.000000 0.000000 0.000000
vn 0.003955 0.999908 -0.012970
vn 0.004152 0.999907 -0.012970
vn 0.012803 0.999834 -0.012965
vn 0.013617 0.999823 -0.012964
vn -0.925629 0.378353 -0.007682
vn -0.922310 0.386372 -0.007823
vn -0.981504 0.191404 -0.003879
vn -0.979778 0.200046 -0.004016
vn -0.706957 0.707117 -0.014067
vn -0.706964 0.707109 -0.014067
vn -0.925629 0.378353 -0.007682
vn -0.922310 0.386372 -0.007823
vn -0.388204 0.921401 -0.017850
vn -0.389377 0.920906 -0.017841
vn -0.706957 0.707117 -0.014067
vn -0.706964 0.707109 -0.014067
vn 0.000000 0.999817 -0.019155
vn -0.389377 0.920906 -0.017841
vn 0.000000 0.999817 -0.019154
vn -0.388204 0.921401 -0.017850
vn 0.000000 0.999817 -0.019155
vn 0.000000 0.999817 -0.019154
vn 0.389377 0.920906 -0.017841
vn 0.388204 0.921401 -0.017850
vn 0.388204 0.921401 -0.017850
vn 0.706957 0.707117 -0.014067
vn 0.389377 0.920906 -0.017841
vn 0.706964 0.707109 -0.014067
vn 0.706957 0.707117 -0.014067
vn 0.925629 0.378353 -0.007682
vn 0.706964 0.707109 -0.014067
vn 0.922310 0.386372 -0.007823
vn 0.925629 0.378353 -0.007682
vn 0.981504 0.191404 -0.003879
vn 0.922310 0.386372 -0.007823
vn 0.979778 0.200046 -0.004016
vn -0.003955 0.999908 -0.012970
vn -0.012803 0.999834 -0.012965
vn -0.004152 0.999907 -0.012970
vn -0.013617 0.999823 -0.012965
vn -1.000000 0.000000 0.000000
vn -1.000000 0.000000 0.000000
vn -1.000000 0.000000 0.000000
vn -1.000000 0.000000 0.000000
vn -0.198141 0.980094 -0.012462
vn -0.197977 0.980127 -0.012462
vn -0.186542 0.982368 -0.012491
vn -0.186393 0.982396 -0.012491
vn -0.999990 -0.004435 0.000051
vn -0.999990 -0.004392 0.000051
vn -0.999990 -0.004436 0.000055
vn -0.999990 -0.004392 0.000055
vn -0.999990 -0.004392 0.000051
vn -0.999990 -0.004435 0.000051
vn -0.999990 -0.004390 0.000043
vn -0.999990 -0.004433 0.000043
vn -0.014849 -0.999852 0.008703
vn -0.000003 -0.999962 0.008698
vn -0.014897 -0.999851 0.008703
vn -0.000004 -0.999962 0.008699
vn -0.025602 -0.999634 0.008719
vn -0.014849 -0.999852 0.008703
vn -0.025719 -0.999631 0.008718
vn -0.014897 -0.999851 0.008703
vn -0.025719 -0.999631 0.008718
vn 0.000000 -0.999962 0.008731
vn -0.025602 -0.999634 0.008719
vn 0.000000 -0.999962 0.008731
vn 0.025719 -0.999631 0.008718
vn 0.025602 -0.999634 0.008719
vn 0.000000 -0.999962 0.008731
vn 0.000000 -0.999962 0.008731
vn 0.014897 -0.999851 0.008703
vn 0.014849 -0.999852 0.008703
vn 0.025719 -0.999631 0.008718
vn 0.025602 -0.999634 0.008719
vn 0.014849 -0.999852 0.008703
vn 0.014897 -0.999851 0.008703
vn 0.000003 -0.999962 0.008698
vn 0.000004 -0.999962 0.008699
vn 0.999990 -0.004392 0.000051
vn 0.999990 -0.004390 0.000043
vn 0.999990 -0.004435 0.000051
vn 0.999990 -0.004433 0.000043
vn 0.999990 -0.004435 0.000051
vn 0.999990 -0.004436 0.000055
vn 0.999990 -0.004392 0.000051
vn 0.999990 -0.004392 0.000055
vn 0.189404 0.981859 -0.008846
vn 0.198141 0.980094 -0.012462
vn 0.196377 0.980492 -0.008441
vn 0.197977 0.980127 -0.012462
vn 1.000000 0.000000 0.000000
vn 1.000000 0.000000 0.000000
vn 1.000000 0.000000 0.000000
vn 1.000000 0.000000 0.000000
vn 0.012803 0.999834 -0.012965
vn 0.013617 0.999823 -0.012964
vn 0.018530 0.999744 -0.012960
vn 0.018530 0.999744 -0.012960
vn -0.884129 0.467145 -0.009534
vn -0.925629 0.378353 -0.007682
vn -0.982561 0.185904 -0.003792
vn -0.981504 0.191404 -0.003879
vn -0.706972 0.707100 -0.014145
vn -0.706957 0.707117 -0.014067
vn -0.884129 0.467145 -0.009534
vn -0.925629 0.378353 -0.007682
vn -0.386849 0.921968 -0.017963
vn -0.388204 0.921401 -0.017850
vn -0.706972 0.707100 -0.014145
vn -0.706957 0.707117 -0.014067
vn 0.000000 0.999817 -0.019154
vn -0.388204 0.921401 -0.017850
vn 0.000000 0.999814 -0.019267
vn -0.386849 0.921968 -0.017963
vn 0.000000 0.999817 -0.019154
vn 0.000000 0.999814 -0.019267
vn 0.388204 0.921401 -0.017850
vn 0.386849 0.921968 -0.017963
vn 0.386849 0.921968 -0.017963
vn 0.706972 0.707100 -0.014145
vn 0.388204 0.921401 -0.017850
vn 0.706957 0.707117 -0.014067
vn 0.706972 0.707100 -0.014145
vn 0.884129 0.467145 -0.009534
vn 0.706957 0.707117 -0.014067
vn 0.925629 0.378353 -0.007682
vn 0.884129 0.467145 -0.009534
vn 0.982561 0.185904 -0.003792
vn 0.925629 0.378353 -0.007682
vn 0.981504 0.191404 -0.003879
vn -0.012803 0.999834 -0.012965
vn -0.018530 0.999744 -0.012960
vn -0.013617 0.999823 -0.012965
vn -0.018530 0.999744 -0.012960
vn -1.000000 0.000000 0.000000
vn -1.000000 0.000000 0.000000
vn -1.000000 0.000000 0.000000
vn -1.000000 0.000000 0.000000
vn -0.189404 0.981859 -0.008846
vn -0.196377 0.980492 -0.008441
vn -0.198141 0.980094 -0.012462
vn -0.197977 0.980127 -0.012462
vn -0.999990 -0.004449 0.000034
vn -0.999990 -0.004435 0.000051
vn -0.999990 -0.004450 0.000033
vn -0.999990 -0.004436 0.000055
vn -0.999990 -0.004435 0.000051
vn -0.999990 -0.004449 0.000034
vn -0.999990 -0.004433 0.000043
vn -0.999990 -0.004447 0.000037
vn -0.014897 -0.999851 0.008703
vn -0.000004 -0.999962 0.008699
vn -0.015133 -0.999847 0.008726
vn 0.000002 -0.999962 0.008700
vn -0.025719 -0.999631 0.008718
vn -0.014897 -0.999851 0.008703
vn -0.026086 -0.999621 0.008810
vn -0.015133 -0.999847 0.008726
vn -0.026086 -0.999621 0.008810
vn 0.000000 -0.999961 0.008858
vn -0.025719 -0.999631 0.008718
vn 0.000000 -0.999962 0.008731
vn 0.026086 -0.999621 0.008810
vn 0.025719 -0.999631 0.008718
vn 0.000000 -0.999961 0.008858
vn 0.000000 -0.999962 0.008731
vn 0.015133 -0.999847 0.008726
vn 0.014897 -0.999851 0.008703
vn 0.026086 -0.999621 0.008810
vn 0.025719 -0.999631 0.008718
vn 0.014897 -0.999851 0.008703
vn 0.015133 -0.999847 0.008726
vn 0.000004 -0.999962 0.008699
vn -0.000002 -0.999962 0.008700
vn 0.999990 -0.004435 0.000051
vn 0.999990 -0.004433 0.000043
vn 0.999990 -0.004449 0.000034
vn 0.999990 -0.004447 0.000037
vn 0.999990 -0.004436 0.000055
vn 0.999990 -0.004435 0.000051
vn 0.999990 -0.004450 0.000033
vn 0.999990 -0.004449 0.000034
vn 0.212927 0.976910 -0.017559
vn 0.240678 0.970448 -0.017443
vn 0.214164 0.976640 -0.017554
vn 0.242241 0.970059 -0.017436
vn 1.000000 0.000000 0.000000
vn 1.000000 0.000000 0.000000
vn 1.000000 0.000000 0.000000
vn 1.000000 0.000000 0.000000
vn 1.000000 0.000000 0.000000
vn 1.000000 0.000000 0.000000
vn 1.000000 0.000000 0.000000
vn 1.000000 0.000000 0.000000
vn 0.224168 0.974494 -0.010495
vn 0.224128 0.974503 -0.010496
vn 0.151888 0.988340 -0.010646
vn 0.151605 0.988384 -0.010647
vn 0.000000 0.999942 -0.010774
vn 0.151888 0.988340 -0.010646
vn 0.000000 0.999942 -0.010773
vn 0.151605 0.988384 -0.010647
vn -0.151888 0.988340 -0.010646
vn 0.000000 0.999942 -0.010774
vn -0.151605 0.988384 -0.010647
vn 0.000000 0.999942 -0.010773
vn -0.224168 0.974494 -0.010495
vn -0.151888 0.988340 -0.010646
vn -0.224128 0.974503 -0.010496
vn -0.151605 0.988384 -0.010647
vn -1.000000 0.000000 0.000000
vn -1.000000 0.000000 0.000000
vn -1.000000 0.000000 0.000000
vn -1.000000 0.000000 0.000000
vn -1.000000 0.000000 0.000000
vn -1.000000 0.000000 0.000000
vn -1.000000 0.000000 0.000000
vn -1.000000 0.000000 0.000000
vn -0.212927 0.976910 -0.017559
vn -0.214164 0.976640 -0.017554
vn -0.240678 0.970448 -0.017443
vn -0.242241 0.970059 -0.017436
vn -0.999990 -0.004544 0.000082
vn -0.999989 -0.004649 0.000084
vn -0.999990 -0.004558 0.000071
vn -0.999989 -0.004656 0.000070
vn -0.999990 -0.004558 0.000071
vn -0.999989 -0.004656 0.000070
vn -0.999990 -0.004561 0.000051
vn -0.999989 -0.004659 0.000052
vn -0.014899 -0.999838 0.010151
vn -0.024583 -0.999646 0.010148
vn -0.018775 -0.999771 0.010313
vn -0.020115 -0.999744 0.010324
vn -0.015470 -0.999831 0.009898
vn -0.018775 -0.999771 0.010313
vn -0.009136 -0.999909 0.009978
vn -0.020115 -0.999744 0.010324
vn 0.000000 -0.999958 0.009225
vn -0.015470 -0.999831 0.009898
vn 0.000000 -0.999958 0.009224
vn -0.009136 -0.999909 0.009978
vn 0.015470 -0.999831 0.009898
vn 0.000000 -0.999958 0.009225
vn 0.009136 -0.999909 0.009978
vn 0.000000 -0.999958 0.009224
vn 0.015470 -0.999831 0.009898
vn 0.009136 -0.999909 0.009978
vn 0.018775 -0.999771 0.010313
vn 0.020115 -0.999744 0.010324
vn 0.014899 -0.999838 0.010151
vn 0.018775 -0.999771 0.010313
vn 0.024583 -0.999646 0.010148
vn 0.020115 -0.999744 0.010324
vn 0.999990 -0.004558 0.000071
vn 0.999990 -0.004561 0.000051
vn 0.999989 -0.004656 0.000070
vn 0.999989 -0.004659 0.000052
vn 0.999990 -0.004544 0.000082
vn 0.999990 -0.004558 0.000071
vn 0.999989 -0.004649 0.000084
vn 0.999989 -0.004656 0.000070
vn 0.000000 -0.999189 -0.040269
vn -0.000001 -0.999187 -0.040328
vn -0.000000 -0.999188 -0.040292
vn 0.000000 -0.999216 -0.039602
vn -0.000001 -0.999187 -0.040321
vn 0.000000 -0.999999 0.001509
vn 0.000000 -0.999999 0.001509
vn 0.000000 -0.999932 -0.011639
vn 0.000048 -0.999977 -0.006830
vn 0.000000 -0.999877 -0.015695
vn 0.000000 -0.999715 -0.023886
vn 0.000000 -0.999877 -0.015696
vn 0.000000 -0.999932 -0.011639
vn -0.000048 -0.999977 -0.006830
vn 0.001061 -0.999344 -0.036204
vn 0.000000 -0.999188 -0.040297
vn 0.000000 -0.999345 -0.036188
vn 0.000000 -0.999188 -0.040297
vn 0.000000 -0.999932 -0.011639
vn -0.000048 -0.999977 -0.006830
vn 0.000000 -0.999999 0.001509
vn 0.000000 -0.999999 0.001509
vn 0.000000 -0.999877 -0.015696
vn 0.000000 -0.999932 -0.011639
vn 0.000000 -0.999877 -0.015695
vn 0.000000 -0.999715 -0.023886
vn 1.000000 0.000004 -0.000213
vn 1.000000 0.000004 -0.000213
vn 1.000000 0.000004 -0.000213
vn 1.000000 0.000004 -0.000213
vn -1.000000 -0.000004 0.000213
vn -1.000000 -0.000004 0.000213
vn -1.000000 -0.000004 0.000213
vn -1.000000 -0.000004 0.000213
vn 0.706009 0.013224 -0.708080
vn 0.706009 0.013224 -0.708080
vn 0.706009 0.013224 -0.708080
vn 0.706009 0.013224 -0.708080
vn 0.004156 0.734113 -0.679015
vn 0.004156 0.734113 -0.679015
vn 0.004156 0.734113 -0.679015
vn 0.004156 0.734113 -0.679015
vn 0.708004 0.706185 0.005723
vn 0.708004 0.706185 0.005723
vn 0.707590 0.706539 0.010915
vn 0.707589 0.706540 0.010928
vn 0.707589 0.706540 0.010928
vn 0.707130 0.707036 0.008157
vn 0.707590 0.706539 0.010915
vn 0.707130 0.707036 0.008157
vn 0.705630 0.708497 0.010861
vn 0.707133 0.707032 0.008283
vn 0.705630 0.708497 0.010861
vn 0.707133 0.707032 0.008282
vn 0.705630 0.708497 0.010861
vn 0.705630 0.708497 0.010861
vn 0.704264 0.709917 0.005487
vn 0.704264 0.709917 0.005487
vn 0.694484 0.055085 -0.717396
vn 0.709597 0.007217 -0.704570
vn 0.693726 0.057339 -0.717953
vn 0.709597 0.007217 -0.704571
vn 0.000002 0.018705 -0.999825
vn 0.000000 0.018416 -0.999830
vn -0.000005 0.009060 -0.999959
vn 0.000000 0.008873 -0.999961
vn 0.707130 0.707036 0.008157
vn 0.698546 0.712047 0.070875
vn 0.707130 0.707036 0.008157
vn 0.698559 0.712043 0.070783
vn 0.707133 0.707032 0.008283
vn 0.707103 0.707110 -0.001034
vn 0.707133 0.707032 0.008282
vn 0.707103 0.707110 -0.001034
vn 0.698546 0.712047 0.070875
vn 0.540353 0.705369 0.458774
vn 0.698559 0.712043 0.070783
vn 0.538975 0.705299 0.460498
vn 0.707070 0.001070 0.707142
vn 0.707071 0.001070 0.707142
vn 0.707070 0.001070 0.707142
vn 0.707071 0.001070 0.707142
vn 0.078885 0.721871 0.687516
vn 0.046801 0.708669 0.703987
vn 0.000000 0.687476 0.726207
vn 0.000000 0.687476 0.726207
vn 0.538975 0.705299 0.460498
vn 0.540353 0.705369 0.458774
vn 0.365614 0.693700 0.620570
vn 0.365750 0.693700 0.620490
vn 0.000000 0.687476 0.726207
vn -0.046801 0.708669 0.703987
vn 0.000000 0.687476 0.726207
vn -0.078885 0.721871 0.687517
vn -0.707071 0.001070 0.707142
vn -0.707070 0.001070 0.707142
vn -0.707071 0.001070 0.707142
vn -0.707070 0.001070 0.707142
vn -0.707103 0.707110 -0.001034
vn -0.707103 0.707110 -0.001034
vn -0.707133 0.707033 0.008282
vn -0.707133 0.707032 0.008283
vn -0.707133 0.707033 0.008282
vn -0.707133 0.707032 0.008283
vn -0.705630 0.708498 0.010861
vn -0.705630 0.708498 0.010861
vn -0.705630 0.708498 0.010861
vn -0.705630 0.708498 0.010861
vn -0.704264 0.709917 0.005487
vn -0.704264 0.709917 0.005487
vn -0.694705 0.055009 -0.717188
vn -0.693918 0.057378 -0.717764
vn -0.709577 0.007219 -0.704591
vn -0.709577 0.007219 -0.704591
vn -0.000002 0.018706 -0.999825
vn 0.000004 0.009054 -0.999959
vn 0.000000 0.018416 -0.999830
vn 0.000000 0.008873 -0.999961
vn -0.005045 0.737975 -0.674810
vn -0.005045 0.737975 -0.674809
vn -0.005045 0.737975 -0.674809
vn -0.005045 0.737975 -0.674809
vn -0.539478 0.704689 0.460845
vn -0.365777 0.693285 0.620937
vn -0.540863 0.704758 0.459112
vn -0.365907 0.693285 0.620861
vn -0.539478 0.704689 0.460845
vn -0.540863 0.704758 0.459112
vn -0.698719 0.711890 0.070746
vn -0.698707 0.711893 0.070826
vn -0.698719 0.711890 0.070746
vn -0.698707 0.711893 0.070826
vn -0.707132 0.707034 0.008159
vn -0.707132 0.707034 0.008158
vn -0.707132 0.707034 0.008159
vn -0.707132 0.707034 0.008158
vn -0.707104 0.707026 0.010878
vn -0.707104 0.707026 0.010890
vn -0.707104 0.707026 0.010890
vn -0.707078 0.707113 0.005658
vn -0.707104 0.707026 0.010878
vn -0.707078 0.707113 0.005658
vn -0.706039 0.013220 -0.708049
vn -0.706039 0.013220 -0.708049
vn -0.706039 0.013220 -0.708049
vn -0.706039 0.013220 -0.708049
vn 0.365614 0.693700 0.620570
vn 0.365750 0.693700 0.620490
vn 0.215687 0.693678 0.687234
vn 0.216601 0.693691 0.686933
vn 0.216601 0.693691 0.686933
vn 0.000028 0.693841 0.720129
vn 0.215687 0.693678 0.687234
vn 0.000022 0.693841 0.720129
vn -0.216649 0.693490 0.687120
vn -0.215733 0.693478 0.687421
vn 0.000028 0.693841 0.720129
vn 0.000022 0.693841 0.720129
vn -0.216649 0.693490 0.687120
vn -0.365907 0.693285 0.620861
vn -0.215733 0.693478 0.687421
vn -0.365777 0.693285 0.620937
vn 0.000000 -0.697411 -0.716671
vn 0.000000 -0.697411 -0.716672
vn 0.000000 -0.697411 -0.716672
vn 0.000000 -0.697411 -0.716672
vn 0.706133 -0.708053 -0.006140
vn 0.706133 -0.708053 -0.006140
vn 0.706605 -0.707517 -0.011341
vn 0.706607 -0.707516 -0.011357
vn 0.706607 -0.707516 -0.011357
vn 0.707134 -0.707031 -0.008328
vn 0.706605 -0.707517 -0.011341
vn 0.707134 -0.707031 -0.008328
vn 0.000000 -0.697411 -0.716672
vn 0.000000 -0.697411 -0.716672
vn 0.000000 -0.697411 -0.716672
vn 0.000000 -0.697411 -0.716672
vn 0.707134 -0.707031 -0.008328
vn 0.707134 -0.707031 -0.008328
vn 0.698293 -0.713222 0.060835
vn 0.698283 -0.713227 0.060892
vn 0.698283 -0.713227 0.060892
vn 0.547452 -0.729179 0.410602
vn 0.698293 -0.713222 0.060835
vn 0.546010 -0.729226 0.412436
vn 0.547452 -0.729179 0.410602
vn 0.363437 -0.725133 0.584889
vn 0.546010 -0.729226 0.412436
vn 0.363287 -0.725132 0.584984
vn 0.000000 -0.697411 -0.716672
vn 0.000000 -0.697411 -0.716672
vn 0.000000 -0.697411 -0.716672
vn 0.000000 -0.697411 -0.716672
vn 0.000000 -0.697411 -0.716672
vn 0.000000 -0.697411 -0.716672
vn 0.000000 -0.697411 -0.716671
vn 0.000000 -0.697411 -0.716672
vn -0.547470 -0.729178 0.410579
vn -0.546028 -0.729225 0.412413
vn -0.363436 -0.725136 0.584887
vn -0.363286 -0.725135 0.584981
vn -0.546028 -0.729225 0.412413
vn -0.547470 -0.729178 0.410579
vn -0.698292 -0.713223 0.060835
vn -0.698283 -0.713228 0.060891
vn -0.698283 -0.713228 0.060891
vn -0.707133 -0.707032 -0.008327
vn -0.698292 -0.713223 0.060835
vn -0.707133 -0.707032 -0.008327
vn -0.707133 -0.707032 -0.008327
vn -0.707133 -0.707032 -0.008327
vn -0.706619 -0.707503 -0.011342
vn -0.706620 -0.707502 -0.011358
vn -0.706620 -0.707502 -0.011358
vn -0.706159 -0.708026 -0.006142
vn -0.706619 -0.707503 -0.011342
vn -0.706159 -0.708026 -0.006142
vn 0.363287 -0.725132 0.584984
vn 0.363437 -0.725133 0.584889
vn 0.227633 -0.725174 0.649851
vn 0.228318 -0.725161 0.649625
vn 0.227633 -0.725174 0.649851
vn 0.228318 -0.725161 0.649625
vn -0.000001 -0.733440 0.679754
vn 0.000001 -0.733440 0.679754
vn -0.227621 -0.725173 0.649856
vn -0.000001 -0.733440 0.679754
vn -0.228305 -0.725160 0.649631
vn 0.000001 -0.733440 0.679754
vn -0.228305 -0.725160 0.649631
vn -0.363436 -0.725136 0.584887
vn -0.227621 -0.725173 0.649856
vn -0.363286 -0.725135 0.584981
vn -0.000003 0.708195 0.706017
vn -0.000003 0.708195 0.706017
vn 0.000000 0.708195 0.706017
vn 0.000000 0.708195 0.706017
vn -0.707113 0.707100 -0.001109
vn -0.707150 0.707014 0.008402
vn -0.707113 0.707100 -0.001109
vn -0.707150 0.707014 0.008402
vn -0.707150 0.707014 0.008402
vn -0.707150 0.707014 0.008402
vn -0.707130 0.706998 0.011002
vn -0.707130 0.706998 0.011001
vn 0.000000 0.708195 0.706017
vn 0.000000 0.708195 0.706017
vn 0.000003 0.708196 0.706016
vn 0.000003 0.708196 0.706016
vn -0.707130 0.706998 0.011002
vn -0.707130 0.706998 0.011001
vn -0.707111 0.707079 0.005781
vn -0.707111 0.707079 0.005781
vn -0.000002 0.712926 -0.701240
vn -0.000002 0.712926 -0.701240
vn -0.000002 0.712933 -0.701232
vn -0.000002 0.712933 -0.701232
vn -0.000002 0.712933 -0.701232
vn -0.000002 0.712933 -0.701232
vn -0.000002 0.712940 -0.701225
vn -0.000002 0.712940 -0.701225
vn 0.707122 0.707090 -0.001110
vn 0.707122 0.707090 -0.001110
vn 0.707154 0.707010 0.008402
vn 0.707154 0.707010 0.008401
vn 0.707154 0.707010 0.008401
vn 0.707130 0.706998 0.011002
vn 0.707154 0.707010 0.008402
vn 0.707130 0.706998 0.011001
vn 0.707130 0.706998 0.011001
vn 0.707130 0.706998 0.011002
vn 0.707111 0.707079 0.005781
vn 0.707111 0.707079 0.005781
vn 0.000000 -0.999966 -0.008285
vn 0.000000 -0.999877 -0.015699
vn 0.000000 -0.999966 -0.008285
vn 0.000000 -0.999877 -0.015696
vn 0.000000 -0.999877 -0.015699
vn 0.000000 -0.999932 -0.011654
vn 0.000000 -0.999877 -0.015696
vn 0.000000 -0.999932 -0.011639
vn 0.000000 -0.999932 -0.011654
vn -0.000065 -0.999990 -0.004571
vn 0.000000 -0.999932 -0.011639
vn -0.000048 -0.999977 -0.006830
vn -0.000065 -0.999990 -0.004571
vn -0.001074 -0.999268 -0.038239
vn -0.000048 -0.999977 -0.006830
vn 0.001061 -0.999344 -0.036204
vn 0.000000 -0.999966 -0.008285
vn 0.000000 -0.999877 -0.015695
vn 0.000000 -0.999966 -0.008285
vn 0.000000 -0.999877 -0.015696
vn 0.000000 -0.999966 -0.008285
vn 0.000000 -0.999877 -0.015696
vn 0.000000 -0.999966 -0.008285
vn 0.000000 -0.999877 -0.015695
vn -0.001061 -0.999344 -0.036204
vn 0.001074 -0.999268 -0.038239
vn 0.000048 -0.999977 -0.006830
vn 0.000065 -0.999990 -0.004571
vn 0.000048 -0.999977 -0.006830
vn 0.000065 -0.999990 -0.004571
vn 0.000000 -0.999932 -0.011639
vn 0.000000 -0.999932 -0.011655
vn 0.000000 -0.999877 -0.015696
vn 0.000000 -0.999932 -0.011639
vn 0.000000 -0.999877 -0.015699
vn 0.000000 -0.999932 -0.011655
vn 0.000000 -0.999966 -0.008285
vn 0.000000 -0.999877 -0.015696
vn 0.000000 -0.999966 -0.008285
vn 0.000000 -0.999877 -0.015699
vn -0.001074 -0.999268 -0.038239
vn -0.004471 -0.999520 -0.030653
vn 0.001061 -0.999344 -0.036204
vn 0.007861 -0.999465 -0.031732
vn -0.007861 -0.999465 -0.031733
vn 0.004471 -0.999520 -0.030653
vn -0.001061 -0.999344 -0.036204
vn 0.001074 -0.999268 -0.038239
vn 0.000000 -0.999490 -0.031934
vn -0.007861 -0.999465 -0.031733
vn 0.000000 -0.999345 -0.036188
vn -0.001061 -0.999344 -0.036204
vn 0.001061 -0.999344 -0.036204
vn 0.007861 -0.999465 -0.031732
vn 0.000000 -0.999345 -0.036188
vn 0.000000 -0.999490 -0.031934
vn 0.000000 0.999966 0.008285
vn 0.000000 0.999966 0.008285
vn 0.000000 0.999877 0.015694
vn 0.000000 0.999877 0.015692
vn 0.000000 0.999877 0.015694
vn 0.000000 0.999877 0.015692
vn 0.000000 0.999932 0.011654
vn 0.000000 0.999932 0.011656
vn 0.000000 0.999932 0.011654
vn 0.000000 0.999932 0.011656
vn 0.000072 0.999987 0.005079
vn 0.000136 0.999940 0.010985
vn 0.000072 0.999987 0.005079
vn 0.000136 0.999940 0.010985
vn 0.001088 0.999266 0.038284
vn -0.001136 0.999353 0.035947
vn 0.000293 0.999203 0.039923
vn -0.000293 0.999203 0.039924
vn 0.001135 0.999353 0.035947
vn 0.000000 0.999188 0.040295
vn 0.000000 0.999359 0.035790
vn 0.000000 0.999188 0.040295
vn 0.000000 0.999929 0.011951
vn -0.000066 0.999929 0.011950
vn 0.000000 0.999999 -0.001593
vn -0.000056 0.999999 -0.001593
vn 0.000000 0.999877 0.015701
vn -0.000048 0.999877 0.015701
vn 0.000000 0.999929 0.011951
vn -0.000066 0.999929 0.011950
vn 0.000000 0.999966 0.008310
vn -0.000023 0.999965 0.008310
vn 0.000000 0.999877 0.015701
vn -0.000048 0.999877 0.015701
vn 0.000293 0.999203 0.039923
vn 0.000000 0.999188 0.040295
vn -0.001136 0.999353 0.035947
vn 0.000000 0.999359 0.035790
vn 0.000000 0.999188 0.040295
vn 0.000066 0.999929 0.011950
vn 0.000000 0.999929 0.011951
vn 0.000056 0.999999 -0.001593
vn 0.000000 0.999999 -0.001593
vn 0.000048 0.999877 0.015701
vn 0.000000 0.999877 0.015701
vn 0.000066 0.999929 0.011950
vn 0.000000 0.999929 0.011951
vn 0.000023 0.999965 0.008310
vn 0.000000 0.999966 0.008310
vn 0.000048 0.999877 0.015701
vn 0.000000 0.999877 0.015701
vn 0.000000 0.999932 0.011655
vn -0.000072 0.999987 0.005085
vn 0.000000 0.999932 0.011656
vn -0.000136 0.999940 0.010989
vn 0.000000 0.999877 0.015693
vn 0.000000 0.999877 0.015696
vn 0.000000 0.999932 0.011656
vn 0.000000 0.999932 0.011655
vn 0.000000 0.999966 0.008285
vn 0.000000 0.999966 0.008285
vn 0.000000 0.999877 0.015693
vn 0.000000 0.999877 0.015696
vn 0.001088 0.999266 0.038284
vn -0.001136 0.999353 0.035947
vn 0.004476 0.999520 0.030653
vn -0.007869 0.999465 0.031743
vn -0.001089 0.999266 0.038285
vn -0.004480 0.999520 0.030654
vn 0.001135 0.999353 0.035947
vn 0.007869 0.999465 0.031742
vn 0.001135 0.999353 0.035947
vn 0.007869 0.999465 0.031742
vn 0.000000 0.999359 0.035790
vn 0.000002 0.999490 0.031947
vn -0.001136 0.999353 0.035947
vn 0.000000 0.999359 0.035790
vn -0.007869 0.999465 0.031743
vn 0.000002 0.999490 0.031947
vn 1.000000 0.000006 -0.000303
vn 1.000000 0.000006 -0.000303
vn 1.000000 0.000005 -0.000285
vn 1.000000 0.000005 -0.000285
vn 0.000002 0.018705 -0.999825
vn 0.000006 0.018862 -0.999822
vn 0.000003 0.018860 -0.999822
vn 0.000006 0.018862 -0.999822
vn 1.000000 0.000006 -0.000303
vn 1.000000 0.000002 -0.000120
vn 1.000000 0.000006 -0.000303
vn 1.000000 0.000002 -0.000123
vn 0.995355 -0.001816 0.096260
vn 0.995371 -0.001813 0.096089
vn 1.000000 0.000002 -0.000120
vn 1.000000 0.000002 -0.000123
vn 0.995355 -0.001816 0.096260
vn 0.782200 -0.011750 0.622916
vn 0.995371 -0.001813 0.096089
vn 0.779391 -0.011816 0.626427
vn 0.000000 0.018416 -0.999830
vn 0.000000 0.018858 -0.999822
vn -0.000002 0.018706 -0.999825
vn -0.000003 0.018860 -0.999822
vn 0.000000 0.018416 -0.999830
vn 0.000002 0.018705 -0.999825
vn 0.000000 0.018858 -0.999822
vn 0.000003 0.018860 -0.999822
vn -0.995355 -0.001816 0.096260
vn -0.995371 -0.001813 0.096090
vn -0.782197 -0.011750 0.622920
vn -0.779388 -0.011816 0.626431
vn -0.995355 -0.001816 0.096260
vn -1.000000 0.000002 -0.000120
vn -0.995371 -0.001813 0.096090
vn -1.000000 0.000002 -0.000123
vn -1.000000 0.000006 -0.000303
vn -1.000000 0.000006 -0.000303
vn -1.000000 0.000002 -0.000120
vn -1.000000 0.000002 -0.000123
vn -1.000000 0.000006 -0.000303
vn -1.000000 0.000005 -0.000285
vn -1.000000 0.000006 -0.000303
vn -1.000000 0.000005 -0.000285
vn -0.000002 0.018706 -0.999825
vn -0.000003 0.018860 -0.999822
vn -0.000006 0.018862 -0.999822
vn -0.000006 0.018862 -0.999822
vn 0.782200 -0.011750 0.622916
vn 0.518001 -0.016132 0.855228
vn 0.779391 -0.011816 0.626427
vn 0.517739 -0.016135 0.855387
vn 0.315566 -0.017896 0.948735
vn 0.313977 -0.017906 0.949262
vn 0.518001 -0.016132 0.855228
vn 0.517739 -0.016135 0.855387
vn -0.315566 -0.017896 0.948735
vn -0.518001 -0.016132 0.855228
vn -0.313978 -0.017906 0.949261
vn -0.517739 -0.016135 0.855387
vn -0.782197 -0.011750 0.622920
vn -0.779388 -0.011816 0.626431
vn -0.518001 -0.016132 0.855228
vn -0.517739 -0.016135 0.855387
vn -0.315566 -0.017896 0.948735
vn -0.313978 -0.017906 0.949261
vn 0.000000 -0.018860 0.999822
vn 0.000000 -0.018860 0.999822
vn 0.315566 -0.017896 0.948735
vn 0.000000 -0.018860 0.999822
vn 0.313977 -0.017906 0.949262
vn 0.000000 -0.018860 0.999822
vn -1.000000 0.000001 -0.000063
vn -1.000000 0.000000 0.000047
vn -1.000000 0.000001 -0.000063
vn -1.000000 0.000000 0.000047
vn -0.000002 0.001508 0.999999
vn -0.000002 0.001508 0.999999
vn 0.000000 0.001508 0.999999
vn 0.000000 0.001508 0.999999
vn -1.000000 0.000001 -0.000063
vn -1.000000 0.000001 -0.000063
vn -1.000000 0.000002 -0.000151
vn -1.000000 0.000002 -0.000151
vn 0.000004 0.009054 -0.999959
vn 0.000000 0.008286 -0.999966
vn 0.000000 0.008873 -0.999961
vn 0.000000 0.008286 -0.999966
vn -1.000000 0.000002 -0.000142
vn -1.000000 0.000002 -0.000151
vn -1.000000 0.000002 -0.000142
vn -1.000000 0.000002 -0.000151
vn 0.000000 0.001508 0.999999
vn 0.000002 0.001508 0.999999
vn 0.000000 0.001508 0.999999
vn 0.000002 0.001508 0.999999
vn 1.000000 0.000000 0.000047
vn 1.000000 0.000000 0.000047
vn 1.000000 0.000001 -0.000063
vn 1.000000 0.000001 -0.000063
vn 1.000000 0.000001 -0.000063
vn 1.000000 0.000002 -0.000151
vn 1.000000 0.000001 -0.000063
vn 1.000000 0.000002 -0.000151
vn -0.000005 0.009060 -0.999959
vn 0.000000 0.008873 -0.999961
vn 0.000000 0.008286 -0.999966
vn 0.000000 0.008286 -0.999966
vn 1.000000 0.000002 -0.000142
vn 1.000000 0.000002 -0.000142
vn 1.000000 0.000002 -0.000151
vn 1.000000 0.000002 -0.000151
vn -0.000072 0.999987 0.005085
vn -0.001089 0.999266 0.038285
vn -0.000136 0.999940 0.010989
vn 0.001135 0.999353 0.035947
vn -0.000293 0.999203 0.039924
vn 0.577226 0.582171 -0.572615
vn 0.577226 0.582171 -0.572615
vn 0.577226 0.582171 -0.572615
vn 0.521787 0.405955 -0.750293
vn 0.521787 0.405955 -0.750293
vn 0.693726 0.057339 -0.717953
vn 0.694484 0.055085 -0.717396
vn 0.396311 0.793343 0.462109
vn 0.046801 0.708669 0.703987
vn 0.396311 0.793343 0.462109
vn 0.078885 0.721871 0.687516
vn -0.046801 0.708669 0.703987
vn -0.396311 0.793342 0.462110
vn -0.078885 0.721871 0.687517
vn -0.396311 0.793342 0.462110
vn -0.694705 0.055009 -0.717188
vn -0.521952 0.408831 -0.748614
vn -0.693918 0.057378 -0.717764
vn -0.521952 0.408831 -0.748614
vn -0.575179 0.586227 -0.570532
vn -0.575179 0.586227 -0.570532
vn -0.575179 0.586227 -0.570532
vn 0.575156 -0.570432 -0.586347
vn 0.575156 -0.570432 -0.586347
vn 0.575156 -0.570432 -0.586347
vn -0.575280 -0.570372 -0.586285
vn -0.575280 -0.570372 -0.586285
vn -0.575280 -0.570372 -0.586285
vn -0.577329 0.578236 0.576485
vn -0.577329 0.578236 0.576485
vn -0.577329 0.578236 0.576485
vn -0.577307 0.582085 -0.572621
vn -0.577307 0.582085 -0.572621
vn -0.577307 0.582085 -0.572621
vn 0.577339 0.578215 0.576496
vn 0.577339 0.578215 0.576496
vn 0.577339 0.578215 0.576496
vn 0.577350 0.582111 -0.572551
vn 0.577350 0.582111 -0.572550
vn 0.577350 0.582111 -0.572550
vn 1.000000 0.000001 0.000000
vn 1.000000 -0.000000 0.000000
vn 1.000000 -0.000000 0.000000
vn 1.000000 -0.000001 0.000000
vn 0.936763 0.187294 -0.295628
vn 0.929847 0.191732 -0.314045
vn 1.000000 0.000000 0.000000
vn 1.000000 0.000000 0.000000
vn 0.544737 -0.597905 0.588023
vn 0.492249 -0.480810 0.725612
vn 0.877547 -0.288645 0.382878
vn 0.843152 -0.277427 0.460576
vn 1.000000 0.000001 0.000000
vn 1.000000 0.000000 0.000000
vn 1.000000 0.000001 0.000000
vn 1.000000 0.000000 0.000000
vn 0.000000 -0.761093 0.648643
vn 0.150252 -0.757430 0.635393
vn 0.000000 -0.998156 0.060696
vn 0.177395 -0.980421 0.085477
vn 0.877547 -0.288645 0.382878
vn 0.843152 -0.277427 0.460576
vn 0.995336 -0.042021 0.086835
vn 0.995624 -0.044503 0.082177
vn 0.877547 -0.288645 0.382878
vn 0.896687 -0.218498 0.384981
vn 0.544737 -0.597905 0.588023
vn 0.697951 -0.623294 0.352661
vn 0.896687 -0.218498 0.384981
vn 0.877547 -0.288645 0.382878
vn 0.969952 -0.008976 0.243130
vn 0.995336 -0.042021 0.086835
vn 1.000000 0.000001 0.000000
vn 1.000000 0.000000 0.000000
vn 0.999664 -0.000146 0.025914
vn 0.999458 -0.013523 0.030011
vn 0.995336 -0.042021 0.086835
vn 0.999574 0.002687 0.029061
vn 0.969952 -0.008976 0.243130
vn 0.976344 0.035875 0.213227
vn 1.000000 0.000000 0.000000
vn 1.000000 0.000000 0.000000
vn 0.936763 0.187294 -0.295628
vn 0.902331 0.279847 -0.327848
vn 0.177395 -0.980421 0.085477
vn 0.150353 -0.951775 -0.267429
vn 0.000000 -0.998156 0.060696
vn 0.000000 -0.962615 -0.270873
vn 0.999664 -0.000146 0.025914
vn 0.978951 -0.007861 0.203946
vn 0.999574 0.002687 0.029061
vn 0.976344 0.035875 0.213227
vn 1.000000 0.000000 0.000000
vn 1.000000 0.000000 0.000000
vn 0.902331 0.279847 -0.327848
vn 0.603174 0.605889 -0.518729
vn 0.676464 -0.724920 -0.129952
vn 0.697951 -0.623294 0.352661
vn 0.382573 0.818519 0.428562
vn 0.409232 0.568603 0.713597
vn 0.969952 -0.008976 0.243130
vn 0.976344 0.035875 0.213227
vn 0.402694 0.312993 0.860159
vn 0.428653 0.152759 0.890461
vn 0.150353 -0.951775 -0.267429
vn 0.156008 -0.973142 -0.169283
vn 0.000000 -0.962615 -0.270873
vn 0.000000 -0.985379 -0.170376
vn 1.000000 0.000000 0.000000
vn 1.000000 0.000000 0.000000
vn 1.000000 0.000000 0.000000
vn 1.000000 0.000000 0.000000
vn 0.000000 0.922351 0.386352
vn 0.382573 0.818519 0.428562
vn 0.000000 0.782728 0.622364
vn 0.409232 0.568603 0.713597
vn 0.000000 0.976017 0.217694
vn 0.343060 0.915830 0.208723
vn 0.000000 0.922351 0.386352
vn 0.382573 0.818519 0.428562
vn 0.415206 0.343489 0.842389
vn 0.000000 0.534258 0.845322
vn 0.409232 0.568603 0.713597
vn 0.000000 0.782728 0.622364
vn 0.382573 0.818519 0.428562
vn 0.343060 0.915830 0.208723
vn 0.676464 -0.724920 -0.129952
vn 0.676149 -0.725147 -0.130324
vn 0.000000 0.178076 0.984017
vn 0.428653 0.152759 0.890461
vn 0.000000 -0.103492 0.994630
vn 0.472914 -0.085051 0.876994
vn 0.999664 -0.000146 0.025914
vn 0.999458 -0.013523 0.030011
vn 0.978951 -0.007861 0.203946
vn 0.966856 -0.094448 0.237210
vn 0.428653 0.152759 0.890461
vn 0.976344 0.035875 0.213227
vn 0.472914 -0.085051 0.876994
vn 0.978951 -0.007861 0.203946
vn 0.166689 -0.982504 0.083075
vn 0.175175 -0.958897 0.223229
vn 0.000000 -0.996494 0.083664
vn 0.000000 -0.974047 0.226345
vn 0.998559 -0.047117 0.025692
vn 0.999458 -0.013523 0.030011
vn 1.000000 0.000000 0.000000
vn 1.000000 0.000000 0.000000
vn 0.000000 -0.103492 0.994630
vn 0.472914 -0.085051 0.876994
vn 0.000000 -0.467840 0.883813
vn 0.524520 -0.368428 0.767554
vn 0.324843 0.942056 -0.083711
vn 0.334602 0.917562 -0.214759
vn 0.639857 -0.765696 0.065517
vn 0.648337 -0.741306 0.173565
vn 1.000000 0.000000 0.000000
vn 1.000000 0.000000 0.000000
vn 1.000000 0.000000 0.000000
vn 1.000000 0.000000 0.000000
vn 0.472914 -0.085051 0.876994
vn 0.978951 -0.007861 0.203946
vn 0.524520 -0.368428 0.767554
vn 0.966856 -0.094448 0.237210
vn 0.524520 -0.368428 0.767554
vn 0.557989 -0.637121 0.531718
vn 0.000000 -0.467840 0.883813
vn 0.000000 -0.785841 0.618428
vn 0.524520 -0.368428 0.767554
vn 0.966856 -0.094448 0.237210
vn 0.557989 -0.637121 0.531718
vn 0.960105 -0.212093 0.182249
vn -0.000001 -0.770329 0.637647
vn 0.000000 -0.914897 0.403688
vn 0.175854 -0.758335 0.627697
vn 0.179504 -0.900166 0.396836
vn 0.557989 -0.637121 0.531718
vn 0.652171 -0.743839 0.146210
vn 0.000000 -0.785841 0.618428
vn 0.000000 -0.973080 0.230466
vn 1.000000 0.000000 0.000000
vn 1.000000 0.000000 0.000000
vn 1.000000 0.000000 0.000000
vn 1.000000 0.000000 0.000000
vn 0.000000 0.917902 -0.396806
vn 0.000000 0.773051 -0.634344
vn 0.348082 0.859973 -0.373209
vn 0.366815 0.718778 -0.590597
vn 0.348082 0.859973 -0.373209
vn 0.366815 0.718778 -0.590597
vn 0.647250 -0.697191 0.308207
vn 0.639619 -0.591082 0.491436
vn 0.557989 -0.637121 0.531718
vn 0.960105 -0.212093 0.182249
vn 0.652171 -0.743839 0.146210
vn 0.917556 -0.395944 0.036323
vn 0.960105 -0.212093 0.182249
vn 0.998559 -0.047117 0.025692
vn 0.917556 -0.395944 0.036323
vn 0.995481 -0.094846 0.004677
vn 1.000000 0.000000 0.000000
vn 1.000000 0.000000 0.000000
vn 1.000000 0.000000 0.000000
vn 1.000000 0.000000 0.000000
vn 0.998559 -0.047117 0.025692
vn 1.000000 0.000000 0.000000
vn 0.995481 -0.094846 0.004677
vn 1.000000 0.000000 0.000000
vn -0.500691 -0.810333 -0.304416
vn 0.000000 -0.939137 -0.343542
vn -0.498419 -0.804789 0.322325
vn 0.000000 -0.928037 0.372488
vn 0.000000 -0.531946 0.846778
vn 0.162215 -0.524129 0.836047
vn 0.000000 -0.328365 0.944551
vn 0.150338 -0.324440 0.933883
vn 1.000000 0.000000 0.000000
vn 1.000000 0.000000 0.000000
vn 1.000000 0.000000 0.000000
vn 1.000000 0.000000 0.000000
vn 0.000000 0.495826 -0.868422
vn 0.000000 0.132121 -0.991234
vn 0.405076 0.454443 -0.793344
vn 0.535474 0.116278 -0.836509
vn 0.535474 0.116278 -0.836509
vn 0.763137 -0.211146 0.610769
vn 0.405076 0.454443 -0.793344
vn 0.652545 -0.399986 0.643581
vn 0.000000 0.996162 -0.087532
vn 0.000000 0.973952 -0.226756
vn 0.324843 0.942056 -0.083711
vn 0.334602 0.917562 -0.214759
vn 0.902758 -0.430136 0.003365
vn 0.571186 -0.820680 0.015192
vn 0.917556 -0.395944 0.036323
vn 0.652171 -0.743839 0.146210
vn 1.000000 0.000000 0.000000
vn 1.000000 0.000000 0.000000
vn 1.000000 0.000000 0.000000
vn 1.000000 0.000000 0.000000
vn 0.000003 -0.999030 0.044046
vn 0.571186 -0.820680 0.015192
vn 0.000002 -0.999384 -0.035104
vn 0.490007 -0.871448 -0.021702
vn 0.751707 -0.138161 -0.644863
vn 0.000000 -0.223303 -0.974749
vn 0.881338 -0.266137 -0.390402
vn 0.000000 -0.606324 -0.795218
vn 0.995481 -0.094846 0.004677
vn 1.000000 0.000000 0.000000
vn 0.997590 -0.069360 -0.001676
vn 1.000000 0.000000 0.000000
vn 0.442447 -0.875445 -0.194519
vn 0.490007 -0.871448 -0.021702
vn 0.689735 -0.724049 0.004275
vn 0.000000 -0.495606 0.868547
vn 0.000000 -0.321262 0.946990
vn 0.175991 -0.478020 0.860537
vn 0.156942 -0.313222 0.936622
vn 0.000000 -0.883043 -0.469292
vn 0.442447 -0.875445 -0.194519
vn 0.000000 -0.606324 -0.795218
vn 0.881338 -0.266137 -0.390402
vn 0.751707 -0.138161 -0.644863
vn 0.881338 -0.266137 -0.390402
vn 0.922132 -0.123966 0.366477
vn 0.977697 -0.094999 0.187306
vn 1.000000 0.000000 0.000000
vn 1.000000 0.000000 0.000000
vn 1.000000 0.000000 0.000000
vn 1.000000 0.000000 0.000000
vn 0.490007 -0.871448 -0.021702
vn 0.571186 -0.820680 0.015192
vn 0.903131 -0.429249 -0.010005
vn 0.902758 -0.430136 0.003365
vn 1.000000 0.000000 0.000000
vn 1.000000 0.000000 0.000000
vn 1.000000 0.000000 0.000000
vn 1.000000 0.000000 0.000000
vn 0.442447 -0.875445 -0.194519
vn 0.649511 -0.719335 0.246360
vn 0.881338 -0.266137 -0.390402
vn 0.977697 -0.094999 0.187306
vn 0.490007 -0.871448 -0.021702
vn 0.903131 -0.429249 -0.010005
vn 0.689735 -0.724049 0.004275
vn 0.930666 -0.365846 -0.004149
vn 0.689735 -0.724049 0.004275
vn 0.673758 -0.729815 0.115847
vn 0.442447 -0.875445 -0.194519
vn 0.649511 -0.719335 0.246360
vn 0.000000 -0.752084 0.659067
vn 0.000000 -0.495606 0.868547
vn 0.191158 -0.736644 0.648702
vn 0.175991 -0.478020 0.860537
vn 0.673758 -0.729815 0.115847
vn 0.689735 -0.724049 0.004275
vn 0.928165 -0.365088 0.072252
vn 0.930666 -0.365846 -0.004149
vn 0.000000 -0.752084 0.659067
vn 0.191158 -0.736644 0.648702
vn 0.000000 -0.897782 0.440440
vn 0.187821 -0.883568 0.428988
vn 0.649511 -0.719335 0.246360
vn 0.673758 -0.729815 0.115847
vn 0.567648 -0.734498 0.371872
vn 0.819379 -0.501658 0.277412
vn 0.187821 -0.883568 0.428988
vn 0.178774 -0.976689 0.118822
vn 0.000000 -0.897782 0.440440
vn 0.000000 -0.992808 0.119721
vn 0.673758 -0.729815 0.115847
vn 0.928165 -0.365088 0.072252
vn 0.819379 -0.501658 0.277412
vn 0.919456 -0.348505 0.182056
vn 0.819379 -0.501658 0.277412
vn 0.793027 -0.604245 0.077432
vn 0.567648 -0.734498 0.371872
vn 0.572137 -0.812800 0.109612
vn 0.178774 -0.976689 0.118822
vn 0.171704 -0.983284 -0.060577
vn 0.000000 -0.992808 0.119721
vn 0.000000 -0.996610 -0.082275
vn 0.990153 -0.119841 0.072356
vn 0.983902 -0.175254 0.034979
vn 0.919456 -0.348505 0.182056
vn 0.896404 -0.440625 0.048055
vn 0.793027 -0.604245 0.077432
vn 0.754807 -0.655670 0.019073
vn 0.572137 -0.812800 0.109612
vn 0.580854 -0.813521 0.028132
vn 0.264165 -0.843462 -0.467748
vn 0.314134 -0.948221 -0.046873
vn 0.000000 -0.876939 -0.480601
vn 0.000000 -0.999096 -0.042506
vn 0.881885 -0.471464 -0.000103
vn 0.896404 -0.440625 0.048055
vn 0.985158 -0.171650 0.000393
vn 0.983902 -0.175254 0.034979
vn 0.580854 -0.813521 0.028132
vn 0.754807 -0.655670 0.019073
vn 0.686837 -0.726010 0.034114
vn 0.657002 -0.753630 0.019763
vn 0.316233 -0.948678 -0.002513
vn 0.000000 -0.999995 -0.003065
vn 0.314134 -0.948221 -0.046873
vn 0.000000 -0.999096 -0.042506
vn 0.629311 -0.777150 0.002517
vn 0.686805 -0.726838 0.002245
vn 0.657002 -0.753630 0.019763
vn 0.686837 -0.726010 0.034114
vn 0.071767 -0.252968 0.964809
vn -0.000001 -0.248732 0.968572
vn 0.320721 -0.947174 0.000468
vn 0.000000 -1.000000 0.000440
vn 0.107492 -0.179585 0.977852
vn 0.155822 -0.237801 0.958734
vn 0.641505 -0.767115 0.002574
vn 0.679761 -0.733430 0.002306
vn 1.000000 0.000000 0.000000
vn 0.998551 -0.053819 0.000434
vn 1.000000 0.000000 0.000000
vn 0.997590 -0.069360 -0.001676
vn 0.003750 -0.056366 0.998403
vn 0.107492 -0.179585 0.977852
vn 0.000008 -0.042631 0.999091
vn 0.101084 -0.096392 0.990197
vn 1.000000 0.000000 0.000000
vn 1.000000 0.000000 0.000000
vn 1.000000 0.000000 0.000000
vn 1.000000 0.000000 0.000000
vn 1.000000 0.000000 0.000000
vn 0.998639 -0.052148 0.000594
vn 1.000000 0.000000 0.000000
vn 0.998551 -0.053819 0.000434
vn 0.928165 -0.365088 0.072252
vn 0.930666 -0.365846 -0.004149
vn 0.996212 -0.079712 0.034760
vn 0.998639 -0.052148 0.000594
vn 1.000000 0.000000 0.000000
vn 1.000000 0.000000 0.000000
vn 1.000000 0.000000 0.000000
vn 1.000000 0.000000 0.000000
vn 0.085226 -0.032704 0.995825
vn -0.000130 -0.033548 0.999437
vn 0.081780 -0.041565 0.995783
vn -0.000007 -0.042640 0.999091
vn 1.000000 0.000000 0.000000
vn 1.000000 0.000000 0.000000
vn 1.000000 0.000000 0.000000
vn 1.000000 0.000000 0.000000
vn 0.996212 -0.079712 0.034760
vn 0.998639 -0.052148 0.000594
vn 1.000000 0.000000 0.000000
vn 1.000000 0.000000 0.000000
vn 1.000000 0.000000 0.000000
vn 1.000000 0.000000 0.000000
vn 1.000000 0.000000 0.000000
vn 1.000000 0.000000 0.000000
vn 1.000000 0.000000 0.000000
vn 1.000000 0.000000 0.000000
vn 1.000000 0.000000 0.000000
vn 1.000000 0.000000 0.000000
vn 1.000000 0.000000 0.000000
vn 1.000000 0.000000 0.000000
vn 1.000000 0.000000 0.000000
vn 1.000000 0.000000 0.000000
vn 0.990153 -0.119841 0.072356
vn 0.919456 -0.348505 0.182056
vn 0.996212 -0.079712 0.034760
vn 0.928165 -0.365088 0.072252
vn 0.999310 0.004531 0.036869
vn 0.990153 -0.119841 0.072356
vn 1.000000 0.000000 0.000000
vn 0.996212 -0.079712 0.034760
vn 0.998803 0.005206 0.048629
vn 0.999310 0.004531 0.036869
vn 1.000000 0.000000 0.000000
vn 1.000000 0.000000 0.000000
vn 0.998803 0.005206 0.048629
vn 1.000000 0.000000 0.000000
vn 0.998737 0.004919 0.050007
vn 1.000000 0.000000 0.000000
vn 0.999310 0.004531 0.036869
vn 0.999303 0.011115 0.035649
vn 0.990153 -0.119841 0.072356
vn 0.983902 -0.175254 0.034979
vn 0.999303 0.011115 0.035649
vn 0.999310 0.004531 0.036869
vn 0.999262 0.010590 0.036916
vn 0.998803 0.005206 0.048629
vn 0.999262 0.010590 0.036916
vn 0.998803 0.005206 0.048629
vn 0.999110 0.008452 0.041334
vn 0.998737 0.004919 0.050007
vn 0.985158 -0.171650 0.000393
vn 0.983902 -0.175254 0.034979
vn 0.999936 0.011321 0.000532
vn 0.999303 0.011115 0.035649
vn 0.999936 0.011321 0.000532
vn 0.999303 0.011115 0.035649
vn 0.999937 0.011213 0.000506
vn 0.999262 0.010590 0.036916
vn 0.999937 0.011213 0.000506
vn 0.999262 0.010590 0.036916
vn 0.999971 0.007577 0.000509
vn 0.999110 0.008452 0.041334
vn 1.000000 0.000001 0.000000
vn 1.000000 0.000001 0.000000
vn 1.000000 0.000000 0.000000
vn 1.000000 0.000000 0.000000
vn 0.150252 -0.757430 0.635393
vn 0.000000 -0.761093 0.648643
vn 0.155311 -0.546452 0.822963
vn 0.000000 -0.537948 0.842978
vn -0.851090 0.277826 -0.445487
vn 0.936763 0.187294 -0.295628
vn -0.809373 0.347744 -0.473275
vn 0.902331 0.279847 -0.327848
vn 1.000000 0.000001 0.000000
vn 1.000000 0.000001 0.000000
vn 1.000000 0.000001 0.000000
vn 1.000000 0.000001 0.000000
vn 0.902331 0.279847 -0.327848
vn 0.603174 0.605889 -0.518729
vn -0.809373 0.347744 -0.473275
vn -0.741246 0.483997 -0.465082
vn 1.000000 0.000001 0.000000
vn 1.000000 0.000000 0.000000
vn 1.000000 0.000001 0.000000
vn 1.000000 0.000000 0.000000
vn 0.950159 -0.176377 -0.257078
vn 0.226843 -0.557760 -0.798402
vn 0.823052 -0.482054 -0.300347
vn 0.240829 -0.835240 -0.494344
vn 0.919786 -0.065011 -0.386997
vn 0.217305 -0.165097 -0.962040
vn 0.950159 -0.176377 -0.257078
vn 0.226843 -0.557760 -0.798402
vn 0.603174 0.605889 -0.518729
vn 0.382477 0.852483 -0.356349
vn -0.741246 0.483997 -0.465082
vn -0.706599 0.643223 -0.294928
vn 0.823052 -0.482054 -0.300347
vn 0.240829 -0.835240 -0.494344
vn 0.684279 -0.700681 -0.202009
vn 0.256237 -0.934929 -0.245459
vn 1.000000 0.000000 0.000000
vn 1.000000 0.000000 0.000000
vn 0.603174 0.605889 -0.518729
vn 0.382477 0.852483 -0.356349
vn 0.190901 0.926526 -0.324202
vn 0.364472 0.258537 -0.894605
vn -0.619861 0.707687 -0.339045
vn -0.199511 0.851895 -0.484221
vn 1.000000 0.000001 0.000000
vn 1.000000 0.000000 0.000000
vn 0.880708 0.066685 -0.468942
vn 0.840699 0.184289 -0.509179
vn 0.533586 -0.224252 0.815473
vn 0.552889 -0.172706 0.815161
vn 0.841391 -0.146450 0.520206
vn 0.854683 -0.108155 0.507760
vn 0.214591 0.148381 -0.965367
vn 0.217305 -0.165097 -0.962040
vn 0.880708 0.066685 -0.468942
vn 0.919786 -0.065011 -0.386997
vn 0.841391 -0.146450 0.520206
vn 0.854683 -0.108155 0.507760
vn 0.996401 -0.023038 0.081575
vn 0.996990 -0.016072 0.075846
vn 0.823052 -0.482054 -0.300347
vn 0.684279 -0.700681 -0.202009
vn 1.000000 0.000000 0.000000
vn 1.000000 0.000000 0.000000
vn -0.199511 0.851895 -0.484221
vn 0.364472 0.258537 -0.894605
vn 0.263249 -0.830547 -0.490808
vn 0.598663 -0.682805 -0.418784
vn 0.245231 -0.247885 0.937238
vn 0.000000 -0.248011 0.968757
vn 0.270025 -0.195177 0.942864
vn 0.000000 -0.198761 0.980048
vn 0.880708 0.066685 -0.468942
vn 0.840699 0.184289 -0.509179
vn 0.214591 0.148381 -0.965367
vn 0.215559 0.343557 -0.914059
vn 0.996401 -0.023038 0.081575
vn 0.996990 -0.016072 0.075846
vn 1.000000 0.000000 0.000000
vn 1.000000 0.000000 0.000000
vn 0.880708 0.066685 -0.468942
vn 0.919786 -0.065011 -0.386997
vn 1.000000 0.000001 0.000000
vn 1.000000 0.000001 0.000000
vn 0.552889 -0.172706 0.815161
vn 0.561142 -0.140294 0.815743
vn 0.854683 -0.108155 0.507760
vn 0.861406 -0.083666 0.500979
vn 0.854683 -0.108155 0.507760
vn 0.861406 -0.083666 0.500979
vn 0.996990 -0.016072 0.075846
vn 0.997557 -0.010923 0.069001
vn 0.270025 -0.195177 0.942864
vn 0.000000 -0.198761 0.980048
vn 0.284359 -0.161480 0.945021
vn 0.000000 -0.165426 0.986222
vn 1.000000 0.000000 0.000000
vn 1.000000 0.000000 0.000000
vn 1.000000 0.000000 0.000000
vn 1.000000 0.000000 0.000000
vn 1.000000 0.000000 0.000000
vn 1.000000 0.000000 0.000000
vn 0.849329 0.198224 -0.489232
vn 0.848366 0.181807 -0.497214
vn 0.849329 0.198224 -0.489232
vn 0.848366 0.181807 -0.497214
vn 0.283428 0.365494 -0.886613
vn 0.296324 0.327858 -0.897052
vn 0.996990 -0.016072 0.075846
vn 0.997557 -0.010923 0.069001
vn 1.000000 0.000000 0.000000
vn 1.000000 0.000000 0.000000
vn 1.000000 0.000000 0.000000
vn 1.000000 0.000000 0.000000
vn 1.000000 0.000000 0.000000
vn 1.000000 0.000000 0.000000
vn 1.000000 0.000000 0.000000
vn 1.000000 0.000000 0.000000
vn 0.848366 0.181807 -0.497214
vn 0.846058 0.132230 -0.516431
vn 0.848366 0.181807 -0.497214
vn 0.846058 0.132230 -0.516431
vn 0.296324 0.327858 -0.897052
vn 0.305134 0.233118 -0.923336
vn -0.000002 -0.042635 0.999091
vn 0.092298 -0.058221 0.994028
vn -0.000007 -0.042640 0.999091
vn 0.081780 -0.041565 0.995783
vn 0.000008 -0.042631 0.999091
vn 0.101084 -0.096392 0.990197
vn -0.000002 -0.042635 0.999091
vn 0.092298 -0.058221 0.994028
vn 0.156008 -0.973142 -0.169283
vn 0.160385 -0.985399 -0.057144
vn 0.000000 -0.985379 -0.170376
vn 0.000000 -0.998390 -0.056721
vn 0.343060 0.915830 0.208723
vn 0.334600 0.940798 0.054237
vn 0.676149 -0.725147 -0.130324
vn 0.646705 -0.760729 -0.055358
vn 0.000000 0.976017 0.217694
vn 0.000000 0.997636 0.068714
vn 0.343060 0.915830 0.208723
vn 0.334600 0.940798 0.054237
vn 0.409232 0.568603 0.713597
vn 0.697951 -0.623294 0.352661
vn 0.415206 0.343489 0.842389
vn 0.896687 -0.218498 0.384981
vn 0.000000 0.534258 0.845322
vn 0.415206 0.343489 0.842389
vn 0.000000 0.386141 0.922440
vn 0.402694 0.312993 0.860159
vn 0.000000 0.386141 0.922440
vn 0.402694 0.312993 0.860159
vn 0.000000 0.178076 0.984017
vn 0.428653 0.152759 0.890461
vn 0.896687 -0.218498 0.384981
vn 0.969952 -0.008976 0.243130
vn 0.415206 0.343489 0.842389
vn 0.402694 0.312993 0.860159
vn 0.000000 -0.883043 -0.469292
vn 0.000002 -0.999384 -0.035104
vn 0.442447 -0.875445 -0.194519
vn 0.490007 -0.871448 -0.021702
vn 0.861177 -0.040304 0.506705
vn 0.559780 -0.076482 0.825104
vn 0.850390 0.036771 0.524867
vn 0.543532 0.043793 0.838245
vn 0.997992 -0.003901 0.063217
vn 0.861177 -0.040304 0.506705
vn 0.998357 0.005100 0.057069
vn 0.850390 0.036771 0.524867
vn 0.293309 -0.092011 0.951580
vn 0.000000 -0.093710 0.995600
vn 0.294915 0.041379 0.954627
vn 0.000000 0.046091 0.998937
vn 1.000000 0.000000 0.000000
vn 0.997992 -0.003901 0.063217
vn 1.000000 0.000000 0.000000
vn 0.998357 0.005100 0.057069
vn 1.000000 0.000000 0.000000
vn 1.000000 0.000000 0.000000
vn 1.000000 0.000000 0.000000
vn 1.000000 0.000000 0.000000
vn 0.844140 0.031541 -0.535194
vn 1.000000 0.000000 0.000000
vn 0.856264 -0.072154 -0.511475
vn 1.000000 0.000000 0.000000
vn 0.312268 0.059108 -0.948153
vn 0.844140 0.031541 -0.535194
vn 0.320423 -0.120125 -0.939627
vn 0.856264 -0.072154 -0.511475
vn 1.000000 0.000001 0.000000
vn 1.000000 0.000001 0.000000
vn 1.000000 0.000001 0.000000
vn 1.000000 0.000001 0.000000
vn 1.000000 0.000001 0.000000
vn 1.000000 0.000001 0.000000
vn 1.000000 0.000000 0.000000
vn 1.000000 0.000000 0.000000
vn 1.000000 0.000000 0.000000
vn 1.000000 0.000000 0.000000
vn 0.998559 -0.047117 0.025692
vn 1.000000 0.000000 0.000000
vn 1.000000 0.000000 0.000000
vn 1.000000 0.000000 0.000000
vn 1.000000 0.000000 0.000000
vn 1.000000 0.000000 0.000000
vn 1.000000 0.000000 0.000000
vn 1.000000 0.000000 0.000000
vn 1.000000 0.000000 0.000000
vn 1.000000 0.000000 0.000000
vn 0.966856 -0.094448 0.237210
vn 0.999458 -0.013523 0.030011
vn 0.960105 -0.212093 0.182249
vn 0.998559 -0.047117 0.025692
vn 0.843152 -0.277427 0.460576
vn 0.825963 -0.214062 0.521500
vn 0.995624 -0.044503 0.082177
vn 0.995613 -0.034362 0.087027
vn 0.492249 -0.480810 0.725612
vn 0.504845 -0.333416 0.796219
vn 0.843152 -0.277427 0.460576
vn 0.825963 -0.214062 0.521500
vn 0.995624 -0.044503 0.082177
vn 0.995613 -0.034362 0.087027
vn 1.000000 0.000000 0.000000
vn 1.000000 0.000000 0.000000
vn 0.155311 -0.546452 0.822963
vn 0.000000 -0.537948 0.842978
vn 0.202368 -0.369217 0.907042
vn 0.000000 -0.364151 0.931340
vn 1.000000 0.000000 0.000000
vn 1.000000 0.000000 0.000000
vn 1.000000 0.000000 0.000000
vn 1.000000 0.000000 0.000000
vn 1.000000 0.000000 0.000000
vn 1.000000 0.000000 0.000000
vn 0.852756 0.188981 -0.486923
vn 0.846913 0.199911 -0.492722
vn 0.852756 0.188981 -0.486923
vn 0.846913 0.199911 -0.492722
vn 0.241549 0.363704 -0.899652
vn 0.262881 0.372564 -0.889994
vn 1.000000 0.000000 0.000000
vn 1.000000 0.000000 0.000000
vn 1.000000 0.000000 0.000000
vn 1.000000 0.000000 0.000000
vn 1.000000 0.000000 0.000000
vn 1.000000 0.000000 0.000000
vn 1.000000 0.000000 0.000000
vn 1.000000 0.000000 0.000000
vn 1.000000 0.000000 0.000000
vn 1.000000 0.000000 0.000000
vn 1.000000 0.000000 0.000000
vn 1.000000 0.000000 0.000000
vn 1.000000 0.000000 0.000000
vn 1.000000 0.000000 0.000000
vn 1.000000 0.000000 0.000000
vn 1.000000 0.000000 0.000000
vn 0.995336 -0.042021 0.086835
vn 1.000000 0.000000 0.000000
vn 0.999574 0.002687 0.029061
vn 1.000000 0.000001 0.000000
vn 1.000000 0.000000 0.000000
vn 1.000000 0.000000 0.000000
vn 1.000000 0.000000 0.000000
vn 1.000000 0.000000 0.000000
vn 1.000000 0.000000 0.000000
vn 1.000000 0.000000 0.000000
vn 1.000000 0.000000 0.000000
vn 1.000000 0.000000 0.000000
vn 1.000000 0.000000 0.000000
vn 1.000000 0.000000 0.000000
vn 0.840699 0.184289 -0.509179
vn 0.852756 0.188981 -0.486923
vn 0.840699 0.184289 -0.509179
vn 0.852756 0.188981 -0.486923
vn 0.215559 0.343557 -0.914059
vn 0.241549 0.363704 -0.899652
vn 0.995336 -0.042021 0.086835
vn 0.995624 -0.044503 0.082177
vn 1.000000 0.000000 0.000000
vn 1.000000 0.000000 0.000000
vn 0.929847 0.191732 -0.314045
vn 0.936763 0.187294 -0.295628
vn -0.739355 0.363166 -0.566979
vn -0.851090 0.277826 -0.445487
vn 0.000000 -0.042630 0.999091
vn 0.012296 -0.048980 0.998724
vn 0.000000 -0.042661 0.999090
vn 0.003750 -0.056366 0.998403
vn -0.000130 -0.033548 0.999437
vn 0.085226 -0.032704 0.995825
vn -0.000202 -0.027683 0.999617
vn 0.084191 -0.026644 0.996093
vn 0.000000 -0.042622 0.999091
vn 0.000008 -0.042631 0.999091
vn 0.000000 -0.042619 0.999091
vn -0.000002 -0.042635 0.999091
vn 0.000000 -0.033577 0.999436
vn -0.000130 -0.033548 0.999437
vn 0.000000 -0.027959 0.999609
vn -0.000202 -0.027683 0.999617
vn 0.000000 -0.042646 0.999090
vn -0.000007 -0.042640 0.999091
vn 0.000000 -0.033577 0.999436
vn -0.000130 -0.033548 0.999437
vn 0.000000 -0.042619 0.999091
vn -0.000002 -0.042635 0.999091
vn 0.000000 -0.042646 0.999090
vn -0.000007 -0.042640 0.999091
vn 0.754807 -0.655670 0.019073
vn 0.793027 -0.604245 0.077432
vn 0.881885 -0.471464 -0.000103
vn 0.896404 -0.440625 0.048055
vn 0.919456 -0.348505 0.182056
vn 0.896404 -0.440625 0.048055
vn 0.819379 -0.501658 0.277412
vn 0.793027 -0.604245 0.077432
vn 0.012296 -0.048980 0.998724
vn 0.155822 -0.237801 0.958734
vn 0.003750 -0.056366 0.998403
vn 0.107492 -0.179585 0.977852
vn 0.000000 -0.042661 0.999090
vn 0.003750 -0.056366 0.998403
vn 0.000000 -0.042622 0.999091
vn 0.000008 -0.042631 0.999091
vn 0.998551 -0.053819 0.000434
vn 0.998639 -0.052148 0.000594
vn 0.903131 -0.429249 -0.010005
vn 0.930666 -0.365846 -0.004149
vn 0.998551 -0.053819 0.000434
vn 0.903131 -0.429249 -0.010005
vn 0.997590 -0.069360 -0.001676
vn 0.902758 -0.430136 0.003365
vn 0.917556 -0.395944 0.036323
vn 0.995481 -0.094846 0.004677
vn 0.902758 -0.430136 0.003365
vn 0.997590 -0.069360 -0.001676
vn 1.000000 0.000000 0.000000
vn 1.000000 0.000000 0.000000
vn 0.823052 -0.482054 -0.300347
vn 0.950159 -0.176377 -0.257078
vn 1.000000 0.000000 0.000000
vn 1.000000 0.000000 0.000000
vn 1.000000 0.000000 0.000000
vn 1.000000 0.000000 0.000000
vn 1.000000 0.000000 0.000000
vn 1.000000 0.000000 0.000000
vn 1.000000 0.000000 0.000000
vn 1.000000 0.000000 0.000000
vn 1.000000 0.000000 0.000000
vn 1.000000 0.000000 0.000000
vn 1.000000 0.000000 0.000000
vn 1.000000 0.000000 0.000000
vn 0.950159 -0.176377 -0.257078
vn 1.000000 0.000000 0.000000
vn 0.919786 -0.065011 -0.386997
vn 1.000000 0.000001 0.000000
vn 1.000000 0.000000 0.000000
vn 1.000000 0.000000 0.000000
vn 1.000000 0.000000 0.000000
vn 1.000000 0.000000 0.000000
vn 0.294915 0.041379 0.954627
vn 0.000000 0.046091 0.998937
vn 0.269198 -0.414471 0.869337
vn 0.000000 -0.459468 0.888194
vn 0.850390 0.036771 0.524867
vn 0.543532 0.043793 0.838245
vn 0.760198 -0.386315 0.522360
vn 0.505922 -0.277312 0.816787
vn 0.998357 0.005100 0.057069
vn 0.850390 0.036771 0.524867
vn 0.801127 -0.596072 0.053802
vn 0.760198 -0.386315 0.522360
vn 1.000000 0.000000 0.000000
vn 0.998357 0.005100 0.057069
vn 0.817336 -0.576123 -0.006698
vn 0.801127 -0.596072 0.053802
vn 1.000000 0.000000 0.000000
vn 1.000000 0.000000 0.000000
vn 0.827093 -0.561997 -0.008736
vn 0.817336 -0.576123 -0.006698
vn 1.000000 0.000000 0.000000
vn 1.000000 0.000000 0.000000
vn 0.907499 -0.415692 0.060375
vn 0.827093 -0.561997 -0.008736
vn 0.856264 -0.072154 -0.511475
vn 1.000000 0.000000 0.000000
vn 0.813248 -0.283757 -0.508046
vn 0.907499 -0.415692 0.060375
vn 0.320423 -0.120125 -0.939627
vn 0.856264 -0.072154 -0.511475
vn 0.303087 -0.456396 -0.836565
vn 0.813248 -0.283757 -0.508046
vn 1.000000 0.000000 0.000000
vn 1.000000 0.000000 0.000000
vn 1.000000 0.000000 0.000000
vn 0.902331 0.279847 -0.327848
vn 1.000000 0.000000 0.000000
vn 1.000000 0.000000 0.000000
vn 0.950159 -0.176377 -0.257078
vn 1.000000 0.000000 0.000000
vn 0.684279 -0.700681 -0.202009
vn 0.256237 -0.934929 -0.245459
vn 0.584044 -0.809466 -0.060486
vn 0.235128 -0.968983 -0.076068
vn 0.684279 -0.700681 -0.202009
vn 0.584044 -0.809466 -0.060486
vn 1.000000 0.000000 0.000000
vn 1.000000 0.000000 0.000000
vn 0.382477 0.852483 -0.356349
vn 1.000000 0.000000 0.000000
vn 0.188073 0.982139 -0.005621
vn 1.000000 0.000000 0.000000
vn 0.382477 0.852483 -0.356349
vn 0.188073 0.982139 -0.005621
vn -0.706599 0.643223 -0.294928
vn -0.675298 0.737375 -0.015832
vn 0.584044 -0.809466 -0.060486
vn 0.235128 -0.968983 -0.076068
vn 0.598663 -0.682805 -0.418784
vn 0.263249 -0.830547 -0.490808
vn 0.584044 -0.809466 -0.060486
vn 0.598663 -0.682805 -0.418784
vn 1.000000 0.000000 0.000000
vn 0.364472 0.258537 -0.894605
vn 0.188073 0.982139 -0.005621
vn 1.000000 0.000000 0.000000
vn 0.190901 0.926526 -0.324202
vn 0.364472 0.258537 -0.894605
vn 0.188073 0.982139 -0.005621
vn 0.190901 0.926526 -0.324202
vn -0.675298 0.737375 -0.015832
vn -0.619861 0.707687 -0.339045
vn 0.000000 0.132121 -0.991234
vn 0.000000 -0.223303 -0.974749
vn 0.535474 0.116278 -0.836509
vn 0.751707 -0.138161 -0.644863
vn 0.535474 0.116278 -0.836509
vn 0.751707 -0.138161 -0.644863
vn 0.763137 -0.211146 0.610769
vn 0.922132 -0.123966 0.366477
vn 0.000000 -0.328365 0.944551
vn 0.150338 -0.324440 0.933883
vn 0.000000 -0.321262 0.946990
vn 0.156942 -0.313222 0.936622
vn 0.000000 0.773051 -0.634344
vn 0.000000 0.495826 -0.868422
vn 0.366815 0.718778 -0.590597
vn 0.405076 0.454443 -0.793344
vn 0.639619 -0.591082 0.491436
vn 0.366815 0.718778 -0.590597
vn 0.652545 -0.399986 0.643581
vn 0.405076 0.454443 -0.793344
vn -0.000001 -0.770329 0.637647
vn 0.175854 -0.758335 0.627697
vn 0.000000 -0.531946 0.846778
vn 0.162215 -0.524129 0.836047
vn 0.000000 0.973952 -0.226756
vn 0.000000 0.917902 -0.396806
vn 0.334602 0.917562 -0.214759
vn 0.348082 0.859973 -0.373209
vn 0.334602 0.917562 -0.214759
vn 0.348082 0.859973 -0.373209
vn 0.648337 -0.741306 0.173565
vn 0.647250 -0.697191 0.308207
vn 0.175175 -0.958897 0.223229
vn 0.179504 -0.900166 0.396836
vn 0.000000 -0.974047 0.226345
vn 0.000000 -0.914897 0.403688
vn 0.000000 0.997636 0.068714
vn 0.000000 0.996162 -0.087532
vn 0.334600 0.940798 0.054237
vn 0.324843 0.942056 -0.083711
vn 0.334600 0.940798 0.054237
vn 0.324843 0.942056 -0.083711
vn 0.646705 -0.760729 -0.055358
vn 0.639857 -0.765696 0.065517
vn 0.160385 -0.985399 -0.057144
vn 0.166689 -0.982504 0.083075
vn 0.000000 -0.998390 -0.056721
vn 0.000000 -0.996494 0.083664
vn 0.846913 0.199911 -0.492722
vn 0.849329 0.198224 -0.489232
vn 0.262881 0.372564 -0.889994
vn 0.283428 0.365494 -0.886613
vn 1.000000 0.000000 0.000000
vn 1.000000 0.000000 0.000000
vn 0.846913 0.199911 -0.492722
vn 0.849329 0.198224 -0.489232
vn 1.000000 0.000000 0.000000
vn 1.000000 0.000000 0.000000
vn 1.000000 0.000000 0.000000
vn 1.000000 0.000000 0.000000
vn 1.000000 0.000000 0.000000
vn 1.000000 0.000000 0.000000
vn 1.000000 0.000000 0.000000
vn 1.000000 0.000000 0.000000
vn 0.995613 -0.034362 0.087027
vn 0.996401 -0.023038 0.081575
vn 1.000000 0.000000 0.000000
vn 1.000000 0.000000 0.000000
vn 0.825963 -0.214062 0.521500
vn 0.841391 -0.146450 0.520206
vn 0.995613 -0.034362 0.087027
vn 0.996401 -0.023038 0.081575
vn 0.504845 -0.333416 0.796219
vn 0.533586 -0.224252 0.815473
vn 0.825963 -0.214062 0.521500
vn 0.841391 -0.146450 0.520206
vn 0.202368 -0.369217 0.907042
vn 0.000000 -0.364151 0.931340
vn 0.245231 -0.247885 0.937238
vn 0.000000 -0.248011 0.968757
vn 0.284359 -0.161480 0.945021
vn 0.000000 -0.165426 0.986222
vn 0.293309 -0.092011 0.951580
vn 0.000000 -0.093710 0.995600
vn 0.561142 -0.140294 0.815743
vn 0.559780 -0.076482 0.825104
vn 0.861406 -0.083666 0.500979
vn 0.861177 -0.040304 0.506705
vn 0.861406 -0.083666 0.500979
vn 0.861177 -0.040304 0.506705
vn 0.997557 -0.010923 0.069001
vn 0.997992 -0.003901 0.063217
vn 0.997557 -0.010923 0.069001
vn 0.997992 -0.003901 0.063217
vn 1.000000 0.000000 0.000000
vn 1.000000 0.000000 0.000000
vn 1.000000 0.000000 0.000000
vn 1.000000 0.000000 0.000000
vn 1.000000 0.000000 0.000000
vn 1.000000 0.000000 0.000000
vn 1.000000 0.000000 0.000000
vn 1.000000 0.000000 0.000000
vn 1.000000 0.000000 0.000000
vn 1.000000 0.000000 0.000000
vn 1.000000 0.000000 0.000000
vn 1.000000 0.000000 0.000000
vn 0.846058 0.132230 -0.516431
vn 0.844140 0.031541 -0.535194
vn 0.846058 0.132230 -0.516431
vn 0.844140 0.031541 -0.535194
vn 0.305134 0.233118 -0.923336
vn 0.312268 0.059108 -0.948153
vn 0.171704 -0.983284 -0.060577
vn 0.100050 -0.656545 -0.747622
vn 0.000000 -0.996610 -0.082275
vn 0.000000 -0.618032 -0.786153
vn 0.721664 -0.668397 -0.180132
vn 0.580854 -0.813521 0.028132
vn 0.985996 -0.166059 0.015363
vn 0.686837 -0.726010 0.034114
vn 0.991843 -0.127463 0.001064
vn 0.985996 -0.166059 0.015363
vn 0.686805 -0.726838 0.002245
vn 0.686837 -0.726010 0.034114
vn 0.145467 -0.053488 0.987916
vn 0.991500 -0.130102 0.001262
vn 0.155822 -0.237801 0.958734
vn 0.679761 -0.733430 0.002306
vn 0.012296 -0.048980 0.998724
vn 0.000000 -0.042630 0.999091
vn 0.004087 -0.041683 0.999123
vn 0.000000 -0.042616 0.999092
vn 0.004087 -0.041683 0.999123
vn 0.000000 -0.042616 0.999092
vn 0.071767 -0.252968 0.964809
vn -0.000001 -0.248732 0.968572
vn 0.145467 -0.053488 0.987916
vn 0.260753 -0.141903 0.954920
vn 0.991500 -0.130102 0.001262
vn 0.931206 -0.364494 0.000358
vn 0.991843 -0.127463 0.001064
vn 0.918609 -0.395163 -0.002046
vn 0.985996 -0.166059 0.015363
vn 0.900887 -0.431510 -0.046927
vn 0.900887 -0.431510 -0.046927
vn 0.863449 -0.290309 -0.412525
vn 0.985996 -0.166059 0.015363
vn 0.721664 -0.668397 -0.180132
vn 0.100050 -0.656545 -0.747622
vn 0.264165 -0.843462 -0.467748
vn 0.000000 -0.618032 -0.786153
vn 0.000000 -0.876939 -0.480601
vn 0.543532 0.043793 0.838245
vn 0.294915 0.041379 0.954627
vn 0.505922 -0.277312 0.816787
vn 0.269198 -0.414471 0.869337
vn 0.543532 0.043793 0.838245
vn 0.559780 -0.076482 0.825104
vn 0.294915 0.041379 0.954627
vn 0.293309 -0.092011 0.951580
vn 0.284359 -0.161480 0.945021
vn 0.293309 -0.092011 0.951580
vn 0.561142 -0.140294 0.815743
vn 0.559780 -0.076482 0.825104
vn 0.270025 -0.195177 0.942864
vn 0.284359 -0.161480 0.945021
vn 0.552889 -0.172706 0.815161
vn 0.561142 -0.140294 0.815743
vn 0.245231 -0.247885 0.937238
vn 0.270025 -0.195177 0.942864
vn 0.533586 -0.224252 0.815473
vn 0.552889 -0.172706 0.815161
vn 0.202368 -0.369217 0.907042
vn 0.245231 -0.247885 0.937238
vn 0.504845 -0.333416 0.796219
vn 0.533586 -0.224252 0.815473
vn 0.155311 -0.546452 0.822963
vn 0.202368 -0.369217 0.907042
vn 0.492249 -0.480810 0.725612
vn 0.504845 -0.333416 0.796219
vn 0.150252 -0.757430 0.635393
vn 0.155311 -0.546452 0.822963
vn 0.544737 -0.597905 0.588023
vn 0.492249 -0.480810 0.725612
vn 0.177395 -0.980421 0.085477
vn 0.150252 -0.757430 0.635393
vn 0.697951 -0.623294 0.352661
vn 0.544737 -0.597905 0.588023
vn 0.150353 -0.951775 -0.267429
vn 0.177395 -0.980421 0.085477
vn 0.676464 -0.724920 -0.129952
vn 0.697951 -0.623294 0.352661
vn 0.156008 -0.973142 -0.169283
vn 0.150353 -0.951775 -0.267429
vn 0.676149 -0.725147 -0.130324
vn 0.676464 -0.724920 -0.129952
vn 0.160385 -0.985399 -0.057144
vn 0.156008 -0.973142 -0.169283
vn 0.646705 -0.760729 -0.055358
vn 0.676149 -0.725147 -0.130324
vn 0.166689 -0.982504 0.083075
vn 0.160385 -0.985399 -0.057144
vn 0.639857 -0.765696 0.065517
vn 0.646705 -0.760729 -0.055358
vn 0.175175 -0.958897 0.223229
vn 0.166689 -0.982504 0.083075
vn 0.648337 -0.741306 0.173565
vn 0.639857 -0.765696 0.065517
vn 0.179504 -0.900166 0.396836
vn 0.175175 -0.958897 0.223229
vn 0.647250 -0.697191 0.308207
vn 0.648337 -0.741306 0.173565
vn 0.175854 -0.758335 0.627697
vn 0.179504 -0.900166 0.396836
vn 0.639619 -0.591082 0.491436
vn 0.647250 -0.697191 0.308207
vn 0.175854 -0.758335 0.627697
vn 0.639619 -0.591082 0.491436
vn 0.162215 -0.524129 0.836047
vn 0.652545 -0.399986 0.643581
vn 0.162215 -0.524129 0.836047
vn 0.652545 -0.399986 0.643581
vn 0.150338 -0.324440 0.933883
vn 0.763137 -0.211146 0.610769
vn 0.156942 -0.313222 0.936622
vn 0.150338 -0.324440 0.933883
vn 0.922132 -0.123966 0.366477
vn 0.763137 -0.211146 0.610769
vn 0.175991 -0.478020 0.860537
vn 0.156942 -0.313222 0.936622
vn 0.977697 -0.094999 0.187306
vn 0.922132 -0.123966 0.366477
vn 0.191158 -0.736644 0.648702
vn 0.175991 -0.478020 0.860537
vn 0.649511 -0.719335 0.246360
vn 0.977697 -0.094999 0.187306
vn 0.191158 -0.736644 0.648702
vn 0.649511 -0.719335 0.246360
vn 0.187821 -0.883568 0.428988
vn 0.567648 -0.734498 0.371872
vn 0.178774 -0.976689 0.118822
vn 0.187821 -0.883568 0.428988
vn 0.572137 -0.812800 0.109612
vn 0.567648 -0.734498 0.371872
vn 0.171704 -0.983284 -0.060577
vn 0.178774 -0.976689 0.118822
vn 0.580854 -0.813521 0.028132
vn 0.572137 -0.812800 0.109612
vn 0.100050 -0.656545 -0.747622
vn 0.171704 -0.983284 -0.060577
vn 0.721664 -0.668397 -0.180132
vn 0.580854 -0.813521 0.028132
vn 0.264165 -0.843462 -0.467748
vn 0.100050 -0.656545 -0.747622
vn 0.863449 -0.290309 -0.412525
vn 0.721664 -0.668397 -0.180132
vn 0.004087 -0.041683 0.999123
vn 0.071767 -0.252968 0.964809
vn 0.145467 -0.053488 0.987916
vn 0.260753 -0.141903 0.954920
vn 0.155822 -0.237801 0.958734
vn 0.012296 -0.048980 0.998724
vn 0.145467 -0.053488 0.987916
vn 0.004087 -0.041683 0.999123
vn 0.657002 -0.753630 0.019763
vn 0.880777 -0.473528 0.001748
vn 0.629311 -0.777150 0.002517
vn 0.879902 -0.475152 0.001724
vn 0.314134 -0.948221 -0.046873
vn 0.900887 -0.431510 -0.046927
vn 0.316233 -0.948678 -0.002513
vn 0.918609 -0.395163 -0.002046
vn 0.880777 -0.473528 0.001748
vn 0.984742 -0.174019 0.000962
vn 0.879902 -0.475152 0.001724
vn 0.984641 -0.174590 0.000950
vn 0.984742 -0.174019 0.000962
vn 0.999938 0.011150 0.000525
vn 0.984641 -0.174590 0.000950
vn 0.999938 0.011151 0.000526
vn 0.999938 0.011150 0.000525
vn 0.999937 0.011249 0.000529
vn 0.999938 0.011151 0.000526
vn 0.999937 0.011246 0.000528
vn 0.999937 0.011249 0.000529
vn 0.999971 0.007613 0.000541
vn 0.999937 0.011246 0.000528
vn 0.999970 0.007683 0.000537
vn 0.985158 -0.171650 0.000393
vn 0.999936 0.011321 0.000532
vn 0.984742 -0.174019 0.000962
vn 0.999938 0.011150 0.000525
vn 0.999936 0.011321 0.000532
vn 0.999937 0.011213 0.000506
vn 0.999938 0.011150 0.000525
vn 0.999937 0.011249 0.000529
vn 0.999937 0.011213 0.000506
vn 0.999971 0.007577 0.000509
vn 0.999937 0.011249 0.000529
vn 0.999971 0.007613 0.000541
vn 0.264165 -0.843462 -0.467748
vn 0.863449 -0.290309 -0.412525
vn 0.314134 -0.948221 -0.046873
vn 0.900887 -0.431510 -0.046927
vn 0.881885 -0.471464 -0.000103
vn 0.985158 -0.171650 0.000393
vn 0.880777 -0.473528 0.001748
vn 0.984742 -0.174019 0.000962
vn 0.881885 -0.471464 -0.000103
vn 0.880777 -0.473528 0.001748
vn 0.754807 -0.655670 0.019073
vn 0.657002 -0.753630 0.019763
vn 0.000000 -0.121305 -0.992615
vn 0.320423 -0.120125 -0.939627
vn 0.000000 -0.521862 -0.853030
vn 0.303087 -0.456396 -0.836565
vn 0.000000 0.064448 -0.997921
vn 0.312268 0.059108 -0.948153
vn 0.000000 -0.121305 -0.992615
vn 0.320423 -0.120125 -0.939627
vn 0.305134 0.233118 -0.923336
vn 0.312268 0.059108 -0.948153
vn 0.000000 0.245365 -0.969431
vn 0.000000 0.064448 -0.997921
vn 0.296324 0.327858 -0.897052
vn 0.305134 0.233118 -0.923336
vn 0.000000 0.344891 -0.938643
vn 0.000000 0.245365 -0.969431
vn 0.283428 0.365494 -0.886613
vn 0.296324 0.327858 -0.897052
vn 0.000000 0.385326 -0.922781
vn 0.000000 0.344891 -0.938643
vn 0.262881 0.372564 -0.889994
vn 0.283428 0.365494 -0.886613
vn 0.000000 0.393203 -0.919452
vn 0.000000 0.385326 -0.922781
vn 0.241549 0.363704 -0.899652
vn 0.262881 0.372564 -0.889994
vn 0.000000 0.383877 -0.923384
vn 0.000000 0.393203 -0.919452
vn 0.215559 0.343557 -0.914059
vn 0.241549 0.363704 -0.899652
vn 0.000000 0.360202 -0.932874
vn 0.000000 0.383877 -0.923384
vn 0.214591 0.148381 -0.965367
vn 0.215559 0.343557 -0.914059
vn 0.000000 0.155030 -0.987910
vn 0.000000 0.360202 -0.932874
vn 0.217305 -0.165097 -0.962040
vn 0.214591 0.148381 -0.965367
vn 0.000000 -0.167344 -0.985899
vn 0.000000 0.155030 -0.987910
vn 0.000000 -0.576399 -0.817168
vn 0.226843 -0.557760 -0.798402
vn 0.000000 -0.167344 -0.985899
vn 0.217305 -0.165097 -0.962040
vn 0.000000 -0.872093 -0.489341
vn 0.240829 -0.835240 -0.494344
vn 0.000000 -0.576399 -0.817168
vn 0.226843 -0.557760 -0.798402
vn 0.000000 -0.968186 -0.250233
vn 0.256237 -0.934929 -0.245459
vn 0.000000 -0.872093 -0.489341
vn 0.240829 -0.835240 -0.494344
vn 0.000000 -0.995095 -0.098922
vn 0.235128 -0.968983 -0.076068
vn 0.000000 -0.968186 -0.250233
vn 0.256237 -0.934929 -0.245459
vn 0.263249 -0.830547 -0.490808
vn 0.235128 -0.968983 -0.076068
vn 0.038629 -0.863186 -0.503406
vn 0.000000 -0.995095 -0.098922
vn 0.000000 0.998787 -0.049241
vn -0.199511 0.851895 -0.484221
vn 0.038629 -0.863186 -0.503406
vn 0.263249 -0.830547 -0.490808
vn -0.939090 0.342446 -0.028992
vn -0.944774 0.326480 -0.028528
vn -0.809373 0.347744 -0.473275
vn -0.851090 0.277826 -0.445487
vn -0.914241 0.403111 0.040793
vn -0.939090 0.342446 -0.028992
vn -0.741246 0.483997 -0.465082
vn -0.809373 0.347744 -0.473275
vn -0.944774 0.326480 -0.028528
vn -0.958902 0.283540 -0.010612
vn -0.851090 0.277826 -0.445487
vn -0.739355 0.363166 -0.566979
vn -0.706599 0.643223 -0.294928
vn -0.827970 0.552020 0.098687
vn -0.741246 0.483997 -0.465082
vn -0.914241 0.403111 0.040793
vn -0.675298 0.737375 -0.015832
vn -0.510859 0.842425 0.171297
vn -0.706599 0.643223 -0.294928
vn -0.827970 0.552020 0.098687
vn 0.000000 0.974422 0.224726
vn -0.827970 0.552020 0.098687
vn 0.000000 0.975400 0.220444
vn -0.510859 0.842425 0.171297
vn 0.000000 0.981412 0.191913
vn -0.914241 0.403111 0.040793
vn 0.000000 0.974422 0.224726
vn -0.827970 0.552020 0.098687
vn 0.000000 0.998524 0.054313
vn -0.939090 0.342446 -0.028992
vn 0.000000 0.981412 0.191913
vn -0.914241 0.403111 0.040793
vn -0.000002 0.998884 -0.047230
vn -0.944774 0.326480 -0.028528
vn 0.000000 0.998524 0.054313
vn -0.939090 0.342446 -0.028992
vn -0.958902 0.283540 -0.010612
vn -0.944774 0.326480 -0.028528
vn -0.000005 0.992923 -0.118759
vn -0.000002 0.998884 -0.047230
vn -0.510859 0.842425 0.171297
vn -0.675298 0.737375 -0.015832
vn -0.199511 0.851895 -0.484221
vn -0.619861 0.707687 -0.339045
vn 0.000000 0.975400 0.220444
vn -0.510859 0.842425 0.171297
vn 0.000000 0.998787 -0.049241
vn -0.199511 0.851895 -0.484221
vn 0.000000 -0.999975 -0.007127
vn 0.001358 -0.999348 -0.036095
vn 0.000000 -0.999975 -0.007062
vn 0.000000 -0.999350 -0.036041
vn 0.000000 -0.999188 -0.040298
vn 0.000000 -0.999932 -0.011624
vn 0.000000 -0.999932 -0.011625
vn 0.000000 -0.999975 -0.007062
vn 0.000000 -0.999975 -0.007127
vn 0.000000 -0.999879 -0.015545
vn 0.000000 -0.999879 -0.015544
vn 0.000000 -0.999932 -0.011624
vn 0.000000 -0.999932 -0.011625
vn 0.000000 -0.993629 0.112702
vn 0.000000 -0.993299 0.115570
vn 0.000000 -0.999879 -0.015545
vn 0.000000 -0.999879 -0.015544
vn 0.000000 -0.944790 -0.327676
vn 0.000000 -0.946335 -0.323189
vn 0.000000 -0.838733 0.544543
vn 0.000000 -0.842416 0.538828
vn 0.801127 -0.596072 0.053802
vn 0.760198 -0.386315 0.522360
vn 0.000000 -0.999975 -0.007127
vn 0.001358 -0.999348 -0.036095
vn 0.000000 -0.999932 -0.011625
vn 0.817336 -0.576123 -0.006698
vn 0.000000 -0.999975 -0.007127
vn 0.801127 -0.596072 0.053802
vn 0.000000 -0.999879 -0.015544
vn 0.827093 -0.561997 -0.008736
vn 0.000000 -0.999932 -0.011625
vn 0.817336 -0.576123 -0.006698
vn 0.000000 -0.993299 0.115570
vn 0.907499 -0.415692 0.060375
vn 0.000000 -0.999879 -0.015544
vn 0.827093 -0.561997 -0.008736
vn 0.000000 -0.946335 -0.323189
vn 0.437179 -0.845225 -0.307360
vn 0.000000 -0.842416 0.538828
vn 0.542131 -0.696926 0.469455
vn -0.000051 -0.934509 -0.355939
vn 0.000000 -0.950761 -0.309924
vn 0.303087 -0.456396 -0.836565
vn 0.000000 -0.521862 -0.853030
vn 0.303087 -0.456396 -0.836565
vn 0.813248 -0.283757 -0.508046
vn -0.000051 -0.934509 -0.355939
vn 0.760198 -0.386315 0.522360
vn 0.505922 -0.277312 0.816787
vn 0.001358 -0.999348 -0.036095
vn 0.269198 -0.414471 0.869337
vn 0.001358 -0.999348 -0.036095
vn 0.269198 -0.414471 0.869337
vn 0.000000 -0.999350 -0.036041
vn 0.000000 -0.459468 0.888194
vn 0.000000 -0.993629 0.112702
vn 0.000000 -0.838733 0.544543
vn 0.000000 -0.993299 0.115570
vn 0.000000 -0.842416 0.538828
vn -0.000051 -0.934509 -0.355939
vn 0.000000 -0.946335 -0.323189
vn 0.000000 -0.950761 -0.309924
vn 0.000000 -0.944790 -0.327676
vn 0.000000 -0.993299 0.115570
vn 0.000000 -0.842416 0.538828
vn 0.907499 -0.415692 0.060375
vn 0.542131 -0.696926 0.469455
vn 0.542131 -0.696926 0.469455
vn 0.437179 -0.845225 -0.307360
vn 0.907499 -0.415692 0.060375
vn 0.813248 -0.283757 -0.508046
vn 0.437179 -0.845225 -0.307360
vn 0.000000 -0.946335 -0.323189
vn 0.813248 -0.283757 -0.508046
vn -0.000051 -0.934509 -0.355939
vn -0.999574 0.002687 0.029061
vn -0.999664 -0.000146 0.025914
vn -1.000000 0.000001 0.000000
vn -1.000000 0.000001 0.000000
vn -0.936763 0.187294 -0.295628
vn -1.000000 0.000000 0.000000
vn -0.929846 0.191733 -0.314045
vn -1.000000 0.000000 0.000000
vn -0.843151 -0.277427 0.460577
vn -0.492249 -0.480810 0.725612
vn -0.877547 -0.288645 0.382878
vn -0.544735 -0.597906 0.588023
vn -1.000000 0.000000 0.000000
vn -1.000000 0.000000 0.000000
vn -1.000000 0.000001 0.000000
vn -1.000000 0.000001 0.000000
vn -0.177393 -0.980421 0.085478
vn -0.150251 -0.757430 0.635393
vn 0.000000 -0.998156 0.060696
vn 0.000000 -0.761093 0.648643
vn -0.995624 -0.044503 0.082177
vn -0.843151 -0.277427 0.460577
vn -0.995336 -0.042021 0.086835
vn -0.877547 -0.288645 0.382878
vn -0.697951 -0.623293 0.352662
vn -0.896687 -0.218498 0.384981
vn -0.544735 -0.597906 0.588023
vn -0.877547 -0.288645 0.382878
vn -0.896687 -0.218498 0.384981
vn -0.969952 -0.008976 0.243130
vn -0.877547 -0.288645 0.382878
vn -0.995336 -0.042021 0.086835
vn -0.999458 -0.013523 0.030011
vn -1.000000 0.000000 0.000000
vn -0.999664 -0.000146 0.025914
vn -1.000000 0.000001 0.000000
vn -0.995336 -0.042021 0.086835
vn -0.969952 -0.008976 0.243130
vn -0.999574 0.002687 0.029061
vn -0.976344 0.035875 0.213226
vn -0.902331 0.279847 -0.327848
vn -1.000000 0.000000 0.000000
vn -0.936763 0.187294 -0.295628
vn -1.000000 0.000000 0.000000
vn 0.000000 -0.962615 -0.270873
vn -0.150352 -0.951775 -0.267429
vn 0.000000 -0.998156 0.060696
vn -0.177393 -0.980421 0.085478
vn -0.976344 0.035875 0.213226
vn -0.978951 -0.007861 0.203945
vn -0.999574 0.002687 0.029061
vn -0.999664 -0.000146 0.025914
vn -0.603175 0.605887 -0.518730
vn -1.000000 0.000000 0.000000
vn -0.902331 0.279847 -0.327848
vn -1.000000 0.000000 0.000000
vn -0.676463 -0.724921 -0.129953
vn -0.382573 0.818518 0.428563
vn -0.697951 -0.623293 0.352662
vn -0.409231 0.568603 0.713597
vn -0.428653 0.152759 0.890461
vn -0.976344 0.035875 0.213226
vn -0.402694 0.312993 0.860159
vn -0.969952 -0.008976 0.243130
vn 0.000000 -0.985379 -0.170376
vn -0.156008 -0.973142 -0.169283
vn 0.000000 -0.962615 -0.270873
vn -0.150352 -0.951775 -0.267429
vn -1.000000 0.000000 0.000000
vn -1.000000 0.000000 0.000000
vn -1.000000 0.000000 0.000000
vn -1.000000 0.000000 0.000000
vn -0.409231 0.568603 0.713597
vn -0.382573 0.818518 0.428563
vn 0.000000 0.782728 0.622364
vn 0.000000 0.922351 0.386352
vn -0.382573 0.818518 0.428563
vn -0.343060 0.915830 0.208723
vn 0.000000 0.922351 0.386352
vn 0.000000 0.976017 0.217694
vn -0.415206 0.343489 0.842389
vn -0.409231 0.568603 0.713597
vn 0.000000 0.534258 0.845322
vn 0.000000 0.782728 0.622364
vn -0.676149 -0.725147 -0.130324
vn -0.343060 0.915830 0.208723
vn -0.676463 -0.724921 -0.129953
vn -0.382573 0.818518 0.428563
vn -0.472914 -0.085050 0.876994
vn -0.428653 0.152759 0.890461
vn 0.000000 -0.103492 0.994630
vn 0.000000 0.178076 0.984017
vn -0.999664 -0.000146 0.025914
vn -0.978951 -0.007861 0.203945
vn -0.999458 -0.013523 0.030011
vn -0.966856 -0.094448 0.237210
vn -0.978951 -0.007861 0.203945
vn -0.976344 0.035875 0.213226
vn -0.472914 -0.085050 0.876994
vn -0.428653 0.152759 0.890461
vn 0.000000 -0.974047 0.226345
vn -0.175175 -0.958897 0.223229
vn 0.000000 -0.996494 0.083664
vn -0.166689 -0.982504 0.083075
vn -0.998559 -0.047117 0.025692
vn -1.000000 0.000000 0.000000
vn -0.999458 -0.013523 0.030011
vn -1.000000 0.000000 0.000000
vn -0.524520 -0.368428 0.767554
vn -0.472914 -0.085050 0.876994
vn 0.000000 -0.467840 0.883813
vn 0.000000 -0.103492 0.994630
vn -0.648337 -0.741306 0.173565
vn -0.334602 0.917562 -0.214759
vn -0.639857 -0.765696 0.065518
vn -0.324843 0.942056 -0.083711
vn -1.000000 0.000000 0.000000
vn -1.000000 0.000000 0.000000
vn -1.000000 0.000000 0.000000
vn -1.000000 0.000000 0.000000
vn -0.472914 -0.085050 0.876994
vn -0.524520 -0.368428 0.767554
vn -0.978951 -0.007861 0.203945
vn -0.966856 -0.094448 0.237210
vn 0.000000 -0.785841 0.618428
vn -0.557989 -0.637121 0.531718
vn 0.000000 -0.467840 0.883813
vn -0.524520 -0.368428 0.767554
vn -0.960105 -0.212093 0.182248
vn -0.966856 -0.094448 0.237210
vn -0.557989 -0.637121 0.531718
vn -0.524520 -0.368428 0.767554
vn -0.000001 -0.770329 0.637647
vn -0.175854 -0.758335 0.627697
vn 0.000000 -0.914897 0.403688
vn -0.179504 -0.900166 0.396836
vn -0.557989 -0.637121 0.531718
vn 0.000000 -0.785841 0.618428
vn -0.652173 -0.743837 0.146208
vn 0.000000 -0.973080 0.230466
vn -1.000000 0.000000 0.000000
vn -1.000000 0.000000 0.000000
vn -1.000000 0.000000 0.000000
vn -1.000000 0.000000 0.000000
vn -0.366815 0.718778 -0.590597
vn 0.000000 0.773051 -0.634344
vn -0.348082 0.859973 -0.373209
vn 0.000000 0.917902 -0.396806
vn -0.348082 0.859973 -0.373209
vn -0.647250 -0.697191 0.308208
vn -0.366815 0.718778 -0.590597
vn -0.639618 -0.591083 0.491436
vn -0.917557 -0.395942 0.036322
vn -0.960105 -0.212093 0.182248
vn -0.652173 -0.743837 0.146208
vn -0.557989 -0.637121 0.531718
vn -0.995481 -0.094846 0.004677
vn -0.998559 -0.047117 0.025692
vn -0.917557 -0.395942 0.036322
vn -0.960105 -0.212093 0.182248
vn -1.000000 0.000000 0.000000
vn -1.000000 0.000000 0.000000
vn -1.000000 0.000000 0.000000
vn -1.000000 0.000000 0.000000
vn -1.000000 0.000000 0.000000
vn -1.000000 0.000000 0.000000
vn -0.995481 -0.094846 0.004677
vn -0.998559 -0.047117 0.025692
vn 0.000000 -0.928037 0.372488
vn 0.000000 -0.939137 -0.343542
vn 0.498423 -0.804787 0.322324
vn 0.500695 -0.810330 -0.304417
vn -0.150338 -0.324440 0.933883
vn -0.162215 -0.524130 0.836047
vn 0.000000 -0.328365 0.944551
vn 0.000000 -0.531946 0.846778
vn -1.000000 0.000000 0.000000
vn -1.000000 0.000000 0.000000
vn -1.000000 0.000000 0.000000
vn -1.000000 0.000000 0.000000
vn -0.535474 0.116278 -0.836509
vn 0.000000 0.132121 -0.991234
vn -0.405076 0.454443 -0.793344
vn 0.000000 0.495826 -0.868422
vn -0.652545 -0.399986 0.643581
vn -0.763137 -0.211146 0.610769
vn -0.405076 0.454443 -0.793344
vn -0.535474 0.116278 -0.836509
vn -0.334602 0.917562 -0.214759
vn 0.000000 0.973952 -0.226756
vn -0.324843 0.942056 -0.083711
vn 0.000000 0.996162 -0.087532
vn -0.652173 -0.743837 0.146208
vn -0.571187 -0.820679 0.015193
vn -0.917557 -0.395942 0.036322
vn -0.902759 -0.430134 0.003365
vn -1.000000 0.000000 0.000000
vn -1.000000 0.000000 0.000000
vn -1.000000 0.000000 0.000000
vn -1.000000 0.000000 0.000000
vn -0.490007 -0.871448 -0.021699
vn -0.571187 -0.820679 0.015193
vn 0.000002 -0.999384 -0.035104
vn 0.000003 -0.999030 0.044046
vn -0.751707 -0.138161 -0.644863
vn -0.881338 -0.266137 -0.390402
vn 0.000000 -0.223303 -0.974749
vn 0.000000 -0.606324 -0.795218
vn -1.000000 0.000000 0.000000
vn -1.000000 0.000000 0.000000
vn -0.997590 -0.069360 -0.001676
vn -0.995481 -0.094846 0.004677
vn -0.442447 -0.875445 -0.194519
vn -0.689735 -0.724049 0.004275
vn -0.490007 -0.871448 -0.021699
vn 0.000000 -0.495606 0.868547
vn -0.175991 -0.478020 0.860537
vn 0.000000 -0.321262 0.946990
vn -0.156942 -0.313222 0.936622
vn -0.881338 -0.266137 -0.390402
vn -0.442447 -0.875445 -0.194519
vn 0.000000 -0.606324 -0.795218
vn 0.000000 -0.883043 -0.469292
vn -0.751707 -0.138161 -0.644863
vn -0.922132 -0.123966 0.366477
vn -0.881338 -0.266137 -0.390402
vn -0.977697 -0.094999 0.187306
vn -1.000000 0.000000 0.000000
vn -1.000000 0.000000 0.000000
vn -1.000000 0.000000 0.000000
vn -1.000000 0.000000 0.000000
vn -0.490007 -0.871448 -0.021699
vn -0.903131 -0.429248 -0.010004
vn -0.571187 -0.820679 0.015193
vn -0.902759 -0.430134 0.003365
vn -1.000000 0.000000 0.000000
vn -1.000000 0.000000 0.000000
vn -1.000000 0.000000 0.000000
vn -1.000000 0.000000 0.000000
vn -0.977697 -0.094999 0.187306
vn -0.649511 -0.719335 0.246360
vn -0.881338 -0.266137 -0.390402
vn -0.442447 -0.875445 -0.194519
vn -0.930666 -0.365846 -0.004149
vn -0.903131 -0.429248 -0.010004
vn -0.689735 -0.724049 0.004275
vn -0.490007 -0.871448 -0.021699
vn -0.649511 -0.719335 0.246360
vn -0.673758 -0.729815 0.115847
vn -0.442447 -0.875445 -0.194519
vn -0.689735 -0.724049 0.004275
vn 0.000000 -0.752084 0.659067
vn -0.191158 -0.736644 0.648702
vn 0.000000 -0.495606 0.868547
vn -0.175991 -0.478020 0.860537
vn -0.673758 -0.729815 0.115847
vn -0.928165 -0.365088 0.072252
vn -0.689735 -0.724049 0.004275
vn -0.930666 -0.365846 -0.004149
vn 0.000000 -0.752084 0.659067
vn 0.000000 -0.897782 0.440440
vn -0.191158 -0.736644 0.648702
vn -0.187820 -0.883569 0.428987
vn -0.649511 -0.719335 0.246360
vn -0.567648 -0.734498 0.371871
vn -0.673758 -0.729815 0.115847
vn -0.819379 -0.501657 0.277412
vn 0.000000 -0.992808 0.119721
vn -0.178774 -0.976689 0.118822
vn 0.000000 -0.897782 0.440440
vn -0.187820 -0.883569 0.428987
vn -0.673758 -0.729815 0.115847
vn -0.819379 -0.501657 0.277412
vn -0.928165 -0.365088 0.072252
vn -0.919456 -0.348505 0.182056
vn -0.572137 -0.812801 0.109610
vn -0.793028 -0.604245 0.077433
vn -0.567648 -0.734498 0.371871
vn -0.819379 -0.501657 0.277412
vn 0.000000 -0.996610 -0.082275
vn -0.171704 -0.983284 -0.060577
vn 0.000000 -0.992808 0.119721
vn -0.178774 -0.976689 0.118822
vn -0.896404 -0.440625 0.048055
vn -0.983902 -0.175254 0.034979
vn -0.919456 -0.348505 0.182056
vn -0.990153 -0.119841 0.072356
vn -0.580854 -0.813522 0.028132
vn -0.754807 -0.655670 0.019073
vn -0.572137 -0.812801 0.109610
vn -0.793028 -0.604245 0.077433
vn 0.000000 -0.999096 -0.042506
vn -0.314134 -0.948221 -0.046873
vn 0.000000 -0.876939 -0.480601
vn -0.264165 -0.843462 -0.467749
vn -0.881884 -0.471466 -0.000104
vn -0.985158 -0.171649 0.000392
vn -0.896404 -0.440625 0.048055
vn -0.983902 -0.175254 0.034979
vn -0.316233 -0.948678 -0.002513
vn -0.314134 -0.948221 -0.046873
vn 0.000000 -0.999995 -0.003065
vn 0.000000 -0.999096 -0.042506
vn -0.657002 -0.753630 0.019763
vn -0.754807 -0.655670 0.019073
vn -0.686837 -0.726010 0.034114
vn -0.580854 -0.813522 0.028132
vn -0.997590 -0.069360 -0.001676
vn -0.998551 -0.053819 0.000434
vn -1.000000 0.000000 0.000000
vn -1.000000 0.000000 0.000000
vn -0.101087 -0.096393 0.990197
vn -0.107493 -0.179585 0.977852
vn -0.000008 -0.042631 0.999091
vn -0.003750 -0.056366 0.998403
vn -0.092293 -0.058221 0.994028
vn -0.985700 -0.168505 0.000935
vn -0.101087 -0.096393 0.990197
vn -0.882050 -0.471153 0.001730
vn -1.000000 0.000000 0.000000
vn -1.000000 0.000000 0.000000
vn -1.000000 0.000000 0.000000
vn -1.000000 0.000000 0.000000
vn -0.998551 -0.053819 0.000434
vn -0.998639 -0.052148 0.000594
vn -1.000000 0.000000 0.000000
vn -1.000000 0.000000 0.000000
vn -0.928165 -0.365088 0.072252
vn -0.996212 -0.079713 0.034760
vn -0.930666 -0.365846 -0.004149
vn -0.998639 -0.052148 0.000594
vn -1.000000 0.000000 0.000000
vn -1.000000 0.000000 0.000000
vn -1.000000 0.000000 0.000000
vn -1.000000 0.000000 0.000000
vn 0.000007 -0.042640 0.999090
vn 0.000130 -0.033548 0.999437
vn -0.081772 -0.041565 0.995784
vn -0.085220 -0.032704 0.995825
vn -1.000000 0.000000 0.000000
vn -1.000000 0.000000 0.000000
vn -1.000000 0.000000 0.000000
vn -1.000000 0.000000 0.000000
vn -0.996212 -0.079713 0.034760
vn -1.000000 0.000000 0.000000
vn -0.998639 -0.052148 0.000594
vn -1.000000 0.000000 0.000000
vn -1.000000 0.000000 0.000000
vn -1.000000 0.000000 0.000000
vn -1.000000 0.000000 0.000000
vn -1.000000 0.000000 0.000000
vn -1.000000 0.000000 0.000000
vn -1.000000 0.000000 0.000000
vn -1.000000 0.000000 0.000000
vn -1.000000 0.000000 0.000000
vn -1.000000 0.000000 0.000000
vn -1.000000 0.000000 0.000000
vn -1.000000 0.000000 0.000000
vn -1.000000 0.000000 0.000000
vn -0.928165 -0.365088 0.072252
vn -0.919456 -0.348505 0.182056
vn -0.996212 -0.079713 0.034760
vn -0.990153 -0.119841 0.072356
vn -0.996212 -0.079713 0.034760
vn -0.990153 -0.119841 0.072356
vn -1.000000 0.000000 0.000000
vn -0.999310 0.004531 0.036869
vn -0.998803 0.005206 0.048628
vn -1.000000 0.000000 0.000000
vn -0.999310 0.004531 0.036869
vn -1.000000 0.000000 0.000000
vn -1.000000 0.000000 0.000000
vn -1.000000 0.000000 0.000000
vn -0.998737 0.004919 0.050006
vn -0.998803 0.005206 0.048628
vn -0.983902 -0.175254 0.034979
vn -0.999303 0.011115 0.035649
vn -0.990153 -0.119841 0.072356
vn -0.999310 0.004531 0.036869
vn -0.998803 0.005206 0.048628
vn -0.999310 0.004531 0.036869
vn -0.999262 0.010590 0.036915
vn -0.999303 0.011115 0.035649
vn -0.998737 0.004919 0.050006
vn -0.998803 0.005206 0.048628
vn -0.999110 0.008452 0.041335
vn -0.999262 0.010590 0.036915
vn -0.985158 -0.171649 0.000392
vn -0.999936 0.011321 0.000532
vn -0.983902 -0.175254 0.034979
vn -0.999303 0.011115 0.035649
vn -0.999936 0.011321 0.000532
vn -0.999937 0.011214 0.000506
vn -0.999303 0.011115 0.035649
vn -0.999262 0.010590 0.036915
vn -0.999937 0.011214 0.000506
vn -0.999971 0.007577 0.000509
vn -0.999262 0.010590 0.036915
vn -0.999110 0.008452 0.041335
vn -0.081772 -0.041565 0.995784
vn -0.999936 0.011321 0.000526
vn -0.092293 -0.058221 0.994028
vn -0.985700 -0.168505 0.000935
vn -0.085220 -0.032704 0.995825
vn -0.999938 0.011122 0.000529
vn -0.081772 -0.041565 0.995784
vn -0.999936 0.011321 0.000526
vn -0.084191 -0.026643 0.996093
vn -0.999970 0.007711 0.000537
vn -0.085220 -0.032704 0.995825
vn -0.999938 0.011122 0.000529
vn -1.000000 0.000000 0.000000
vn -1.000000 0.000001 0.000000
vn -1.000000 0.000000 0.000000
vn -1.000000 0.000001 0.000000
vn -0.150251 -0.757430 0.635393
vn -0.155312 -0.546453 0.822963
vn 0.000000 -0.761093 0.648643
vn 0.000000 -0.537948 0.842978
vn 0.851088 0.277828 -0.445489
vn 0.809373 0.347743 -0.473275
vn -0.936763 0.187294 -0.295628
vn -0.902331 0.279847 -0.327848
vn -1.000000 0.000001 0.000000
vn -1.000000 0.000001 0.000000
vn -1.000000 0.000001 0.000000
vn -1.000000 0.000001 0.000000
vn -0.902331 0.279847 -0.327848
vn 0.809373 0.347743 -0.473275
vn -0.603175 0.605887 -0.518730
vn 0.741247 0.483995 -0.465083
vn -1.000000 0.000000 0.000000
vn -1.000000 0.000000 0.000000
vn -1.000000 0.000001 0.000000
vn -1.000000 0.000001 0.000000
vn -0.240829 -0.835240 -0.494344
vn -0.226843 -0.557760 -0.798402
vn -0.823052 -0.482055 -0.300348
vn -0.950159 -0.176377 -0.257078
vn -0.226843 -0.557760 -0.798402
vn -0.217305 -0.165097 -0.962040
vn -0.950159 -0.176377 -0.257078
vn -0.919786 -0.065011 -0.386997
vn 0.706598 0.643224 -0.294926
vn -0.382483 0.852480 -0.356350
vn 0.741247 0.483995 -0.465083
vn -0.603175 0.605887 -0.518730
vn -0.823052 -0.482055 -0.300348
vn -0.684279 -0.700681 -0.202009
vn -0.240829 -0.835240 -0.494344
vn -0.256237 -0.934929 -0.245459
vn -0.382483 0.852480 -0.356350
vn -1.000000 0.000000 0.000000
vn -0.603175 0.605887 -0.518730
vn -1.000000 0.000000 0.000000
vn 0.199510 0.851896 -0.484221
vn -0.364472 0.258537 -0.894606
vn 0.619861 0.707687 -0.339044
vn -0.190901 0.926526 -0.324201
vn -0.840699 0.184289 -0.509179
vn -1.000000 0.000000 0.000000
vn -0.880708 0.066685 -0.468941
vn -1.000000 0.000001 0.000000
vn -0.854683 -0.108155 0.507760
vn -0.552889 -0.172706 0.815161
vn -0.841391 -0.146450 0.520206
vn -0.533587 -0.224252 0.815473
vn -0.214591 0.148381 -0.965367
vn -0.880708 0.066685 -0.468941
vn -0.217305 -0.165097 -0.962040
vn -0.919786 -0.065011 -0.386997
vn -0.996990 -0.016072 0.075846
vn -0.854683 -0.108155 0.507760
vn -0.996401 -0.023038 0.081575
vn -0.841391 -0.146450 0.520206
vn -1.000000 0.000000 0.000000
vn -0.684279 -0.700681 -0.202009
vn -1.000000 0.000000 0.000000
vn -0.823052 -0.482055 -0.300348
vn 0.199510 0.851896 -0.484221
vn -0.263249 -0.830547 -0.490807
vn -0.364472 0.258537 -0.894606
vn -0.598662 -0.682805 -0.418784
vn -0.245231 -0.247885 0.937238
vn -0.270026 -0.195177 0.942864
vn 0.000000 -0.248011 0.968757
vn 0.000000 -0.198761 0.980048
vn -0.215559 0.343557 -0.914059
vn -0.840699 0.184289 -0.509179
vn -0.214591 0.148381 -0.965367
vn -0.880708 0.066685 -0.468941
vn -1.000000 0.000000 0.000000
vn -0.996990 -0.016072 0.075846
vn -1.000000 0.000000 0.000000
vn -0.996401 -0.023038 0.081575
vn -0.880708 0.066685 -0.468941
vn -1.000000 0.000001 0.000000
vn -0.919786 -0.065011 -0.386997
vn -1.000000 0.000001 0.000000
vn -0.861406 -0.083666 0.500979
vn -0.561143 -0.140294 0.815743
vn -0.854683 -0.108155 0.507760
vn -0.552889 -0.172706 0.815161
vn -0.997557 -0.010923 0.069001
vn -0.861406 -0.083666 0.500979
vn -0.996990 -0.016072 0.075846
vn -0.854683 -0.108155 0.507760
vn -0.270026 -0.195177 0.942864
vn -0.284359 -0.161480 0.945021
vn 0.000000 -0.198761 0.980048
vn 0.000000 -0.165426 0.986222
vn -1.000000 0.000000 0.000000
vn -1.000000 0.000000 0.000000
vn -1.000000 0.000000 0.000000
vn -1.000000 0.000000 0.000000
vn -0.848366 0.181807 -0.497214
vn -1.000000 0.000000 0.000000
vn -0.849330 0.198222 -0.489231
vn -1.000000 0.000000 0.000000
vn -0.296324 0.327858 -0.897051
vn -0.848366 0.181807 -0.497214
vn -0.283426 0.365494 -0.886614
vn -0.849330 0.198222 -0.489231
vn -0.996990 -0.016072 0.075846
vn -1.000000 0.000000 0.000000
vn -0.997557 -0.010923 0.069001
vn -1.000000 0.000000 0.000000
vn -1.000000 0.000000 0.000000
vn -1.000000 0.000000 0.000000
vn -1.000000 0.000000 0.000000
vn -1.000000 0.000000 0.000000
vn -0.846058 0.132230 -0.516431
vn -1.000000 0.000000 0.000000
vn -0.848366 0.181807 -0.497214
vn -1.000000 0.000000 0.000000
vn -0.305133 0.233118 -0.923336
vn -0.846058 0.132230 -0.516431
vn -0.296324 0.327858 -0.897051
vn -0.848366 0.181807 -0.497214
vn 0.000002 -0.042635 0.999091
vn 0.000007 -0.042640 0.999090
vn -0.092293 -0.058221 0.994028
vn -0.081772 -0.041565 0.995784
vn -0.000008 -0.042631 0.999091
vn 0.000002 -0.042635 0.999091
vn -0.101087 -0.096393 0.990197
vn -0.092293 -0.058221 0.994028
vn 0.000000 -0.998390 -0.056721
vn -0.160385 -0.985399 -0.057144
vn 0.000000 -0.985379 -0.170376
vn -0.156008 -0.973142 -0.169283
vn -0.646705 -0.760729 -0.055358
vn -0.334600 0.940798 0.054237
vn -0.676149 -0.725147 -0.130324
vn -0.343060 0.915830 0.208723
vn -0.334600 0.940798 0.054237
vn 0.000000 0.997636 0.068714
vn -0.343060 0.915830 0.208723
vn 0.000000 0.976017 0.217694
vn -0.409231 0.568603 0.713597
vn -0.415206 0.343489 0.842389
vn -0.697951 -0.623293 0.352662
vn -0.896687 -0.218498 0.384981
vn -0.402694 0.312993 0.860159
vn -0.415206 0.343489 0.842389
vn 0.000000 0.386141 0.922440
vn 0.000000 0.534258 0.845322
vn -0.428653 0.152759 0.890461
vn -0.402694 0.312993 0.860159
vn 0.000000 0.178076 0.984017
vn 0.000000 0.386141 0.922440
vn -0.402694 0.312993 0.860159
vn -0.969952 -0.008976 0.243130
vn -0.415206 0.343489 0.842389
vn -0.896687 -0.218498 0.384981
vn -0.490007 -0.871448 -0.021699
vn 0.000002 -0.999384 -0.035104
vn -0.442447 -0.875445 -0.194519
vn 0.000000 -0.883043 -0.469292
vn -0.543532 0.043793 0.838245
vn -0.559780 -0.076482 0.825104
vn -0.850390 0.036771 0.524867
vn -0.861177 -0.040303 0.506705
vn -0.997992 -0.003901 0.063217
vn -0.998357 0.005100 0.057069
vn -0.861177 -0.040303 0.506705
vn -0.850390 0.036771 0.524867
vn 0.000000 0.046091 0.998937
vn 0.000000 -0.093710 0.995600
vn -0.294915 0.041379 0.954627
vn -0.293309 -0.092011 0.951580
vn -0.998357 0.005100 0.057069
vn -0.997992 -0.003901 0.063217
vn -1.000000 0.000000 0.000000
vn -1.000000 0.000000 0.000000
vn -1.000000 0.000000 0.000000
vn -1.000000 0.000000 0.000000
vn -1.000000 0.000000 0.000000
vn -1.000000 0.000000 0.000000
vn -0.844140 0.031541 -0.535194
vn -0.856264 -0.072154 -0.511474
vn -1.000000 0.000000 0.000000
vn -1.000000 0.000000 0.000000
vn -0.312267 0.059108 -0.948154
vn -0.320423 -0.120125 -0.939627
vn -0.844140 0.031541 -0.535194
vn -0.856264 -0.072154 -0.511474
vn -1.000000 0.000001 0.000000
vn -1.000000 0.000001 0.000000
vn -1.000000 0.000001 0.000000
vn -1.000000 0.000001 0.000000
vn -1.000000 0.000000 0.000000
vn -1.000000 0.000001 0.000000
vn -1.000000 0.000000 0.000000
vn -1.000000 0.000001 0.000000
vn -1.000000 0.000000 0.000000
vn -1.000000 0.000000 0.000000
vn -0.998559 -0.047117 0.025692
vn -1.000000 0.000000 0.000000
vn -1.000000 0.000000 0.000000
vn -1.000000 0.000000 0.000000
vn -1.000000 0.000000 0.000000
vn -1.000000 0.000000 0.000000
vn -1.000000 0.000000 0.000000
vn -1.000000 0.000000 0.000000
vn -1.000000 0.000000 0.000000
vn -1.000000 0.000000 0.000000
vn -0.966856 -0.094448 0.237210
vn -0.960105 -0.212093 0.182248
vn -0.999458 -0.013523 0.030011
vn -0.998559 -0.047117 0.025692
vn -0.995613 -0.034362 0.087027
vn -0.825963 -0.214062 0.521501
vn -0.995624 -0.044503 0.082177
vn -0.843151 -0.277427 0.460577
vn -0.825963 -0.214062 0.521501
vn -0.504845 -0.333415 0.796220
vn -0.843151 -0.277427 0.460577
vn -0.492249 -0.480810 0.725612
vn -1.000000 0.000000 0.000000
vn -0.995613 -0.034362 0.087027
vn -1.000000 0.000000 0.000000
vn -0.995624 -0.044503 0.082177
vn -0.155312 -0.546453 0.822963
vn -0.202370 -0.369216 0.907042
vn 0.000000 -0.537948 0.842978
vn 0.000000 -0.364151 0.931340
vn -1.000000 0.000000 0.000000
vn -1.000000 0.000000 0.000000
vn -1.000000 0.000000 0.000000
vn -1.000000 0.000000 0.000000
vn -0.846911 0.199912 -0.492723
vn -1.000000 0.000000 0.000000
vn -0.852756 0.188982 -0.486922
vn -1.000000 0.000000 0.000000
vn -0.262878 0.372564 -0.889995
vn -0.846911 0.199912 -0.492723
vn -0.241548 0.363705 -0.899652
vn -0.852756 0.188982 -0.486922
vn -1.000000 0.000000 0.000000
vn -1.000000 0.000000 0.000000
vn -1.000000 0.000000 0.000000
vn -1.000000 0.000000 0.000000
vn -1.000000 0.000000 0.000000
vn -1.000000 0.000000 0.000000
vn -1.000000 0.000000 0.000000
vn -1.000000 0.000000 0.000000
vn -1.000000 0.000000 0.000000
vn -1.000000 0.000000 0.000000
vn -1.000000 0.000000 0.000000
vn -1.000000 0.000000 0.000000
vn -1.000000 0.000000 0.000000
vn -1.000000 0.000000 0.000000
vn -1.000000 0.000000 0.000000
vn -1.000000 0.000000 0.000000
vn -0.995336 -0.042021 0.086835
vn -0.999574 0.002687 0.029061
vn -1.000000 0.000000 0.000000
vn -1.000000 0.000001 0.000000
vn -1.000000 0.000000 0.000000
vn -1.000000 0.000000 0.000000
vn -1.000000 0.000000 0.000000
vn -1.000000 0.000000 0.000000
vn -1.000000 0.000000 0.000000
vn -1.000000 0.000000 0.000000
vn -1.000000 0.000000 0.000000
vn -1.000000 0.000000 0.000000
vn -0.852756 0.188982 -0.486922
vn -1.000000 0.000000 0.000000
vn -0.840699 0.184289 -0.509179
vn -1.000000 0.000000 0.000000
vn -0.241548 0.363705 -0.899652
vn -0.852756 0.188982 -0.486922
vn -0.215559 0.343557 -0.914059
vn -0.840699 0.184289 -0.509179
vn -0.995336 -0.042021 0.086835
vn -1.000000 0.000000 0.000000
vn -0.995624 -0.044503 0.082177
vn -1.000000 0.000000 0.000000
vn 0.851088 0.277828 -0.445489
vn -0.936763 0.187294 -0.295628
vn 0.739350 0.363169 -0.566983
vn -0.929846 0.191733 -0.314045
vn -0.003750 -0.056366 0.998403
vn -0.012296 -0.048980 0.998724
vn 0.000000 -0.042661 0.999090
vn 0.000000 -0.042630 0.999091
vn -0.084191 -0.026643 0.996093
vn -0.085220 -0.032704 0.995825
vn 0.000202 -0.027682 0.999617
vn 0.000130 -0.033548 0.999437
vn 0.000002 -0.042635 0.999091
vn -0.000008 -0.042631 0.999091
vn 0.000000 -0.042619 0.999091
vn 0.000000 -0.042622 0.999091
vn 0.000202 -0.027682 0.999617
vn 0.000130 -0.033548 0.999437
vn 0.000000 -0.027959 0.999609
vn 0.000000 -0.033577 0.999436
vn 0.000130 -0.033548 0.999437
vn 0.000007 -0.042640 0.999090
vn 0.000000 -0.033577 0.999436
vn 0.000000 -0.042646 0.999090
vn 0.000007 -0.042640 0.999090
vn 0.000002 -0.042635 0.999091
vn 0.000000 -0.042646 0.999090
vn 0.000000 -0.042619 0.999091
vn -0.101087 -0.096393 0.990197
vn -0.882050 -0.471153 0.001730
vn -0.107493 -0.179585 0.977852
vn -0.641505 -0.767115 0.002573
vn -0.754807 -0.655670 0.019073
vn -0.881884 -0.471466 -0.000104
vn -0.793028 -0.604245 0.077433
vn -0.896404 -0.440625 0.048055
vn -0.919456 -0.348505 0.182056
vn -0.819379 -0.501657 0.277412
vn -0.896404 -0.440625 0.048055
vn -0.793028 -0.604245 0.077433
vn -0.012296 -0.048980 0.998724
vn -0.003750 -0.056366 0.998403
vn -0.155821 -0.237801 0.958734
vn -0.107493 -0.179585 0.977852
vn -0.000008 -0.042631 0.999091
vn -0.003750 -0.056366 0.998403
vn 0.000000 -0.042622 0.999091
vn 0.000000 -0.042661 0.999090
vn -0.998551 -0.053819 0.000434
vn -0.903131 -0.429248 -0.010004
vn -0.998639 -0.052148 0.000594
vn -0.930666 -0.365846 -0.004149
vn -0.902759 -0.430134 0.003365
vn -0.903131 -0.429248 -0.010004
vn -0.997590 -0.069360 -0.001676
vn -0.998551 -0.053819 0.000434
vn -0.997590 -0.069360 -0.001676
vn -0.995481 -0.094846 0.004677
vn -0.902759 -0.430134 0.003365
vn -0.917557 -0.395942 0.036322
vn -1.000000 0.000000 0.000000
vn -0.823052 -0.482055 -0.300348
vn -1.000000 0.000000 0.000000
vn -0.950159 -0.176377 -0.257078
vn -1.000000 0.000000 0.000000
vn -1.000000 0.000000 0.000000
vn -1.000000 0.000000 0.000000
vn -1.000000 0.000000 0.000000
vn -1.000000 0.000000 0.000000
vn -1.000000 0.000000 0.000000
vn -1.000000 0.000000 0.000000
vn -1.000000 0.000000 0.000000
vn -1.000000 0.000000 0.000000
vn -1.000000 0.000000 0.000000
vn -1.000000 0.000000 0.000000
vn -1.000000 0.000000 0.000000
vn -0.950159 -0.176377 -0.257078
vn -0.919786 -0.065011 -0.386997
vn -1.000000 0.000000 0.000000
vn -1.000000 0.000001 0.000000
vn -1.000000 0.000000 0.000000
vn -1.000000 0.000000 0.000000
vn -1.000000 0.000000 0.000000
vn -1.000000 0.000000 0.000000
vn 0.000000 -0.459468 0.888194
vn 0.000000 0.046091 0.998937
vn -0.269198 -0.414471 0.869337
vn -0.294915 0.041379 0.954627
vn -0.505922 -0.277312 0.816787
vn -0.543532 0.043793 0.838245
vn -0.760197 -0.386316 0.522361
vn -0.850390 0.036771 0.524867
vn -0.998357 0.005100 0.057069
vn -0.801126 -0.596072 0.053802
vn -0.850390 0.036771 0.524867
vn -0.760197 -0.386316 0.522361
vn -0.801126 -0.596072 0.053802
vn -0.998357 0.005100 0.057069
vn -0.817336 -0.576123 -0.006698
vn -1.000000 0.000000 0.000000
vn -0.817336 -0.576123 -0.006698
vn -1.000000 0.000000 0.000000
vn -0.827093 -0.561998 -0.008736
vn -1.000000 0.000000 0.000000
vn -1.000000 0.000000 0.000000
vn -0.907500 -0.415691 0.060375
vn -1.000000 0.000000 0.000000
vn -0.827093 -0.561998 -0.008736
vn -0.856264 -0.072154 -0.511474
vn -0.813248 -0.283757 -0.508046
vn -1.000000 0.000000 0.000000
vn -0.907500 -0.415691 0.060375
vn -0.320423 -0.120125 -0.939627
vn -0.303087 -0.456396 -0.836565
vn -0.856264 -0.072154 -0.511474
vn -0.813248 -0.283757 -0.508046
vn -0.902331 0.279847 -0.327848
vn -1.000000 0.000000 0.000000
vn -1.000000 0.000000 0.000000
vn -1.000000 0.000000 0.000000
vn -1.000000 0.000000 0.000000
vn -1.000000 0.000000 0.000000
vn -0.950159 -0.176377 -0.257078
vn -1.000000 0.000000 0.000000
vn -0.684279 -0.700681 -0.202009
vn -0.584043 -0.809466 -0.060486
vn -0.256237 -0.934929 -0.245459
vn -0.235127 -0.968983 -0.076068
vn -1.000000 0.000000 0.000000
vn -0.584043 -0.809466 -0.060486
vn -1.000000 0.000000 0.000000
vn -0.684279 -0.700681 -0.202009
vn -0.382483 0.852480 -0.356350
vn -0.188073 0.982139 -0.005621
vn -1.000000 0.000000 0.000000
vn -1.000000 0.000000 0.000000
vn 0.675295 0.737378 -0.015831
vn -0.188073 0.982139 -0.005621
vn 0.706598 0.643224 -0.294926
vn -0.382483 0.852480 -0.356350
vn -0.584043 -0.809466 -0.060486
vn -0.598662 -0.682805 -0.418784
vn -0.235127 -0.968983 -0.076068
vn -0.263249 -0.830547 -0.490807
vn -0.364472 0.258537 -0.894606
vn -0.598662 -0.682805 -0.418784
vn -1.000000 0.000000 0.000000
vn -0.584043 -0.809466 -0.060486
vn -0.188073 0.982139 -0.005621
vn -0.190901 0.926526 -0.324201
vn -1.000000 0.000000 0.000000
vn -0.364472 0.258537 -0.894606
vn 0.619861 0.707687 -0.339044
vn -0.190901 0.926526 -0.324201
vn 0.675295 0.737378 -0.015831
vn -0.188073 0.982139 -0.005621
vn -0.751707 -0.138161 -0.644863
vn 0.000000 -0.223303 -0.974749
vn -0.535474 0.116278 -0.836509
vn 0.000000 0.132121 -0.991234
vn -0.922132 -0.123966 0.366477
vn -0.751707 -0.138161 -0.644863
vn -0.763137 -0.211146 0.610769
vn -0.535474 0.116278 -0.836509
vn -0.156942 -0.313222 0.936622
vn -0.150338 -0.324440 0.933883
vn 0.000000 -0.321262 0.946990
vn 0.000000 -0.328365 0.944551
vn -0.405076 0.454443 -0.793344
vn 0.000000 0.495826 -0.868422
vn -0.366815 0.718778 -0.590597
vn 0.000000 0.773051 -0.634344
vn -0.639618 -0.591083 0.491436
vn -0.652545 -0.399986 0.643581
vn -0.366815 0.718778 -0.590597
vn -0.405076 0.454443 -0.793344
vn -0.162215 -0.524130 0.836047
vn -0.175854 -0.758335 0.627697
vn 0.000000 -0.531946 0.846778
vn -0.000001 -0.770329 0.637647
vn -0.348082 0.859973 -0.373209
vn 0.000000 0.917902 -0.396806
vn -0.334602 0.917562 -0.214759
vn 0.000000 0.973952 -0.226756
vn -0.647250 -0.697191 0.308208
vn -0.348082 0.859973 -0.373209
vn -0.648337 -0.741306 0.173565
vn -0.334602 0.917562 -0.214759
vn 0.000000 -0.914897 0.403688
vn -0.179504 -0.900166 0.396836
vn 0.000000 -0.974047 0.226345
vn -0.175175 -0.958897 0.223229
vn -0.324843 0.942056 -0.083711
vn 0.000000 0.996162 -0.087532
vn -0.334600 0.940798 0.054237
vn 0.000000 0.997636 0.068714
vn -0.639857 -0.765696 0.065518
vn -0.324843 0.942056 -0.083711
vn -0.646705 -0.760729 -0.055358
vn -0.334600 0.940798 0.054237
vn 0.000000 -0.996494 0.083664
vn -0.166689 -0.982504 0.083075
vn 0.000000 -0.998390 -0.056721
vn -0.160385 -0.985399 -0.057144
vn -0.283426 0.365494 -0.886614
vn -0.849330 0.198222 -0.489231
vn -0.262878 0.372564 -0.889995
vn -0.846911 0.199912 -0.492723
vn -0.849330 0.198222 -0.489231
vn -1.000000 0.000000 0.000000
vn -0.846911 0.199912 -0.492723
vn -1.000000 0.000000 0.000000
vn -1.000000 0.000000 0.000000
vn -1.000000 0.000000 0.000000
vn -1.000000 0.000000 0.000000
vn -1.000000 0.000000 0.000000
vn -1.000000 0.000000 0.000000
vn -1.000000 0.000000 0.000000
vn -1.000000 0.000000 0.000000
vn -1.000000 0.000000 0.000000
vn -1.000000 0.000000 0.000000
vn -0.996401 -0.023038 0.081575
vn -1.000000 0.000000 0.000000
vn -0.995613 -0.034362 0.087027
vn -0.996401 -0.023038 0.081575
vn -0.841391 -0.146450 0.520206
vn -0.995613 -0.034362 0.087027
vn -0.825963 -0.214062 0.521501
vn -0.841391 -0.146450 0.520206
vn -0.533587 -0.224252 0.815473
vn -0.825963 -0.214062 0.521501
vn -0.504845 -0.333415 0.796220
vn -0.202370 -0.369216 0.907042
vn -0.245231 -0.247885 0.937238
vn 0.000000 -0.364151 0.931340
vn 0.000000 -0.248011 0.968757
vn -0.284359 -0.161480 0.945021
vn -0.293309 -0.092011 0.951580
vn 0.000000 -0.165426 0.986222
vn 0.000000 -0.093710 0.995600
vn -0.861177 -0.040303 0.506705
vn -0.559780 -0.076482 0.825104
vn -0.861406 -0.083666 0.500979
vn -0.561143 -0.140294 0.815743
vn -0.997992 -0.003901 0.063217
vn -0.861177 -0.040303 0.506705
vn -0.997557 -0.010923 0.069001
vn -0.861406 -0.083666 0.500979
vn -1.000000 0.000000 0.000000
vn -0.997992 -0.003901 0.063217
vn -1.000000 0.000000 0.000000
vn -0.997557 -0.010923 0.069001
vn -1.000000 0.000000 0.000000
vn -1.000000 0.000000 0.000000
vn -1.000000 0.000000 0.000000
vn -1.000000 0.000000 0.000000
vn -1.000000 0.000000 0.000000
vn -1.000000 0.000000 0.000000
vn -1.000000 0.000000 0.000000
vn -1.000000 0.000000 0.000000
vn -0.844140 0.031541 -0.535194
vn -1.000000 0.000000 0.000000
vn -0.846058 0.132230 -0.516431
vn -1.000000 0.000000 0.000000
vn -0.312267 0.059108 -0.948154
vn -0.844140 0.031541 -0.535194
vn -0.305133 0.233118 -0.923336
vn -0.846058 0.132230 -0.516431
vn 0.000000 -0.618032 -0.786153
vn -0.100050 -0.656546 -0.747621
vn 0.000000 -0.996610 -0.082275
vn -0.171704 -0.983284 -0.060577
vn -0.721663 -0.668398 -0.180129
vn -0.985996 -0.166059 0.015363
vn -0.580854 -0.813522 0.028132
vn -0.686837 -0.726010 0.034114
vn -0.012296 -0.048980 0.998724
vn -0.004088 -0.041683 0.999123
vn 0.000000 -0.042630 0.999091
vn 0.000000 -0.042616 0.999092
vn -0.004088 -0.041683 0.999123
vn -0.071769 -0.252968 0.964809
vn 0.000000 -0.042616 0.999092
vn -0.000001 -0.248732 0.968572
vn -0.721663 -0.668398 -0.180129
vn -0.863449 -0.290309 -0.412525
vn -0.985996 -0.166059 0.015363
vn -0.900887 -0.431510 -0.046927
vn 0.000000 -0.876939 -0.480601
vn -0.264165 -0.843462 -0.467749
vn 0.000000 -0.618032 -0.786153
vn -0.100050 -0.656546 -0.747621
vn -0.269198 -0.414471 0.869337
vn -0.294915 0.041379 0.954627
vn -0.505922 -0.277312 0.816787
vn -0.543532 0.043793 0.838245
vn -0.543532 0.043793 0.838245
vn -0.294915 0.041379 0.954627
vn -0.559780 -0.076482 0.825104
vn -0.293309 -0.092011 0.951580
vn -0.559780 -0.076482 0.825104
vn -0.293309 -0.092011 0.951580
vn -0.561143 -0.140294 0.815743
vn -0.284359 -0.161480 0.945021
vn -0.561143 -0.140294 0.815743
vn -0.284359 -0.161480 0.945021
vn -0.552889 -0.172706 0.815161
vn -0.270026 -0.195177 0.942864
vn -0.552889 -0.172706 0.815161
vn -0.270026 -0.195177 0.942864
vn -0.533587 -0.224252 0.815473
vn -0.245231 -0.247885 0.937238
vn -0.533587 -0.224252 0.815473
vn -0.245231 -0.247885 0.937238
vn -0.504845 -0.333415 0.796220
vn -0.202370 -0.369216 0.907042
vn -0.504845 -0.333415 0.796220
vn -0.202370 -0.369216 0.907042
vn -0.492249 -0.480810 0.725612
vn -0.155312 -0.546453 0.822963
vn -0.492249 -0.480810 0.725612
vn -0.155312 -0.546453 0.822963
vn -0.544735 -0.597906 0.588023
vn -0.150251 -0.757430 0.635393
vn -0.177393 -0.980421 0.085478
vn -0.697951 -0.623293 0.352662
vn -0.150251 -0.757430 0.635393
vn -0.544735 -0.597906 0.588023
vn -0.150352 -0.951775 -0.267429
vn -0.676463 -0.724921 -0.129953
vn -0.177393 -0.980421 0.085478
vn -0.697951 -0.623293 0.352662
vn -0.156008 -0.973142 -0.169283
vn -0.676149 -0.725147 -0.130324
vn -0.150352 -0.951775 -0.267429
vn -0.676463 -0.724921 -0.129953
vn -0.160385 -0.985399 -0.057144
vn -0.646705 -0.760729 -0.055358
vn -0.156008 -0.973142 -0.169283
vn -0.676149 -0.725147 -0.130324
vn -0.166689 -0.982504 0.083075
vn -0.639857 -0.765696 0.065518
vn -0.160385 -0.985399 -0.057144
vn -0.646705 -0.760729 -0.055358
vn -0.175175 -0.958897 0.223229
vn -0.648337 -0.741306 0.173565
vn -0.166689 -0.982504 0.083075
vn -0.639857 -0.765696 0.065518
vn -0.179504 -0.900166 0.396836
vn -0.647250 -0.697191 0.308208
vn -0.175175 -0.958897 0.223229
vn -0.648337 -0.741306 0.173565
vn -0.175854 -0.758335 0.627697
vn -0.639618 -0.591083 0.491436
vn -0.179504 -0.900166 0.396836
vn -0.647250 -0.697191 0.308208
vn -0.652545 -0.399986 0.643581
vn -0.639618 -0.591083 0.491436
vn -0.162215 -0.524130 0.836047
vn -0.175854 -0.758335 0.627697
vn -0.763137 -0.211146 0.610769
vn -0.652545 -0.399986 0.643581
vn -0.150338 -0.324440 0.933883
vn -0.162215 -0.524130 0.836047
vn -0.156942 -0.313222 0.936622
vn -0.922132 -0.123966 0.366477
vn -0.150338 -0.324440 0.933883
vn -0.763137 -0.211146 0.610769
vn -0.175991 -0.478020 0.860537
vn -0.977697 -0.094999 0.187306
vn -0.156942 -0.313222 0.936622
vn -0.922132 -0.123966 0.366477
vn -0.191158 -0.736644 0.648702
vn -0.649511 -0.719335 0.246360
vn -0.175991 -0.478020 0.860537
vn -0.977697 -0.094999 0.187306
vn -0.567648 -0.734498 0.371871
vn -0.649511 -0.719335 0.246360
vn -0.187820 -0.883569 0.428987
vn -0.191158 -0.736644 0.648702
vn -0.178774 -0.976689 0.118822
vn -0.572137 -0.812801 0.109610
vn -0.187820 -0.883569 0.428987
vn -0.567648 -0.734498 0.371871
vn -0.171704 -0.983284 -0.060577
vn -0.580854 -0.813522 0.028132
vn -0.178774 -0.976689 0.118822
vn -0.572137 -0.812801 0.109610
vn -0.100050 -0.656546 -0.747621
vn -0.721663 -0.668398 -0.180129
vn -0.171704 -0.983284 -0.060577
vn -0.580854 -0.813522 0.028132
vn -0.264165 -0.843462 -0.467749
vn -0.863449 -0.290309 -0.412525
vn -0.100050 -0.656546 -0.747621
vn -0.721663 -0.668398 -0.180129
vn -0.260755 -0.141903 0.954919
vn -0.931206 -0.364494 0.000357
vn -0.071769 -0.252968 0.964809
vn -0.320721 -0.947174 0.000468
vn -0.260755 -0.141903 0.954919
vn -0.071769 -0.252968 0.964809
vn -0.145468 -0.053488 0.987916
vn -0.004088 -0.041683 0.999123
vn -0.155821 -0.237801 0.958734
vn -0.145468 -0.053488 0.987916
vn -0.012296 -0.048980 0.998724
vn -0.004088 -0.041683 0.999123
vn -0.880775 -0.473532 0.001748
vn -0.879901 -0.475154 0.001724
vn -0.984742 -0.174020 0.000962
vn -0.984641 -0.174590 0.000950
vn -0.999938 0.011151 0.000526
vn -0.999938 0.011150 0.000525
vn -0.984641 -0.174590 0.000950
vn -0.984742 -0.174020 0.000962
vn -0.999937 0.011246 0.000528
vn -0.999937 0.011249 0.000529
vn -0.999938 0.011151 0.000526
vn -0.999938 0.011150 0.000525
vn -0.999970 0.007683 0.000537
vn -0.999971 0.007613 0.000541
vn -0.999937 0.011246 0.000528
vn -0.999937 0.011249 0.000529
vn -0.879901 -0.475154 0.001724
vn -0.880775 -0.473532 0.001748
vn -0.629311 -0.777150 0.002517
vn -0.657002 -0.753630 0.019763
vn -0.918609 -0.395163 -0.002046
vn -0.900887 -0.431510 -0.046927
vn -0.316233 -0.948678 -0.002513
vn -0.314134 -0.948221 -0.046873
vn -0.629311 -0.777150 0.002517
vn -0.657002 -0.753630 0.019763
vn -0.686805 -0.726838 0.002245
vn -0.686837 -0.726010 0.034114
vn -0.985158 -0.171649 0.000392
vn -0.984742 -0.174020 0.000962
vn -0.999936 0.011321 0.000532
vn -0.999938 0.011150 0.000525
vn -0.999936 0.011321 0.000532
vn -0.999938 0.011150 0.000525
vn -0.999937 0.011214 0.000506
vn -0.999937 0.011249 0.000529
vn -0.999937 0.011214 0.000506
vn -0.999937 0.011249 0.000529
vn -0.999971 0.007577 0.000509
vn -0.999971 0.007613 0.000541
vn -0.686837 -0.726010 0.034114
vn -0.985996 -0.166059 0.015363
vn -0.686805 -0.726838 0.002245
vn -0.991843 -0.127463 0.001064
vn -0.900887 -0.431510 -0.046927
vn -0.918609 -0.395163 -0.002046
vn -0.985996 -0.166059 0.015363
vn -0.991843 -0.127463 0.001064
vn -0.900887 -0.431510 -0.046927
vn -0.863449 -0.290309 -0.412525
vn -0.314134 -0.948221 -0.046873
vn -0.264165 -0.843462 -0.467749
vn -0.881884 -0.471466 -0.000104
vn -0.880775 -0.473532 0.001748
vn -0.985158 -0.171649 0.000392
vn -0.984742 -0.174020 0.000962
vn -0.657002 -0.753630 0.019763
vn -0.880775 -0.473532 0.001748
vn -0.754807 -0.655670 0.019073
vn -0.881884 -0.471466 -0.000104
vn 0.000000 -0.121305 -0.992615
vn 0.000000 -0.521862 -0.853030
vn -0.320423 -0.120125 -0.939627
vn -0.303087 -0.456396 -0.836565
vn 0.000000 0.064448 -0.997921
vn 0.000000 -0.121305 -0.992615
vn -0.312267 0.059108 -0.948154
vn -0.320423 -0.120125 -0.939627
vn 0.000000 0.064448 -0.997921
vn -0.312267 0.059108 -0.948154
vn 0.000000 0.245365 -0.969431
vn -0.305133 0.233118 -0.923336
vn 0.000000 0.245365 -0.969431
vn -0.305133 0.233118 -0.923336
vn 0.000000 0.344891 -0.938643
vn -0.296324 0.327858 -0.897051
vn 0.000000 0.344891 -0.938643
vn -0.296324 0.327858 -0.897051
vn 0.000000 0.385326 -0.922781
vn -0.283426 0.365494 -0.886614
vn 0.000000 0.385326 -0.922781
vn -0.283426 0.365494 -0.886614
vn 0.000000 0.393203 -0.919452
vn -0.262878 0.372564 -0.889995
vn 0.000000 0.393203 -0.919452
vn -0.262878 0.372564 -0.889995
vn 0.000000 0.383877 -0.923384
vn -0.241548 0.363705 -0.899652
vn 0.000000 0.383877 -0.923384
vn -0.241548 0.363705 -0.899652
vn 0.000000 0.360202 -0.932874
vn -0.215559 0.343557 -0.914059
vn 0.000000 0.360202 -0.932874
vn -0.215559 0.343557 -0.914059
vn 0.000000 0.155030 -0.987910
vn -0.214591 0.148381 -0.965367
vn 0.000000 0.155030 -0.987910
vn -0.214591 0.148381 -0.965367
vn 0.000000 -0.167344 -0.985899
vn -0.217305 -0.165097 -0.962040
vn 0.000000 -0.576399 -0.817168
vn 0.000000 -0.167344 -0.985899
vn -0.226843 -0.557760 -0.798402
vn -0.217305 -0.165097 -0.962040
vn 0.000000 -0.872093 -0.489341
vn 0.000000 -0.576399 -0.817168
vn -0.240829 -0.835240 -0.494344
vn -0.226843 -0.557760 -0.798402
vn 0.000000 -0.968186 -0.250233
vn 0.000000 -0.872093 -0.489341
vn -0.256237 -0.934929 -0.245459
vn -0.240829 -0.835240 -0.494344
vn 0.000000 -0.995095 -0.098922
vn 0.000000 -0.968186 -0.250233
vn -0.235127 -0.968983 -0.076068
vn -0.256237 -0.934929 -0.245459
vn 0.000000 -0.995095 -0.098922
vn -0.235127 -0.968983 -0.076068
vn -0.038629 -0.863187 -0.503405
vn -0.263249 -0.830547 -0.490807
vn 0.000000 0.998787 -0.049240
vn -0.038629 -0.863187 -0.503405
vn 0.199510 0.851896 -0.484221
vn -0.263249 -0.830547 -0.490807
vn 0.851088 0.277828 -0.445489
vn 0.944775 0.326477 -0.028524
vn 0.809373 0.347743 -0.473275
vn 0.939090 0.342446 -0.028992
vn 0.809373 0.347743 -0.473275
vn 0.939090 0.342446 -0.028992
vn 0.741247 0.483995 -0.465083
vn 0.914242 0.403111 0.040793
vn 0.739350 0.363169 -0.566983
vn 0.958897 0.283555 -0.010605
vn 0.851088 0.277828 -0.445489
vn 0.944775 0.326477 -0.028524
vn 0.706598 0.643224 -0.294926
vn 0.741247 0.483995 -0.465083
vn 0.827971 0.552020 0.098687
vn 0.914242 0.403111 0.040793
vn 0.675295 0.737378 -0.015831
vn 0.706598 0.643224 -0.294926
vn 0.510859 0.842425 0.171298
vn 0.827971 0.552020 0.098687
vn 0.000000 0.974422 0.224726
vn 0.000000 0.975400 0.220444
vn 0.827971 0.552020 0.098687
vn 0.510859 0.842425 0.171298
vn 0.000000 0.981412 0.191913
vn 0.000000 0.974422 0.224726
vn 0.914242 0.403111 0.040793
vn 0.827971 0.552020 0.098687
vn 0.000000 0.998524 0.054313
vn 0.000000 0.981412 0.191913
vn 0.939090 0.342446 -0.028992
vn 0.914242 0.403111 0.040793
vn -0.000002 0.998884 -0.047230
vn 0.000000 0.998524 0.054313
vn 0.944775 0.326477 -0.028524
vn 0.939090 0.342446 -0.028992
vn -0.000002 0.998884 -0.047230
vn 0.944775 0.326477 -0.028524
vn -0.000005 0.992923 -0.118759
vn 0.958897 0.283555 -0.010605
vn 0.619861 0.707687 -0.339044
vn 0.675295 0.737378 -0.015831
vn 0.199510 0.851896 -0.484221
vn 0.510859 0.842425 0.171298
vn 0.199510 0.851896 -0.484221
vn 0.510859 0.842425 0.171298
vn 0.000000 0.998787 -0.049240
vn 0.000000 0.975400 0.220444
vn 0.000000 -0.999975 -0.007127
vn 0.000000 -0.999975 -0.007062
vn -0.001358 -0.999348 -0.036095
vn 0.000000 -0.999350 -0.036041
vn 0.000000 -0.999188 -0.040298
vn 0.000000 -0.999932 -0.011624
vn 0.000000 -0.999975 -0.007062
vn 0.000000 -0.999932 -0.011625
vn 0.000000 -0.999975 -0.007127
vn 0.000000 -0.999879 -0.015545
vn 0.000000 -0.999932 -0.011624
vn 0.000000 -0.999879 -0.015544
vn 0.000000 -0.999932 -0.011625
vn 0.000000 -0.993629 0.112702
vn 0.000000 -0.999879 -0.015545
vn 0.000000 -0.993299 0.115570
vn 0.000000 -0.999879 -0.015544
vn 0.000000 -0.944790 -0.327676
vn 0.000000 -0.838733 0.544543
vn 0.000000 -0.946335 -0.323189
vn 0.000000 -0.842415 0.538830
vn -0.001358 -0.999348 -0.036095
vn -0.760197 -0.386316 0.522361
vn 0.000000 -0.999975 -0.007127
vn -0.801126 -0.596072 0.053802
vn 0.000000 -0.999932 -0.011625
vn 0.000000 -0.999975 -0.007127
vn -0.817336 -0.576123 -0.006698
vn -0.801126 -0.596072 0.053802
vn 0.000000 -0.999879 -0.015544
vn 0.000000 -0.999932 -0.011625
vn -0.827093 -0.561998 -0.008736
vn -0.817336 -0.576123 -0.006698
vn 0.000000 -0.993299 0.115570
vn 0.000000 -0.999879 -0.015544
vn -0.907500 -0.415691 0.060375
vn -0.827093 -0.561998 -0.008736
vn 0.000000 -0.946335 -0.323189
vn 0.000000 -0.842415 0.538830
vn -0.437180 -0.845224 -0.307360
vn -0.542132 -0.696924 0.469457
vn 0.000000 -0.521862 -0.853030
vn 0.000000 -0.950761 -0.309924
vn -0.303087 -0.456396 -0.836565
vn 0.000051 -0.934509 -0.355939
vn -0.303087 -0.456396 -0.836565
vn 0.000051 -0.934509 -0.355939
vn -0.813248 -0.283757 -0.508046
vn -0.269198 -0.414471 0.869337
vn -0.505922 -0.277312 0.816787
vn -0.001358 -0.999348 -0.036095
vn -0.760197 -0.386316 0.522361
vn 0.000000 -0.459468 0.888194
vn -0.269198 -0.414471 0.869337
vn 0.000000 -0.999350 -0.036041
vn -0.001358 -0.999348 -0.036095
vn 0.000000 -0.993629 0.112702
vn 0.000000 -0.993299 0.115570
vn 0.000000 -0.838733 0.544543
vn 0.000000 -0.842415 0.538830
vn 0.000051 -0.934509 -0.355939
vn 0.000000 -0.950761 -0.309924
vn 0.000000 -0.946335 -0.323189
vn 0.000000 -0.944790 -0.327676
vn 0.000000 -0.993299 0.115570
vn -0.907500 -0.415691 0.060375
vn 0.000000 -0.842415 0.538830
vn -0.542132 -0.696924 0.469457
vn -0.813248 -0.283757 -0.508046
vn -0.437180 -0.845224 -0.307360
vn -0.907500 -0.415691 0.060375
vn -0.542132 -0.696924 0.469457
vn 0.000051 -0.934509 -0.355939
vn 0.000000 -0.946335 -0.323189
vn -0.813248 -0.283757 -0.508046
vn -0.437180 -0.845224 -0.307360
vn 0.999938 0.011122 0.000529
vn 0.999970 0.007711 0.000537
vn 0.085226 -0.032704 0.995825
vn 0.084191 -0.026644 0.996093
vn 0.999936 0.011321 0.000526
vn 0.999938 0.011122 0.000529
vn 0.081780 -0.041565 0.995783
vn 0.085226 -0.032704 0.995825
vn 0.985700 -0.168506 0.000935
vn 0.999936 0.011321 0.000526
vn 0.092298 -0.058221 0.994028
vn 0.081780 -0.041565 0.995783
vn 0.882050 -0.471153 0.001730
vn 0.985700 -0.168506 0.000935
vn 0.101084 -0.096392 0.990197
vn 0.092298 -0.058221 0.994028
vn 0.641505 -0.767115 0.002574
vn 0.882050 -0.471153 0.001730
vn 0.107492 -0.179585 0.977852
vn 0.101084 -0.096392 0.990197
vn 0.320721 -0.947174 0.000468
vn 0.931206 -0.364494 0.000358
vn 0.071767 -0.252968 0.964809
vn 0.260753 -0.141903 0.954920
vn -0.071769 -0.252968 0.964809
vn -0.320721 -0.947174 0.000468
vn -0.000001 -0.248732 0.968572
vn 0.000000 -1.000000 0.000440
vn -0.145468 -0.053488 0.987916
vn -0.991500 -0.130102 0.001262
vn -0.260755 -0.141903 0.954919
vn -0.931206 -0.364494 0.000357
vn -0.679761 -0.733430 0.002306
vn -0.991500 -0.130102 0.001262
vn -0.155821 -0.237801 0.958734
vn -0.145468 -0.053488 0.987916
vn -0.107493 -0.179585 0.977852
vn -0.641505 -0.767115 0.002573
vn -0.155821 -0.237801 0.958734
vn -0.679761 -0.733430 0.002306
vn -0.999970 0.007711 0.000537
vn -0.999970 0.007683 0.000537
vn -0.999938 0.011122 0.000529
vn -0.999937 0.011246 0.000528
vn -0.999938 0.011122 0.000529
vn -0.999937 0.011246 0.000528
vn -0.999936 0.011321 0.000526
vn -0.999938 0.011151 0.000526
vn -0.999936 0.011321 0.000526
vn -0.999938 0.011151 0.000526
vn -0.985700 -0.168505 0.000935
vn -0.984641 -0.174590 0.000950
vn -0.985700 -0.168505 0.000935
vn -0.984641 -0.174590 0.000950
vn -0.882050 -0.471153 0.001730
vn -0.879901 -0.475154 0.001724
vn -0.882050 -0.471153 0.001730
vn -0.879901 -0.475154 0.001724
vn -0.641505 -0.767115 0.002573
vn -0.629311 -0.777150 0.002517
vn -0.641505 -0.767115 0.002573
vn -0.629311 -0.777150 0.002517
vn -0.679761 -0.733430 0.002306
vn -0.686805 -0.726838 0.002245
vn -0.991500 -0.130102 0.001262
vn -0.679761 -0.733430 0.002306
vn -0.991843 -0.127463 0.001064
vn -0.686805 -0.726838 0.002245
vn -0.991500 -0.130102 0.001262
vn -0.991843 -0.127463 0.001064
vn -0.931206 -0.364494 0.000357
vn -0.918609 -0.395163 -0.002046
vn -0.931206 -0.364494 0.000357
vn -0.918609 -0.395163 -0.002046
vn -0.320721 -0.947174 0.000468
vn -0.316233 -0.948678 -0.002513
vn -0.320721 -0.947174 0.000468
vn -0.316233 -0.948678 -0.002513
vn 0.000000 -1.000000 0.000440
vn 0.000000 -0.999995 -0.003065
vn 0.320721 -0.947174 0.000468
vn 0.000000 -1.000000 0.000440
vn 0.316233 -0.948678 -0.002513
vn 0.000000 -0.999995 -0.003065
vn 0.931206 -0.364494 0.000358
vn 0.320721 -0.947174 0.000468
vn 0.918609 -0.395163 -0.002046
vn 0.316233 -0.948678 -0.002513
vn 0.991500 -0.130102 0.001262
vn 0.931206 -0.364494 0.000358
vn 0.991843 -0.127463 0.001064
vn 0.918609 -0.395163 -0.002046
vn 0.991500 -0.130102 0.001262
vn 0.991843 -0.127463 0.001064
vn 0.679761 -0.733430 0.002306
vn 0.686805 -0.726838 0.002245
vn 0.641505 -0.767115 0.002574
vn 0.679761 -0.733430 0.002306
vn 0.629311 -0.777150 0.002517
vn 0.686805 -0.726838 0.002245
vn 0.882050 -0.471153 0.001730
vn 0.641505 -0.767115 0.002574
vn 0.879902 -0.475152 0.001724
vn 0.629311 -0.777150 0.002517
vn 0.879902 -0.475152 0.001724
vn 0.984641 -0.174590 0.000950
vn 0.882050 -0.471153 0.001730
vn 0.985700 -0.168506 0.000935
vn 0.999936 0.011321 0.000526
vn 0.985700 -0.168506 0.000935
vn 0.999938 0.011151 0.000526
vn 0.984641 -0.174590 0.000950
vn 0.999938 0.011122 0.000529
vn 0.999936 0.011321 0.000526
vn 0.999937 0.011246 0.000528
vn 0.999938 0.011151 0.000526
vn 0.999970 0.007711 0.000537
vn 0.999938 0.011122 0.000529
vn 0.999970 0.007683 0.000537
vn 0.999937 0.011246 0.000528
vn 0.652171 -0.743839 0.146210
vn 0.571186 -0.820680 0.015192
vn -0.142616 -0.932214 0.332624
vn -0.224089 -0.930689 -0.289140
vn 0.571186 -0.820680 0.015192
vn 0.000003 -0.999030 0.044046
vn -0.224089 -0.930689 -0.289140
vn 0.000003 -0.564347 -0.825538
vn 0.652171 -0.743839 0.146210
vn -0.142616 -0.932214 0.332624
vn 0.000000 -0.973080 0.230466
vn 0.000000 -0.668635 0.743591
vn -0.652173 -0.743837 0.146208
vn 0.000000 -0.973080 0.230466
vn 0.142626 -0.932213 0.332620
vn 0.000000 -0.668635 0.743591
vn -0.571187 -0.820679 0.015193
vn 0.224100 -0.930686 -0.289143
vn 0.000003 -0.999030 0.044046
vn 0.000003 -0.564347 -0.825538
vn -0.652173 -0.743837 0.146208
vn 0.142626 -0.932213 0.332620
vn -0.571187 -0.820679 0.015193
vn 0.224100 -0.930686 -0.289143
vn -0.142616 -0.932214 0.332624
vn -0.224089 -0.930689 -0.289140
vn -0.498419 -0.804789 0.322325
vn -0.500691 -0.810333 -0.304416
vn 0.000003 -0.564347 -0.825538
vn 0.000000 -0.939137 -0.343542
vn -0.224089 -0.930689 -0.289140
vn -0.500691 -0.810333 -0.304416
vn 0.000000 -0.668635 0.743591
vn -0.142616 -0.932214 0.332624
vn 0.000000 -0.928037 0.372488
vn -0.498419 -0.804789 0.322325
vn 0.000000 -0.668635 0.743591
vn 0.000000 -0.928037 0.372488
vn 0.142626 -0.932213 0.332620
vn 0.498423 -0.804787 0.322324
vn 0.000003 -0.564347 -0.825538
vn 0.224100 -0.930686 -0.289143
vn 0.000000 -0.939137 -0.343542
vn 0.500695 -0.810330 -0.304417
vn 0.142626 -0.932213 0.332620
vn 0.498423 -0.804787 0.322324
vn 0.224100 -0.930686 -0.289143
vn 0.500695 -0.810330 -0.304417
vn -1.000000 0.000000 0.000000
vn -1.000000 0.000000 0.000000
vn -1.000000 0.000000 0.000000
vn -1.000000 0.000001 -0.000005
vn -1.000000 0.000000 0.000000
vn -1.000000 0.000003 -0.000004
vn -1.000000 -0.000002 -0.000005
vn -1.000000 0.000000 0.000000
vn -1.000000 0.000001 -0.000005
vn -1.000000 -0.000004 -0.000003
vn -1.000000 0.000000 0.000000
vn -1.000000 -0.000002 -0.000005
vn -1.000000 -0.000005 -0.000002
vn -1.000000 0.000000 0.000000
vn -1.000000 -0.000004 -0.000003
vn -1.000000 -0.000005 0.000001
vn -1.000000 0.000000 0.000000
vn -1.000000 -0.000005 -0.000002
vn -1.000000 -0.000004 0.000003
vn -1.000000 0.000000 0.000000
vn -1.000000 -0.000005 0.000001
vn -1.000000 -0.000003 0.000004
vn -1.000000 0.000000 0.000000
vn -1.000000 -0.000004 0.000003
vn -1.000000 -0.000001 0.000005
vn -1.000000 0.000000 0.000000
vn -1.000000 -0.000003 0.000004
vn -1.000000 0.000001 0.000005
vn -1.000000 0.000000 0.000000
vn -1.000000 -0.000001 0.000005
vn -1.000000 0.000002 0.000002
vn -1.000000 0.000000 0.000000
vn -1.000000 0.000001 0.000005
vn -1.000000 0.000002 0.000000
vn -1.000000 0.000000 0.000000
vn -1.000000 0.000002 0.000002
vn -1.000000 0.000003 -0.000001
vn -1.000000 0.000000 0.000000
vn -1.000000 0.000002 0.000000
vn -1.000000 0.000003 -0.000002
vn -1.000000 0.000000 0.000000
vn -1.000000 0.000003 -0.000001
vn -1.000000 0.000002 0.000002
vn -1.000000 0.000000 0.000000
vn -1.000000 0.000002 0.000000
vn -1.000000 0.000000 0.000000
vn -1.000000 0.000000 0.000000
vn -1.000000 0.000000 0.000000
vn -1.000000 0.000002 0.000000
vn -1.000000 0.000003 -0.000001
vn -1.000000 0.000000 0.000000
vn -1.000000 0.000000 0.000000
vn -1.000000 0.000000 0.000000
vn -1.000000 0.000000 0.000000
vn -1.000000 0.000000 0.000000
vn -1.000000 0.000000 0.000000
vn -1.000000 0.000000 0.000000
vn -1.000000 0.000000 0.000000
vn -1.000000 0.000000 0.000000
vn -1.000000 0.000000 0.000000
vn -1.000000 0.000000 0.000000
vn -1.000000 0.000000 0.000000
vn -1.000000 0.000000 0.000000
vn -1.000000 0.000000 0.000000
vn -1.000000 0.000000 0.000000
vn -1.000000 0.000000 0.000000
vn -1.000000 0.000000 0.000000
vn -1.000000 0.000000 0.000000
vn -1.000000 0.000000 0.000000
vn -1.000000 0.000000 0.000000
vn -1.000000 0.000000 0.000000
vn -1.000000 0.000000 0.000000
vn -1.000000 0.000000 0.000000
vn -1.000000 0.000000 0.000000
vn -1.000000 0.000000 0.000000
vn -1.000000 0.000000 0.000000
vn -1.000000 0.000000 0.000000
vn -1.000000 0.000000 0.000000
vn -1.000000 0.000000 0.000000
vn -1.000000 0.000000 0.000000
vn -1.000000 0.000000 0.000000
vn -1.000000 0.000000 0.000000
vn -1.000000 0.000000 0.000000
vn -1.000000 0.000000 0.000000
vn -1.000000 0.000000 0.000000
vn -1.000000 0.000000 0.000000
vn -1.000000 0.000000 0.000000
vn -1.000000 0.000000 0.000000
vn -1.000000 0.000000 0.000000
vn -1.000000 0.000000 0.000000
vn -1.000000 0.000000 0.000000
vn -1.000000 0.000000 0.000000
vn -1.000000 0.000000 0.000000
vn -1.000000 0.000000 0.000000
vn 0.000000 -0.482118 -0.876106
vn 0.000000 -0.369599 -0.929191
vn 0.000000 -0.482118 -0.876106
vn 0.000000 -0.369599 -0.929191
vn 0.000000 -0.550080 -0.835112
vn 0.000000 -0.550080 -0.835112
vn 0.000000 -0.482118 -0.876106
vn 0.000000 -0.482118 -0.876106
vn 0.000000 -0.538615 -0.842552
vn 0.000000 -0.550080 -0.835112
vn 0.000000 -0.538615 -0.842552
vn 0.000000 -0.550080 -0.835112
vn 0.000000 0.563424 -0.826168
vn 0.000000 0.413568 -0.910473
vn 0.000000 0.563424 -0.826168
vn 0.000000 0.413568 -0.910473
vn 0.000000 0.563424 -0.826168
vn 0.000000 0.563424 -0.826168
vn 0.000000 0.526271 -0.850317
vn 0.000000 0.526271 -0.850317
vn 0.000000 0.526271 -0.850317
vn 0.000000 0.526271 -0.850317
vn 0.000000 0.105221 -0.994449
vn 0.000000 0.105221 -0.994449
vn 0.000000 0.105221 -0.994449
vn 0.000000 0.105221 -0.994449
vn 0.000000 -0.336674 -0.941621
vn 0.000000 -0.336674 -0.941621
vn 0.000000 -0.336674 -0.941621
vn 0.000000 -0.336674 -0.941621
vn 0.000000 -0.711892 -0.702289
vn 0.000000 -0.711892 -0.702289
vn 0.000000 -0.711892 -0.702289
vn 0.000000 -0.711892 -0.702289
vn 0.000000 -0.946104 -0.323864
vn 0.000000 -0.946104 -0.323864
vn 0.000000 -0.946104 -0.323864
vn 0.000000 -0.946104 -0.323864
vn 0.000000 -0.992930 0.118704
vn 0.000000 -0.992930 0.118704
vn 0.000000 -0.992930 0.118704
vn 0.000000 -0.992930 0.118704
vn 0.000000 -0.843098 0.537760
vn 0.000000 -0.843098 0.537760
vn 0.000000 -0.843098 0.537760
vn 0.000000 -0.843098 0.537760
vn 0.000000 -0.526278 0.850312
vn 0.000000 -0.526278 0.850312
vn 0.000000 -0.526278 0.850312
vn 0.000000 -0.526278 0.850312
vn 0.000000 -0.105216 0.994449
vn 0.000000 -0.105216 0.994449
vn 0.000000 -0.105216 0.994449
vn 0.000000 -0.105216 0.994449
vn 0.000000 0.116754 0.993161
vn 0.000000 0.116754 0.993161
vn 0.000000 0.116754 0.993161
vn 0.000000 0.116754 0.993161
vn 0.000000 0.115448 0.993314
vn 0.000000 0.115448 0.993314
vn 0.000000 -0.495296 0.868724
vn 0.000000 -0.495296 0.868724
vn 0.000000 -0.495296 0.868724
vn 0.000000 -0.495296 0.868724
vn 0.000000 -0.495293 0.868726
vn 0.000000 -0.495293 0.868726
vn 0.000000 -0.495290 0.868728
vn 0.000000 -0.495290 0.868728
vn 0.000000 -0.495301 0.868722
vn 0.000000 -0.495301 0.868722
vn 0.000000 -0.495293 0.868726
vn 0.000000 -0.495293 0.868726
vn 0.000000 -0.495301 0.868721
vn 0.000000 -0.495301 0.868721
vn 0.000000 -0.495301 0.868722
vn 0.000000 -0.495301 0.868722
vn 0.000000 0.850318 0.526269
vn 0.000000 0.850318 0.526269
vn 0.000000 0.946104 0.323864
vn 0.000000 0.946104 0.323864
vn 0.000000 0.946104 0.323864
vn 0.000000 0.946104 0.323864
vn 0.000000 0.992930 -0.118702
vn 0.000000 0.992930 -0.118702
vn 0.000000 0.992930 -0.118702
vn 0.000000 0.992930 -0.118702
vn 0.000000 0.920415 -0.390942
vn 0.000000 0.920415 -0.390942
vn 0.000000 0.874698 -0.484669
vn 0.000000 0.920415 -0.390942
vn 0.000000 0.874698 -0.484669
vn 0.000000 0.920415 -0.390942
vn 0.000000 0.970408 0.241472
vn 0.000000 0.970408 0.241472
vn 0.000000 0.999638 0.026887
vn 0.000000 0.999638 0.026887
vn 0.000000 0.949107 0.314953
vn 0.000000 0.970408 0.241472
vn 0.000000 0.949107 0.314953
vn 0.000000 0.970408 0.241472
vn 0.000000 0.988221 0.153035
vn 0.000000 0.988221 0.153035
vn 0.000000 0.949107 0.314953
vn 0.000000 0.949107 0.314953
vn -1.000000 0.000000 0.000000
vn -1.000000 0.000000 0.000000
vn -1.000000 0.000000 0.000000
vn -1.000000 0.000000 0.000000
vn -1.000000 0.000000 0.000000
vn -1.000000 0.000000 0.000000
vn -1.000000 0.000000 0.000000
vn -1.000000 0.000000 0.000000
vn -1.000000 0.000000 0.000000
vn -1.000000 0.000000 0.000000
vn -1.000000 0.000000 0.000000
vn -1.000000 0.000000 0.000000
vn -1.000000 0.000000 0.000000
vn -1.000000 0.000000 0.000000
vn -1.000000 0.000000 0.000000
vn -1.000000 0.000000 0.000000
vn -1.000000 0.000000 0.000000
vn -1.000000 0.000000 0.000000
vn -1.000000 0.000000 0.000000
vn -1.000000 0.000000 0.000000
vn -1.000000 0.000000 0.000000
vn -1.000000 0.000000 0.000000
vn -1.000000 0.000000 0.000000
vn -1.000000 0.000000 0.000000
vn 0.000000 0.209420 -0.977826
vn 0.000000 0.209420 -0.977826
vn 0.000000 0.209420 -0.977826
vn 0.000000 0.209420 -0.977826
vn 0.000000 0.862755 -0.505622
vn 0.000000 0.862755 -0.505622
vn 0.000000 0.862755 -0.505622
vn 0.000000 0.862755 -0.505622
vn 0.000000 0.970578 0.240787
vn 0.000000 0.970578 0.240787
vn 0.000000 0.970578 0.240787
vn 0.000000 0.970578 0.240787
vn 0.000000 0.583694 0.811974
vn 0.000000 0.583694 0.811974
vn 0.000000 0.583694 0.811974
vn 0.000000 0.583694 0.811974
vn 0.000000 -0.938859 -0.344303
vn 0.000000 -0.938859 -0.344303
vn 0.000000 -0.938859 -0.344303
vn 0.000000 -0.938859 -0.344303
vn 0.000000 -0.559370 -0.828918
vn 0.000000 -0.559370 -0.828918
vn 0.000000 -0.559370 -0.828918
vn 0.000000 -0.559370 -0.828918
vn -0.000440 0.418317 -0.908301
vn -0.000439 0.417642 -0.908612
vn -0.000448 0.876980 -0.480526
vn -0.000447 0.877369 -0.479817
vn 0.000483 -0.883544 0.468348
vn 0.000476 -0.884354 0.466817
vn 0.000559 -0.400249 0.916406
vn 0.000553 -0.398517 0.917161
vn -1.000000 0.000000 0.000000
vn -1.000000 0.000000 0.000000
vn -1.000000 0.000000 0.000000
vn -1.000000 0.000000 0.000000
vn 0.000071 0.180547 -0.983566
vn -0.000439 0.417642 -0.908612
vn 0.000071 0.180547 -0.983566
vn -0.000440 0.418317 -0.908301
vn 0.000116 0.975978 -0.217870
vn 0.000116 0.975978 -0.217870
vn -0.000447 0.877369 -0.479817
vn -0.000448 0.876980 -0.480526
vn -1.000000 0.000000 0.000000
vn -1.000000 0.000000 0.000000
vn -1.000000 0.000000 0.000000
vn -1.000000 0.000000 0.000000
vn -1.000000 0.000000 0.000000
vn -1.000000 0.000000 0.000000
vn -1.000000 0.000000 0.000000
vn -1.000000 0.000000 0.000000
vn -0.000477 -0.071847 0.997416
vn -0.000477 -0.071847 0.997416
vn 0.000553 -0.398517 0.917161
vn 0.000559 -0.400249 0.916406
vn 0.000483 -0.883544 0.468348
vn -0.000778 -0.988275 0.152686
vn 0.000476 -0.884354 0.466817
vn -0.000778 -0.988275 0.152686
vn -1.000000 0.000000 0.000000
vn -1.000000 0.000000 0.000000
vn -1.000000 0.000000 0.000000
vn -1.000000 0.000000 0.000000
vn -1.000000 0.000000 0.000000
vn -1.000000 0.000000 0.000000
vn -1.000000 0.000000 0.000000
vn -1.000000 0.000000 0.000000
vn -1.000000 0.000000 0.000000
vn -1.000000 0.000000 0.000000
vn -1.000000 0.000000 0.000000
vn 0.000000 -0.495290 0.868728
vn 0.000000 -0.495290 0.868728
vn 0.000000 -0.495296 0.868724
vn 0.000000 -0.495296 0.868724
vn -1.000000 0.000003 -0.000002
vn -1.000000 0.000003 -0.000001
vn -1.000000 0.000000 0.000000
vn -1.000000 0.000000 0.000000
vn 1.000000 0.000003 -0.000004
vn 1.000000 0.000003 -0.000002
vn 1.000000 0.000000 0.000000
vn 1.000000 0.000001 -0.000005
vn 1.000000 0.000003 -0.000004
vn 1.000000 0.000000 0.000000
vn 1.000000 -0.000002 -0.000005
vn 1.000000 0.000001 -0.000005
vn 1.000000 0.000000 0.000000
vn 1.000000 -0.000004 -0.000003
vn 1.000000 -0.000002 -0.000005
vn 1.000000 0.000000 0.000000
vn 1.000000 -0.000005 -0.000002
vn 1.000000 -0.000004 -0.000003
vn 1.000000 0.000000 0.000000
vn 1.000000 -0.000005 0.000001
vn 1.000000 -0.000005 -0.000002
vn 1.000000 0.000000 0.000000
vn 1.000000 -0.000004 0.000003
vn 1.000000 -0.000005 0.000001
vn 1.000000 0.000000 0.000000
vn 1.000000 -0.000003 0.000004
vn 1.000000 -0.000004 0.000003
vn 1.000000 0.000000 0.000000
vn 1.000000 -0.000001 0.000005
vn 1.000000 -0.000003 0.000004
vn 1.000000 0.000000 0.000000
vn 1.000000 0.000001 0.000005
vn 1.000000 -0.000001 0.000005
vn 1.000000 0.000000 0.000000
vn 1.000000 0.000002 0.000002
vn 1.000000 0.000001 0.000005
vn 1.000000 0.000000 0.000000
vn 1.000000 0.000002 0.000000
vn 1.000000 0.000002 0.000002
vn 1.000000 0.000000 0.000000
vn 1.000000 0.000003 -0.000001
vn 1.000000 0.000002 0.000000
vn 1.000000 0.000000 0.000000
vn 1.000000 0.000003 -0.000002
vn 1.000000 0.000003 -0.000001
vn 1.000000 0.000000 0.000000
vn 1.000000 0.000002 0.000002
vn 1.000000 0.000002 0.000000
vn 1.000000 0.000000 0.000000
vn 1.000000 0.000000 0.000000
vn 1.000000 0.000003 -0.000001
vn 1.000000 0.000000 0.000000
vn 1.000000 0.000002 0.000000
vn 1.000000 0.000000 0.000000
vn 1.000000 0.000000 0.000000
vn 1.000000 0.000000 0.000000
vn 1.000000 0.000000 0.000000
vn 1.000000 0.000000 0.000000
vn 1.000000 0.000000 0.000000
vn 1.000000 0.000000 0.000000
vn 1.000000 0.000000 0.000000
vn 1.000000 0.000000 0.000000
vn 1.000000 0.000000 0.000000
vn 1.000000 0.000000 0.000000
vn 1.000000 0.000000 0.000000
vn 1.000000 0.000000 0.000000
vn 1.000000 0.000000 0.000000
vn 1.000000 0.000000 0.000000
vn 1.000000 0.000000 0.000000
vn 1.000000 0.000000 0.000000
vn 1.000000 0.000000 0.000000
vn 1.000000 0.000000 0.000000
vn 1.000000 0.000000 0.000000
vn 1.000000 0.000000 0.000000
vn 1.000000 0.000000 0.000000
vn 1.000000 0.000000 0.000000
vn 1.000000 0.000000 0.000000
vn 1.000000 0.000000 0.000000
vn 1.000000 0.000000 0.000000
vn 1.000000 0.000000 0.000000
vn 1.000000 0.000000 0.000000
vn 1.000000 0.000000 0.000000
vn 1.000000 0.000000 0.000000
vn 1.000000 0.000000 0.000000
vn 1.000000 0.000000 0.000000
vn 1.000000 0.000000 0.000000
vn 1.000000 0.000000 0.000000
vn 1.000000 0.000000 0.000000
vn 1.000000 0.000000 0.000000
vn 1.000000 0.000000 0.000000
vn 1.000000 0.000000 0.000000
vn 1.000000 0.000000 0.000000
vn 1.000000 0.000000 0.000000
vn 1.000000 0.000000 0.000000
vn 1.000000 0.000000 0.000000
vn 1.000000 0.000000 0.000000
vn 1.000000 0.000000 0.000000
vn 1.000000 0.000000 0.000000
vn 0.000000 -0.482118 -0.876106
vn 0.000000 -0.482118 -0.876106
vn 0.000000 -0.369599 -0.929191
vn 0.000000 -0.369599 -0.929191
vn 0.000000 -0.550080 -0.835112
vn 0.000000 -0.482118 -0.876106
vn 0.000000 -0.550080 -0.835112
vn 0.000000 -0.482118 -0.876106
vn 0.000000 -0.538615 -0.842552
vn 0.000000 -0.538615 -0.842552
vn 0.000000 -0.550080 -0.835112
vn 0.000000 -0.550080 -0.835112
vn 0.000000 0.563424 -0.826168
vn 0.000000 0.563424 -0.826168
vn 0.000000 0.413568 -0.910473
vn 0.000000 0.413568 -0.910473
vn 0.000000 0.563424 -0.826168
vn 0.000000 0.526271 -0.850317
vn 0.000000 0.563424 -0.826168
vn 0.000000 0.526271 -0.850317
vn 0.000000 0.526271 -0.850317
vn 0.000000 0.105221 -0.994449
vn 0.000000 0.526271 -0.850317
vn 0.000000 0.105221 -0.994449
vn 0.000000 0.105221 -0.994449
vn 0.000000 -0.336674 -0.941621
vn 0.000000 0.105221 -0.994449
vn 0.000000 -0.336674 -0.941621
vn 0.000000 -0.336674 -0.941621
vn 0.000000 -0.711892 -0.702289
vn 0.000000 -0.336674 -0.941621
vn 0.000000 -0.711892 -0.702289
vn 0.000000 -0.711892 -0.702289
vn 0.000000 -0.946104 -0.323864
vn 0.000000 -0.711892 -0.702289
vn 0.000000 -0.946104 -0.323864
vn 0.000000 -0.946104 -0.323864
vn 0.000000 -0.992930 0.118704
vn 0.000000 -0.946104 -0.323864
vn 0.000000 -0.992930 0.118704
vn 0.000000 -0.992930 0.118704
vn 0.000000 -0.843098 0.537760
vn 0.000000 -0.992930 0.118704
vn 0.000000 -0.843098 0.537760
vn 0.000000 -0.843098 0.537760
vn 0.000000 -0.526278 0.850312
vn 0.000000 -0.843098 0.537760
vn 0.000000 -0.526278 0.850312
vn 0.000000 -0.526278 0.850312
vn 0.000000 -0.105216 0.994449
vn 0.000000 -0.526278 0.850312
vn 0.000000 -0.105216 0.994449
vn 0.000000 -0.105216 0.994449
vn 0.000000 0.116754 0.993161
vn 0.000000 -0.105216 0.994449
vn 0.000000 0.116754 0.993161
vn 0.000000 0.116754 0.993161
vn 0.000000 0.115448 0.993314
vn 0.000000 0.116754 0.993161
vn 0.000000 0.115448 0.993314
vn 0.000000 -0.495296 0.868724
vn 0.000000 -0.495296 0.868724
vn 0.000000 -0.495296 0.868724
vn 0.000000 -0.495296 0.868724
vn 0.000000 -0.495293 0.868726
vn 0.000000 -0.495290 0.868728
vn 0.000000 -0.495293 0.868726
vn 0.000000 -0.495290 0.868728
vn 0.000000 -0.495301 0.868722
vn 0.000000 -0.495293 0.868726
vn 0.000000 -0.495301 0.868722
vn 0.000000 -0.495293 0.868726
vn 0.000000 -0.495301 0.868721
vn 0.000000 -0.495301 0.868722
vn 0.000000 -0.495301 0.868721
vn 0.000000 -0.495301 0.868722
vn 0.000000 0.850318 0.526269
vn 0.000000 0.946104 0.323864
vn 0.000000 0.850318 0.526269
vn 0.000000 0.946104 0.323864
vn 0.000000 0.946104 0.323864
vn 0.000000 0.992930 -0.118702
vn 0.000000 0.946104 0.323864
vn 0.000000 0.992930 -0.118702
vn 0.000000 0.992930 -0.118702
vn 0.000000 0.920415 -0.390942
vn 0.000000 0.992930 -0.118702
vn 0.000000 0.920415 -0.390942
vn 0.000000 0.874698 -0.484669
vn 0.000000 0.874698 -0.484669
vn 0.000000 0.920415 -0.390942
vn 0.000000 0.920415 -0.390942
vn 0.000000 0.970408 0.241472
vn 0.000000 0.999638 0.026887
vn 0.000000 0.970408 0.241472
vn 0.000000 0.999638 0.026887
vn 0.000000 0.949107 0.314953
vn 0.000000 0.949107 0.314953
vn 0.000000 0.970408 0.241472
vn 0.000000 0.970408 0.241472
vn 0.000000 0.988221 0.153035
vn 0.000000 0.949107 0.314953
vn 0.000000 0.988221 0.153035
vn 0.000000 0.949107 0.314953
vn 1.000000 0.000000 0.000000
vn 1.000000 0.000000 0.000000
vn 1.000000 0.000000 0.000000
vn 1.000000 0.000000 0.000000
vn 1.000000 0.000000 0.000000
vn 1.000000 0.000000 0.000000
vn 1.000000 0.000000 0.000000
vn 1.000000 0.000000 0.000000
vn 1.000000 0.000000 0.000000
vn 1.000000 0.000000 0.000000
vn 1.000000 0.000000 0.000000
vn 1.000000 0.000000 0.000000
vn 1.000000 0.000000 0.000000
vn 1.000000 0.000000 0.000000
vn 1.000000 0.000000 0.000000
vn 1.000000 0.000000 0.000000
vn 1.000000 0.000000 0.000000
vn 1.000000 0.000000 0.000000
vn 1.000000 0.000000 0.000000
vn 1.000000 0.000000 0.000000
vn 1.000000 0.000000 0.000000
vn 1.000000 0.000000 0.000000
vn 1.000000 0.000000 0.000000
vn 1.000000 0.000000 0.000000
vn 0.000000 0.209420 -0.977826
vn 0.000000 0.209420 -0.977826
vn 0.000000 0.209420 -0.977826
vn 0.000000 0.209420 -0.977826
vn 0.000000 0.862755 -0.505622
vn 0.000000 0.862755 -0.505622
vn 0.000000 0.862755 -0.505622
vn 0.000000 0.862755 -0.505622
vn 0.000000 0.970578 0.240787
vn 0.000000 0.970578 0.240787
vn 0.000000 0.970578 0.240787
vn 0.000000 0.970578 0.240787
vn 0.000000 0.583694 0.811974
vn 0.000000 0.583694 0.811974
vn 0.000000 0.583694 0.811974
vn 0.000000 0.583694 0.811974
vn 0.000000 -0.938859 -0.344303
vn 0.000000 -0.938859 -0.344303
vn 0.000000 -0.938859 -0.344303
vn 0.000000 -0.938859 -0.344303
vn 0.000000 -0.559370 -0.828918
vn 0.000000 -0.559370 -0.828918
vn 0.000000 -0.559370 -0.828918
vn 0.000000 -0.559370 -0.828918
vn 0.000440 0.418317 -0.908301
vn 0.000448 0.876980 -0.480526
vn 0.000439 0.417642 -0.908612
vn 0.000447 0.877369 -0.479817
vn -0.000483 -0.883544 0.468348
vn -0.000559 -0.400249 0.916406
vn -0.000476 -0.884354 0.466817
vn -0.000553 -0.398517 0.917161
vn 1.000000 0.000000 0.000000
vn 1.000000 0.000000 0.000000
vn 1.000000 0.000000 0.000000
vn 1.000000 0.000000 0.000000
vn -0.000071 0.180547 -0.983566
vn -0.000071 0.180547 -0.983566
vn 0.000439 0.417642 -0.908612
vn 0.000440 0.418317 -0.908301
vn 0.000448 0.876980 -0.480526
vn -0.000116 0.975978 -0.217870
vn 0.000447 0.877369 -0.479817
vn -0.000116 0.975978 -0.217870
vn 1.000000 0.000000 0.000000
vn 1.000000 0.000000 0.000000
vn 1.000000 0.000000 0.000000
vn 1.000000 0.000000 0.000000
vn 1.000000 0.000000 0.000000
vn 1.000000 0.000000 0.000000
vn 1.000000 0.000000 0.000000
vn 1.000000 0.000000 0.000000
vn 0.000477 -0.071847 0.997416
vn -0.000553 -0.398517 0.917161
vn 0.000477 -0.071847 0.997416
vn -0.000559 -0.400249 0.916406
vn 0.000778 -0.988275 0.152686
vn 0.000778 -0.988275 0.152686
vn -0.000476 -0.884354 0.466817
vn -0.000483 -0.883544 0.468348
vn 1.000000 0.000000 0.000000
vn 1.000000 0.000000 0.000000
vn 1.000000 0.000000 0.000000
vn 1.000000 0.000000 0.000000
vn 1.000000 0.000000 0.000000
vn 1.000000 0.000000 0.000000
vn 1.000000 0.000000 0.000000
vn 1.000000 0.000000 0.000000
vn 1.000000 0.000000 0.000000
vn 1.000000 0.000000 0.000000
vn 1.000000 0.000000 0.000000
vn 0.000000 -0.495290 0.868728
vn 0.000000 -0.495296 0.868724
vn 0.000000 -0.495290 0.868728
vn 0.000000 -0.495296 0.868724
vn 1.000000 0.000000 0.000000
vn 1.000000 0.000003 -0.000001
vn 1.000000 0.000000 0.000000
vn 1.000000 0.000003 -0.000002
s 1
g gun_body
f 24/1/1 17/2/2 21/4/3
f 21/4/3 17/2/2 16/3/4
s 2
f 20/6/5 19/7/6 7/5/7
f 7/5/7 19/7/6 10/8/8
s 3
f 6/9/9 20/6/10 2/10/11
f 2/10/11 20/6/10 7/5/12
s 4
f 12/12/13 11/13/14 8/11/15
f 8/11/15 11/13/14 9/14/16
s 5
f 19/15/17 18/16/18 10/18/19
f 10/18/19 18/16/18 14/17/20
s 6
f 10/18/21 14/17/22 7/20/23
f 7/20/23 14/17/22 13/19/24
s 7
f 3/22/25 12/12/26 1/21/27
f 1/21/27 12/12/26 8/11/28
s 8
f 7/20/29 13/19/30 2/24/31
f 2/24/31 13/19/30 4/23/32
s 9
f 25/25/33 28/26/34 12/12/35
f 12/12/35 28/26/34 11/13/36
s 10
f 14/17/37 23/27/38 13/19/39
f 13/19/39 23/27/38 22/28/40
s 11
f 17/2/41 24/1/42 29/29/43
f 29/29/43 24/1/42 23/27/44
s 12
f 5/30/45 4/23/46 15/31/47
f 15/31/47 4/23/46 13/19/48
s 13
f 3/22/49 5/30/50 12/12/51
f 12/12/51 5/30/50 15/31/52
s 14
f 12/12/53 15/31/54 25/25/55
f 25/25/55 15/31/54 30/32/56
s 15
f 17/2/57 27/33/58 16/3/59
f 16/3/59 27/33/58 26/34/60
s 16
f 28/26/61 27/33/62 29/29/63
f 29/29/63 27/33/62 17/2/64
s 17
f 9/14/65 11/13/66 19/15/67
f 19/15/67 11/13/66 18/16/68
s 18
f 8/35/69 9/36/70 20/6/71
f 20/6/71 9/36/70 19/7/72
s 19
f 1/37/73 8/35/74 6/9/75
f 6/9/75 8/35/74 20/6/76
s 20
f 30/32/77 15/31/78 22/28/79
f 22/28/79 15/31/78 13/19/80
s 21
f 23/27/81 24/1/82 22/28/83
f 22/28/83 24/1/82 21/4/84
s 22
f 27/33/85 28/26/86 26/34/87
f 26/34/87 28/26/86 25/25/88
s 23
f 11/13/89 28/26/90 18/16/91
f 18/16/91 28/26/90 29/29/92
s 24
f 29/29/93 23/27/94 18/16/95
f 18/16/95 23/27/94 14/17/96
s 25
f 16/3/97 26/34/98 30/32/99
f 30/32/99 26/34/98 25/25/100
s 26
f 16/3/101 30/32/102 21/4/103
f 21/4/103 30/32/102 22/28/104
s 27
f 48/38/105 45/39/106 41/41/107
f 41/41/107 45/39/106 40/40/108
s 28
f 34/43/109 43/44/110 31/42/111
f 31/42/111 43/44/110 44/45/112
s 29
f 6/46/113 2/47/114 44/45/115
f 44/45/115 2/47/114 31/42/116
s 30
f 33/49/117 35/50/118 32/48/119
f 32/48/119 35/50/118 36/51/120
s 31
f 43/52/121 34/53/122 42/55/123
f 42/55/123 34/53/122 38/54/124
s 32
f 34/53/125 31/56/126 38/54/127
f 38/54/127 31/56/126 37/57/128
s 33
f 32/48/129 36/51/130 1/58/131
f 1/58/131 36/51/130 3/59/132
s 34
f 31/56/133 2/60/134 37/57/135
f 37/57/135 2/60/134 4/61/136
s 35
f 35/50/137 52/62/138 36/51/139
f 36/51/139 52/62/138 49/63/140
s 36
f 38/54/141 37/57/142 47/65/143
f 47/65/143 37/57/142 46/64/144
s 37
f 47/65/145 48/38/146 53/66/147
f 53/66/147 48/38/146 41/41/148
s 38
f 5/67/149 39/68/150 4/61/151
f 4/61/151 39/68/150 37/57/152
s 39
f 3/59/153 36/51/154 5/67/155
f 5/67/155 36/51/154 39/68/156
s 40
f 54/69/157 39/68/158 49/63/159
f 49/63/159 39/68/158 36/51/160
s 41
f 41/41/161 40/40/162 51/71/163
f 51/71/163 40/40/162 50/70/164
s 42
f 52/62/165 53/66/166 51/71/167
f 51/71/167 53/66/166 41/41/168
s 43
f 33/49/169 43/52/170 35/50/171
f 35/50/171 43/52/170 42/55/172
s 44
f 43/44/173 33/72/174 44/45/175
f 44/45/175 33/72/174 32/73/176
s 45
f 1/74/177 6/46/178 32/73/179
f 32/73/179 6/46/178 44/45/180
s 46
f 54/69/181 46/64/182 39/68/183
f 39/68/183 46/64/182 37/57/184
s 47
f 45/39/185 48/38/186 46/64/187
f 46/64/187 48/38/186 47/65/188
s 48
f 49/63/189 52/62/190 50/70/191
f 50/70/191 52/62/190 51/71/192
s 49
f 35/50/193 42/55/194 52/62/195
f 52/62/195 42/55/194 53/66/196
s 50
f 38/54/197 47/65/198 42/55/199
f 42/55/199 47/65/198 53/66/200
s 51
f 40/40/201 54/69/202 50/70/203
f 50/70/203 54/69/202 49/63/204
s 52
f 46/64/205 54/69/206 45/39/207
f 45/39/207 54/69/206 40/40/208
s 53
f 72//209 71//210 76//211
f 76//211 71//210 77//212
s 54
f 70//213 78//214 71//215
f 71//215 78//214 77//216
s 55
f 73//217 119//218 74//219
f 74//219 119//218 118//220
s 56
f 78//221 120//222 73//223
f 73//223 120//222 119//224
s 57
f 76//225 75//226 94//227
f 94//227 75//226 95//228
s 58
f 75//229 74//230 95//231
f 95//231 74//230 96//232
s 59
f 82//233 81//234 145//235
f 145//235 81//234 146//236
s 60
f 81//237 80//238 146//239
f 146//239 80//238 147//240
s 61
f 87//241 86//242 100//243
f 100//243 86//242 101//244
s 62
f 86//245 85//246 101//247
f 101//247 85//246 102//248
s 63
f 91//249 90//250 109//251
f 109//251 90//250 110//252
s 64
f 90//253 89//254 110//255
f 110//255 89//254 111//256
s 65
f 100//257 99//258 133//259
f 133//259 99//258 134//260
s 66
f 99//261 98//262 134//263
f 134//263 98//262 135//264
s 67
f 104//265 107//266 105//267
f 105//267 107//266 106//268
s 68
f 103//269 108//270 104//271
f 104//271 108//270 107//272
s 69
f 114//273 113//274 115//275
f 115//275 113//274 116//276
s 70
f 112//277 117//278 113//279
f 113//279 117//278 116//280
s 71
f 123//281 131//282 124//283
f 124//283 131//282 130//284
s 72
f 122//285 132//286 123//287
f 123//287 132//286 131//288
s 73
f 125//289 128//290 126//291
f 126//291 128//290 127//292
s 74
f 125//293 124//294 128//295
f 128//295 124//294 129//296
s 75
f 138//297 137//298 139//299
f 139//299 137//298 140//300
s 76
f 137//301 136//302 140//303
f 140//303 136//302 141//304
s 77
f 144//305 143//306 166//307
f 166//307 143//306 167//308
s 78
f 142//309 168//310 143//311
f 143//311 168//310 167//312
s 79
f 151//313 150//314 157//315
f 157//315 150//314 158//316
s 80
f 150//317 149//318 158//319
f 158//319 149//318 159//320
s 81
f 60//321 129//322 130//323
f 130//323 129//322 124//324
s 82
f 58//325 141//326 56//327
f 56//327 141//326 136//328
s 83
f 58//329 56//330 163//331
f 163//331 56//330 154//332
s 84
f 60//333 130//334 157//335
f 157//335 130//334 151//336
s 85
f 59//337 72//338 94//339
f 94//339 72//338 76//340
s 86
f 57//341 55//342 106//343
f 106//343 55//342 105//344
s 87
f 114//345 55//346 109//347
f 109//347 55//346 57//348
s 88
f 59//349 115//350 72//351
f 72//351 115//350 84//352
s 89
f 65//353 118//354 127//355
f 127//355 118//354 126//356
s 90
f 66//357 132//358 120//359
f 120//359 132//358 122//360
s 91
f 63//361 64//362 139//363
f 139//363 64//362 138//364
s 92
f 69//365 165//366 68//367
f 68//367 165//366 156//368
s 93
f 66//369 145//370 132//371
f 132//371 145//370 153//372
s 94
f 67//373 159//374 147//375
f 147//375 159//374 149//376
s 95
f 135//377 63//378 160//379
f 160//379 63//378 139//380
s 96
f 85//381 57//382 102//383
f 102//383 57//382 106//384
s 97
f 109//385 57//386 91//387
f 91//387 57//386 85//388
s 98
f 69//389 111//390 144//391
f 144//391 111//390 89//392
s 99
f 64//393 65//394 138//395
f 138//395 65//394 127//396
s 100
f 55//397 59//398 105//399
f 105//399 59//398 94//400
s 101
f 55//401 114//402 59//403
f 59//403 114//402 115//404
s 102
f 159//405 67//406 156//407
f 156//407 67//406 68//408
s 103
f 56//409 60//410 154//411
f 154//411 60//410 157//412
s 104
f 56//413 136//414 60//415
f 60//415 136//414 129//416
s 105
f 162//417 62//418 133//419
f 133//419 62//418 61//420
s 106
f 61//421 62//422 142//423
f 142//423 62//422 168//424
s 107
f 100//425 133//426 87//427
f 87//427 133//426 61//428
s 108
f 93//429 87//430 142//431
f 142//431 87//430 61//432
s 109
f 62//433 58//434 168//435
f 168//435 58//434 163//436
s 110
f 62//437 162//438 58//439
f 58//439 162//438 141//440
s 111
f 108//441 103//442 63//443
f 63//443 103//442 64//444
s 112
f 103//445 96//446 64//447
f 64//447 96//446 65//448
s 113
f 74//449 118//450 96//451
f 96//451 118//450 65//452
s 114
f 78//453 70//454 120//455
f 120//455 70//454 66//456
s 115
f 82//457 145//458 70//459
f 70//459 145//458 66//460
s 116
f 80//461 117//462 147//463
f 147//463 117//462 67//464
s 117
f 67//465 117//466 68//467
f 68//467 117//466 112//468
s 118
f 111//469 69//470 112//471
f 112//471 69//470 68//472
s 119
f 98//473 108//474 135//475
f 135//475 108//474 63//476
s 120
f 165//477 69//478 166//479
f 166//479 69//478 144//480
s 121
f 70//481 71//482 82//483
f 82//483 71//482 83//484
s 122
f 72//485 84//486 71//487
f 71//487 84//486 83//488
s 123
f 85//489 86//490 91//491
f 91//491 86//490 92//492
s 124
f 87//493 93//494 86//495
f 86//495 93//494 92//496
s 125
f 94//497 95//498 105//499
f 105//499 95//498 104//500
s 126
f 95//501 96//502 104//503
f 104//503 96//502 103//504
s 127
f 97//505 107//506 98//507
f 98//507 107//506 108//508
s 128
f 102//509 106//510 97//511
f 97//511 106//510 107//512
s 129
f 109//513 110//514 114//515
f 114//515 110//514 113//516
s 130
f 110//517 111//518 113//519
f 113//519 111//518 112//520
s 131
f 79//521 116//522 80//523
f 80//523 116//522 117//524
s 132
f 84//525 115//526 79//527
f 79//527 115//526 116//528
s 133
f 119//529 121//530 118//531
f 118//531 121//530 126//532
s 134
f 119//533 120//534 121//535
f 121//535 120//534 122//536
s 135
f 130//537 131//538 151//539
f 151//539 131//538 152//540
s 136
f 131//541 132//542 152//543
f 152//543 132//542 153//544
s 137
f 127//545 128//546 138//547
f 138//547 128//546 137//548
s 138
f 128//549 129//550 137//551
f 137//551 129//550 136//552
s 139
f 139//553 140//554 160//555
f 160//555 140//554 161//556
s 140
f 140//557 141//558 161//559
f 161//559 141//558 162//560
s 141
f 88//561 143//562 89//563
f 89//563 143//562 144//564
s 142
f 93//565 142//566 88//567
f 88//567 142//566 143//568
s 143
f 145//569 146//570 153//571
f 153//571 146//570 148//572
s 144
f 146//573 147//574 148//575
f 148//575 147//574 149//576
s 145
f 155//577 164//578 154//579
f 154//579 164//578 163//580
s 146
f 156//581 165//582 155//583
f 155//583 165//582 164//584
s 147
f 156//585 155//586 159//587
f 159//587 155//586 158//588
s 148
f 155//589 154//590 158//591
f 158//591 154//590 157//592
s 149
f 133//593 134//594 162//595
f 162//595 134//594 161//596
s 150
f 134//597 135//598 161//599
f 161//599 135//598 160//600
s 151
f 164//601 167//602 163//603
f 163//603 167//602 168//604
s 152
f 165//605 166//606 164//607
f 164//607 166//606 167//608
s 153
f 77//609 78//610 169//611
f 169//611 78//610 73//612
s 154
f 74//613 75//614 73//615
f 73//615 75//614 169//616
s 155
f 75//617 76//618 169//619
f 169//619 76//618 77//620
s 156
f 83//621 84//622 170//623
f 170//623 84//622 79//624
s 157
f 80//625 81//626 79//627
f 79//627 81//626 170//628
s 158
f 81//629 82//630 170//631
f 170//631 82//630 83//632
s 159
f 92//633 93//634 171//635
f 171//635 93//634 88//636
s 160
f 89//637 90//638 88//639
f 88//639 90//638 171//640
s 161
f 90//641 91//642 171//643
f 171//643 91//642 92//644
s 162
f 101//645 102//646 172//647
f 172//647 102//646 97//648
s 163
f 98//649 99//650 97//651
f 97//651 99//650 172//652
s 164
f 99//653 100//654 172//655
f 172//655 100//654 101//656
s 165
f 125//657 126//658 173//659
f 173//659 126//658 121//660
s 166
f 121//661 122//662 173//663
f 173//663 122//662 123//664
s 167
f 123//665 124//666 173//667
f 173//667 124//666 125//668
s 168
f 152//669 153//670 174//671
f 174//671 153//670 148//672
s 169
f 148//673 149//674 174//675
f 174//675 149//674 150//676
s 170
f 150//677 151//678 174//679
f 174//679 151//678 152//680
s 171
f 177//681 178//682 175//683
f 175//683 178//682 176//684
s 172
f 180//685 182//686 446//687
f 446//687 182//686 445//688
s 173
f 180//689 446//690 181//691
f 181//691 446//690 417//692
s 174
f 183//693 181//694 418//695
f 418//695 181//694 417//696
s 175
f 185//697 184//698 513//699
f 513//699 184//698 512//700
s 176
f 186//701 511//702 184//703
f 184//703 511//702 512//704
s 177
f 514//705 495//706 443//707
f 443//707 495//706 192//708
s 178
f 251//709 510//710 186//711
f 186//711 510//710 511//712
s 179
f 291//713 290//714 183//715
f 183//715 290//714 181//716
s 180
f 192//717 495//718 189//719
f 189//719 495//718 496//720
s 181
f 188//721 191//722 187//723
f 187//723 191//722 190//724
s 182
f 248//725 249//726 188//727
f 188//727 249//726 191//728
s 183
f 196//729 193//730 499//731
f 499//731 193//730 498//732
s 184
f 250//733 196//734 500//735
f 500//735 196//734 499//736
s 185
f 198//737 442//738 192//739
f 192//739 442//738 443//740
s 186
f 197//741 186//742 195//743
f 195//743 186//742 184//744
s 187
f 181//745 290//746 180//747
f 180//747 290//746 289//748
s 188
f 252//749 251//750 197//751
f 197//751 251//750 186//752
s 189
f 199//753 198//754 189//755
f 189//755 198//754 192//756
s 190
f 470//757 447//758 441//759
f 441//759 447//758 203//760
s 191
f 467//761 204//762 466//763
f 466//763 204//762 253//764
s 192
f 448//765 208//766 447//767
f 447//767 208//766 203//768
s 193
f 288//769 189//770 497//771
f 497//771 189//770 496//772
s 194
f 468//773 201//774 467//775
f 467//775 201//774 204//776
s 195
f 205//777 201//778 202//779
f 202//779 201//778 200//780
s 196
f 206//781 440//782 203//783
f 203//783 440//782 441//784
s 197
f 195//785 184//786 194//787
f 194//787 184//786 185//788
s off
f 206//789 210//790 293//791
s 198
f 205//792 207//793 201//794
f 201//794 207//793 204//795
s 199
f 254//796 253//797 207//798
f 207//798 253//797 204//799
s 200
f 211//800 209//801 205//802
f 205//802 209//801 207//803
s 201
f 210//804 206//805 208//806
f 208//806 206//805 203//807
s 202
f 209//808 255//809 207//810
f 207//810 255//809 254//811
s 203
f 219//812 216//813 210//814
f 210//814 216//813 293//815
s 204
f 210//816 208//817 212//818
f 212//818 208//817 213//819
s 205
f 215//820 209//821 214//822
f 214//822 209//821 211//823
s 206
f 256//824 255//825 215//826
f 215//826 255//825 209//827
s 207
f 220//828 210//829 217//830
f 217//830 210//829 212//831
s 208
f 216//832 218//833 438//834
f 438//834 218//833 437//835
s 209
f 218//836 234//837 240//838
f 240//838 234//837 221//839
s 210
f 221//840 258//841 240//842
f 240//842 258//841 257//843
s 211
f 223//844 218//845 219//846
f 219//846 218//845 216//847
s 212
f 224//848 220//849 222//850
f 222//850 220//849 217//851
s 213
f 225//852 223//853 220//854
f 220//854 223//853 219//855
s 214
f 226//856 225//857 224//858
f 224//858 225//857 220//859
s 215
f 228//860 227//861 260//862
f 260//862 227//861 261//863
s 216
f 231//864 229//865 230//866
f 230//866 229//865 228//867
s 217
f 230//868 228//869 262//870
f 262//870 228//869 260//871
s 218
f 201//872 468//873 200//874
f 200//874 468//873 469//875
s 219
f 213//876 208//877 449//878
f 449//878 208//877 448//879
s 220
f 234//880 218//881 233//882
f 233//882 218//881 223//883
s 221
f 222//884 235//885 224//886
f 224//886 235//885 229//887
s 222
f 233//888 223//889 236//890
f 236//890 223//889 225//891
s 223
f 229//892 235//893 228//894
f 228//894 235//893 227//895
s 224
f 229//896 231//897 224//898
f 224//898 231//897 226//899
s 225
f 230//900 262//901 239//902
f 239//902 262//901 263//903
s 226
f 226//904 237//905 225//906
f 225//906 237//905 236//907
s 227
f 231//908 238//909 226//910
f 226//910 238//909 237//911
s 228
f 231//912 230//913 238//914
f 238//914 230//913 239//915
s 229
f 218//916 240//917 437//918
f 437//918 240//917 436//919
s 230
f 240//920 257//921 436//922
f 436//922 257//921 435//923
s 231
f 241//924 259//925 221//926
f 221//926 259//925 258//927
s 232
f 233//928 243//929 234//930
f 234//930 243//929 242//931
s 233
f 264//932 244//933 263//934
f 263//934 244//933 239//935
s 234
f 234//936 242//937 221//938
f 221//938 242//937 241//939
s 235
f 245//940 243//941 236//942
f 236//942 243//941 233//943
s 236
f 237//944 246//945 236//946
f 236//946 246//945 245//947
s 237
f 238//948 247//949 237//950
f 237//950 247//949 246//951
s 238
f 239//952 244//953 238//954
f 238//954 244//953 247//955
s 239
f 227//956 244//957 261//958
f 261//958 244//957 264//959
s 240
f 235//960 247//961 227//962
f 227//962 247//961 244//963
s 241
f 246//964 247//965 222//966
f 222//966 247//965 235//967
s 242
f 245//968 246//969 217//970
f 217//970 246//969 222//971
s 243
f 279//972 278//973 454//974
f 454//974 278//973 453//975
s 244
f 452//976 277//977 451//978
f 451//978 277//977 276//979
s 245
f 453//980 278//981 452//982
f 452//982 278//981 277//983
s 246
f 451//984 276//985 450//986
f 450//986 276//985 275//987
s 247
f 245//988 270//989 243//990
f 243//990 270//989 271//991
s 248
f 243//992 271//993 242//994
f 242//994 271//993 272//995
s 249
f 272//996 273//997 242//998
f 242//998 273//997 241//999
s 250
f 273//1000 274//1001 241//1002
f 241//1002 274//1001 259//1003
s 251
f 270//1004 275//1005 271//1006
f 271//1006 275//1005 276//1007
s 252
f 271//1008 276//1009 272//1010
f 272//1010 276//1009 277//1011
s 253
f 277//1012 278//1013 272//1014
f 272//1014 278//1013 273//1015
s 254
f 278//1016 279//1017 273//1018
f 273//1018 279//1017 274//1019
s 255
f 212//1020 270//1021 217//1022
f 217//1022 270//1021 245//1023
s 256
f 213//1024 275//1025 212//1026
f 212//1026 275//1025 270//1027
s 257
f 275//1028 213//1029 450//1030
f 450//1030 213//1029 449//1031
s 258
f 199//1032 268//1033 232//1034
f 232//1034 268//1033 269//1035
s 259
f 281//1036 280//1037 266//1038
f 266//1038 280//1037 265//1039
s 260
f 268//1040 283//1041 267//1042
f 267//1042 283//1041 282//1043
s 261
f 267//1044 282//1045 266//1046
f 266//1046 282//1045 281//1047
s 262
f 189//1048 283//1049 199//1050
f 199//1050 283//1049 268//1051
s 263
f 285//1052 284//1053 196//1054
f 196//1054 284//1053 193//1055
s 264
f 250//1056 286//1057 196//1058
f 196//1058 286//1057 285//1059
s 265
f 288//1060 287//1061 189//1062
f 189//1062 287//1061 283//1063
s 266
f 193//1064 284//1065 288//1066
f 288//1066 284//1065 287//1067
s 267
f 193//1068 288//1069 498//1070
f 498//1070 288//1069 497//1071
s 268
f 290//1072 187//1073 289//1074
f 289//1074 187//1073 190//1075
s 269
f 188//1076 187//1077 291//1078
f 291//1078 187//1077 290//1079
s 270
f 248//1080 188//1081 292//1082
f 292//1082 188//1081 291//1083
s 271
f 206//1084 293//1085 440//1086
f 440//1086 293//1085 439//1087
s 272
f 216//1088 438//1089 293//1090
f 293//1090 438//1089 439//1091
s off
f 210//1092 220//1093 219//1094
s 273
f 296//1095 294//1096 297//1097
f 297//1097 294//1096 295//1098
s 274
f 299//1099 424//1100 301//1101
f 301//1101 424//1100 425//1102
s 275
f 423//1103 424//1104 300//1105
f 300//1105 424//1104 299//1106
s 276
f 423//1107 300//1108 422//1109
f 422//1109 300//1108 302//1110
s 277
f 304//1111 507//1112 303//1113
f 303//1113 507//1112 508//1114
s 278
f 305//1115 303//1116 509//1117
f 509//1117 303//1116 508//1118
s 279
f 311//1119 505//1120 427//1121
f 427//1121 505//1120 506//1122
s 280
f 251//1123 305//1124 510//1125
f 510//1125 305//1124 509//1126
s 281
f 300//1127 387//1128 302//1129
f 302//1129 387//1128 388//1130
s 282
f 311//1131 308//1132 505//1133
f 505//1133 308//1132 504//1134
s 283
f 309//1135 310//1136 306//1137
f 306//1137 310//1136 307//1138
s 284
f 310//1139 249//1140 307//1141
f 307//1141 249//1140 248//1142
s 285
f 315//1143 501//1144 312//1145
f 312//1145 501//1144 502//1146
s 286
f 250//1147 500//1148 315//1149
f 315//1149 500//1148 501//1150
s 287
f 427//1151 428//1152 311//1153
f 311//1153 428//1152 317//1154
s 288
f 303//1155 305//1156 314//1157
f 314//1157 305//1156 316//1158
s 289
f 300//1159 299//1160 387//1161
f 387//1161 299//1160 386//1162
s 290
f 305//1163 251//1164 316//1165
f 316//1165 251//1164 252//1166
s 291
f 311//1167 317//1168 308//1169
f 308//1169 317//1168 318//1170
s 292
f 462//1171 429//1172 461//1173
f 461//1173 429//1172 322//1174
s 293
f 465//1175 466//1176 323//1177
f 323//1177 466//1176 253//1178
s 294
f 460//1179 461//1180 327//1181
f 327//1181 461//1180 322//1182
s 295
f 385//1183 503//1184 308//1185
f 308//1185 503//1184 504//1186
s 296
f 323//1187 320//1188 465//1189
f 465//1189 320//1188 464//1190
s 297
f 319//1191 320//1192 321//1193
f 321//1193 320//1192 324//1194
s 298
f 429//1195 430//1196 322//1197
f 322//1197 430//1196 325//1198
s 299
f 314//1199 313//1200 303//1201
f 303//1201 313//1200 304//1202
s off
f 325//1203 389//1204 329//1205
s 300
f 323//1206 326//1207 320//1208
f 320//1208 326//1207 324//1209
s 301
f 323//1210 253//1211 326//1212
f 326//1212 253//1211 254//1213
s 302
f 326//1214 328//1215 324//1216
f 324//1216 328//1215 330//1217
s 303
f 322//1218 325//1219 327//1220
f 327//1220 325//1219 329//1221
s 304
f 254//1222 255//1223 326//1224
f 326//1224 255//1223 328//1225
s 305
f 389//1226 335//1227 329//1228
f 329//1228 335//1227 338//1229
s 306
f 332//1230 327//1231 331//1232
f 331//1232 327//1231 329//1233
s 307
f 330//1234 328//1235 333//1236
f 333//1236 328//1235 334//1237
s 308
f 328//1238 255//1239 334//1240
f 334//1240 255//1239 256//1241
s 309
f 331//1242 329//1243 336//1244
f 336//1244 329//1243 339//1245
s 310
f 433//1246 337//1247 432//1248
f 432//1248 337//1247 335//1249
s 311
f 337//1250 359//1251 353//1252
f 353//1252 359//1251 340//1253
s 312
f 257//1254 258//1255 359//1256
f 359//1256 258//1255 340//1257
s 313
f 335//1258 337//1259 338//1260
f 338//1260 337//1259 342//1261
s 314
f 336//1262 339//1263 341//1264
f 341//1264 339//1263 343//1265
s 315
f 338//1266 342//1267 339//1268
f 339//1268 342//1267 344//1269
s 316
f 339//1270 344//1271 343//1272
f 343//1272 344//1271 345//1273
s 317
f 261//1274 346//1275 260//1276
f 260//1276 346//1275 347//1277
s 318
f 347//1278 348//1279 349//1280
f 349//1280 348//1279 350//1281
s 319
f 260//1282 347//1283 262//1284
f 262//1284 347//1283 349//1285
s 320
f 463//1286 464//1287 319//1288
f 319//1288 464//1287 320//1289
s 321
f 460//1290 327//1291 459//1292
f 459//1292 327//1291 332//1293
s 322
f 342//1294 337//1295 352//1296
f 352//1296 337//1295 353//1297
s 323
f 341//1298 343//1299 354//1300
f 354//1300 343//1299 348//1301
s 324
f 344//1302 342//1303 355//1304
f 355//1304 342//1303 352//1305
s 325
f 348//1306 347//1307 354//1308
f 354//1308 347//1307 346//1309
s 326
f 348//1310 343//1311 350//1312
f 350//1312 343//1311 345//1313
s 327
f 349//1314 358//1315 262//1316
f 262//1316 358//1315 263//1317
s 328
f 355//1318 356//1319 344//1320
f 344//1320 356//1319 345//1321
s 329
f 356//1322 357//1323 345//1324
f 345//1324 357//1323 350//1325
s 330
f 350//1326 357//1327 349//1328
f 349//1328 357//1327 358//1329
s 331
f 434//1330 359//1331 433//1332
f 433//1332 359//1331 337//1333
s 332
f 435//1334 257//1335 434//1336
f 434//1336 257//1335 359//1337
s 333
f 258//1338 259//1339 340//1340
f 340//1340 259//1339 360//1341
s 334
f 352//1342 353//1343 362//1344
f 362//1344 353//1343 361//1345
s 335
f 358//1346 363//1347 263//1348
f 263//1348 363//1347 264//1349
s 336
f 353//1350 340//1351 361//1352
f 361//1352 340//1351 360//1353
s 337
f 352//1354 362//1355 355//1356
f 355//1356 362//1355 364//1357
s 338
f 356//1358 355//1359 365//1360
f 365//1360 355//1359 364//1361
s 339
f 357//1362 356//1363 366//1364
f 366//1364 356//1363 365//1365
s 340
f 358//1366 357//1367 363//1368
f 363//1368 357//1367 366//1369
s 341
f 346//1370 261//1371 363//1372
f 363//1372 261//1371 264//1373
s 342
f 354//1374 346//1375 366//1376
f 366//1376 346//1375 363//1377
s 343
f 354//1378 366//1379 341//1380
f 341//1380 366//1379 365//1381
s 344
f 341//1382 365//1383 336//1384
f 336//1384 365//1383 364//1385
s 345
f 279//1386 454//1387 378//1388
f 378//1388 454//1387 455//1389
s 346
f 456//1390 457//1391 377//1392
f 377//1392 457//1391 376//1393
s 347
f 455//1394 456//1395 378//1396
f 378//1396 456//1395 377//1397
s 348
f 457//1398 458//1399 376//1400
f 376//1400 458//1399 375//1401
s 349
f 364//1402 362//1403 371//1404
f 371//1404 362//1403 372//1405
s 350
f 362//1406 361//1407 372//1408
f 372//1408 361//1407 373//1409
s 351
f 360//1410 374//1411 361//1412
f 361//1412 374//1411 373//1413
s 352
f 259//1414 274//1415 360//1416
f 360//1416 274//1415 374//1417
s 353
f 371//1418 372//1419 375//1420
f 375//1420 372//1419 376//1421
s 354
f 372//1422 373//1423 376//1424
f 376//1424 373//1423 377//1425
s 355
f 374//1426 378//1427 373//1428
f 373//1428 378//1427 377//1429
s 356
f 274//1430 279//1431 374//1432
f 374//1432 279//1431 378//1433
s 357
f 331//1434 336//1435 371//1436
f 371//1436 336//1435 364//1437
s 358
f 332//1438 331//1439 375//1440
f 375//1440 331//1439 371//1441
s 359
f 375//1442 458//1443 332//1444
f 332//1444 458//1443 459//1445
s 360
f 318//1446 351//1447 369//1448
f 369//1448 351//1447 370//1449
s 361
f 265//1450 280//1451 367//1452
f 367//1452 280//1451 379//1453
s 362
f 369//1454 368//1455 381//1456
f 381//1456 368//1455 380//1457
s 363
f 368//1458 367//1459 380//1460
f 380//1460 367//1459 379//1461
s 364
f 308//1462 318//1463 381//1464
f 381//1464 318//1463 369//1465
s 365
f 312//1466 382//1467 315//1468
f 315//1468 382//1467 383//1469
s 366
f 250//1470 315//1471 286//1472
f 286//1472 315//1471 383//1473
s 367
f 385//1474 308//1475 384//1476
f 384//1476 308//1475 381//1477
s 368
f 312//1478 385//1479 382//1480
f 382//1480 385//1479 384//1481
s 369
f 312//1482 502//1483 385//1484
f 385//1484 502//1483 503//1485
s 370
f 387//1486 386//1487 306//1488
f 306//1488 386//1487 309//1489
s 371
f 387//1490 306//1491 388//1492
f 388//1492 306//1491 307//1493
s 372
f 388//1494 307//1495 292//1496
f 292//1496 307//1495 248//1497
s 373
f 325//1498 430//1499 389//1500
f 389//1500 430//1499 431//1501
s 374
f 335//1502 389//1503 432//1504
f 432//1504 389//1503 431//1505
s off
f 329//1506 338//1507 339//1508
s 375
f 390//1509 182//1510 391//1511
f 391//1511 182//1510 180//1512
s 376
f 392//1513 391//1514 289//1515
f 289//1515 391//1514 180//1516
s 377
f 393//1517 392//1518 190//1519
f 190//1519 392//1518 289//1520
s 378
f 191//1521 394//1522 190//1523
f 190//1523 394//1522 393//1524
s 379
f 394//1525 191//1526 395//1527
f 395//1527 191//1526 249//1528
s 380
f 396//1529 395//1530 310//1531
f 310//1531 395//1530 249//1532
s 381
f 310//1533 309//1534 396//1535
f 396//1535 309//1534 397//1536
s 382
f 386//1537 398//1538 309//1539
f 309//1539 398//1538 397//1540
s 383
f 299//1541 399//1542 386//1543
f 386//1543 399//1542 398//1544
s 384
f 400//1545 399//1546 301//1547
f 301//1547 399//1546 299//1548
s 385
f 425//1549 426//1550 301//1551
f 301//1551 426//1550 400//1552
s 386
f 296//1553 402//1554 298//1555
f 298//1555 402//1554 401//1556
s 387
f 402//1557 296//1558 403//1559
f 403//1559 296//1558 297//1560
s 388
f 406//1561 405//1562 177//1563
f 177//1563 405//1562 178//1564
s 389
f 407//1565 406//1566 179//1567
f 179//1567 406//1566 177//1568
s 390
f 390//1569 444//1570 182//1571
f 182//1571 444//1570 445//1572
s 391
f 418//1573 419//1574 183//1575
f 183//1575 419//1574 409//1576
s 392
f 183//1577 409//1578 291//1579
f 291//1579 409//1578 410//1580
s 393
f 292//1581 291//1582 411//1583
f 411//1583 291//1582 410//1584
s 394
f 422//1585 302//1586 421//1587
f 421//1587 302//1586 413//1588
s 395
f 302//1589 388//1590 413//1591
f 413//1591 388//1590 414//1592
s 396
f 292//1593 411//1594 388//1595
f 388//1595 411//1594 414//1596
s 397
f 409//1597 416//1598 410//1599
f 410//1599 416//1598 411//1600
s 398
f 409//1601 419//1602 416//1603
f 416//1603 419//1602 420//1604
s 399
f 420//1605 421//1606 416//1607
f 416//1607 421//1606 413//1608
s 400
f 411//1609 416//1610 414//1611
f 414//1611 416//1610 413//1612
s 401
f 403//1613 297//1614 412//1615
f 412//1615 297//1614 295//1616
s 402
f 405//1617 408//1618 178//1619
f 178//1619 408//1618 176//1620
s 403
f 404//1621 415//1622 405//1623
f 405//1623 415//1622 408//1624
s 404
f 404//1625 403//1626 415//1627
f 415//1627 403//1626 412//1628
s 405
f 418//1629 417//1630 176//1631
f 176//1631 417//1630 175//1632
s 406
f 419//1633 418//1634 408//1635
f 408//1635 418//1634 176//1636
s 407
f 419//1637 408//1638 420//1639
f 420//1639 408//1638 415//1640
s 408
f 421//1641 420//1642 412//1643
f 412//1643 420//1642 415//1644
s 409
f 295//1645 422//1646 412//1647
f 412//1647 422//1646 421//1648
s 410
f 294//1649 423//1650 295//1651
f 295//1651 423//1650 422//1652
s 411
f 424//1653 423//1654 296//1655
f 296//1655 423//1654 294//1656
s 412
f 425//1657 424//1658 298//1659
f 298//1659 424//1658 296//1660
s 413
f 426//1661 425//1662 401//1663
f 401//1663 425//1662 298//1664
s 414
f 427//1665 506//1666 304//1667
f 304//1667 506//1666 507//1668
s 415
f 428//1669 427//1670 313//1671
f 313//1671 427//1670 304//1672
s 416
f 429//1673 462//1674 319//1675
f 319//1675 462//1674 463//1676
s 417
f 430//1677 429//1678 321//1679
f 321//1679 429//1678 319//1680
s 418
f 431//1681 430//1682 324//1683
f 324//1683 430//1682 321//1684
s 419
f 432//1685 431//1686 330//1687
f 330//1687 431//1686 324//1688
s 420
f 333//1689 433//1690 330//1691
f 330//1691 433//1690 432//1692
s 421
f 334//1693 434//1694 333//1695
f 333//1695 434//1694 433//1696
s 422
f 256//1697 435//1698 334//1699
f 334//1699 435//1698 434//1700
s 423
f 436//1701 435//1702 215//1703
f 215//1703 435//1702 256//1704
s 424
f 437//1705 436//1706 214//1707
f 214//1707 436//1706 215//1708
s 425
f 438//1709 437//1710 211//1711
f 211//1711 437//1710 214//1712
s 426
f 438//1713 211//1714 439//1715
f 439//1715 211//1714 205//1716
s 427
f 439//1717 205//1718 440//1719
f 440//1719 205//1718 202//1720
s 428
f 440//1721 202//1722 441//1723
f 441//1723 202//1722 200//1724
s 429
f 441//1725 200//1726 470//1727
f 470//1727 200//1726 469//1728
s 430
f 442//1729 194//1730 443//1731
f 443//1731 194//1730 185//1732
s 431
f 443//1733 185//1734 514//1735
f 514//1735 185//1734 513//1736
s 432
f 444//1737 407//1738 445//1739
f 445//1739 407//1738 179//1740
s 433
f 445//1741 179//1742 446//1743
f 446//1743 179//1742 177//1744
s 434
f 446//1745 177//1746 417//1747
f 417//1747 177//1746 175//1748
s 435
f 472//1749 448//1750 471//1751
f 471//1751 448//1750 447//1752
s 436
f 449//1753 448//1754 473//1755
f 473//1755 448//1754 472//1756
s 437
f 450//1757 449//1758 474//1759
f 474//1759 449//1758 473//1760
s 438
f 475//1761 451//1762 474//1763
f 474//1763 451//1762 450//1764
s 439
f 476//1765 452//1766 475//1767
f 475//1767 452//1766 451//1768
s 440
f 477//1769 453//1770 476//1771
f 476//1771 453//1770 452//1772
s 441
f 454//1773 453//1774 478//1775
f 478//1775 453//1774 477//1776
s 442
f 454//1777 478//1778 455//1779
f 455//1779 478//1778 479//1780
s 443
f 479//1781 480//1782 455//1783
f 455//1783 480//1782 456//1784
s 444
f 480//1785 481//1786 456//1787
f 456//1787 481//1786 457//1788
s 445
f 481//1789 482//1790 457//1791
f 457//1791 482//1790 458//1792
s 446
f 458//1793 482//1794 459//1795
f 459//1795 482//1794 483//1796
s 447
f 484//1797 460//1798 483//1799
f 483//1799 460//1798 459//1800
s 448
f 484//1801 485//1802 460//1803
f 460//1803 485//1802 461//1804
s 449
f 486//1805 462//1806 485//1807
f 485//1807 462//1806 461//1808
s 450
f 462//1809 486//1810 463//1811
f 463//1811 486//1810 487//1812
s 451
f 464//1813 463//1814 488//1815
f 488//1815 463//1814 487//1816
s 452
f 465//1817 464//1818 489//1819
f 489//1819 464//1818 488//1820
s 453
f 489//1821 490//1822 465//1823
f 465//1823 490//1822 466//1824
s 454
f 491//1825 467//1826 490//1827
f 490//1827 467//1826 466//1828
s 455
f 492//1829 468//1830 491//1831
f 491//1831 468//1830 467//1832
s 456
f 468//1833 492//1834 469//1835
f 469//1835 492//1834 493//1836
s 457
f 470//1837 469//1838 494//1839
f 494//1839 469//1838 493//1840
s 458
f 494//1841 471//1842 470//1843
f 470//1843 471//1842 447//1844
s 459
f 199//1845 472//1846 198//1847
f 198//1847 472//1846 471//1848
s 460
f 473//1849 472//1850 232//1851
f 232//1851 472//1850 199//1852
s 461
f 474//1853 473//1854 269//1855
f 269//1855 473//1854 232//1856
s 462
f 268//1857 475//1858 269//1859
f 269//1859 475//1858 474//1860
s 463
f 267//1861 476//1862 268//1863
f 268//1863 476//1862 475//1864
s 464
f 266//1865 477//1866 267//1867
f 267//1867 477//1866 476//1868
s 465
f 478//1869 477//1870 265//1871
f 265//1871 477//1870 266//1872
s 466
f 478//1873 265//1874 479//1875
f 479//1875 265//1874 367//1876
s 467
f 367//1877 368//1878 479//1879
f 479//1879 368//1878 480//1880
s 468
f 368//1881 369//1882 480//1883
f 480//1883 369//1882 481//1884
s 469
f 369//1885 370//1886 481//1887
f 481//1887 370//1886 482//1888
s 470
f 482//1889 370//1890 483//1891
f 483//1891 370//1890 351//1892
s 471
f 318//1893 484//1894 351//1895
f 351//1895 484//1894 483//1896
s 472
f 318//1897 317//1898 484//1899
f 484//1899 317//1898 485//1900
s 473
f 428//1901 486//1902 317//1903
f 317//1903 486//1902 485//1904
s 474
f 486//1905 428//1906 487//1907
f 487//1907 428//1906 313//1908
s 475
f 488//1909 487//1910 314//1911
f 314//1911 487//1910 313//1912
s 476
f 489//1913 488//1914 316//1915
f 316//1915 488//1914 314//1916
s 477
f 316//1917 252//1918 489//1919
f 489//1919 252//1918 490//1920
s 478
f 197//1921 491//1922 252//1923
f 252//1923 491//1922 490//1924
s 479
f 195//1925 492//1926 197//1927
f 197//1927 492//1926 491//1928
s 480
f 492//1929 195//1930 493//1931
f 493//1931 195//1930 194//1932
s 481
f 494//1933 493//1934 442//1935
f 442//1935 493//1934 194//1936
s 482
f 471//1937 494//1938 198//1939
f 198//1939 494//1938 442//1940
s 483
f 495//1941 390//1942 496//1943
f 496//1943 390//1942 391//1944
s 484
f 497//1945 496//1946 392//1947
f 392//1947 496//1946 391//1948
s 485
f 498//1949 497//1950 393//1951
f 393//1951 497//1950 392//1952
s 486
f 498//1953 393//1954 499//1955
f 499//1955 393//1954 394//1956
s 487
f 500//1957 499//1958 395//1959
f 395//1959 499//1958 394//1960
s 488
f 501//1961 500//1962 396//1963
f 396//1963 500//1962 395//1964
s 489
f 502//1965 501//1966 397//1967
f 397//1967 501//1966 396//1968
s 490
f 502//1969 397//1970 503//1971
f 503//1971 397//1970 398//1972
s 491
f 503//1973 398//1974 504//1975
f 504//1975 398//1974 399//1976
s 492
f 505//1977 504//1978 400//1979
f 400//1979 504//1978 399//1980
s 493
f 505//1981 400//1982 506//1983
f 506//1983 400//1982 426//1984
s 494
f 506//1985 426//1986 507//1987
f 507//1987 426//1986 401//1988
s 495
f 507//1989 401//1990 508//1991
f 508//1991 401//1990 402//1992
s 496
f 509//1993 508//1994 403//1995
f 403//1995 508//1994 402//1996
s 497
f 510//1997 509//1998 404//1999
f 404//1999 509//1998 403//2000
s 498
f 511//2001 510//2002 405//2003
f 405//2003 510//2002 404//2004
s 499
f 511//2005 405//2006 512//2007
f 512//2007 405//2006 406//2008
s 500
f 513//2009 512//2010 407//2011
f 407//2011 512//2010 406//2012
s 501
f 514//2013 513//2014 444//2015
f 444//2015 513//2014 407//2016
s 502
f 495//2017 514//2018 390//2019
f 390//2019 514//2018 444//2020
s 503
f 527//2021 524//2022 526//2023
f 525//2024 526//2023 523//2025
f 524//2022 523//2025 526//2023
s 504
f 528//2026 524//2027 529//2028
f 529//2028 524//2027 527//2029
s 505
f 530//2030 528//2031 531//2032
f 531//2032 528//2031 529//2033
s 506
f 521//2034 522//2035 524//2036
f 525//2037 523//2038 522//2035
f 523//2038 524//2036 522//2035
s 507
f 520//2039 521//2040 528//2041
f 528//2041 521//2040 524//2042
s 508
f 519//2043 520//2044 530//2045
f 530//2045 520//2044 528//2046
s 509
f 516//2047 517//2048 523//2049
s 510
f 523//2049 517//2048 525//2050
f 516//2051 523//2052 517//2053
s 509
f 517//2053 523//2052 525//2054
s 511
f 536//2055 595//2056 534//2057
f 534//2057 595//2056 594//2058
s 512
f 535//2059 534//2060 542//2061
f 542//2061 534//2060 543//2062
s 513
f 536//2063 535//2064 538//2065
f 538//2065 535//2064 537//2066
s 514
f 537//2067 545//2068 538//2069
f 538//2069 545//2068 546//2070
s 515
f 540//2071 548//2072 539//2073
f 539//2073 548//2072 547//2074
s 516
f 540//2075 539//2076 541//2077
f 541//2077 539//2076 542//2078
s 517
f 544//2079 654//2080 541//2081
f 541//2081 654//2080 653//2082
s 518
f 543//2083 571//2084 544//2085
f 544//2085 571//2084 572//2086
s 519
f 545//2087 549//2088 546//2089
f 546//2089 549//2088 550//2090
s 520
f 548//2091 551//2092 547//2093
f 547//2093 551//2092 554//2094
s 521
f 549//2095 555//2096 550//2097
f 550//2097 555//2096 556//2098
s 522
f 552//2099 551//2100 647//2101
f 647//2101 551//2100 648//2102
s 523
f 553//2103 552//2104 557//2105
f 557//2105 552//2104 558//2106
s 524
f 556//2107 555//2108 585//2109
f 585//2109 555//2108 584//2110
s 525
f 558//2111 559//2112 557//2113
f 557//2113 559//2112 562//2114
s 526
f 560//2115 559//2116 633//2117
f 633//2117 559//2116 634//2118
s 527
f 561//2119 560//2120 563//2121
f 563//2121 560//2120 564//2122
s 528
f 563//2123 564//2124 565//2125
f 565//2125 564//2124 566//2126
s 529
f 565//2127 566//2128 569//2129
f 569//2129 566//2128 570//2130
s 530
f 567//2131 570//2132 642//2133
f 642//2133 570//2132 643//2134
s 531
f 568//2135 567//2136 571//2137
f 571//2137 567//2136 572//2138
s 532
f 568//2139 583//2140 569//2141
f 569//2141 583//2140 582//2142
s 533
f 574//2143 591//2144 573//2145
f 573//2145 591//2144 590//2146
s 534
f 574//2147 573//2148 576//2149
f 576//2149 573//2148 575//2150
s 535
f 576//2151 575//2152 578//2153
f 578//2153 575//2152 577//2154
s 536
f 578//2155 577//2156 580//2157
f 580//2157 577//2156 579//2158
s 537
f 579//2159 582//2160 580//2161
f 580//2161 582//2160 581//2162
s 538
f 581//2163 583//2164 620//2165
f 620//2165 583//2164 621//2166
s 539
f 585//2167 584//2168 587//2169
f 587//2169 584//2168 586//2170
s 540
f 586//2171 592//2172 587//2173
f 587//2173 592//2172 593//2174
s 541
f 588//2175 589//2176 592//2177
f 592//2177 589//2176 593//2178
s 542
f 588//2179 590//2180 589//2181
f 589//2181 590//2180 591//2182
s 543
f 594//2183 596//2184 599//2185
f 599//2185 596//2184 600//2186
s 544
f 596//2187 595//2188 597//2189
f 597//2189 595//2188 598//2190
s 545
f 598//2191 602//2192 597//2193
f 597//2193 602//2192 601//2194
s 546
f 599//2195 600//2196 608//2197
f 608//2197 600//2196 607//2198
s 547
f 601//2199 602//2200 603//2201
f 603//2201 602//2200 604//2202
s 548
f 604//2203 606//2204 603//2205
f 603//2205 606//2204 605//2206
s 549
f 606//2207 623//2208 605//2209
f 605//2209 623//2208 622//2210
s 550
f 608//2211 607//2212 609//2213
f 609//2213 607//2212 610//2214
s 551
f 609//2215 610//2216 621//2217
f 621//2217 610//2216 619//2218
s 552
f 611//2219 612//2220 629//2221
f 629//2221 612//2220 628//2222
s 553
f 612//2223 611//2224 613//2225
f 613//2225 611//2224 614//2226
s 554
f 614//2227 616//2228 613//2229
f 613//2229 616//2228 615//2230
s 555
f 615//2231 616//2232 617//2233
f 617//2233 616//2232 618//2234
s 556
f 618//2235 620//2236 617//2237
f 617//2237 620//2236 619//2238
s 557
f 622//2239 623//2240 624//2241
f 624//2241 623//2240 625//2242
s 558
f 624//2243 625//2244 631//2245
f 631//2245 625//2244 630//2246
s 559
f 627//2247 631//2248 626//2249
f 626//2249 631//2248 630//2250
s 560
f 626//2251 629//2252 627//2253
f 627//2253 629//2252 628//2254
s 561
f 632//2255 634//2256 637//2257
f 637//2257 634//2256 638//2258
s 562
f 632//2259 636//2260 633//2261
f 633//2261 636//2260 635//2262
s 563
f 635//2263 636//2264 639//2265
f 639//2265 636//2264 640//2266
s 564
f 637//2267 638//2268 646//2269
f 646//2269 638//2268 647//2270
s 565
f 639//2271 640//2272 643//2273
f 643//2273 640//2272 641//2274
s 566
f 642//2275 641//2276 644//2277
f 644//2277 641//2276 645//2278
s 567
f 644//2279 645//2280 654//2281
f 654//2281 645//2280 655//2282
s 568
f 646//2283 648//2284 649//2285
f 649//2285 648//2284 650//2286
s 569
f 650//2287 652//2288 649//2289
f 649//2289 652//2288 651//2290
s 570
f 651//2291 652//2292 655//2293
f 655//2293 652//2292 653//2294
s 571
f 596//2295 597//2296 600//2297
f 600//2297 597//2296 519//2298
s 572
f 597//2299 601//2300 519//2301
f 519//2301 601//2300 520//2302
s 573
f 601//2303 603//2304 520//2305
f 520//2305 603//2304 521//2306
s 574
f 603//2307 605//2308 521//2309
f 521//2309 605//2308 522//2310
s 575
f 607//2311 530//2312 610//2313
f 610//2313 530//2312 531//2314
s 576
f 600//2315 519//2316 607//2317
f 607//2317 519//2316 530//2318
s 577
f 526//2319 612//2320 527//2321
f 527//2321 612//2320 613//2322
s 578
f 527//2323 613//2324 529//2325
f 529//2325 613//2324 615//2326
s 579
f 531//2327 529//2328 617//2329
f 617//2329 529//2328 615//2330
s 580
f 610//2331 531//2332 619//2333
f 619//2333 531//2332 617//2334
s 581
f 605//2335 622//2336 522//2337
f 522//2337 622//2336 624//2338
s 582
f 627//2339 628//2340 526//2341
f 526//2341 628//2340 612//2342
s 583
f 631//2343 627//2344 525//2345
f 525//2345 627//2344 526//2346
s 584
f 522//2347 624//2348 525//2349
f 525//2349 624//2348 631//2350
s 585
f 535//2351 542//2352 537//2353
f 537//2353 542//2352 539//2354
s 586
f 537//2355 539//2356 545//2357
f 545//2357 539//2356 547//2358
s 587
f 545//2359 547//2360 549//2361
f 549//2361 547//2360 554//2362
s 588
f 549//2363 554//2364 555//2365
f 515//2366 555//2365 553//2367
f 554//2364 553//2367 555//2365
s 589
f 562//2368 518//2369 557//2370
f 517//2371 516//2372 518//2369
f 557//2370 518//2369 516//2372
s 590
f 532//2373 636//2374 637//2375
f 637//2375 636//2374 632//2376
s 591
f 533//2377 640//2378 532//2379
f 532//2379 640//2378 636//2380
s 592
f 645//2381 641//2382 533//2383
f 533//2383 641//2382 640//2384
s 593
f 553//2385 557//2386 515//2387
f 517//2388 515//2387 516//2389
f 516//2389 515//2387 557//2386
s 594
f 649//2390 532//2391 646//2392
f 646//2392 532//2391 637//2393
s 595
f 651//2394 533//2395 649//2396
f 649//2396 533//2395 532//2397
s 596
f 655//2398 645//2399 651//2400
f 651//2400 645//2399 533//2401
s 597
f 577//2402 575//2403 563//2404
f 563//2404 575//2403 561//2405
s 598
f 565//2406 579//2407 563//2408
f 563//2408 579//2407 577//2409
s 599
f 569//2410 582//2411 565//2412
f 565//2412 582//2411 579//2413
s 600
f 555//2414 515//2415 584//2416
f 584//2416 515//2415 586//2417
s 601
f 573//2418 590//2419 518//2420
f 518//2420 590//2419 588//2421
s 602
f 518//2422 588//2423 517//2424
f 517//2424 588//2423 592//2425
s 603
f 515//2426 517//2427 586//2428
f 586//2428 517//2427 592//2429
s 604
f 538//2430 598//2431 536//2432
f 536//2432 598//2431 595//2433
s 605
f 543//2434 534//2435 599//2436
f 599//2436 534//2435 594//2437
s 606
f 538//2438 546//2439 598//2440
f 598//2440 546//2439 602//2441
s 607
f 550//2442 604//2443 546//2444
f 546//2444 604//2443 602//2445
s 608
f 550//2446 556//2447 604//2448
f 604//2448 556//2447 606//2449
s 609
f 571//2450 608//2451 568//2452
f 568//2452 608//2451 609//2453
s 610
f 571//2454 543//2455 608//2456
f 608//2456 543//2455 599//2457
s 611
f 576//2458 614//2459 574//2460
f 574//2460 614//2459 611//2461
s 612
f 576//2462 578//2463 614//2464
f 614//2464 578//2463 616//2465
s 613
f 580//2466 618//2467 578//2468
f 578//2468 618//2467 616//2469
s 614
f 580//2470 581//2471 618//2472
f 618//2472 581//2471 620//2473
s 615
f 568//2474 609//2475 583//2476
f 583//2476 609//2475 621//2477
s 616
f 556//2478 585//2479 606//2480
f 606//2480 585//2479 623//2481
s 617
f 587//2482 625//2483 585//2484
f 585//2484 625//2483 623//2485
s 618
f 589//2486 591//2487 626//2488
f 626//2488 591//2487 629//2489
s 619
f 574//2490 611//2491 591//2492
f 591//2492 611//2491 629//2493
s 620
f 589//2494 626//2495 593//2496
f 593//2496 626//2495 630//2497
s 621
f 587//2498 593//2499 625//2500
f 625//2500 593//2499 630//2501
s 622
f 564//2502 560//2503 635//2504
f 635//2504 560//2503 633//2505
s 623
f 634//2506 559//2507 638//2508
f 638//2508 559//2507 558//2509
s 624
f 564//2510 635//2511 566//2512
f 566//2512 635//2511 639//2513
s 625
f 567//2514 642//2515 572//2516
f 572//2516 642//2515 644//2517
s 626
f 570//2518 566//2519 643//2520
f 643//2520 566//2519 639//2521
s 627
f 558//2522 552//2523 638//2524
f 638//2524 552//2523 647//2525
s 628
f 648//2526 551//2527 650//2528
f 650//2528 551//2527 548//2529
s 629
f 548//2530 540//2531 650//2532
f 650//2532 540//2531 652//2533
s 630
f 544//2534 572//2535 654//2536
f 654//2536 572//2535 644//2537
s 631
f 541//2538 653//2539 540//2540
f 540//2540 653//2539 652//2541
s 632
f 575//2542 573//2543 561//2544
f 518//2545 562//2546 573//2543
f 562//2546 561//2544 573//2543
s off
f 534//2547 535//2548 536//2549
s 633
f 542//2550 543//2551 541//2552
f 541//2552 543//2551 544//2553
s 634
f 551//2554 552//2555 554//2556
f 554//2556 552//2555 553//2557
s 635
f 559//2558 560//2559 562//2560
f 562//2560 560//2559 561//2561
s 636
f 567//2562 568//2563 570//2564
f 570//2564 568//2563 569//2565
s off
f 581//2566 582//2567 583//2568
f 594//2569 595//2570 596//2571
f 619//2572 620//2573 621//2574
f 632//2575 633//2576 634//2577
f 641//2578 642//2579 643//2580
f 646//2581 647//2582 648//2583
f 653//2584 654//2585 655//2586
s 637
f 720//2587 874//2588 725//2589
f 725//2589 874//2588 873//2590
s 638
f 715//2591 714//2592 903//2593
f 903//2593 714//2592 904//2594
s 639
f 716//2595 875//2596 717//2597
f 717//2597 875//2596 876//2598
s 640
f 874//2599 887//2600 816//2601
f 816//2601 887//2600 888//2602
s 641
f 656//2603 963//2604 657//2605
f 657//2605 963//2604 964//2606
s 642
f 717//2607 876//2608 718//2609
f 718//2609 876//2608 877//2610
s 643
f 717//2611 721//2612 716//2613
f 716//2613 721//2612 719//2614
s 644
f 721//2615 717//2616 723//2617
f 723//2617 717//2616 718//2618
s 645
f 873//2619 869//2620 725//2621
f 725//2621 869//2620 732//2622
s 646
f 718//2623 720//2624 723//2625
f 723//2625 720//2624 730//2626
s 647
f 903//2627 902//2628 715//2629
f 715//2629 902//2628 814//2630
s 648
f 964//2631 965//2632 657//2633
f 657//2633 965//2632 658//2634
s 649
f 725//2635 735//2636 720//2637
f 720//2637 735//2636 730//2638
s 650
f 916//2639 915//2640 814//2641
f 814//2641 915//2640 817//2642
s 651
f 724//2643 719//2644 727//2645
f 727//2645 719//2644 729//2646
s 652
f 723//2647 730//2648 861//2649
f 861//2649 730//2648 860//2650
s 653
f 965//2651 966//2652 658//2653
f 658//2653 966//2652 659//2654
s 654
f 869//2655 722//2656 900//2657
f 900//2657 722//2656 901//2658
s 655
f 661//2659 727//2660 660//2661
f 660//2661 727//2660 729//2662
s 656
f 662//2663 731//2664 661//2665
f 661//2665 731//2664 727//2666
s 657
f 859//2667 688//2668 729//2669
f 729//2669 688//2668 660//2670
s 658
f 727//2671 731//2672 724//2673
f 724//2673 731//2672 726//2674
s 659
f 689//2675 860//2676 663//2677
f 663//2677 860//2676 733//2678
s 660
f 725//2679 732//2680 735//2681
f 735//2681 732//2680 738//2682
s 661
f 860//2683 730//2684 733//2685
f 733//2685 730//2684 735//2686
s 662
f 968//2687 969//2688 685//2689
f 685//2689 969//2688 705//2690
s 663
f 741//2691 732//2692 900//2693
f 900//2693 732//2692 869//2694
s 664
f 663//2695 733//2696 664//2697
f 664//2697 733//2696 739//2698
s 665
f 853//2699 931//2700 852//2701
f 852//2701 931//2700 932//2702
s 666
f 901//2703 728//2704 900//2705
f 900//2705 728//2704 870//2706
s 667
f 733//2707 735//2708 739//2709
f 739//2709 735//2708 738//2710
s 668
f 739//2711 742//2712 664//2713
f 664//2713 742//2712 673//2714
s 669
f 739//2715 738//2716 742//2717
f 742//2717 738//2716 743//2718
s 670
f 703//2719 665//2720 971//2721
f 971//2721 665//2720 970//2722
s 671
f 742//2723 744//2724 673//2725
f 673//2725 744//2724 677//2726
s 672
f 728//2727 737//2728 870//2729
f 870//2729 737//2728 871//2730
s 673
f 666//2731 702//2732 736//2733
f 736//2733 702//2732 929//2734
s 674
f 736//2735 929//2736 734//2737
f 734//2737 929//2736 930//2738
s 675
f 742//2739 743//2740 744//2741
f 744//2741 743//2740 749//2742
s 676
f 743//2743 741//2744 749//2745
f 749//2745 741//2744 745//2746
s 677
f 737//2747 740//2748 871//2749
f 871//2749 740//2748 872//2750
s 678
f 741//2751 747//2752 745//2753
f 745//2753 747//2752 751//2754
s 679
f 1390//2755 1391//2756 1389//2757
f 1389//2757 1391//2756 1392//2758
s 680
f 668//2759 972//2760 701//2761
f 701//2761 972//2760 973//2762
s 681
f 747//2763 752//2764 751//2765
f 751//2765 752//2764 755//2766
s 682
f 667//2767 700//2768 748//2769
f 748//2769 700//2768 927//2770
s 683
f 927//2771 928//2772 748//2773
f 748//2773 928//2772 746//2774
s 684
f 686//2775 704//2776 853//2777
f 853//2777 704//2776 931//2778
s 685
f 756//2779 750//2780 749//2781
f 749//2781 750//2780 744//2782
s 686
f 752//2783 754//2784 755//2785
f 755//2785 754//2784 753//2786
s 687
f 669//2787 750//2788 672//2789
f 672//2789 750//2788 760//2790
s 688
f 758//2791 670//2792 764//2793
f 764//2793 670//2792 675//2794
s 689
f 745//2795 751//2796 757//2797
f 757//2797 751//2796 761//2798
s off
f 763//2799 760//2800 765//2801
s 690
f 676//2802 671//2803 975//2804
f 975//2804 671//2803 974//2805
s 691
f 674//2806 763//2807 675//2808
f 675//2808 763//2807 764//2809
s 692
f 758//2810 764//2811 759//2812
f 759//2812 764//2811 766//2813
s 693
f 751//2814 755//2815 761//2816
f 761//2816 755//2815 762//2817
s 694
f 760//2818 750//2819 767//2820
f 767//2820 750//2819 756//2821
s 695
f 755//2822 753//2823 762//2824
f 762//2824 753//2823 784//2825
s 696
f 763//2826 770//2827 764//2828
f 764//2828 770//2827 766//2829
s 697
f 760//2830 767//2831 765//2832
f 765//2832 767//2831 768//2833
s 698
f 765//2834 769//2835 763//2836
f 763//2836 769//2835 770//2837
s 699
f 678//2838 676//2839 976//2840
f 976//2840 676//2839 975//2841
s 700
f 769//2842 765//2843 772//2844
f 772//2844 765//2843 768//2845
s 701
f 678//2846 976//2847 679//2848
f 679//2848 976//2847 977//2849
s 702
f 770//2850 769//2851 771//2852
f 771//2852 769//2851 773//2853
s 703
f 977//2854 978//2855 679//2856
f 679//2856 978//2855 680//2857
s 704
f 769//2858 772//2859 773//2860
f 773//2860 772//2859 776//2861
s 705
f 773//2862 775//2863 771//2864
f 771//2864 775//2863 774//2865
s 706
f 978//2866 979//2867 680//2868
f 680//2868 979//2867 681//2869
s 707
f 778//2870 779//2871 776//2872
f 776//2872 779//2871 898//2873
s 708
f 775//2874 780//2875 774//2876
f 774//2876 780//2875 777//2877
s 709
f 981//2878 992//2879 710//2880
f 710//2880 992//2879 984//2881
s 710
f 897//2882 898//2883 781//2884
f 781//2884 898//2883 779//2885
s 711
f 777//2886 780//2887 985//2888
f 985//2888 780//2887 986//2889
s 712
f 1350//2890 1351//2891 992//2892
f 992//2892 1351//2891 984//2893
s 713
f 1346//2894 1347//2895 986//2896
f 986//2896 1347//2895 985//2897
s 714
f 982//2898 711//2899 1373//2900
f 1373//2900 711//2899 1372//2901
s 715
f 785//2902 782//2903 1377//2904
f 1377//2904 782//2903 1376//2905
s 716
f 786//2906 783//2907 761//2908
f 761//2908 783//2907 757//2909
s 717
f 899//2910 785//2911 789//2912
f 789//2912 785//2911 896//2913
s 718
f 791//2914 786//2915 762//2916
f 762//2916 786//2915 761//2917
s 719
f 792//2918 788//2919 786//2920
f 786//2920 788//2919 783//2921
s 720
f 772//2922 768//2923 798//2924
f 798//2924 768//2923 788//2925
s 721
f 793//2926 791//2927 784//2928
f 784//2928 791//2927 762//2929
s 722
f 795//2930 894//2931 794//2932
f 794//2932 894//2931 895//2933
s 723
f 796//2934 792//2935 791//2936
f 791//2936 792//2935 786//2937
s 724
f 798//2938 788//2939 800//2940
f 800//2940 788//2939 792//2941
s 725
f 799//2942 796//2943 793//2944
f 793//2944 796//2943 791//2945
s 726
f 792//2946 796//2947 800//2948
f 800//2948 796//2947 801//2949
s 727
f 799//2950 803//2951 796//2952
f 796//2952 803//2951 801//2953
s 728
f 778//2954 776//2955 798//2956
f 798//2956 776//2955 772//2957
s 729
f 802//2958 778//2959 800//2960
f 800//2960 778//2959 798//2961
s 730
f 804//2962 802//2963 801//2964
f 801//2964 802//2963 800//2965
s 731
f 804//2966 801//2967 805//2968
f 805//2968 801//2967 803//2969
s 732
f 802//2970 806//2971 778//2972
f 778//2972 806//2971 779//2973
s 733
f 806//2974 802//2975 807//2976
f 807//2976 802//2975 804//2977
s 734
f 807//2978 804//2979 808//2980
f 808//2980 804//2979 805//2981
s 735
f 781//2982 779//2983 809//2984
f 809//2984 779//2983 806//2985
s 736
f 809//2986 806//2987 810//2988
f 810//2988 806//2987 807//2989
s 737
f 810//2990 807//2991 811//2992
f 811//2992 807//2991 808//2993
s 738
f 812//2994 818//2995 722//2996
f 722//2996 818//2995 905//2997
s 739
f 963//2998 656//2999 962//3000
f 962//3000 656//2999 692//3001
s 740
f 813//3002 715//3003 815//3004
f 815//3004 715//3003 814//3005
s 741
f 812//3006 816//3007 818//3008
f 818//3008 816//3007 823//3009
s 742
f 814//3010 817//3011 815//3012
f 815//3012 817//3011 819//3013
s 743
f 816//3014 888//3015 823//3016
f 823//3016 888//3015 889//3017
s 744
f 824//3018 825//3019 826//3020
f 826//3020 825//3019 828//3021
s 745
f 827//3022 830//3023 824//3024
f 824//3024 830//3023 825//3025
s 746
f 817//3026 920//3027 819//3028
f 819//3028 920//3027 921//3029
s 747
f 826//3030 828//3031 918//3032
f 918//3032 828//3031 917//3033
s 748
f 915//3034 919//3035 817//3036
f 817//3036 919//3035 920//3037
s 749
f 829//3038 832//3039 831//3040
f 831//3040 832//3039 836//3041
s 750
f 823//3042 889//3043 833//3044
f 833//3044 889//3043 890//3045
s 751
f 942//3046 839//3047 941//3048
f 941//3048 839//3047 840//3049
s 752
f 835//3050 830//3051 833//3052
f 833//3052 830//3051 827//3053
s 753
f 941//3054 840//3055 940//3056
f 940//3056 840//3055 841//3057
s 754
f 826//3058 918//3059 915//3060
f 915//3060 918//3059 919//3061
s 755
f 836//3062 832//3063 837//3064
f 837//3064 832//3063 834//3065
s 756
f 960//3066 708//3067 959//3068
f 959//3068 708//3067 684//3069
s 757
f 833//3070 890//3071 835//3072
f 835//3072 890//3071 891//3073
s 758
f 940//3074 841//3075 939//3076
f 939//3076 841//3075 884//3077
s 759
f 833//3078 827//3079 823//3080
f 823//3080 827//3079 818//3081
s 760
f 839//3082 943//3083 840//3084
f 840//3084 943//3083 944//3085
s 761
f 840//3086 944//3087 841//3088
f 841//3088 944//3087 945//3089
s 762
f 959//3090 684//3091 958//3092
f 958//3092 684//3091 709//3093
s 763
f 938//3094 845//3095 937//3096
f 937//3096 845//3095 846//3097
s 764
f 937//3098 846//3099 936//3100
f 936//3100 846//3099 847//3101
s 765
f 936//3102 847//3103 935//3104
f 935//3104 847//3103 848//3105
s 766
f 841//3106 945//3107 884//3108
f 884//3108 945//3107 946//3109
s 767
f 948//3110 846//3111 947//3112
f 947//3112 846//3111 845//3113
s 768
f 846//3114 948//3115 847//3116
f 847//3116 948//3115 949//3117
s 769
f 847//3118 949//3119 848//3120
f 848//3120 949//3119 950//3121
s 770
f 851//3122 790//3123 895//3124
f 895//3124 790//3123 794//3125
s 771
f 789//3126 896//3127 851//3128
f 851//3128 896//3127 790//3129
s 772
f 966//3130 967//3131 659//3132
f 659//3132 967//3131 707//3133
s 773
f 731//3134 933//3135 726//3136
f 726//3136 933//3135 934//3137
s 774
f 662//3138 706//3139 731//3140
f 731//3140 706//3139 933//3141
s 775
f 729//3142 719//3143 859//3144
f 859//3144 719//3143 721//3145
s 776
f 688//3146 859//3147 690//3148
f 690//3148 859//3147 861//3149
s 777
f 690//3150 861//3151 689//3152
f 689//3152 861//3151 860//3153
s 778
f 721//3154 723//3155 859//3156
f 859//3156 723//3155 861//3157
s 779
f 674//3158 672//3159 763//3160
f 763//3160 672//3159 760//3161
s 780
f 862//3162 863//3163 908//3164
f 908//3164 863//3163 907//3165
s 781
f 864//3166 862//3167 909//3168
f 909//3168 862//3167 908//3169
s 782
f 957//3170 691//3171 956//3172
f 956//3172 691//3171 699//3173
s 783
f 883//3174 864//3175 910//3176
f 910//3176 864//3175 909//3177
s 784
f 911//3178 912//3179 865//3180
f 865//3180 912//3179 866//3181
s 785
f 867//3182 866//3183 913//3184
f 913//3184 866//3183 912//3185
s 786
f 868//3186 867//3187 914//3188
f 914//3188 867//3187 913//3189
s 787
f 873//3190 874//3191 812//3192
f 812//3192 874//3191 816//3193
s 788
f 873//3194 812//3195 869//3196
f 869//3196 812//3195 722//3197
s 789
f 900//3198 870//3199 741//3200
f 741//3200 870//3199 747//3201
s 790
f 870//3202 871//3203 747//3204
f 747//3204 871//3203 752//3205
s 791
f 871//3206 872//3207 752//3208
f 752//3208 872//3207 754//3209
s 792
f 738//3210 732//3211 743//3212
f 743//3212 732//3211 741//3213
s 793
f 876//3214 821//3215 877//3216
f 877//3216 821//3215 822//3217
s 794
f 875//3218 820//3219 876//3220
f 876//3220 820//3219 821//3221
s 795
f 877//3222 822//3223 886//3224
f 886//3224 822//3223 885//3225
s 796
f 962//3226 692//3227 961//3228
f 961//3228 692//3227 683//3229
s 797
f 878//3230 838//3231 879//3232
f 879//3232 838//3231 842//3233
s 798
f 879//3234 842//3235 880//3236
f 880//3236 842//3235 843//3237
s 799
f 880//3238 843//3239 881//3240
f 881//3240 843//3239 844//3241
s 800
f 865//3242 883//3243 911//3244
f 911//3244 883//3243 910//3245
s 801
f 884//3246 946//3247 845//3248
f 845//3248 946//3247 947//3249
s 802
f 939//3250 884//3251 938//3252
f 938//3252 884//3251 845//3253
s 803
f 886//3254 885//3255 878//3256
f 878//3256 885//3255 838//3257
s 804
f 718//3258 887//3259 720//3260
f 720//3260 887//3259 874//3261
s 805
f 887//3262 886//3263 888//3264
f 888//3264 886//3263 878//3265
s 806
f 888//3266 878//3267 889//3268
f 889//3268 878//3267 879//3269
s 807
f 889//3270 879//3271 890//3272
f 890//3272 879//3271 880//3273
s 808
f 890//3274 880//3275 891//3276
f 891//3276 880//3275 881//3277
s 809
f 718//3278 877//3279 887//3280
f 887//3280 877//3279 886//3281
s 810
f 714//3282 715//3283 892//3284
f 892//3284 715//3283 813//3285
s 811
f 682//3286 787//3287 698//3288
f 698//3288 787//3287 899//3289
s 812
f 894//3290 795//3291 893//3292
f 893//3292 795//3291 797//3293
s 813
f 697//3294 789//3295 695//3296
f 695//3296 789//3295 851//3297
s 814
f 694//3298 894//3299 693//3300
f 693//3300 894//3299 893//3301
s 815
f 696//3302 895//3303 694//3304
f 694//3304 895//3303 894//3305
s 816
f 695//3306 851//3307 696//3308
f 696//3308 851//3307 895//3309
s 817
f 780//3310 775//3311 897//3312
f 897//3312 775//3311 898//3313
s 818
f 776//3314 898//3315 773//3316
f 773//3316 898//3315 775//3317
s 819
f 787//3318 782//3319 899//3320
f 899//3320 782//3319 785//3321
s 820
f 698//3322 899//3323 697//3324
f 697//3324 899//3323 789//3325
s 821
f 783//3326 788//3327 767//3328
f 767//3328 788//3327 768//3329
s 822
f 783//3330 767//3331 757//3332
f 757//3332 767//3331 756//3333
s 823
f 749//3334 745//3335 756//3336
f 756//3336 745//3335 757//3337
s 824
f 915//3338 916//3339 826//3340
f 826//3340 916//3339 824//3341
s 825
f 903//3342 737//3343 902//3344
f 902//3344 737//3343 728//3345
s 826
f 902//3346 728//3347 906//3348
f 906//3348 728//3347 901//3349
s 827
f 904//3350 740//3351 903//3352
f 903//3352 740//3351 737//3353
s 828
f 824//3354 905//3355 827//3356
f 827//3356 905//3355 818//3357
s 829
f 906//3358 901//3359 905//3360
f 905//3360 901//3359 722//3361
s 830
f 956//3362 699//3363 955//3364
f 955//3364 699//3363 687//3365
s 831
f 908//3366 907//3367 854//3368
f 854//3368 907//3367 856//3369
s 832
f 909//3370 908//3371 855//3372
f 855//3372 908//3371 854//3373
s 833
f 910//3374 909//3375 882//3376
f 882//3376 909//3375 855//3377
s 834
f 911//3378 910//3379 857//3380
f 857//3380 910//3379 882//3381
s 835
f 912//3382 911//3383 858//3384
f 858//3384 911//3383 857//3385
s 836
f 913//3386 912//3387 849//3388
f 849//3388 912//3387 858//3389
s 837
f 914//3390 913//3391 850//3392
f 850//3392 913//3391 849//3393
s 838
f 906//3394 916//3395 902//3396
f 902//3396 916//3395 814//3397
s 839
f 916//3398 906//3399 824//3400
f 824//3400 906//3399 905//3401
s 840
f 918//3402 917//3403 923//3404
f 923//3404 917//3403 922//3405
s 841
f 918//3406 923//3407 919//3408
f 919//3408 923//3407 924//3409
s 842
f 920//3410 919//3411 925//3412
f 925//3412 919//3411 924//3413
s 843
f 920//3414 925//3415 921//3416
f 921//3416 925//3415 926//3417
s 844
f 923//3418 922//3419 834//3420
f 834//3420 922//3419 837//3421
s 845
f 923//3422 834//3423 924//3424
f 924//3424 834//3423 832//3425
s 846
f 925//3426 924//3427 829//3428
f 829//3428 924//3427 832//3429
s 847
f 925//3430 829//3431 926//3432
f 926//3432 829//3431 831//3433
s 848
f 700//3434 670//3435 927//3436
f 927//3436 670//3435 758//3437
s 849
f 927//3438 758//3439 928//3440
f 928//3440 758//3439 759//3441
s 850
f 701//3442 973//3443 671//3444
f 671//3444 973//3443 974//3445
s 851
f 702//3446 667//3447 929//3448
f 929//3448 667//3447 748//3449
s 852
f 930//3450 929//3451 746//3452
f 746//3452 929//3451 748//3453
s 853
f 703//3454 971//3455 668//3456
f 668//3456 971//3455 972//3457
s 854
f 704//3458 666//3459 931//3460
f 931//3460 666//3459 736//3461
s 855
f 931//3462 736//3463 932//3464
f 932//3464 736//3463 734//3465
s 856
f 969//3466 970//3467 705//3468
f 705//3468 970//3467 665//3469
s 857
f 706//3470 686//3471 933//3472
f 933//3472 686//3471 853//3473
s 858
f 933//3474 853//3475 934//3476
f 934//3476 853//3475 852//3477
s 859
f 967//3478 968//3479 707//3480
f 707//3480 968//3479 685//3481
s 860
f 843//3482 936//3483 844//3484
f 844//3484 936//3483 935//3485
s 861
f 842//3486 937//3487 843//3488
f 843//3488 937//3487 936//3489
s 862
f 838//3490 938//3491 842//3492
f 842//3492 938//3491 937//3493
s 863
f 885//3494 939//3495 838//3496
f 838//3496 939//3495 938//3497
s 864
f 822//3498 940//3499 885//3500
f 885//3500 940//3499 939//3501
s 865
f 821//3502 941//3503 822//3504
f 822//3504 941//3503 940//3505
s 866
f 820//3506 942//3507 821//3508
f 821//3508 942//3507 941//3509
s 867
f 961//3510 683//3511 960//3512
f 960//3512 683//3511 708//3513
s 868
f 958//3514 709//3515 957//3516
f 957//3516 709//3515 691//3517
s 869
f 943//3518 863//3519 944//3520
f 944//3520 863//3519 862//3521
s 870
f 944//3522 862//3523 945//3524
f 945//3524 862//3523 864//3525
s 871
f 945//3526 864//3527 946//3528
f 946//3528 864//3527 883//3529
s 872
f 946//3530 883//3531 947//3532
f 947//3532 883//3531 865//3533
s 873
f 866//3534 948//3535 865//3536
f 865//3536 948//3535 947//3537
s 874
f 948//3538 866//3539 949//3540
f 949//3540 866//3539 867//3541
s 875
f 949//3542 867//3543 950//3544
f 950//3544 867//3543 868//3545
s 876
f 979//3546 980//3547 681//3548
f 681//3548 980//3547 713//3549
s 877
f 954//3550 777//3551 994//3552
f 994//3552 777//3551 985//3553
s 878
f 1348//3554 994//3555 1347//3556
f 1347//3556 994//3555 985//3557
s 879
f 953//3558 1375//3559 782//3560
f 782//3560 1375//3559 1376//3561
s 880
f 787//3562 682//3563 983//3564
f 983//3564 682//3563 712//3565
s 881
f 983//3566 712//3567 982//3568
f 982//3568 712//3567 711//3569
s 882
f 953//3570 952//3571 1375//3572
f 1375//3572 952//3571 1374//3573
s 883
f 1348//3574 1349//3575 994//3576
f 994//3576 1349//3575 991//3577
s 884
f 991//3578 951//3579 994//3580
f 994//3580 951//3579 954//3581
s 885
f 980//3582 981//3583 713//3584
f 713//3584 981//3583 710//3585
s 886
f 907//3586 956//3587 856//3588
f 856//3588 956//3587 955//3589
s 887
f 907//3590 863//3591 956//3592
f 956//3592 863//3591 957//3593
s 888
f 958//3594 957//3595 943//3596
f 943//3596 957//3595 863//3597
s 889
f 959//3598 958//3599 839//3600
f 839//3600 958//3599 943//3601
s 890
f 960//3602 959//3603 942//3604
f 942//3604 959//3603 839//3605
s 891
f 961//3606 960//3607 820//3608
f 820//3608 960//3607 942//3609
s 892
f 962//3610 961//3611 875//3612
f 875//3612 961//3611 820//3613
s 893
f 963//3614 962//3615 716//3616
f 716//3616 962//3615 875//3617
s 894
f 964//3618 963//3619 719//3620
f 719//3620 963//3619 716//3621
s 895
f 965//3622 964//3623 724//3624
f 724//3624 964//3623 719//3625
s 896
f 966//3626 965//3627 726//3628
f 726//3628 965//3627 724//3629
s 897
f 967//3630 966//3631 934//3632
f 934//3632 966//3631 726//3633
s 898
f 968//3634 967//3635 852//3636
f 852//3636 967//3635 934//3637
s 899
f 969//3638 968//3639 932//3640
f 932//3640 968//3639 852//3641
s 900
f 970//3642 969//3643 734//3644
f 734//3644 969//3643 932//3645
s 901
f 971//3646 970//3647 930//3648
f 930//3648 970//3647 734//3649
s 902
f 971//3650 930//3651 972//3652
f 972//3652 930//3651 746//3653
s 903
f 972//3654 746//3655 973//3656
f 973//3656 746//3655 928//3657
s 904
f 974//3658 973//3659 759//3660
f 759//3660 973//3659 928//3661
s 905
f 975//3662 974//3663 766//3664
f 766//3664 974//3663 759//3665
s 906
f 976//3666 975//3667 770//3668
f 770//3668 975//3667 766//3669
s 907
f 976//3670 770//3671 977//3672
f 977//3672 770//3671 771//3673
s 908
f 978//3674 977//3675 774//3676
f 774//3676 977//3675 771//3677
s 909
f 979//3678 978//3679 777//3680
f 777//3680 978//3679 774//3681
s 910
f 980//3682 979//3683 954//3684
f 954//3684 979//3683 777//3685
s 911
f 981//3686 980//3687 951//3688
f 951//3688 980//3687 954//3689
s 912
f 983//3690 982//3691 953//3692
f 953//3692 982//3691 952//3693
s 913
f 782//3694 787//3695 953//3696
f 953//3696 787//3695 983//3697
s 914
f 986//3698 993//3699 1346//3700
f 1346//3700 993//3699 1345//3701
s 915
f 992//3702 991//3703 1350//3704
f 1350//3704 991//3703 1349//3705
s 916
f 993//3706 987//3707 1345//3708
f 1345//3708 987//3707 1344//3709
s 917
f 987//3710 988//3711 1344//3712
f 1344//3712 988//3711 1343//3713
s 918
f 988//3714 989//3715 1343//3716
f 1343//3716 989//3715 1342//3717
s 919
f 989//3718 990//3719 1342//3720
f 1342//3720 990//3719 1341//3721
s 920
f 781//3722 809//3723 987//3724
f 987//3724 809//3723 988//3725
s 921
f 809//3726 810//3727 988//3728
f 988//3728 810//3727 989//3729
s 922
f 810//3730 811//3731 989//3732
f 989//3732 811//3731 990//3733
s 923
f 981//3734 951//3735 992//3736
f 992//3736 951//3735 991//3737
s 924
f 897//3738 781//3739 993//3740
f 993//3740 781//3739 987//3741
s 925
f 897//3742 993//3743 780//3744
f 780//3744 993//3743 986//3745
s 926
f 996//3746 914//3747 995//3748
f 995//3748 914//3747 850//3749
s 927
f 997//3750 868//3751 996//3752
f 996//3752 868//3751 914//3753
s 928
f 950//3754 868//3755 998//3756
f 998//3756 868//3755 997//3757
s 929
f 848//3758 950//3759 999//3760
f 999//3760 950//3759 998//3761
s 930
f 935//3762 848//3763 1000//3764
f 1000//3764 848//3763 999//3765
s 931
f 844//3766 935//3767 1001//3768
f 1001//3768 935//3767 1000//3769
s 932
f 881//3770 844//3771 1002//3772
f 1002//3772 844//3771 1001//3773
s 933
f 891//3774 881//3775 1003//3776
f 1003//3776 881//3775 1002//3777
s 934
f 835//3778 891//3779 1004//3780
f 1004//3780 891//3779 1003//3781
s 935
f 830//3782 835//3783 1005//3784
f 1005//3784 835//3783 1004//3785
s 936
f 1006//3786 825//3787 1005//3788
f 1005//3788 825//3787 830//3789
s 937
f 1007//3790 828//3791 1006//3792
f 1006//3792 828//3791 825//3793
s 938
f 1008//3794 917//3795 1007//3796
f 1007//3796 917//3795 828//3797
s 939
f 1009//3798 922//3799 1008//3800
f 1008//3800 922//3799 917//3801
s 940
f 837//3802 922//3803 1010//3804
f 1010//3804 922//3803 1009//3805
s 941
f 1011//3806 836//3807 1010//3808
f 1010//3808 836//3807 837//3809
s 942
f 1012//3810 1013//3811 815//3812
f 815//3812 1013//3811 813//3813
s 943
f 1014//3814 1012//3815 819//3816
f 819//3816 1012//3815 815//3817
s 944
f 1013//3818 1015//3819 813//3820
f 813//3820 1015//3819 892//3821
s 945
f 921//3822 1016//3823 819//3824
f 819//3824 1016//3823 1014//3825
s 946
f 926//3826 1017//3827 921//3828
f 921//3828 1017//3827 1016//3829
s 947
f 1019//3830 1016//3831 1018//3832
f 1018//3832 1016//3831 1017//3833
s 948
f 1020//3834 1014//3835 1019//3836
f 1019//3836 1014//3835 1016//3837
s 949
f 1021//3838 1012//3839 1020//3840
f 1020//3840 1012//3839 1014//3841
s 950
f 1022//3842 1013//3843 1021//3844
f 1021//3844 1013//3843 1012//3845
s 951
f 1015//3846 1013//3847 1023//3848
f 1023//3848 1013//3847 1022//3849
s 952
f 1017//3850 926//3851 836//3852
f 836//3852 926//3851 831//3853
s 953
f 1018//3854 1017//3855 1011//3856
f 1011//3856 1017//3855 836//3857
s 954
f 1031//3858 1030//3859 1025//3860
f 1024//3861 1036//3862 1030//3859
f 1025//3860 1030//3859 1036//3862
s 955
f 1026//3863 1032//3864 1025//3865
f 1025//3865 1032//3864 1031//3866
s 956
f 1027//3867 1033//3868 1026//3869
f 1026//3869 1033//3868 1032//3870
s 957
f 1028//3871 1034//3872 1027//3873
f 1027//3873 1034//3872 1033//3874
s 958
f 1038//3875 1040//3876 1037//3877
f 1037//3877 1040//3876 1039//3878
s 959
f 855//3879 854//3880 1031//3881
f 1031//3881 854//3880 1030//3882
s 960
f 1032//3883 882//3884 1031//3885
f 1031//3885 882//3884 855//3886
s 961
f 1033//3887 857//3888 1032//3889
f 1032//3889 857//3888 882//3890
s 962
f 1034//3891 858//3892 1033//3893
f 1033//3893 858//3892 857//3894
s 963
f 1040//3895 1042//3896 1039//3897
f 1039//3897 1042//3896 1041//3898
s 964
f 1035//3899 1029//3900 850//3901
f 850//3901 1029//3900 995//3902
s off
f 850//3903 849//3904 1035//3905
s 965
f 854//3906 856//3907 1030//3908
f 1030//3908 856//3907 955//3909
s 966
f 1030//3910 955//3911 1024//3912
f 1024//3912 955//3911 687//3913
s 967
f 1028//3914 1037//3915 1034//3916
f 1034//3916 1037//3915 1039//3917
s 968
f 1035//3918 1040//3919 1029//3920
f 1029//3920 1040//3919 1038//3921
s 969
f 1034//3922 1039//3923 858//3924
f 858//3924 1039//3923 1041//3925
s 970
f 1041//3926 1042//3927 858//3928
f 858//3928 1042//3927 849//3929
s 971
f 1042//3930 1040//3931 849//3932
f 849//3932 1040//3931 1035//3933
s 972
f 1049//3934 1054//3935 1203//3936
f 1203//3936 1054//3935 1202//3937
s 973
f 1044//3938 1232//3939 1043//3940
f 1043//3940 1232//3939 1233//3941
s 974
f 1205//3942 1204//3943 1046//3944
f 1046//3944 1204//3943 1045//3945
s 975
f 1217//3946 1216//3947 1145//3948
f 1145//3948 1216//3947 1203//3949
s 976
f 1293//3950 1292//3951 657//3952
f 657//3952 1292//3951 656//3953
s 977
f 1206//3954 1205//3955 1047//3956
f 1047//3956 1205//3955 1046//3957
s 978
f 1048//3958 1050//3959 1045//3960
f 1045//3960 1050//3959 1046//3961
s 979
f 1050//3962 1052//3963 1046//3964
f 1046//3964 1052//3963 1047//3965
s 980
f 1061//3966 1198//3967 1054//3968
f 1054//3968 1198//3967 1202//3969
s 981
f 1047//3970 1052//3971 1049//3972
f 1049//3972 1052//3971 1059//3973
s 982
f 1143//3974 1231//3975 1044//3976
f 1044//3976 1231//3975 1232//3977
s 983
f 658//3978 1294//3979 657//3980
f 657//3980 1294//3979 1293//3981
s 984
f 1059//3982 1064//3983 1049//3984
f 1049//3984 1064//3983 1054//3985
s 985
f 1146//3986 1244//3987 1143//3988
f 1143//3988 1244//3987 1245//3989
s 986
f 1053//3990 1056//3991 1048//3992
f 1048//3992 1056//3991 1058//3993
s 987
f 1189//3994 1059//3995 1190//3996
f 1190//3996 1059//3995 1052//3997
s 988
f 659//3998 1295//3999 658//4000
f 658//4000 1295//3999 1294//4001
s 989
f 1198//4002 1229//4003 1051//4004
f 1051//4004 1229//4003 1230//4005
s 990
f 1058//4006 1056//4007 660//4008
f 660//4008 1056//4007 661//4009
s 991
f 1056//4010 1060//4011 661//4012
f 661//4012 1060//4011 662//4013
s 992
f 1188//4014 1058//4015 688//4016
f 688//4016 1058//4015 660//4017
s 993
f 1055//4018 1060//4019 1053//4020
f 1053//4020 1060//4019 1056//4021
s 994
f 1062//4022 1189//4023 663//4024
f 663//4024 1189//4023 689//4025
s 995
f 1054//4026 1064//4027 1061//4028
f 1061//4028 1064//4027 1067//4029
s 996
f 1064//4030 1059//4031 1062//4032
f 1062//4032 1059//4031 1189//4033
s 997
f 705//4034 1298//4035 685//4036
f 685//4036 1298//4035 1297//4037
s 998
f 1070//4038 1229//4039 1061//4040
f 1061//4040 1229//4039 1198//4041
s 999
f 1068//4042 1062//4043 664//4044
f 664//4044 1062//4043 663//4045
s 1000
f 1261//4046 1260//4047 1181//4048
f 1181//4048 1260//4047 1182//4049
s 1001
f 1199//4050 1057//4051 1229//4052
f 1229//4052 1057//4051 1230//4053
s 1002
f 1062//4054 1068//4055 1064//4056
f 1064//4056 1068//4055 1067//4057
s 1003
f 673//4058 1071//4059 664//4060
f 664//4060 1071//4059 1068//4061
s 1004
f 1072//4062 1067//4063 1071//4064
f 1071//4064 1067//4063 1068//4065
s 1005
f 703//4066 1300//4067 665//4068
f 665//4068 1300//4067 1299//4069
s 1006
f 1071//4070 673//4071 1073//4072
f 1073//4072 673//4071 677//4073
s 1007
f 1057//4074 1199//4075 1066//4076
f 1066//4076 1199//4075 1200//4077
s 1008
f 1258//4078 702//4079 1065//4080
f 1065//4080 702//4079 666//4081
s 1009
f 1065//4082 1063//4083 1258//4084
f 1258//4084 1063//4083 1259//4085
s 1010
f 1078//4086 1072//4087 1073//4088
f 1073//4088 1072//4087 1071//4089
s 1011
f 1074//4090 1070//4091 1078//4092
f 1078//4092 1070//4091 1072//4093
s 1012
f 1066//4094 1200//4095 1069//4096
f 1069//4096 1200//4095 1201//4097
s 1013
f 1080//4098 1076//4099 1074//4100
f 1074//4100 1076//4099 1070//4101
s 1014
f 1392//4102 1391//4103 1393//4104
f 1393//4104 1391//4103 1394//4105
s 1015
f 1302//4106 1301//4107 701//4108
f 701//4108 1301//4107 668//4109
s 1016
f 1084//4110 1081//4111 1080//4112
f 1080//4112 1081//4111 1076//4113
s 1017
f 1256//4114 700//4115 1077//4116
f 1077//4116 700//4115 667//4117
s 1018
f 1075//4118 1257//4119 1077//4120
f 1077//4120 1257//4119 1256//4121
s 1019
f 1260//4122 704//4123 1182//4124
f 1182//4124 704//4123 686//4125
s 1020
f 1073//4126 1079//4127 1078//4128
f 1078//4128 1079//4127 1085//4129
s 1021
f 1081//4130 1084//4131 1083//4132
f 1083//4132 1084//4131 1082//4133
s 1022
f 1089//4134 1079//4135 672//4136
f 672//4136 1079//4135 669//4137
s 1023
f 1087//4138 1093//4139 670//4140
f 670//4140 1093//4139 675//4141
s 1024
f 1090//4142 1080//4143 1086//4144
f 1086//4144 1080//4143 1074//4145
s off
f 1092//4146 1094//4147 1089//4148
s 1025
f 676//4149 1304//4150 671//4151
f 671//4151 1304//4150 1303//4152
s 1026
f 1093//4153 1092//4154 675//4155
f 675//4155 1092//4154 674//4156
s 1027
f 1087//4157 1088//4158 1093//4159
f 1093//4159 1088//4158 1095//4160
s 1028
f 1080//4161 1090//4162 1084//4163
f 1084//4163 1090//4162 1091//4164
s 1029
f 1089//4165 1096//4166 1079//4167
f 1079//4167 1096//4166 1085//4168
s 1030
f 1084//4169 1091//4170 1082//4171
f 1082//4171 1091//4170 1113//4172
s 1031
f 1095//4173 1099//4174 1093//4175
f 1093//4175 1099//4174 1092//4176
s 1032
f 1097//4177 1096//4178 1094//4179
f 1094//4179 1096//4178 1089//4180
s 1033
f 1099//4181 1098//4182 1092//4183
f 1092//4183 1098//4182 1094//4184
s 1034
f 678//4185 1305//4186 676//4187
f 676//4187 1305//4186 1304//4188
s 1035
f 1098//4189 1101//4190 1094//4191
f 1094//4191 1101//4190 1097//4192
s 1036
f 678//4193 679//4194 1305//4195
f 1305//4195 679//4194 1306//4196
s 1037
f 1099//4197 1100//4198 1098//4199
f 1098//4199 1100//4198 1102//4200
s 1038
f 680//4201 1307//4202 679//4203
f 679//4203 1307//4202 1306//4204
s 1039
f 1098//4205 1102//4206 1101//4207
f 1101//4207 1102//4206 1105//4208
s 1040
f 1103//4209 1104//4210 1100//4211
f 1100//4211 1104//4210 1102//4212
s 1041
f 681//4213 1308//4214 680//4215
f 680//4215 1308//4214 1307//4216
s 1042
f 1227//4217 1108//4218 1105//4219
f 1105//4219 1108//4218 1107//4220
s 1043
f 1106//4221 1109//4222 1103//4223
f 1103//4223 1109//4222 1104//4224
s 1044
f 984//4225 1320//4226 710//4227
f 710//4227 1320//4226 1310//4228
s 1045
f 1226//4229 1110//4230 1227//4231
f 1227//4231 1110//4230 1108//4232
s 1046
f 1352//4233 1320//4234 1351//4235
f 1351//4235 1320//4234 984//4236
s 1047
f 1314//4237 1109//4238 1313//4239
f 1313//4239 1109//4238 1106//4240
s 1048
f 1086//4241 1112//4242 1090//4243
f 1090//4243 1112//4242 1115//4244
s 1049
f 1225//4245 1114//4246 1118//4247
f 1118//4247 1114//4246 1228//4248
s 1050
f 1119//4249 1365//4250 1225//4251
f 1225//4251 1365//4250 1366//4252
s 1051
f 1090//4253 1115//4254 1091//4255
f 1091//4255 1115//4254 1120//4256
s 1052
f 1112//4257 1117//4258 1115//4259
f 1115//4259 1117//4258 1121//4260
s 1053
f 1101//4261 1127//4262 1097//4263
f 1097//4263 1127//4262 1117//4264
s 1054
f 1091//4265 1120//4266 1113//4267
f 1113//4267 1120//4266 1122//4268
s 1055
f 1224//4269 1223//4270 1123//4271
f 1123//4271 1223//4270 1124//4272
s 1056
f 1125//4273 1120//4274 1121//4275
f 1121//4275 1120//4274 1115//4276
s 1057
f 1127//4277 1129//4278 1117//4279
f 1117//4279 1129//4278 1121//4280
s 1058
f 1128//4281 1122//4282 1125//4283
f 1125//4283 1122//4282 1120//4284
s 1059
f 1121//4285 1129//4286 1125//4287
f 1125//4287 1129//4286 1130//4288
s 1060
f 1130//4289 1132//4290 1125//4291
f 1125//4291 1132//4290 1128//4292
s 1061
f 1101//4293 1105//4294 1127//4295
f 1127//4295 1105//4294 1107//4296
s 1062
f 1127//4297 1107//4298 1129//4299
f 1129//4299 1107//4298 1131//4300
s 1063
f 1133//4301 1130//4302 1131//4303
f 1131//4303 1130//4302 1129//4304
s 1064
f 1132//4305 1130//4306 1134//4307
f 1134//4307 1130//4306 1133//4308
s 1065
f 1108//4309 1135//4310 1107//4311
f 1107//4311 1135//4310 1131//4312
s 1066
f 1133//4313 1131//4314 1136//4315
f 1136//4315 1131//4314 1135//4316
s 1067
f 1134//4317 1133//4318 1137//4319
f 1137//4319 1133//4318 1136//4320
s 1068
f 1110//4321 1138//4322 1108//4323
f 1108//4323 1138//4322 1135//4324
s 1069
f 1138//4325 1139//4326 1135//4327
f 1135//4327 1139//4326 1136//4328
s 1070
f 1139//4329 1140//4330 1136//4331
f 1136//4331 1140//4330 1137//4332
s 1071
f 1123//4333 1364//4334 1119//4335
f 1119//4335 1364//4334 1365//4336
s 1072
f 1124//4337 1363//4338 1123//4339
f 1123//4339 1363//4338 1364//4340
s 1073
f 1126//4341 1362//4342 1124//4343
f 1124//4343 1362//4342 1363//4344
s 1074
f 1234//4345 1147//4346 1051//4347
f 1051//4347 1147//4346 1141//4348
s 1075
f 1292//4349 1291//4350 656//4351
f 656//4351 1291//4350 692//4352
s 1076
f 1142//4353 1144//4354 1044//4355
f 1044//4355 1144//4354 1143//4356
s 1077
f 1152//4357 1145//4358 1147//4359
f 1147//4359 1145//4358 1141//4360
s 1078
f 1143//4361 1144//4362 1146//4363
f 1146//4363 1144//4362 1148//4364
s 1079
f 1218//4365 1217//4366 1152//4367
f 1152//4367 1217//4366 1145//4368
s 1080
f 1157//4369 1154//4370 1155//4371
f 1155//4371 1154//4370 1153//4372
s 1081
f 1154//4373 1159//4374 1153//4375
f 1153//4375 1159//4374 1156//4376
s 1082
f 1250//4377 1249//4378 1148//4379
f 1148//4379 1249//4378 1146//4380
s 1083
f 1155//4381 1247//4382 1157//4383
f 1157//4383 1247//4382 1246//4384
s 1084
f 1249//4385 1248//4386 1146//4387
f 1146//4387 1248//4386 1244//4388
s 1085
f 1165//4389 1161//4390 1160//4391
f 1160//4391 1161//4390 1158//4392
s 1086
f 1219//4393 1218//4394 1162//4395
f 1162//4395 1218//4394 1152//4396
s 1087
f 1169//4397 1168//4398 1270//4399
f 1270//4399 1168//4398 1271//4400
s 1088
f 1164//4401 1162//4402 1159//4403
f 1159//4403 1162//4402 1156//4404
s 1089
f 1170//4405 1169//4406 1269//4407
f 1269//4407 1169//4406 1270//4408
s 1090
f 1248//4409 1247//4410 1244//4411
f 1244//4411 1247//4410 1155//4412
s 1091
f 1165//4413 1166//4414 1161//4415
f 1161//4415 1166//4414 1163//4416
s 1092
f 1289//4417 1288//4418 708//4419
f 708//4419 1288//4418 684//4420
s 1093
f 1220//4421 1219//4422 1164//4423
f 1164//4423 1219//4422 1162//4424
s 1094
f 1213//4425 1170//4426 1268//4427
f 1268//4427 1170//4426 1269//4428
s 1095
f 1162//4429 1152//4430 1156//4431
f 1156//4431 1152//4430 1147//4432
s 1096
f 1273//4433 1272//4434 1169//4435
f 1169//4435 1272//4434 1168//4436
s 1097
f 1274//4437 1273//4438 1170//4439
f 1170//4439 1273//4438 1169//4440
s 1098
f 1288//4441 1287//4442 684//4443
f 684//4443 1287//4442 709//4444
s 1099
f 1175//4445 1174//4446 1266//4447
f 1266//4447 1174//4446 1267//4448
s 1100
f 1176//4449 1175//4450 1265//4451
f 1265//4451 1175//4450 1266//4452
s 1101
f 1177//4453 1176//4454 1264//4455
f 1264//4455 1176//4454 1265//4456
s 1102
f 1170//4457 1213//4458 1274//4459
f 1274//4459 1213//4458 1275//4460
s 1103
f 1277//4461 1276//4462 1175//4463
f 1175//4463 1276//4462 1174//4464
s 1104
f 1278//4465 1277//4466 1176//4467
f 1176//4467 1277//4466 1175//4468
s 1105
f 1279//4469 1278//4470 1177//4471
f 1177//4471 1278//4470 1176//4472
s 1106
f 1180//4473 1224//4474 1119//4475
f 1119//4475 1224//4474 1123//4476
s 1107
f 1118//4477 1180//4478 1225//4479
f 1225//4479 1180//4478 1119//4480
s 1108
f 707//4481 1296//4482 659//4483
f 659//4483 1296//4482 1295//4484
s 1109
f 1263//4485 1262//4486 1055//4487
f 1055//4487 1262//4486 1060//4488
s 1110
f 1262//4489 706//4490 1060//4491
f 1060//4491 706//4490 662//4492
s 1111
f 1058//4493 1188//4494 1048//4495
f 1048//4495 1188//4494 1050//4496
s 1112
f 1190//4497 1188//4498 690//4499
f 690//4499 1188//4498 688//4500
s 1113
f 1189//4501 1190//4502 689//4503
f 689//4503 1190//4502 690//4504
s 1114
f 1190//4505 1052//4506 1188//4507
f 1188//4507 1052//4506 1050//4508
s 1115
f 1089//4509 672//4510 1092//4511
f 1092//4511 672//4510 674//4512
s 1116
f 1236//4513 1192//4514 1237//4515
f 1237//4515 1192//4514 1191//4516
s 1117
f 1193//4517 1238//4518 1191//4519
f 1191//4519 1238//4518 1237//4520
s 1118
f 699//4521 691//4522 1285//4523
f 1285//4523 691//4522 1286//4524
s 1119
f 1238//4525 1193//4526 1239//4527
f 1239//4527 1193//4526 1212//4528
s 1120
f 1195//4529 1241//4530 1194//4531
f 1194//4531 1241//4530 1240//4532
s 1121
f 1196//4533 1242//4534 1195//4535
f 1195//4535 1242//4534 1241//4536
s 1122
f 1197//4537 1243//4538 1196//4539
f 1196//4539 1243//4538 1242//4540
s 1123
f 1202//4541 1141//4542 1203//4543
f 1203//4543 1141//4542 1145//4544
s 1124
f 1051//4545 1141//4546 1198//4547
f 1198//4547 1141//4546 1202//4548
s 1125
f 1076//4549 1199//4550 1070//4551
f 1070//4551 1199//4550 1229//4552
s 1126
f 1081//4553 1200//4554 1076//4555
f 1076//4555 1200//4554 1199//4556
s 1127
f 1083//4557 1201//4558 1081//4559
f 1081//4559 1201//4558 1200//4560
s 1128
f 1067//4561 1072//4562 1061//4563
f 1061//4563 1072//4562 1070//4564
s 1129
f 1151//4565 1150//4566 1206//4567
f 1206//4567 1150//4566 1205//4568
s 1130
f 1150//4569 1149//4570 1205//4571
f 1205//4571 1149//4570 1204//4572
s 1131
f 1214//4573 1151//4574 1215//4575
f 1215//4575 1151//4574 1206//4576
s 1132
f 1291//4577 1290//4578 692//4579
f 692//4579 1290//4578 683//4580
s 1133
f 1171//4581 1167//4582 1208//4583
f 1208//4583 1167//4582 1207//4584
s 1134
f 1172//4585 1171//4586 1209//4587
f 1209//4587 1171//4586 1208//4588
s 1135
f 1173//4589 1172//4590 1210//4591
f 1210//4591 1172//4590 1209//4592
s 1136
f 1239//4593 1212//4594 1240//4595
f 1240//4595 1212//4594 1194//4596
s 1137
f 1213//4597 1174//4598 1275//4599
f 1275//4599 1174//4598 1276//4600
s 1138
f 1174//4601 1213//4602 1267//4603
f 1267//4603 1213//4602 1268//4604
s 1139
f 1167//4605 1214//4606 1207//4607
f 1207//4607 1214//4606 1215//4608
s 1140
f 1047//4609 1049//4610 1216//4611
f 1216//4611 1049//4610 1203//4612
s 1141
f 1207//4613 1215//4614 1217//4615
f 1217//4615 1215//4614 1216//4616
s 1142
f 1208//4617 1207//4618 1218//4619
f 1218//4619 1207//4618 1217//4620
s 1143
f 1209//4621 1208//4622 1219//4623
f 1219//4623 1208//4622 1218//4624
s 1144
f 1210//4625 1209//4626 1220//4627
f 1220//4627 1209//4626 1219//4628
s 1145
f 1047//4629 1216//4630 1206//4631
f 1206//4631 1216//4630 1215//4632
s 1146
f 1142//4633 1044//4634 1221//4635
f 1221//4635 1044//4634 1043//4636
s 1147
f 1228//4637 1116//4638 698//4639
f 698//4639 1116//4638 682//4640
s 1148
f 1126//4641 1124//4642 1222//4643
f 1222//4643 1124//4642 1223//4644
s 1149
f 1180//4645 1118//4646 695//4647
f 695//4647 1118//4646 697//4648
s 1150
f 1222//4649 1223//4650 693//4651
f 693//4651 1223//4650 694//4652
s 1151
f 1223//4653 1224//4654 694//4655
f 694//4655 1224//4654 696//4656
s 1152
f 1224//4657 1180//4658 696//4659
f 696//4659 1180//4658 695//4660
s 1153
f 1225//4661 1366//4662 1114//4663
f 1114//4663 1366//4662 1367//4664
s 1154
f 1109//4665 1226//4666 1104//4667
f 1104//4667 1226//4666 1227//4668
s 1155
f 1105//4669 1102//4670 1227//4671
f 1227//4671 1102//4670 1104//4672
s 1156
f 1116//4673 1228//4674 1111//4675
f 1111//4675 1228//4674 1114//4676
s 1157
f 1118//4677 1228//4678 697//4679
f 697//4679 1228//4678 698//4680
s 1158
f 1112//4681 1096//4682 1117//4683
f 1117//4683 1096//4682 1097//4684
s 1159
f 1085//4685 1096//4686 1086//4687
f 1086//4687 1096//4686 1112//4688
s 1160
f 1086//4689 1074//4690 1085//4691
f 1085//4691 1074//4690 1078//4692
s 1161
f 1244//4693 1155//4694 1245//4695
f 1245//4695 1155//4694 1153//4696
s 1162
f 1057//4697 1066//4698 1231//4699
f 1231//4699 1066//4698 1232//4700
s 1163
f 1230//4701 1057//4702 1235//4703
f 1235//4703 1057//4702 1231//4704
s 1164
f 1066//4705 1069//4706 1232//4707
f 1232//4707 1069//4706 1233//4708
s 1165
f 1153//4709 1156//4710 1234//4711
f 1234//4711 1156//4710 1147//4712
s 1166
f 1051//4713 1230//4714 1234//4715
f 1234//4715 1230//4714 1235//4716
s 1167
f 687//4717 699//4718 1284//4719
f 1284//4719 699//4718 1285//4720
s 1168
f 1185//4721 1236//4722 1183//4723
f 1183//4723 1236//4722 1237//4724
s 1169
f 1238//4725 1184//4726 1237//4727
f 1237//4727 1184//4726 1183//4728
s 1170
f 1184//4729 1238//4730 1211//4731
f 1211//4731 1238//4730 1239//4732
s 1171
f 1211//4733 1239//4734 1186//4735
f 1186//4735 1239//4734 1240//4736
s 1172
f 1241//4737 1187//4738 1240//4739
f 1240//4739 1187//4738 1186//4740
s 1173
f 1242//4741 1178//4742 1241//4743
f 1241//4743 1178//4742 1187//4744
s 1174
f 1243//4745 1179//4746 1242//4747
f 1242//4747 1179//4746 1178//4748
s 1175
f 1143//4749 1245//4750 1231//4751
f 1231//4751 1245//4750 1235//4752
s 1176
f 1234//4753 1235//4754 1153//4755
f 1153//4755 1235//4754 1245//4756
s 1177
f 1247//4757 1252//4758 1246//4759
f 1246//4759 1252//4758 1251//4760
s 1178
f 1253//4761 1252//4762 1248//4763
f 1248//4763 1252//4762 1247//4764
s 1179
f 1249//4765 1254//4766 1248//4767
f 1248//4767 1254//4766 1253//4768
s 1180
f 1255//4769 1254//4770 1250//4771
f 1250//4771 1254//4770 1249//4772
s 1181
f 1252//4773 1163//4774 1251//4775
f 1251//4775 1163//4774 1166//4776
s 1182
f 1161//4777 1163//4778 1253//4779
f 1253//4779 1163//4778 1252//4780
s 1183
f 1254//4781 1158//4782 1253//4783
f 1253//4783 1158//4782 1161//4784
s 1184
f 1160//4785 1158//4786 1255//4787
f 1255//4787 1158//4786 1254//4788
s 1185
f 1087//4789 670//4790 1256//4791
f 1256//4791 670//4790 700//4792
s 1186
f 1088//4793 1087//4794 1257//4795
f 1257//4795 1087//4794 1256//4796
s 1187
f 1303//4797 1302//4798 671//4799
f 671//4799 1302//4798 701//4800
s 1188
f 1077//4801 667//4802 1258//4803
f 1258//4803 667//4802 702//4804
s 1189
f 1259//4805 1075//4806 1258//4807
f 1258//4807 1075//4806 1077//4808
s 1190
f 1301//4809 1300//4810 668//4811
f 668//4811 1300//4810 703//4812
s 1191
f 1065//4813 666//4814 1260//4815
f 1260//4815 666//4814 704//4816
s 1192
f 1063//4817 1065//4818 1261//4819
f 1261//4819 1065//4818 1260//4820
s 1193
f 665//4821 1299//4822 705//4823
f 705//4823 1299//4822 1298//4824
s 1194
f 1182//4825 686//4826 1262//4827
f 1262//4827 686//4826 706//4828
s 1195
f 1181//4829 1182//4830 1263//4831
f 1263//4831 1182//4830 1262//4832
s 1196
f 685//4833 1297//4834 707//4835
f 707//4835 1297//4834 1296//4836
s 1197
f 1264//4837 1265//4838 1173//4839
f 1173//4839 1265//4838 1172//4840
s 1198
f 1265//4841 1266//4842 1172//4843
f 1172//4843 1266//4842 1171//4844
s 1199
f 1266//4845 1267//4846 1171//4847
f 1171//4847 1267//4846 1167//4848
s 1200
f 1267//4849 1268//4850 1167//4851
f 1167//4851 1268//4850 1214//4852
s 1201
f 1268//4853 1269//4854 1214//4855
f 1214//4855 1269//4854 1151//4856
s 1202
f 1269//4857 1270//4858 1151//4859
f 1151//4859 1270//4858 1150//4860
s 1203
f 1270//4861 1271//4862 1150//4863
f 1150//4863 1271//4862 1149//4864
s 1204
f 1290//4865 1289//4866 683//4867
f 683//4867 1289//4866 708//4868
s 1205
f 1287//4869 1286//4870 709//4871
f 709//4871 1286//4870 691//4872
s 1206
f 1191//4873 1192//4874 1273//4875
f 1273//4875 1192//4874 1272//4876
s 1207
f 1193//4877 1191//4878 1274//4879
f 1274//4879 1191//4878 1273//4880
s 1208
f 1212//4881 1193//4882 1275//4883
f 1275//4883 1193//4882 1274//4884
s 1209
f 1194//4885 1212//4886 1276//4887
f 1276//4887 1212//4886 1275//4888
s 1210
f 1195//4889 1194//4890 1277//4891
f 1277//4891 1194//4890 1276//4892
s 1211
f 1196//4893 1195//4894 1278//4895
f 1278//4895 1195//4894 1277//4896
s 1212
f 1197//4897 1196//4898 1279//4899
f 1279//4899 1196//4898 1278//4900
s 1213
f 713//4901 1309//4902 681//4903
f 681//4903 1309//4902 1308//4904
s 1214
f 1283//4905 1322//4906 1106//4907
f 1106//4907 1322//4906 1313//4908
s 1215
f 1116//4909 1312//4910 682//4911
f 682//4911 1312//4910 712//4912
s 1216
f 1312//4913 1311//4914 712//4915
f 712//4915 1311//4914 711//4916
s 1217
f 1283//4917 1280//4918 1322//4919
f 1322//4919 1280//4918 1319//4920
s 1218
f 710//4921 1310//4922 713//4923
f 713//4923 1310//4922 1309//4924
s 1219
f 1284//4925 1285//4926 1185//4927
f 1185//4927 1285//4926 1236//4928
s 1220
f 1236//4929 1285//4930 1192//4931
f 1192//4931 1285//4930 1286//4932
s 1221
f 1192//4933 1286//4934 1272//4935
f 1272//4935 1286//4934 1287//4936
s 1222
f 1272//4937 1287//4938 1168//4939
f 1168//4939 1287//4938 1288//4940
s 1223
f 1168//4941 1288//4942 1271//4943
f 1271//4943 1288//4942 1289//4944
s 1224
f 1271//4945 1289//4946 1149//4947
f 1149//4947 1289//4946 1290//4948
s 1225
f 1149//4949 1290//4950 1204//4951
f 1204//4951 1290//4950 1291//4952
s 1226
f 1204//4953 1291//4954 1045//4955
f 1045//4955 1291//4954 1292//4956
s 1227
f 1293//4957 1048//4958 1292//4959
f 1292//4959 1048//4958 1045//4960
s 1228
f 1294//4961 1053//4962 1293//4963
f 1293//4963 1053//4962 1048//4964
s 1229
f 1295//4965 1055//4966 1294//4967
f 1294//4967 1055//4966 1053//4968
s 1230
f 1296//4969 1263//4970 1295//4971
f 1295//4971 1263//4970 1055//4972
s 1231
f 1297//4973 1181//4974 1296//4975
f 1296//4975 1181//4974 1263//4976
s 1232
f 1298//4977 1261//4978 1297//4979
f 1297//4979 1261//4978 1181//4980
s 1233
f 1299//4981 1063//4982 1298//4983
f 1298//4983 1063//4982 1261//4984
s 1234
f 1300//4985 1259//4986 1299//4987
f 1299//4987 1259//4986 1063//4988
s 1235
f 1075//4989 1259//4990 1301//4991
f 1301//4991 1259//4990 1300//4992
s 1236
f 1257//4993 1075//4994 1302//4995
f 1302//4995 1075//4994 1301//4996
s 1237
f 1303//4997 1088//4998 1302//4999
f 1302//4999 1088//4998 1257//5000
s 1238
f 1304//5001 1095//5002 1303//5003
f 1303//5003 1095//5002 1088//5004
s 1239
f 1305//5005 1099//5006 1304//5007
f 1304//5007 1099//5006 1095//5008
s 1240
f 1100//5009 1099//5010 1306//5011
f 1306//5011 1099//5010 1305//5012
s 1241
f 1307//5013 1103//5014 1306//5015
f 1306//5015 1103//5014 1100//5016
s 1242
f 1308//5017 1106//5018 1307//5019
f 1307//5019 1106//5018 1103//5020
s 1243
f 1309//5021 1283//5022 1308//5023
f 1308//5023 1283//5022 1106//5024
s 1244
f 1310//5025 1280//5026 1309//5027
f 1309//5027 1280//5026 1283//5028
s 1245
f 1281//5029 1370//5030 1311//5031
f 1311//5031 1370//5030 1371//5032
s 1246
f 1281//5033 1311//5034 1282//5035
f 1282//5035 1311//5034 1312//5036
s 1247
f 1111//5037 1282//5038 1116//5039
f 1116//5039 1282//5038 1312//5040
s 1248
f 1321//5041 1357//5042 1315//5043
f 1315//5043 1357//5042 1358//5044
s 1249
f 1359//5045 1316//5046 1358//5047
f 1358//5047 1316//5046 1315//5048
s 1250
f 1360//5049 1317//5050 1359//5051
f 1359//5051 1317//5050 1316//5052
s 1251
f 1361//5053 1318//5054 1360//5055
f 1360//5055 1318//5054 1317//5056
s 1252
f 1357//5057 1321//5058 1356//5059
f 1356//5059 1321//5058 1314//5060
s 1253
f 1353//5061 1319//5062 1352//5063
f 1352//5063 1319//5062 1320//5064
s 1254
f 1356//5065 1314//5066 1355//5067
f 1355//5067 1314//5066 1313//5068
s 1255
f 1110//5069 1315//5070 1138//5071
f 1138//5071 1315//5070 1316//5072
s 1256
f 1138//5073 1316//5074 1139//5075
f 1139//5075 1316//5074 1317//5076
s 1257
f 1139//5077 1317//5078 1140//5079
f 1140//5079 1317//5078 1318//5080
s 1258
f 1313//5081 1322//5082 1355//5083
f 1355//5083 1322//5082 1354//5084
s 1259
f 1319//5085 1353//5086 1322//5087
f 1322//5087 1353//5086 1354//5088
s 1260
f 1319//5089 1280//5090 1320//5091
f 1320//5091 1280//5090 1310//5092
s 1261
f 1226//5093 1321//5094 1110//5095
f 1110//5095 1321//5094 1315//5096
s 1262
f 1314//5097 1321//5098 1109//5099
f 1109//5099 1321//5098 1226//5100
s 1263
f 996//5101 995//5102 1243//5103
f 1243//5103 995//5102 1179//5104
s 1264
f 997//5105 996//5106 1197//5107
f 1197//5107 996//5106 1243//5108
s 1265
f 997//5109 1197//5110 998//5111
f 998//5111 1197//5110 1279//5112
s 1266
f 998//5113 1279//5114 999//5115
f 999//5115 1279//5114 1177//5116
s 1267
f 999//5117 1177//5118 1000//5119
f 1000//5119 1177//5118 1264//5120
s 1268
f 1000//5121 1264//5122 1001//5123
f 1001//5123 1264//5122 1173//5124
s 1269
f 1001//5125 1173//5126 1002//5127
f 1002//5127 1173//5126 1210//5128
s 1270
f 1002//5129 1210//5130 1003//5131
f 1003//5131 1210//5130 1220//5132
s 1271
f 1003//5133 1220//5134 1004//5135
f 1004//5135 1220//5134 1164//5136
s 1272
f 1004//5137 1164//5138 1005//5139
f 1005//5139 1164//5138 1159//5140
s 1273
f 1006//5141 1005//5142 1154//5143
f 1154//5143 1005//5142 1159//5144
s 1274
f 1007//5145 1006//5146 1157//5147
f 1157//5147 1006//5146 1154//5148
s 1275
f 1008//5149 1007//5150 1246//5151
f 1246//5151 1007//5150 1157//5152
s 1276
f 1009//5153 1008//5154 1251//5155
f 1251//5155 1008//5154 1246//5156
s 1277
f 1009//5157 1251//5158 1323//5159
f 1323//5159 1251//5158 1166//5160
s 1278
f 1324//5161 1323//5162 1165//5163
f 1165//5163 1323//5162 1166//5164
s 1279
f 1142//5165 1326//5166 1144//5167
f 1144//5167 1326//5166 1325//5168
s 1280
f 1144//5169 1325//5170 1148//5171
f 1148//5171 1325//5170 1327//5172
s 1281
f 1221//5173 1328//5174 1142//5175
f 1142//5175 1328//5174 1326//5176
s 1282
f 1250//5177 1148//5178 1329//5179
f 1329//5179 1148//5178 1327//5180
s 1283
f 1255//5181 1250//5182 1330//5183
f 1330//5183 1250//5182 1329//5184
s 1284
f 1019//5185 1018//5186 1329//5187
f 1329//5187 1018//5186 1330//5188
s 1285
f 1020//5189 1019//5190 1327//5191
f 1327//5191 1019//5190 1329//5192
s 1286
f 1021//5193 1020//5194 1325//5195
f 1325//5195 1020//5194 1327//5196
s 1287
f 1022//5197 1021//5198 1326//5199
f 1326//5199 1021//5198 1325//5200
s 1288
f 1022//5201 1326//5202 1023//5203
f 1023//5203 1326//5202 1328//5204
s 1289
f 1160//5205 1255//5206 1165//5207
f 1165//5207 1255//5206 1330//5208
s 1290
f 1165//5209 1330//5210 1324//5211
f 1324//5211 1330//5210 1018//5212
s 1291
f 1332//5213 1025//5214 1331//5215
f 1024//5216 1331//5215 1036//5217
f 1025//5214 1036//5217 1331//5215
s 1292
f 1026//5218 1025//5219 1333//5220
f 1333//5220 1025//5219 1332//5221
s 1293
f 1027//5222 1026//5223 1334//5224
f 1334//5224 1026//5223 1333//5225
s 1294
f 1028//5226 1027//5227 1335//5228
f 1335//5228 1027//5227 1334//5229
s 1295
f 1038//5230 1037//5231 1338//5232
f 1338//5232 1037//5231 1337//5233
s 1296
f 1331//5234 1183//5235 1332//5236
f 1332//5236 1183//5235 1184//5237
s 1297
f 1333//5238 1332//5239 1211//5240
f 1211//5240 1332//5239 1184//5241
s 1298
f 1334//5242 1333//5243 1186//5244
f 1186//5244 1333//5243 1211//5245
s 1299
f 1335//5246 1334//5247 1187//5248
f 1187//5248 1334//5247 1186//5249
s 1300
f 1338//5250 1337//5251 1340//5252
f 1340//5252 1337//5251 1339//5253
s 1301
f 995//5254 1029//5255 1179//5256
f 1179//5256 1029//5255 1336//5257
s off
f 1179//5258 1336//5259 1178//5260
s 1302
f 1284//5261 1185//5262 1331//5263
f 1331//5263 1185//5262 1183//5264
s 1303
f 687//5265 1284//5266 1024//5267
f 1024//5267 1284//5266 1331//5268
s 1304
f 1028//5269 1335//5270 1037//5271
f 1037//5271 1335//5270 1337//5272
s 1305
f 1336//5273 1029//5274 1338//5275
f 1338//5275 1029//5274 1038//5276
s 1306
f 1335//5277 1187//5278 1337//5279
f 1337//5279 1187//5278 1339//5280
s 1307
f 1178//5281 1340//5282 1187//5283
f 1187//5283 1340//5282 1339//5284
s 1308
f 1336//5285 1338//5286 1178//5287
f 1178//5287 1338//5286 1340//5288
s 1309
f 1381//5289 1382//5290 795//5291
f 795//5291 1382//5290 797//5292
s 1310
f 1380//5293 1381//5294 794//5295
f 794//5295 1381//5294 795//5296
s 1311
f 1379//5297 1380//5298 790//5299
f 790//5299 1380//5298 794//5300
s 1312
f 1378//5301 1379//5302 896//5303
f 896//5303 1379//5302 790//5304
s 1313
f 1377//5305 1378//5306 785//5307
f 785//5307 1378//5306 896//5308
s 1314
f 1373//5309 1374//5310 982//5311
f 982//5311 1374//5310 952//5312
s 1315
f 1311//5313 1371//5314 711//5315
f 711//5315 1371//5314 1372//5316
s 1316
f 1282//5317 1369//5318 1281//5319
f 1281//5319 1369//5318 1370//5320
s 1317
f 1368//5321 1369//5322 1111//5323
f 1111//5323 1369//5322 1282//5324
s 1318
f 1114//5325 1367//5326 1111//5327
f 1111//5327 1367//5326 1368//5328
s 1319
f 1362//5329 1361//5330 1363//5331
f 1363//5331 1361//5330 1360//5332
s 1320
f 1363//5333 1360//5334 1364//5335
f 1364//5335 1360//5334 1359//5336
s 1321
f 1364//5337 1359//5338 1365//5339
f 1365//5339 1359//5338 1358//5340
s 1322
f 1365//5341 1358//5342 1366//5343
f 1366//5343 1358//5342 1357//5344
s 1323
f 1366//5345 1357//5346 1367//5347
f 1367//5347 1357//5346 1356//5348
s 1324
f 1367//5349 1356//5350 1368//5351
f 1368//5351 1356//5350 1355//5352
s 1325
f 1369//5353 1368//5354 1354//5355
f 1354//5355 1368//5354 1355//5356
s 1326
f 1369//5357 1354//5358 1370//5359
f 1370//5359 1354//5358 1353//5360
s 1327
f 1370//5361 1353//5362 1371//5363
f 1371//5363 1353//5362 1352//5364
s 1328
f 1371//5365 1352//5366 1372//5367
f 1372//5367 1352//5366 1351//5368
s 1329
f 1373//5369 1372//5370 1350//5371
f 1350//5371 1372//5370 1351//5372
s 1330
f 1374//5373 1373//5374 1349//5375
f 1349//5375 1373//5374 1350//5376
s 1331
f 1375//5377 1374//5378 1348//5379
f 1348//5379 1374//5378 1349//5380
s 1332
f 1375//5381 1348//5382 1376//5383
f 1376//5383 1348//5382 1347//5384
s 1333
f 1377//5385 1376//5386 1346//5387
f 1346//5387 1376//5386 1347//5388
s 1334
f 1378//5389 1377//5390 1345//5391
f 1345//5391 1377//5390 1346//5392
s 1335
f 1345//5393 1344//5394 1378//5395
f 1378//5395 1344//5394 1379//5396
s 1336
f 1380//5397 1379//5398 1343//5399
f 1343//5399 1379//5398 1344//5400
s 1337
f 1381//5401 1380//5402 1342//5403
f 1342//5403 1380//5402 1343//5404
s 1338
f 1382//5405 1381//5406 1341//5407
f 1341//5407 1381//5406 1342//5408
s 1339
f 744//5409 750//5410 1383//5411
f 1383//5411 750//5410 1384//5412
s 1340
f 750//5413 669//5414 1384//5415
f 1384//5415 669//5414 1385//5416
s 1341
f 744//5417 1383//5418 677//5419
f 677//5419 1383//5418 1386//5420
s 1342
f 1073//5421 677//5422 1387//5423
f 1387//5423 677//5422 1386//5424
s 1343
f 1079//5425 1388//5426 669//5427
f 669//5427 1388//5426 1385//5428
s 1344
f 1073//5429 1387//5430 1079//5431
f 1079//5431 1387//5430 1388//5432
s 1345
f 1383//5433 1384//5434 1389//5435
f 1389//5435 1384//5434 1390//5436
s 1346
f 1385//5437 1391//5438 1384//5439
f 1384//5439 1391//5438 1390//5440
s 1347
f 1386//5441 1383//5442 1392//5443
f 1392//5443 1383//5442 1389//5444
s 1348
f 1386//5445 1392//5446 1387//5447
f 1387//5447 1392//5446 1393//5448
s 1349
f 1385//5449 1388//5450 1391//5451
f 1391//5451 1388//5450 1394//5452
s 1350
f 1387//5453 1393//5454 1388//5455
f 1388//5455 1393//5454 1394//5456
s off
f 1430//5457 1443//5458 1429//5459
f 1431//5460 1443//5461 1430//5462
f 1432//5463 1443//5464 1431//5465
f 1433//5466 1443//5467 1432//5468
f 1434//5469 1443//5470 1433//5471
f 1435//5472 1443//5473 1434//5474
f 1436//5475 1443//5476 1435//5477
f 1437//5478 1443//5479 1436//5480
f 1438//5481 1443//5482 1437//5483
f 1439//5484 1443//5485 1438//5486
f 1440//5487 1443//5488 1439//5489
f 1441//5490 1443//5491 1440//5492
f 1442//5493 1443//5494 1441//5495
f 1429//5496 1443//5497 1442//5498
s 1351
f 1440//5499 1484//5500 1441//5501
f 1441//5501 1484//5500 1483//5502
s 1352
f 1483//5503 1482//5504 1441//5505
f 1441//5505 1482//5504 1442//5506
s 1353
f 1449//5507 1458//5508 1482//5509
f 1482//5509 1458//5508 1448//5510
s 1354
f 1460//5511 1459//5512 1450//5513
f 1450//5513 1459//5512 1449//5514
s 1355
f 1451//5515 1461//5516 1450//5517
f 1450//5517 1461//5516 1460//5518
s 1356
f 1446//5519 1447//5520 1453//5521
f 1453//5521 1447//5520 1452//5522
s 1357
f 1445//5523 1446//5524 1454//5525
f 1454//5525 1446//5524 1453//5526
s 1358
f 1455//5527 1444//5528 1454//5529
f 1454//5529 1444//5528 1445//5530
s 1359
f 1453//5531 1452//5532 1459//5533
f 1459//5533 1452//5532 1458//5534
s 1360
f 1454//5535 1453//5536 1460//5537
f 1460//5537 1453//5536 1459//5538
s 1361
f 1461//5539 1455//5540 1460//5541
f 1460//5541 1455//5540 1454//5542
s 1362
f 1464//5543 1462//5544 1458//5545
f 1458//5545 1462//5544 1448//5546
s 1363
f 1463//5547 1464//5548 1452//5549
f 1452//5549 1464//5548 1458//5550
s 1364
f 1465//5551 1456//5552 1396//5553
f 1396//5553 1456//5552 1395//5554
s 1365
f 1397//5555 1462//5556 1396//5557
f 1396//5557 1462//5556 1465//5558
s 1366
f 1448//5559 1462//5560 1398//5561
f 1398//5561 1462//5560 1397//5562
s 1367
f 1429//5563 1448//5564 1399//5565
f 1399//5565 1448//5564 1398//5566
s 1368
f 1429//5567 1399//5568 1430//5569
f 1430//5569 1399//5568 1400//5570
s 1369
f 1430//5571 1400//5572 1431//5573
f 1431//5573 1400//5572 1401//5574
s 1370
f 1431//5575 1401//5576 1432//5577
f 1432//5577 1401//5576 1402//5578
s 1371
f 1432//5579 1402//5580 1433//5581
f 1433//5581 1402//5580 1403//5582
s 1372
f 1433//5583 1403//5584 1434//5585
f 1434//5585 1403//5584 1404//5586
s 1373
f 1434//5587 1404//5588 1435//5589
f 1435//5589 1404//5588 1405//5590
s 1374
f 1435//5591 1405//5592 1436//5593
f 1436//5593 1405//5592 1406//5594
s 1375
f 1436//5595 1406//5596 1437//5597
f 1437//5597 1406//5596 1407//5598
s 1376
f 1437//5599 1407//5600 1438//5601
f 1438//5601 1407//5600 1408//5602
s 1377
f 1438//5603 1408//5604 1439//5605
f 1439//5605 1408//5604 1409//5606
s 1378
f 1439//5607 1409//5608 1440//5609
f 1440//5609 1409//5608 1410//5610
s 1379
f 1485//5611 1484//5612 1410//5613
f 1410//5613 1484//5612 1440//5614
s 1380
f 1412//5615 1461//5616 1411//5617
f 1411//5617 1461//5616 1451//5618
s 1381
f 1413//5619 1455//5620 1412//5621
f 1412//5621 1455//5620 1461//5622
s 1382
f 1414//5623 1444//5624 1413//5625
f 1413//5625 1444//5624 1455//5626
s 1383
f 1444//5627 1414//5628 1445//5629
f 1445//5629 1414//5628 1415//5630
s 1384
f 1445//5631 1415//5632 1446//5633
f 1446//5633 1415//5632 1416//5634
s 1385
f 1446//5635 1416//5636 1447//5637
f 1447//5637 1416//5636 1417//5638
s 1386
f 1452//5639 1447//5640 1418//5641
f 1418//5641 1447//5640 1417//5642
s 1387
f 1419//5643 1463//5644 1418//5645
f 1418//5645 1463//5644 1452//5646
s 1388
f 1466//5647 1463//5648 1420//5649
f 1420//5649 1463//5648 1419//5650
s 1389
f 1421//5651 1457//5652 1420//5653
f 1420//5653 1457//5652 1466//5654
s 1390
f 1463//5655 1470//5656 1464//5657
f 1464//5657 1470//5656 1467//5658
s 1391
f 1462//5659 1464//5660 1473//5661
f 1473//5661 1464//5660 1467//5662
s 1392
f 1462//5663 1473//5664 1465//5665
f 1465//5665 1473//5664 1468//5666
s 1393
f 1471//5667 1456//5668 1468//5669
f 1468//5669 1456//5668 1465//5670
s 1394
f 1466//5671 1457//5672 1469//5673
f 1469//5673 1457//5672 1472//5674
s 1395
f 1463//5675 1466//5676 1470//5677
f 1470//5677 1466//5676 1469//5678
s 1396
f 1470//5679 1422//5680 1467//5681
f 1467//5681 1422//5680 1423//5682
s 1397
f 1467//5683 1423//5684 1473//5685
f 1473//5685 1423//5684 1424//5686
s 1398
f 1473//5687 1424//5688 1468//5689
f 1468//5689 1424//5688 1425//5690
s 1399
f 1468//5691 1425//5692 1471//5693
f 1471//5693 1425//5692 1426//5694
s 1400
f 1472//5695 1427//5696 1469//5697
f 1469//5697 1427//5696 1428//5698
s 1401
f 1469//5699 1428//5700 1470//5701
f 1470//5701 1428//5700 1422//5702
s 1402
f 1474//5703 1479//5704 1475//5705
f 1475//5705 1479//5704 1478//5706
s 1403
f 1476//5707 1481//5708 1477//5709
f 1477//5709 1481//5708 1480//5710
s 1404
f 1479//5711 1480//5712 1478//5713
f 1478//5713 1480//5712 1481//5714
s 1405
f 1456//5715 1479//5716 1395//5717
f 1395//5717 1479//5716 1474//5718
s 1406
f 1457//5719 1421//5720 1478//5721
f 1478//5721 1421//5720 1475//5722
s 1407
f 1479//5723 1456//5724 1480//5725
f 1480//5725 1456//5724 1471//5726
s 1408
f 1478//5727 1481//5728 1457//5729
f 1457//5729 1481//5728 1472//5730
s 1409
f 1471//5731 1426//5732 1480//5733
f 1480//5733 1426//5732 1477//5734
s 1410
f 1476//5735 1427//5736 1481//5737
f 1481//5737 1427//5736 1472//5738
s off
f 1449//5739 1459//5740 1458//5741
s 1411
f 1450//5742 1449//5743 1483//5744
f 1483//5744 1449//5743 1482//5745
s 1412
f 1484//5746 1451//5747 1483//5748
f 1483//5748 1451//5747 1450//5749
s 1413
f 1411//5750 1451//5751 1485//5752
f 1485//5752 1451//5751 1484//5753
s 1414
f 1429//5754 1442//5755 1448//5756
f 1448//5756 1442//5755 1482//5757
s off
f 1487//5758 1486//5759 1500//5760
f 1488//5761 1487//5762 1500//5763
f 1489//5764 1488//5765 1500//5766
f 1490//5767 1489//5768 1500//5769
f 1491//5770 1490//5771 1500//5772
f 1492//5773 1491//5774 1500//5775
f 1493//5776 1492//5777 1500//5778
f 1494//5779 1493//5780 1500//5781
f 1495//5782 1494//5783 1500//5784
f 1496//5785 1495//5786 1500//5787
f 1497//5788 1496//5789 1500//5790
f 1498//5791 1497//5792 1500//5793
f 1499//5794 1498//5795 1500//5796
f 1486//5797 1499//5798 1500//5799
s 1415
f 1497//5800 1498//5801 1537//5802
f 1537//5802 1498//5801 1536//5803
s 1416
f 1499//5804 1535//5805 1498//5806
f 1498//5806 1535//5805 1536//5807
s 1417
f 1506//5808 1535//5809 1515//5810
f 1515//5810 1535//5809 1505//5811
s 1418
f 1506//5812 1516//5813 1507//5814
f 1507//5814 1516//5813 1517//5815
s 1419
f 1508//5816 1507//5817 1518//5818
f 1518//5818 1507//5817 1517//5819
s 1420
f 1509//5820 1504//5821 1510//5822
f 1510//5822 1504//5821 1503//5823
s 1421
f 1510//5824 1503//5825 1511//5826
f 1511//5826 1503//5825 1502//5827
s 1422
f 1512//5828 1511//5829 1501//5830
f 1501//5830 1511//5829 1502//5831
s 1423
f 1515//5832 1509//5833 1516//5834
f 1516//5834 1509//5833 1510//5835
s 1424
f 1516//5836 1510//5837 1517//5838
f 1517//5838 1510//5837 1511//5839
s 1425
f 1518//5840 1517//5841 1512//5842
f 1512//5842 1517//5841 1511//5843
s 1426
f 1505//5844 1519//5845 1515//5846
f 1515//5846 1519//5845 1521//5847
s 1427
f 1515//5848 1521//5849 1509//5850
f 1509//5850 1521//5849 1520//5851
s 1428
f 1522//5852 1396//5853 1513//5854
f 1513//5854 1396//5853 1395//5855
s 1429
f 1397//5856 1396//5857 1519//5858
f 1519//5858 1396//5857 1522//5859
s 1430
f 1505//5860 1398//5861 1519//5862
f 1519//5862 1398//5861 1397//5863
s 1431
f 1486//5864 1399//5865 1505//5866
f 1505//5866 1399//5865 1398//5867
s 1432
f 1486//5868 1487//5869 1399//5870
f 1399//5870 1487//5869 1400//5871
s 1433
f 1487//5872 1488//5873 1400//5874
f 1400//5874 1488//5873 1401//5875
s 1434
f 1488//5876 1489//5877 1401//5878
f 1401//5878 1489//5877 1402//5879
s 1435
f 1489//5880 1490//5881 1402//5882
f 1402//5882 1490//5881 1403//5883
s 1436
f 1490//5884 1491//5885 1403//5886
f 1403//5886 1491//5885 1404//5887
s 1437
f 1491//5888 1492//5889 1404//5890
f 1404//5890 1492//5889 1405//5891
s 1438
f 1492//5892 1493//5893 1405//5894
f 1405//5894 1493//5893 1406//5895
s 1439
f 1493//5896 1494//5897 1406//5898
f 1406//5898 1494//5897 1407//5899
s 1440
f 1494//5900 1495//5901 1407//5902
f 1407//5902 1495//5901 1408//5903
s 1441
f 1495//5904 1496//5905 1408//5906
f 1408//5906 1496//5905 1409//5907
s 1442
f 1496//5908 1497//5909 1409//5910
f 1409//5910 1497//5909 1410//5911
s 1443
f 1485//5912 1410//5913 1537//5914
f 1537//5914 1410//5913 1497//5915
s 1444
f 1412//5916 1411//5917 1518//5918
f 1518//5918 1411//5917 1508//5919
s 1445
f 1413//5920 1412//5921 1512//5922
f 1512//5922 1412//5921 1518//5923
s 1446
f 1414//5924 1413//5925 1501//5926
f 1501//5926 1413//5925 1512//5927
s 1447
f 1501//5928 1502//5929 1414//5930
f 1414//5930 1502//5929 1415//5931
s 1448
f 1502//5932 1503//5933 1415//5934
f 1415//5934 1503//5933 1416//5935
s 1449
f 1503//5936 1504//5937 1416//5938
f 1416//5938 1504//5937 1417//5939
s 1450
f 1509//5940 1418//5941 1504//5942
f 1504//5942 1418//5941 1417//5943
s 1451
f 1419//5944 1418//5945 1520//5946
f 1520//5946 1418//5945 1509//5947
s 1452
f 1523//5948 1420//5949 1520//5950
f 1520//5950 1420//5949 1419//5951
s 1453
f 1421//5952 1420//5953 1514//5954
f 1514//5954 1420//5953 1523//5955
s 1454
f 1524//5956 1527//5957 1521//5958
f 1521//5958 1527//5957 1520//5959
s 1455
f 1519//5960 1530//5961 1521//5962
f 1521//5962 1530//5961 1524//5963
s 1456
f 1525//5964 1530//5965 1522//5966
f 1522//5966 1530//5965 1519//5967
s 1457
f 1528//5968 1525//5969 1513//5970
f 1513//5970 1525//5969 1522//5971
s 1458
f 1523//5972 1526//5973 1514//5974
f 1514//5974 1526//5973 1529//5975
s 1459
f 1520//5976 1527//5977 1523//5978
f 1523//5978 1527//5977 1526//5979
s 1460
f 1527//5980 1524//5981 1422//5982
f 1422//5982 1524//5981 1423//5983
s 1461
f 1524//5984 1530//5985 1423//5986
f 1423//5986 1530//5985 1424//5987
s 1462
f 1530//5988 1525//5989 1424//5990
f 1424//5990 1525//5989 1425//5991
s 1463
f 1525//5992 1528//5993 1425//5994
f 1425//5994 1528//5993 1426//5995
s 1464
f 1529//5996 1526//5997 1427//5998
f 1427//5998 1526//5997 1428//5999
s 1465
f 1526//6000 1527//6001 1428//6002
f 1428//6002 1527//6001 1422//6003
s 1466
f 1474//6004 1475//6005 1532//6006
f 1532//6006 1475//6005 1531//6007
s 1467
f 1476//6008 1477//6009 1534//6010
f 1534//6010 1477//6009 1533//6011
s 1468
f 1532//6012 1531//6013 1533//6014
f 1533//6014 1531//6013 1534//6015
s 1469
f 1513//6016 1395//6017 1532//6018
f 1532//6018 1395//6017 1474//6019
s 1470
f 1475//6020 1421//6021 1531//6022
f 1531//6022 1421//6021 1514//6023
s 1471
f 1528//6024 1513//6025 1533//6026
f 1533//6026 1513//6025 1532//6027
s 1472
f 1529//6028 1534//6029 1514//6030
f 1514//6030 1534//6029 1531//6031
s 1473
f 1528//6032 1533//6033 1426//6034
f 1426//6034 1533//6033 1477//6035
s 1474
f 1529//6036 1427//6037 1534//6038
f 1534//6038 1427//6037 1476//6039
s off
f 1506//6040 1515//6041 1516//6042
s 1475
f 1535//6043 1506//6044 1536//6045
f 1536//6045 1506//6044 1507//6046
s 1476
f 1537//6047 1536//6048 1508//6049
f 1508//6049 1536//6048 1507//6050
s 1477
f 1411//6051 1485//6052 1508//6053
f 1508//6053 1485//6052 1537//6054
s 1478
f 1535//6055 1499//6056 1505//6057
f 1505//6057 1499//6056 1486//6058
